item_id,date,pct_change_1d,pct_change_3d,pct_change_7d,pct_change_14d,pct_vs_7ma,pct_vs_30ma,pct_vs_90ma,ema_crossover,slope_7d_pct,slope_30d_pct,vol_pct_7d,spread_pct,volume_ratio,rsi_14,range_position_7d,lag_return_1d,lag_return_2d,lag_return_3d,lag_return_7d,lag_return_14d,target_pct_7d
11804,2025-10-30,-0.04015517720967465,-0.07547039160429769,-0.09839167211446898,-0.08061907823000714,-0.07059149004587677,-0.0957158945460631,-0.014422469435141765,-0.01900664834453995,-0.09839167211446902,-0.10641204695343069,-0.02708481824661434,0.01867390361254914,0.5237179487179487,30.120002716823237,0.0,-0.04015517720967465,-0.016916626627313747,-0.020218023049037748,-0.09839167211446898,-0.08061907823000714,-0.12970903567727202
11804,2025-10-31,-0.00967454435060855,-0.06552148617278342,-0.11607394708198882,-0.10331924218760469,-0.06341144848065894,-0.10154396508649635,-0.025737929079313673,-0.024203017667995867,-0.11607394708198882,-0.0981984714673282,-0.06990394877267872,0.016734121827038914,0.5468540829986613,23.273058491997674,0.0,-0.00967454435060855,-0.04015517720967465,-0.016916626627313747,-0.11607394708198882,-0.10331924218760469,-0.10861759071515968
11804,2025-11-01,-0.022868267537601072,-0.07117887058525507,-0.1423737416680726,-0.1261342665941,-0.0645262726511423,-0.11881421311241529,-0.049291799851782565,-0.029478801898364645,-0.1423737416680726,-0.11271819841141364,0.05064626747560006,0.02081803043118933,0.546572934973638,20.052572211809476,0.0,-0.022868267537601072,-0.00967454435060855,-0.04015517720967465,-0.1423737416680726,-0.1261342665941,-0.06433299404182917
11804,2025-11-02,-0.021298146280595898,-0.05293132853565674,-0.13883264629418346,-0.14012868557003,-0.06472929197100753,-0.13377222973659192,-0.07031072547162555,-0.034474621095499744,-0.1388326462941835,-0.13268671741806276,0.12331081081081079,0.01863361414852659,0.5318559556786704,18.866271358939287,0.0,-0.021298146280595898,-0.022868267537601072,-0.00967454435060855,-0.13883264629418346,-0.14012868557003,-0.02486779513813028
11804,2025-11-03,-0.008419778484927254,-0.05173137004258721,-0.1317792713855418,-0.14438196766642197,-0.05357263561162718,-0.13653388267601158,-0.07904470943344759,-0.03769171941333514,-0.13177927138554177,-0.15491288464653263,-0.0825515947467167,0.016520339457278488,0.49897750511247446,18.557103539551377,0.0,-0.008419778484927254,-0.021298146280595898,-0.022868267537601072,-0.1317792713855418,-0.14438196766642197,-0.0044839085998641
11804,2025-11-04,-0.03067961962870025,-0.05931198573590324,-0.1410496756372417,-0.1583598960728102,-0.062431336079841554,-0.15715226084478312,-0.10793577729155611,-0.042143188108512586,-0.1410496756372417,-0.19982970380974577,-0.0570918822479928,0.018864057321224464,0.5370860927152318,17.659575451566127,0.0,-0.03067961962870025,-0.008419778484927254,-0.021298146280595898,-0.1410496756372417,-0.1583598960728102,0.0446195368525281
11804,2025-11-05,-0.040564478469740206,-0.0778299927267786,-0.1617115346012975,-0.20398637555743215,-0.0775973900343183,-0.18492834703307723,-0.1443796618443828,-0.04839543822059022,-0.16171153460129753,-0.22595748927788886,-0.05575197171607291,0.02036910803740573,0.5510752688172043,10.889400521745998,0.0,-0.040564478469740206,-0.03067961962870025,-0.008419778484927254,-0.1617115346012975,-0.20398637555743215,0.09629215509275418
11804,2025-11-06,-0.003512143007874946,-0.07326588974713988,-0.129709035677272,-0.2153384188830989,-0.06248952170878589,-0.18159518412276934,-0.14757880682212288,-0.05154789850829323,-0.12970903567727202,-0.21852398084038702,-0.06448957189901211,0.018673481661584307,0.5592060232717317,6.923206954029467,0.0,-0.003512143007874946,-0.040564478469740206,-0.03067961962870025,-0.129709035677272,-0.2153384188830989,0.08814719703218482
11804,2025-11-07,0.014325928708034397,-0.030237622067150083,-0.10861759071515964,-0.21208386532030388,-0.0330523762690423,-0.16393362053650962,-0.1355630006429408,-0.05050935541509385,-0.10861759071515968,-0.20422295364217116,-0.08734912005896982,0.01517415244629784,0.4862190812720848,7.332821466907589,0.1280218810130143,0.014325928708034397,-0.003512143007874946,-0.040564478469740206,-0.10861759071515964,-0.21208386532030388,0.08128742829290736
11804,2025-11-08,0.025676424637250284,0.03671626307877185,-0.06433299404182913,-0.19754740663545678,0.0015318466268924272,-0.1367279166120134,-0.11372332350579464,-0.04534051153557059,-0.06433299404182917,-0.18867568981262292,0.20353100950656403,0.02052674713056783,0.5165876777251185,11.984326889488386,0.45760435692931833,0.025676424637250284,0.014325928708034397,-0.003512143007874946,-0.06433299404182913,-0.19754740663545678,0.059975585436776765
11804,2025-11-09,0.01998220568062492,0.06115908313413332,-0.02486779513813031,-0.16024797962578552,0.02536067420246786,-0.1138492358924946,-0.0965115968145543,-0.038167694171022296,-0.02486779513813028,-0.1779075646711348,0.13918086263138812,0.01795055696655348,0.48552338530066813,18.828795671721352,0.7735961262164873,0.01998220568062492,0.025676424637250284,0.014325928708034397,-0.02486779513813031,-0.16024797962578552,0.09353578239824374
11804,2025-11-10,0.01230793271995001,0.059047912836819094,-0.004483908599864139,-0.1356722937771564,0.0386744563435169,-0.09671528489423559,-0.08600233266039724,-0.03077810622922316,-0.0044839085998641,-0.18735829706498167,-0.0871501272264631,0.017911802245343895,0.486411149825784,23.408870075114265,1.0,0.01230793271995001,0.01998220568062492,0.025676424637250284,-0.004483908599864139,-0.1356722937771564,0.020604701166962353
11804,2025-11-11,0.01713173252785971,0.050225209958098205,0.044619536852528174,-0.10272370998484659,0.04970182248622305,-0.07434864894885597,-0.07125860765493743,-0.02291785746609397,0.0446195368525281,-0.1955666959311085,-0.023019757114373714,0.017622063188679336,0.4688311688311688,29.846252919364474,1.0,0.01713173252785971,0.01230793271995001,0.01998220568062492,0.044619536852528174,-0.10272370998484659,-0.01040076428289206
11804,2025-11-12,0.0068944706319786775,0.03674941674054044,0.09629215509275424,-0.08099093167865878,0.04310506439723313,-0.061524000673325925,-0.06579687432032866,-0.016225610778017166,0.09629215509275418,-0.1809811569181868,-0.05216918757358931,0.016788360670577457,0.5311036789297658,33.6922592710831,1.0,0.0068944706319786775,0.01713173252785971,0.01230793271995001,0.09629215509275424,-0.08099093167865878,-0.04717439252073601
11804,2025-11-13,-0.010915599983612245,0.012965167692544854,0.08814719703218477,-0.05299532656978634,0.019546129425899113,-0.06612799365421455,-0.0767556098657977,-0.012639995336785562,0.08814719703218482,-0.16331346765491941,-0.5037338764426341,0.01601306240178518,0.5006839945280438,38.3437170767303,0.8600856922367452,-0.010915599983612245,0.0068944706319786775,0.01713173252785971,0.08814719703218477,-0.05299532656978634,-0.10762817872579912
11804,2025-11-14,0.007931535269198875,0.0038026579989749454,0.08128742829290725,-0.036159407038859226,0.016415267688884405,-0.054077297504182664,-0.07012515080571931,-0.008954942349548816,0.08128742829290736,-0.1352932784066314,-0.82657311992984,0.018528474117902233,0.5309734513274337,42.04803405391231,0.9434952491693608,0.007931535269198875,-0.010915599983612245,0.0068944706319786775,0.08128742829290725,-0.036159407038859226,-0.10762562455667955
11804,2025-11-15,0.005460657570008021,0.0023732476638713695,0.059975585436776724,-0.00821581758561174,0.01359257909656426,-0.04487467695038314,-0.06575217388449872,-0.005619503756616277,0.059975585436776765,-0.11764424077558025,-0.7441643323996265,0.019795950914626777,0.48175182481751827,48.086366527709465,1.0,0.005460657570008021,0.007931535269198875,-0.010915599983612245,0.059975585436776724,-0.00821581758561174,-0.12055374999954452
11804,2025-11-16,0.052276160551036455,0.0664140213649469,0.09353578239824367,0.0663419585853493,0.05285755702875046,0.008217457421587105,-0.018254836017902957,0.002853674727535814,0.09353578239824374,-0.08559650658082295,-0.8112305854241338,0.018490745998655363,0.46835443037974683,63.239256407541845,1.0,0.052276160551036455,0.005460657570008021,0.007931535269198875,0.09353578239824367,0.0663419585853493,-0.1625057938328743
11804,2025-11-17,-0.05520582701304633,-0.00038671465111783654,0.020604701166962336,0.01602840297033814,-0.008111956698329542,-0.04256061811208863,-0.07322108958010184,0.0014606475396948097,0.020604701166962353,-0.13835410150842534,-0.6100320170757738,0.017894228147774204,0.5363984674329502,52.64011911292604,0.1135566439463795,-0.05520582701304633,0.052276160551036455,0.005460657570008021,0.020604701166962336,0.01602840297033814,-0.10514870327780257
11804,2025-11-18,-0.013768225854444371,-0.01950377029003436,-0.01040076428289205,0.03375469528442099,-0.02032959900372805,-0.0506495592331935,-0.08649774908128062,-0.001095857352399801,-0.01040076428289206,-0.145629674583822,-0.49601652404839186,0.018875301213475932,0.5983606557377049,55.702899866137386,0.0,-0.013768225854444371,-0.05520582701304633,0.052276160551036455,-0.01040076428289205,0.03375469528442099,-0.07470032263227502
11804,2025-11-19,-0.03052185064370372,-0.09665380071685103,-0.047174392520735964,0.04457523865100499,-0.04380765377604282,-0.07385509829378022,-0.11440951948617431,-0.006264976849170129,-0.04717439252073601,-0.1688052467252708,0.3893355903512485,0.021365096828314462,0.5223880597014925,57.4525032848696,0.0,-0.03052185064370372,-0.013768225854444371,-0.05520582701304633,-0.047174392520735964,0.04457523865100499,-0.039815409345684526
11804,2025-11-21,-0.07366989246693534,-0.11430785048554737,-0.1076281787257991,-0.028968103969972514,-0.10052300169290515,-0.13516336559107509,-0.17897125712959377,-0.017924768482901674,-0.10762817872579912,-0.21864621319559727,0.8284291534631055,0.016215833334137994,0.49913344887348354,46.12535970855679,0.0,-0.07366989246693534,-0.03052185064370372,-0.013768225854444371,-0.1076281787257991,-0.028968103969972514,0.04760472793229037
11804,2025-11-22,0.007934420196244574,-0.09481764165766882,-0.10762562455667957,-0.0350868065024027,-0.07899975648208883,-0.120943213079082,-0.17143869305274148,-0.02430317099827979,-0.10762562455667955,-0.22364870119852426,0.8626943005181347,0.016249673085079172,0.502086230876217,45.153879377011776,0.040682391957730484,0.007934420196244574,-0.07366989246693534,-0.03052185064370372,-0.10762562455667957,-0.0350868065024027,0.035356900768542594
11804,2025-11-23,-0.009105786589118536,-0.07482189097446768,-0.12055374999954449,-0.06780844629558924,-0.07077964902712917,-0.12093097847634417,-0.1779622377314961,-0.028811970260968503,-0.12055374999954452,-0.2390161268963082,0.731556106633602,0.020227993947581572,0.49874686716791977,39.92383674547009,0.0,-0.009105786589118536,0.007934420196244574,-0.07366989246693534,-0.12055374999954449,-0.06780844629558924,0.031738803795889226
11804,2025-11-24,0.0020796469924395655,0.0008334451812537225,-0.16250579383287433,-0.08417011800503615,-0.04417613807719788,-0.11062452203499519,-0.17521692879289527,-0.030678371637334036,-0.1625057938328743,-0.24508549127295123,0.6907292954264523,0.016078836530071316,0.526100307062436,36.51973320061019,0.015940103532600065,0.0020796469924395655,-0.009105786589118536,0.007934420196244574,-0.16250579383287433,-0.08417011800503615,0.028238009148684944
11804,2025-11-25,0.009499868306239057,0.0023878645896842077,-0.10514870327780257,-0.08671055971997288,-0.01920991335000954,-0.09345308161843055,-0.16641669220365274,-0.02987055025703327,-0.10514870327780257,-0.24328375649060463,0.403549545742658,0.016363604092897777,0.47629083245521603,35.777596617715275,0.10094941140339438,0.009499868306239057,0.0020796469924395655,-0.009105786589118536,-0.10514870327780257,-0.08671055971997288,0.002053138859933141
11804,2025-11-26,0.019789484319182593,0.03161829959526474,-0.074700322632275,-0.08432414646761277,0.011871652505971112,-0.06795792434134999,-0.1489578327186743,-0.026110746511234427,-0.07470032263227502,-0.2082598608036193,0.3473646339269653,0.01723706281451068,0.5130841121495328,35.9754001462306,0.3909625678951624,0.019789484319182593,0.009499868306239057,0.0020796469924395655,-0.074700322632275,-0.08432414646761277,-0.01885561256341088
11804,2025-11-27,0.006028644294054919,0.03568370287296374,-0.039815409345684505,-0.08511153411757344,0.024147717496108355,-0.05540720068285049,-0.14310793570137384,-0.022093673476549017,-0.039815409345684526,-0.1901441071397009,0.1087962962962963,0.01713683021506391,0.49582463465553234,35.68139777389652,1.0,0.006028644294054919,0.019789484319182593,0.009499868306239057,-0.039815409345684505,-0.08511153411757344,-0.047292847265592824
11804,2025-11-28,0.010667958768604935,0.036882090602704976,0.047604727932290425,-0.06514706095959832,0.028164709502632203,-0.039306130780039056,-0.1333752302269009,-0.01749471908898452,0.04760472793229037,-0.1646147598254812,0.18597236981934112,0.018688375086608342,0.5134408602150538,39.11740877368306,1.0,0.010667958768604935,0.006028644294054919,0.019789484319182593,0.047604727932290425,-0.06514706095959832,-0.043280074853835664
11804,2025-11-29,-0.003849610785862545,0.012846782601035445,0.03535690076854259,-0.07607403231573995,0.0191145783654337,-0.037435953550495046,-0.13614993389152474,-0.014373689798196844,0.035356900768542594,-0.1535109282861224,0.28149798134484205,0.019821492821564993,0.5368821292775665,37.0031697652137,0.9174409985245219,-0.003849610785862545,0.010667958768604935,0.006028644294054919,0.03535690076854259,-0.07607403231573995,-0.03922185219934496
11804,2025-11-30,-0.012568506884989894,-0.005876406687931657,0.031738803795889226,-0.09264117802174954,0.0018751908219283256,-0.04504573543047712,-0.14634770931754593,-0.013341201755842861,0.031738803795889226,-0.12918218847281165,0.2874488752556236,0.019360892429647426,0.5371785962473941,34.413951327948126,0.6333431642900329,-0.012568506884989894,-0.003849610785862545,0.010667958768604935,0.031738803795889226,-0.09264117802174954,-0.02732164214583693
11804,2025-12-01,-0.001320511120599166,-0.017668628516246065,0.028238009148684906,-0.13885662477715643,-0.003359991124937072,-0.04208185781749449,-0.14669280313048294,-0.012382696652149482,0.028238009148684944,-0.12183627921310089,0.05347394540942937,0.018230246332979864,0.528441879637263,20.31555946536507,0.503274240298513,-0.001320511120599166,-0.012568506884989894,-0.003849610785862545,0.028238009148684906,-0.13885662477715643,-0.03846736928795154
11804,2025-12-02,-0.016207820840553167,-0.029855400276367128,0.00205313885993319,-0.1033114493066406,-0.019794665842019693,-0.05371264139732516,-0.15934561782757262,-0.013240457637090837,0.002053138859933141,-0.11585043057133906,-0.03430718875015145,0.01904581729951074,0.5210896309314587,24.6655942994565,0.0,-0.016207820840553167,-0.001320511120599166,-0.012568506884989894,0.00205313885993319,-0.1033114493066406,-0.02999237134530692
11804,2025-12-03,-0.001489352106627262,-0.01897020747800582,-0.01885561256341084,-0.09214741485376998,-0.018617490404958113,-0.05187921010414149,-0.15932508370172527,-0.013544469703645735,-0.01885561256341088,-0.09795536194215813,-0.6428288169200265,0.015084870004811351,0.5569948186528497,26.26726802035057,0.0,-0.001489352106627262,-0.016207820840553167,-0.001320511120599166,-0.01885561256341084,-0.09214741485376998,-0.03373499795729059
11804,2025-12-04,-0.02312982926115048,-0.040394088802011785,-0.0472928472655928,-0.08522527253827483,-0.034754477765894874,-0.07021269876693219,-0.1773311983110971,-0.015986871667934985,-0.047292847265592824,-0.11133715611305875,-0.6363897259291147,0.021161140634963427,0.5193370165745856,27.622286118818593,0.0,-0.02312982926115048,-0.001489352106627262,-0.016207820840553167,-0.0472928472655928,-0.08522527253827483,-0.0118226091790817
11804,2025-12-05,0.014924860263207274,-0.010026796347892275,-0.04328007485383567,0.00226431689014861,-0.014106566984499911,-0.054112502603004604,-0.1634772552097176,-0.01537531440453517,-0.043280074853835664,-0.06952744323030317,-0.20772727272727276,0.02049858777551177,0.5261044176706827,50.80421218071576,0.26297369204756055,0.014924860263207274,-0.02312982926115048,-0.001489352106627262,-0.04328007485383567,0.00226431689014861,-0.01605773976367777
11804,2025-12-06,0.0003758683439578636,-0.008177523865040892,-0.03922185219934493,-0.0052517145669730425,-0.00803043832986716,-0.05283862916992122,-0.16161914713580242,-0.014429892661869307,-0.03922185219934496,-0.029822983347452824,-0.5281454032115758,0.016678101740190267,0.5445026178010471,48.0133053765111,0.35209346488078314,0.0003758683439578636,0.014924860263207274,-0.02312982926115048,-0.03922185219934493,-0.0052517145669730425,-0.0006782624319794271
11804,2025-12-07,-0.0003381681658835012,0.014962994107413197,-0.027321642145836877,0.003550005410604129,-0.004404260123975903,-0.05233740141142458,-0.16013083850967103,-0.013378811391152092,-0.02732164214583693,-0.02673281278337955,0.7774836774307394,0.016960714219359314,0.5392633773453788,51.4252839782743,0.3554623466089715,-0.0003381681658835012,0.0003758683439578636,0.014924860263207274,-0.027321642145836877,0.003550005410604129,0.02420027758988125
11804,2025-12-08,-0.01276418003293367,-0.012727086551014954,-0.03846736928795158,-0.011315602065145591,-0.011559771987185448,-0.06280673519997704,-0.16922896200984974,-0.013741115655302349,-0.03846736928795154,-0.0527263452264446,0.6420347138683622,0.020071670647362486,0.5523809523809524,45.80859844841564,0.07966171205621876,-0.01276418003293367,-0.0003381681658835012,0.0003758683439578636,-0.03846736928795158,-0.011315602065145591,0.006740905145127763
11804,2025-12-09,-0.00753662609577177,-0.020535942887276448,-0.029992371345306967,-0.028000810988484393,-0.014740008946495103,-0.06723863701240167,-0.17380517657220487,-0.01440385320851793,-0.02999237134530692,-0.08340058829016367,0.45191330849983075,0.017587880054600828,0.5355102040816326,39.36837172363956,0.0,-0.00753662609577177,-0.01276418003293367,-0.0003381681658835012,-0.029992371345306967,-0.028000810988484393,-0.00032236288200001515
11804,2025-12-10,-0.005341953274659028,-0.02543862848303391,-0.033734997957290624,-0.05195451646939131,-0.015189692346892346,-0.06880115908647408,-0.17645596817954307,-0.01498811868683995,-0.03373499795729059,-0.10615795510615682,0.20428978551072444,0.01551987459885402,0.5571054925893636,27.3750944487458,0.0,-0.005341953274659028,-0.00753662609577177,-0.01276418003293367,-0.033734997957290624,-0.05195451646939131,0.02352062305163971
11804,2025-12-11,-0.0009769427115879914,-0.013802719475326075,-0.011822609179081733,-0.058556331594487365,-0.014494624024830628,-0.06583951668248539,-0.17565188518470123,-0.014997834717907771,-0.0118226091790817,-0.11788816074623344,-0.629863301787592,0.014302218562054474,0.5142045454545454,23.15337719769225,0.0,-0.0009769427115879914,-0.005341953274659028,-0.00753662609577177,-0.011822609179081733,-0.058556331594487365,0.033490746932901466
11804,2025-12-12,0.010575095376159194,0.004194650433623659,-0.016057739763677747,-0.058642834438558,-0.0017549810935750122,-0.05175337817142388,-0.16523101714351116,-0.013293768509922182,-0.01605773976367777,-0.12357443231976113,-0.030612244897959183,0.019868532972153827,0.5442105263157895,22.64829975004453,0.3851999835234996,0.010575095376159194,-0.0009769427115879914,-0.005341953274659028,-0.016057739763677747,-0.058642834438558,0.03874296439208529
11804,2025-12-13,0.016012210649937186,0.025753554268122647,-0.0006782624319794373,-0.03987351192246491,0.014328877591769831,-0.03250712505480881,-0.15002325468826788,-0.00987941882645925,-0.0006782624319794271,-0.11563812846243197,-0.023645058448459,0.019454838295329218,0.5438095238095239,33.22989204821528,0.9871087516557328,0.016012210649937186,0.010575095376159194,-0.0009769427115879914,-0.0006782624319794373,-0.03987351192246491,0.0288264442511836
11804,2025-12-14,0.02454883864749413,0.05196231968502585,0.024200277589881303,-0.00378255588009635,0.03559668995192258,-0.005746503118636713,-0.12731185899057465,-0.004450747642601329,0.02420027758988125,-0.08392860264207251,0.04623550775247945,0.016760913829520916,0.5411214953271029,48.562174814588666,1.0,0.02454883864749413,0.016012210649937186,0.010575095376159194,0.024200277589881303,-0.00378255588009635,0.003751163840371558
11804,2025-12-15,-0.029593425492783654,0.01014873197150612,0.006740905145127707,-0.03198576903037642,0.003984732827156336,-0.030999183576889997,-0.15119090552083894,-0.004327973523336844,0.006740905145127763,-0.11803364057190535,-0.029136316337148804,0.02143677880794115,0.5166130760986066,39.998792939703144,0.40088955386289443,-0.029593425492783654,0.02454883864749413,0.016012210649937186,0.006740905145127707,-0.03198576903037642,0.027883785090651484
11804,2025-12-16,-0.014499723334760461,-0.020187115473599082,-0.00032236288200004903,-0.030305065800041997,-0.01052766824042426,-0.04025932188103595,-0.1616472325195704,-0.0057966726207125605,-0.00032236288200001515,-0.13554241562624006,-0.0414117647058823,0.019487464611197033,0.5360824742268041,40.54953440665954,0.11603373231773667,-0.014499723334760461,-0.029593425492783654,0.02454883864749413,-0.00032236288200004903,-0.030305065800041997,0.0276122939812795
11804,2025-12-17,0.01838131204237281,-0.02608534287419295,0.023520623051639822,-0.011007843076252133,0.004337761026811289,-0.016359478236293322,-0.14457581065213002,-0.00444643159262963,0.02352062305163971,-0.16338744335087302,0.2970235312451302,0.01809720728863573,0.5382674516400336,46.88929385879336,0.4719096844396083,0.01838131204237281,-0.014499723334760461,-0.029593425492783654,0.023520623051639822,-0.011007843076252133,0.008832573496815805
11804,2025-12-18,0.0087545501543842,0.012401263188678957,0.03349074693290155,0.02127218974171652,0.00840074898600063,-0.003810465089242235,-0.13550736384990905,-0.002396957192193605,0.033490746932901466,-0.10675071103793426,0.24806936729440468,0.017932831893720424,0.4817629179331307,56.39534810473442,0.5978577979110375,0.0087545501543842,0.01838131204237281,-0.014499723334760461,0.03349074693290155,0.02127218974171652,0.014600926718397217
11804,2025-12-19,0.015710855106474186,0.043436493213232286,0.038742964392085355,0.022063100188526086,0.018684166576073816,0.01481891727630973,-0.12029550733548672,0.000855073426813594,0.03874296439208529,-0.08005093437497987,0.10849365266326387,0.01608289841747048,0.5049586776859504,56.68708718529722,0.9513519169338905,0.015710855106474186,0.0087545501543842,0.01838131204237281,0.038742964392085355,0.022063100188526086,0.0025349612565005093
11804,2025-12-20,0.006312693160344551,0.03107095074374655,0.028826444251183636,0.028128629925020965,0.02092573754757915,0.02286960935358029,-0.11303423765613971,0.0036738551209446863,0.0288264442511836,-0.04509820833596879,0.2679836004472605,0.0164959906479676,0.5706447187928669,58.2257183296467,1.0,0.006312693160344551,0.015710855106474186,0.0087545501543842,0.028826444251183636,0.028128629925020965,0.03330738222846214
11804,2025-12-21,-0.0004221849563523783,0.021691201235898072,0.003751163840371552,0.02804222063647499,0.01993903532120245,0.021410451112227957,-0.11158728827543106,0.0053194802654566884,0.003751163840371558,0.030408748167268945,0.26069078947368424,0.016722573462761684,0.5290280495759948,58.19308133007794,0.9911380636317929,-0.0004221849563523783,0.006312693160344551,0.015710855106474186,0.003751163840371552,0.02804222063647499,0.052431681234741206
11804,2025-12-22,-0.006262489335494781,-0.00041151881008583135,0.02788378509065148,0.034812652186162474,0.009586168798085168,0.014476832153398622,-0.11505408615242095,0.005464983554788148,0.027883785090651484,0.01589528430957553,-0.6716549295774648,0.018178136795537925,0.5710455764075067,60.426802281400576,0.8597398438838595,-0.006262489335494781,-0.0004221849563523783,0.006312693160344551,0.02788378509065148,0.034812652186162474,0.0309185133474685
11804,2025-12-23,-0.014760019846174588,-0.021343423308463505,0.027612293981279512,0.027281029920612987,-0.009098818557928951,-0.0008296718328347602,-0.12573615734856491,0.003644190631247214,0.0276122939812795,0.01009839012603082,-0.16254197239149365,0.01991508065601171,0.5280665280665281,57.75020510577711,0.2917312397589666,-0.014760019846174588,-0.006262489335494781,-0.0004221849563523783,0.027612293981279512,0.027281029920612987,0.0677523898178827
11804,2025-12-24,-0.0002297112966546111,-0.02115497813684386,0.008832573496815765,0.03256094418025013,-0.010552448233311536,-0.0013156037368673666,-0.12338263694938992,0.0023117557239609467,0.008832573496815805,0.007770552117306269,-0.6212037548315847,0.015380585044984523,0.46938775510204084,59.47564687287584,0.0034962332800603417,-0.0002297112966546111,-0.014760019846174588,-0.006262489335494781,0.008832573496815765,0.03256094418025013,0.0936544359237227
11804,2025-12-25,0.0145224572502054,-0.0006815218400200163,0.0146009267183973,0.04858066959301044,0.0017494749211993553,0.01275598867167488,-0.10840637920733186,0.0030518235878500615,0.014600926718397217,0.012784537152897953,-0.6564003849855631,0.017160746364872418,0.5032679738562091,63.058341293489235,0.6588038218141209,0.0145224572502054,-0.0002297112966546111,-0.014760019846174588,0.0146009267183973,0.04858066959301044,0.06900810915668491
11804,2025-12-26,0.00363169001382313,0.017972994702419864,0.0025349612565004342,0.041376137562281645,0.005022526738243815,0.016546730497801455,-0.10304007646395535,0.003854335617558896,0.0025349612565005093,-0.0032622690542579327,-0.5077720207253886,0.014828863069233016,0.5684210526315789,61.663710700701934,0.8259461471646606,0.00363169001382313,0.0145224572502054,-0.0002297112966546111,0.0025349612565004342,0.041376137562281645,0.11229804160498076
11804,2025-12-27,0.037201070144771586,0.05608527420154252,0.03330738222846219,0.06309395987660738,0.03743065336475431,0.053368237404589784,-0.0675310848011803,0.008585350188586662,0.03330738222846214,0.027622272043794485,-0.1974422257123625,0.0151361672948555,0.5577299412915852,66.01810220447605,1.0,0.037201070144771586,0.00363169001382313,0.0145224572502054,0.03330738222846219,0.06309395987660738,0.09569246568379558
11804,2025-12-28,0.018077852248173487,0.059786326134390944,0.05243168123474118,0.056379524901850386,0.04830511007507898,0.07111048320392115,-0.04844436140986562,0.013479140628812338,0.052431681234741206,0.03515646911318061,-0.037758112094395266,0.01797175384794641,0.48283261802575106,65.07278927107268,1.0,0.018077852248173487,0.037201070144771586,0.00363169001382313,0.05243168123474118,0.056379524901850386,0.08665137871999741
11804,2025-12-29,-0.026575866710949803,0.027888613177158073,0.030918513347468535,0.05966442361962332,0.016003465868039128,0.04223154250841386,-0.07137920201377397,0.012949497414926929,0.0309185133474685,0.011540325311706161,-0.13567693201626962,0.02052621565156122,0.5364705882352941,65.60571378900704,0.619913659327285,-0.026575866710949803,0.018077852248173487,0.037201070144771586,0.030918513347468535,0.05966442361962332,0.11633255817235545
11804,2025-12-30,0.020441799941562477,0.011279815227659862,0.06775238981788267,0.09723548270474791,0.027119447640352533,0.06190323257165017,-0.050102831513929795,0.014556184459687928,0.0677523898178827,0.045356601923090954,-0.0006913238852402154,0.015781523381180034,0.4794188861985472,74.15887002178405,0.904501321670854,0.020441799941562477,-0.026575866710949803,0.018077852248173487,0.06775238981788267,0.09723548270474791,0.06354490316795784
11804,2025-12-31,0.024023192616452027,0.017185456624161377,0.0936544359237228,0.10331421910913763,0.03843251290470686,0.08477658195118105,-0.02540775629309156,0.01792069991961771,0.0936544359237227,0.0718848407762157,0.09743762643290625,0.01849446673507044,0.5075268817204301,75.14422256816238,1.0,0.024023192616452027,0.020441799941562477,-0.026575866710949803,0.0936544359237228,0.10331421910913763,0.04167302871770438
11804,2026-01-01,-0.008340570752572773,0.03624053982147779,0.06900810915668498,0.084616618219854,0.020084200508871816,0.07286421732827687,-0.03166685925727979,0.0184546040844756,0.06900810915668491,0.08045655570396242,-0.8810051736881005,0.020752367751654063,0.5434782608695652,70.7287857435318,0.8790987581141317,-0.008340570752572773,0.024023192616452027,0.020441799941562477,0.06900810915668498,0.084616618219854,0.0435096690850755
11804,2026-01-02,0.04427417690565938,0.06044189571646297,0.1122980416049808,0.11511767404613082,0.04912880246843273,0.11557226137263599,0.012697751495132355,0.023354123313311843,0.11229804160498076,0.12997581224648638,0.397109428768066,0.02059647169494616,0.5258620689655172,74.7291563493643,1.0,0.04427417690565938,-0.008340570752572773,0.024023192616452027,0.1122980416049808,0.11511767404613082,0.01162301066413236
11804,2026-01-03,0.021716622207623937,0.058053293666648464,0.09569246568379564,0.1321871134431718,0.057766131039398136,0.1331741676770216,0.03619917266985094,0.02825024340739547,0.09569246568379558,0.18185108384626614,2.2486014768404563,0.017866847199802006,0.5245901639344263,76.53417103379364,1.0,0.021716622207623937,0.04427417690565938,-0.008340570752572773,0.09569246568379564,0.1321871134431718,0.00391130175090824
11804,2026-01-04,0.009677200891728965,0.07727739628749952,0.0866513787199974,0.14362633742233633,0.05516486782190288,0.1376548450211243,0.047960936019510535,0.031516049687530225,0.08665137871999741,0.17574033401772293,-0.15035118525021954,0.019105688939390488,0.49005424954792043,77.6489143334274,1.0,0.009677200891728965,0.021716622207623937,0.04427417690565938,0.0866513787199974,0.14362633742233633,0.03327268341838895
11804,2026-01-05,1.2583779438024578e-05,0.03161696069208775,0.11633255817235555,0.1508479012724211,0.03885919905531151,0.1312700100128345,0.04959962956774636,0.03247151539802743,0.11633255817235545,0.17531336618618262,-0.2536764705882353,0.013835018309461326,0.48884381338742394,79.56854916437592,1.0,1.2583779438024578e-05,0.009677200891728965,0.021716622207623937,0.11633255817235555,0.1508479012724211,0.051295112135281304
11804,2026-01-06,-0.02781149993134613,-0.01839108431690084,0.0635449031679578,0.1356026120362157,0.0013349276680797656,0.09478602372368572,0.02215021392682866,0.028615155401201655,0.06354490316795784,0.14301266908107013,0.9282518926359256,0.018466486576009678,0.547158026233604,74.52940721076398,0.6123598392919054,-0.02781149993134613,1.2583779438024578e-05,0.009677200891728965,0.0635449031679578,0.1356026120362157,0.07446279686678138
11804,2026-01-07,0.002964084875593631,-0.024917580634371106,0.041673028717704286,0.1392303286392167,-0.001428546486552524,0.09247947278194525,0.026845543640270742,0.025496387359268492,0.04167302871770438,0.16122271139265246,-0.7855329949238579,0.01443190231214643,0.4437869822485207,74.8973443804394,0.6525246262721025,0.002964084875593631,-0.02781149993134613,1.2583779438024578e-05,0.041673028717704286,0.1392303286392167,0.07120223475034872
11804,2026-01-08,-0.006592112562499364,-0.0313576228825716,0.043509669085075586,0.11552029823535448,-0.013838257279108883,0.0798222040638356,0.02189377559024252,0.021844815815697038,0.0435096690850755,0.16232783083070176,-0.47337278106508873,0.017590038873264456,0.5280898876404494,71.4966140832563,0.0,-0.006592112562499364,0.002964084875593631,-0.02781149993134613,0.043509669085075586,0.11552029823535448,0.08615629003980982
11804,2026-01-09,0.012364157321463898,0.008671490957870454,0.011623010664132405,0.12522629360424897,-0.003278478346708139,0.08704528962791996,0.03631954189834991,0.020178578795814726,0.01162301066413236,0.18301866542395262,-0.43657359531196144,0.014421267140332712,0.5074946466809421,72.53520633118134,0.3819309513277227,0.012364157321463898,-0.006592112562499364,0.002964084875593631,0.011623010664132405,0.12522629360424897,0.09502988469826217
11804,2026-01-10,0.013927968628960175,0.019697765117596466,0.003911301750908258,0.0999780495432816,0.010035700512521856,0.09545916913745518,0.05274276705570134,0.020042214511934563,0.00391130175090824,0.20066869681583782,-0.012903225806451613,0.016889709498244577,0.5065359477124183,70.22834259039456,0.8174878258646016,0.013927968628960175,0.012364157321463898,-0.006592112562499364,0.003911301750908258,0.0999780495432816,0.0914641806017665
11804,2026-01-11,0.03920721774145597,0.06670914417488638,0.03327268341838896,0.12280718603030372,0.04459255776156774,0.1302566692806826,0.09600008026560412,0.023856900332116418,0.03327268341838895,0.23468664679769075,0.4390602055800294,0.01701985734990895,0.5081632653061224,72.968354449954,1.0,0.03920721774145597,0.013927968628960175,0.012364157321463898,0.03327268341838896,0.12280718603030372,0.1054170430929207
11804,2026-01-12,0.017454887051731705,0.07207315070803699,0.05129511213528137,0.17359496192407176,0.055010029176587406,0.14161683789439597,0.11674420872121101,0.027533908218424503,0.051295112135281304,0.23643982778338637,0.9556567189344123,0.019331242451125604,0.5075437537718769,82.45119265055523,1.0,0.017454887051731705,0.03920721774145597,0.013927968628960175,0.05129511213528137,0.17359496192407176,0.10231863007223815
11804,2026-01-13,-0.0063871097585112,0.05059307444267147,0.07446279686678148,0.1427394312512542,0.03750409737047214,0.12724799106231688,0.11081736245482587,0.02813240546819692,0.07446279686678138,0.19910589378573404,0.9050260547991258,0.015812733167860017,0.5274861025324274,78.61355898527476,0.9187596482034868,-0.0063871097585112,0.017454887051731705,0.03920721774145597,0.07446279686678148,0.1427394312512542,0.11174570128997581
11804,2026-01-14,-7.950742822937507e-05,0.010875912479047845,0.0712022347503487,0.11584247624156907,0.027301680554133026,0.11914141169430659,0.11156903086681327,0.027522031956041706,0.07120223475034872,0.2355754664675637,0.44840834248079037,0.015790735947667736,0.4953580901856764,76.30346018206703,0.9177548187908057,-7.950742822937507e-05,-0.0063871097585112,0.017454887051731705,0.0712022347503487,0.11584247624156907,0.11033303317219519
11804,2026-01-15,0.007275928402883158,0.0007627720900349466,0.08615629003980985,0.13341459079411533,0.022783285226024092,0.11853531105459403,0.12018809681153982,0.0270320668567306,0.08615629003980982,0.2628767891464549,-0.13800615069195288,0.016112481347161096,0.5327783558792925,80.07104702843729,1.0,0.007275928402883158,-7.950742822937507e-05,-0.0063871097585112,0.08615629003980985,0.13341459079411533,0.07858658544346471
11804,2026-01-16,0.0206348907888243,0.02797921869691966,0.09502988469826223,0.10775742872565375,0.03055125536912567,0.13256951941918163,0.14377965385194355,0.028206552026146255,0.09502988469826217,0.2656714125922638,0.2506436807343558,0.01541995596494092,0.5162907268170426,77.99963539138476,1.0,0.0206348907888243,0.007275928402883158,-7.950742822937507e-05,0.09502988469826223,0.10775742872565375,0.05974514825381832
11804,2026-01-17,0.010626353612043893,0.038985496445415935,0.09146418060176642,0.09573322636240778,0.028676513631136488,0.13544783075573108,0.15629983274134945,0.029228344970853484,0.0914641806017665,0.26801994041401084,0.3356024506466984,0.016311068281534426,0.5035677879714577,76.80061913809043,1.0,0.010626353612043893,0.0206348907888243,0.007275928402883158,0.09146418060176642,0.09573322636240778,0.04444693972031912
11804,2026-01-18,0.05249204711713662,0.08562504200087506,0.10541704309292066,0.1421972344130431,0.06693681210805799,0.18378288093100092,0.21647512715216918,0.03504452003360538,0.1054170430929207,0.3139378162221092,0.28010540184453236,0.016375304406928907,0.4601344860710855,81.70190377741235,1.0,0.05249204711713662,0.010626353612043893,0.0206348907888243,0.10541704309292066,0.1421972344130431,-0.010213171450304166
11804,2026-01-19,0.014603026308588563,0.07920909131292775,0.10231863007223807,0.15886218781060335,0.06719834979195081,0.18939618747522,0.23341126377853272,0.03921634961548569,0.10231863007223815,0.32476246576354323,0.005633802816901388,0.016722597716542456,0.4693627450980392,82.96767256980696,1.0,0.014603026308588563,0.05249204711713662,0.010626353612043893,0.10231863007223807,0.15886218781060335,-0.032149032114890654
11804,2026-01-20,0.0021103058014115827,0.07011513073447828,0.11174570128997585,0.1945293956126486,0.05327598998393558,0.18032066998678462,0.23491519821564597,0.04068859075033237,0.11174570128997581,0.328118831471432,-0.2827789551276144,0.01586991434932328,0.5269784172661871,93.86485178125045,1.0,0.0021103058014115827,0.014603026308588563,0.05249204711713662,0.11174570128997585,0.1945293956126486,-0.046875785905664206
11804,2026-01-21,-0.0013500819836629319,0.015371461003630182,0.11033303317219523,0.18939122645118855,0.03637906352569816,0.1672269760615651,0.2324032498700159,0.04000351615163574,0.11033303317219519,0.3346842077823894,-0.6695554649265906,0.014090558804782445,0.5745140388768899,93.09546417593897,0.9856437123983489,-0.0013500819836629319,0.0021103058014115827,0.014603026308588563,0.11033303317219523,0.18939122645118855,-0.044024845861487555
11804,2026-01-22,-0.021523928625680533,-0.020782855573446724,0.07858658544346464,0.17151360413198002,0.003480235114559902,0.13152475378368278,0.2055776688218539,0.035590470312622864,0.07858658544346471,0.32552128056390844,-0.5952076677316294,0.018959253832973137,0.5267034990791897,85.68337533316388,0.696802636498813,-0.021523928625680533,-0.0013500819836629319,0.0021103058014115827,0.07858658544346464,0.17151360413198002,-0.03965025818947897
11804,2026-01-23,0.002805790698122923,-0.020103258995498252,0.05974514825381827,0.16045260750192147,-0.0017942164989851368,0.12416054922158226,0.20877577688634957,0.0318540145932397,0.05974514825381832,0.3295458275390845,-0.6219201359388276,0.014856908500255672,0.5707865168539326,85.12141213444605,0.6931788987226685,0.002805790698122923,-0.021523928625680533,-0.0013500819836629319,0.05974514825381827,0.16045260750192147,-0.037162098566292205
11804,2026-01-24,-0.003962788628882774,-0.022666902851732784,0.0444469397203191,0.13997642324386073,-0.011723432412566553,0.11001514170322334,0.20397944957012537,0.02789190687255116,0.04444693972031912,0.30532065504148403,-0.39670985587421753,0.016370745043356272,0.543918918918919,82.38895932345045,0.0,-0.003962788628882774,0.002805790698122923,-0.021523928625680533,0.0444469397203191,0.13997642324386073,-0.03235513940897744
11804,2026-01-25,-0.0025890968967706707,-0.0037541892157164636,-0.010213171450304204,0.09412722930772444,-0.012847817969951682,0.09785788223761833,0.20049110969619907,0.02408329703731873,-0.010213171450304166,0.2972299164510178,-0.2774447358561259,0.014408600346889051,0.5607985480943739,77.19712872833068,0.0,-0.0025890968967706707,-0.003962788628882774,0.002805790698122923,-0.010213171450304204,0.09412722930772444,-0.0117373517047233
11804,2026-01-26,-0.007882816069799459,-0.014372875121239748,-0.03214903211489062,0.0668801530332035,-0.016056595302097458,0.08158174062364648,0.19052954278490772,0.01988783166649043,-0.032149032114890654,0.24084338964262195,0.07716894977168959,0.017253127624791895,0.5281899109792285,70.7188899049246,0.0,-0.007882816069799459,-0.0025890968967706707,-0.003962788628882774,-0.03214903211489062,0.0668801530332035,-0.007216246950440589
11804,2026-01-27,-0.01313773571987975,-0.02345193021975933,-0.04687578590566421,0.059631747814764324,-0.022313360257520037,0.061007428769511846,0.17429731408646074,0.014976188459008373,-0.046875785905664206,0.20279752124617967,0.03338549817423066,0.011680042894172167,0.5424028268551236,67.52691359488554,0.0,-0.01313773571987975,-0.007882816069799459,-0.0025890968967706707,-0.04687578590566421,0.059631747814764324,-0.0065422072943358755
11804,2026-01-28,0.0016370323916568008,-0.019314198833010665,-0.04402484586148758,0.061450792531871246,-0.014362758594862994,0.0555640012941113,0.1753535508592933,0.011473192087818933,-0.044024845861487555,0.23765838399582678,0.04567247035074445,0.018909634406942356,0.535472972972973,67.88610553407196,0.05827971401356139,0.0016370323916568008,-0.01313773571987975,-0.007882816069799459,-0.04402484586148758,0.061450792531871246,-0.01147153938956382
11804,2026-01-29,-0.017046375688599347,-0.028372173991453753,-0.03965025818947898,0.03582034885092278,-0.02559619317338018,0.031817583483822,0.15415397107779097,0.006838086284595313,-0.03965025818947897,0.19219027903184477,1.496613995485327,0.01823577760262294,0.5089662447257384,59.87970056789483,0.0,-0.017046375688599347,0.0016370323916568008,-0.01313773571987975,-0.03965025818947898,0.03582034885092278,0.01624246041131884
11804,2026-01-30,0.005403949233167671,-0.010116721641569293,-0.03716209856629216,0.020362794599259937,-0.015009966944571308,0.0321939256433635,0.15901036371588853,0.004208673179487277,-0.037162098566292205,0.17051334717665617,-0.31776913099870296,0.014850321062613405,0.45627376425855515,56.25070062739405,0.13485947112356086,0.005403949233167671,-0.017046375688599347,0.0016370323916568008,-0.03716209856629216,0.020362794599259937,0.01874293281915453
11804,2026-01-31,0.001009917770706581,-0.010736477358278651,-0.032355139408977496,0.010653713380388341,-0.009349474475945755,0.02779721257031766,0.15847783527051787,0.0024735152590905744,-0.03235513940897744,0.18155027305697263,0.36882638540097096,0.016301353064334192,0.5085616438356164,53.511986459674155,0.17174016121384542,0.001009917770706581,0.005403949233167671,-0.017046375688599347,-0.032355139408977496,0.010653713380388341,0.032440106168648654
11804,2026-02-01,0.01866292137109915,0.025202049268635562,-0.011737351704723342,-0.02183064756969466,0.01086975434487881,0.042164310116424186,0.17780050624376545,0.0034211757212642448,-0.0117373517047233,0.1525722645612925,1.0490477432820247,0.017376106862962912,0.5236185383244206,40.267966997094724,0.8630643654314448,0.01866292137109915,0.001009917770706581,0.005403949233167671,-0.011737351704723342,-0.02183064756969466,0.029616997165536056
11804,2026-02-02,-0.0033440775828094127,0.016281759045350563,-0.007216246950440541,-0.0391332837103725,0.008544428800263577,0.03471848276920602,0.17152203035688857,0.003527416810694904,-0.007216246950440589,0.12430193315908797,-0.618526031102096,0.013408314137675547,0.5186104218362283,30.310413420382048,0.8639652214680718,-0.0033440775828094127,0.01866292137109915,0.001009917770706581,-0.007216246950440541,-0.0391332837103725,0.017989937102157905
11804,2026-02-03,-0.012467716393722461,0.002598504251132505,-0.006542207294335856,-0.05311132209152036,-0.0030957531322059785,0.018673906633035007,0.1544117030005377,0.00201780762821779,-0.0065422072943358755,0.09964298939796097,-0.1538362512873327,0.015303490495177331,0.48562300319488816,25.640368923510792,0.35848312751062855,-0.012467716393722461,-0.0033440775828094127,0.01866292137109915,-0.006542207294335856,-0.05311132209152036,0.025933024255564846
11804,2026-02-04,-0.003332883399219555,-0.019050424457138115,-0.0114715393895638,-0.054991352497631873,-0.004779021986398514,0.01227908911248632,0.14763285072579493,0.0005812534380130016,-0.01147153938956382,0.09596421616156012,-0.20148148148148146,0.016382792537889077,0.47619047619047616,25.22256785272502,0.22504182161085123,-0.003332883399219555,-0.012467716393722461,-0.0033440775828094127,-0.0114715393895638,-0.054991352497631873,0.06232284012479788
11804,2026-02-05,0.010511330168064381,-0.005413364719179969,0.016242460411318937,-0.02405181552710134,0.0033780781072758077,0.01867619629824626,0.15655294215628668,0.0008441401851335852,0.01624246041131884,0.13916617797043476,0.36219654679994817,0.016112812997003616,0.5196797865243495,38.15952777049906,0.5474520867524787,0.010511330168064381,-0.003332883399219555,-0.012467716393722461,0.016242460411318937,-0.02405181552710134,0.08491008366598587
11804,2026-02-06,0.00787775340069774,0.015077441183533935,0.018742932819154623,-0.01911569246398448,0.008601627022262857,0.02227731309864647,0.16256434556073618,0.0019061351931923686,0.01874293281915453,0.14474712057642133,-0.7744066882416397,0.017231680632744332,0.49372384937238495,40.99597068816149,0.9511594844535862,0.00787775340069774,0.010511330168064381,-0.003332883399219555,0.018742932819154623,-0.01911569246398448,0.06694750883661812
11804,2026-02-07,0.014468667693345205,0.03320782055610483,0.032440106168648564,-0.0009646373978574596,0.018516902979157417,0.031910836744822035,0.1763470483027314,0.004224122750055008,0.032440106168648654,0.16901637378031997,-0.8508771929824561,0.019076199614981953,0.4338235294117647,49.587208205189846,1.0,0.014468667693345205,0.00787775340069774,0.010511330168064381,0.032440106168648564,-0.0009646373978574596,0.058911999677471794
11804,2026-02-08,0.015877484765840055,0.03869450114167816,0.029616997165536008,0.017532020348643096,0.03030768673143648,0.04291826363542577,0.1919566377199374,0.007448119224068377,0.029616997165536056,0.17307334999705454,-0.8028169014084507,0.02360396022677752,0.525,56.719621780557006,1.0,0.015877484765840055,0.014468667693345205,0.00787775340069774,0.029616997165536008,0.017532020348643096,0.03490859443738832
11804,2026-02-09,-0.014598921184233782,0.015530582485327349,0.017989937102157905,0.01064387032296521,0.012670714512689678,0.023385612433799424,0.171927399416276,0.007534445998116251,0.017989937102157905,0.14006890073286202,-0.5722979552093477,0.019603666925400456,0.5537848605577689,53.842056269464756,0.6911425160735449,-0.014598921184233782,0.015877484765840055,0.014468667693345205,0.017989937102157905,0.01064387032296521,0.05900385064652725
11804,2026-02-10,-0.004762281684007386,-0.0037204972619990784,0.025933024255564874,0.019221157740779926,0.004193417981770606,0.015611879321655269,0.16402918138454603,0.00677776942595213,0.025933024255564846,0.09183188118568478,-0.34525171624713963,0.018995999203949704,0.5045871559633027,57.28480696576199,0.5918616679458047,-0.004762281684007386,-0.014598921184233782,0.015877484765840055,0.025933024255564874,0.019221157740779926,0.0558298751699337
11804,2026-02-11,0.03201887153852501,0.012109495063403086,0.06232284012479794,0.05013636181987291,0.027422818333194626,0.044589344627676365,0.19851313354279526,0.00978026956476187,0.06232284012479788,0.1074605078522212,1.5894169524742774,0.016716189096573037,0.5132450331125827,65.41165069214281,1.0,0.03201887153852501,-0.004762281684007386,-0.014598921184233782,0.06232284012479794,0.05013636181987291,0.017590395254292193
11804,2026-02-12,0.031996950785008416,0.05996830653081564,0.08491008366598596,0.10253169274977125,0.04787484402846932,0.07297689065976994,0.23332708690931933,0.015155812827496467,0.08491008366598587,0.15024259290812791,-0.28904347826086957,0.017981154013329646,0.5,78.11860500944547,1.0,0.031996950785008416,0.03201887153852501,-0.004762281684007386,0.08491008366598596,0.10253169274977125,-0.014574919453507987
11804,2026-02-13,-0.008809417118669227,0.055657944077674326,0.06694750883661804,0.08694523431630707,0.029062876420543143,0.05890873051227178,0.21922984122176112,0.01700236771831169,0.06694750883661812,0.14020028051151046,1.6867695184665734,0.01703264894107425,0.4933008526187576,73.41951335463229,0.8557451244872027,-0.008809417118669227,0.031996950785008416,0.03201887153852501,0.06694750883661804,0.08694523431630707,-0.028169577520717044
11804,2026-02-14,0.006828392793781113,0.02989046081221347,0.05891199967747185,0.093263217370265,0.027627605790415503,0.061515483095224206,0.22427770682221365,0.01840902119537393,0.058911999677471794,0.13969368622820794,1.0522184300341297,0.014336705695789178,0.4976717112922002,74.3070398652355,0.9665755470170213,0.006828392793781113,-0.008809417118669227,0.031996950785008416,0.05891199967747185,0.093263217370265,-0.03210789477229476
11804,2026-02-15,-0.007150414576634345,-0.009176997789498653,0.03490859443738836,0.06555947934542927,0.01528803041954231,0.05030858920887334,0.2130960349880338,0.01782877395576842,0.03490859443738832,0.10866717774733338,-0.410338225909381,0.016385786065331743,0.5397727272727273,68.44850760944202,0.8497259630379137,-0.007150414576634345,0.006828392793781113,-0.008809417118669227,0.03490859443738836,0.06555947934542927,-0.015688160832753126
11804,2026-02-16,0.008343676442695402,0.007969734587905064,0.059003850646527356,0.07805526331060131,0.015484495494858894,0.055495879785002054,0.21987104079540312,0.017823610881656064,0.05900385064652725,0.10616305815258403,0.2088546679499519,0.017572520685857556,0.5286624203821656,71.22869856692432,0.9851004616073059,0.008343676442695402,-0.007150414576634345,0.006828392793781113,0.059003850646527356,0.07805526331060131,-0.02192007585708304
11804,2026-02-17,-0.00774514157577022,-0.006620320356535703,0.05582987516993376,0.0832107369324655,7.84793041362822e-06,0.04582059185601556,0.20706740577550667,0.01629648330043114,0.0558298751699337,0.04285412100520031,-0.5115843042721308,0.015893583965717363,0.510556621880998,72.86075010543075,0.7210767108566617,-0.00774514157577022,0.008343676442695402,-0.007150414576634345,0.05582987516993376,0.0832107369324655,-0.020212768780206312
11804,2026-02-18,-0.005358234223337366,-0.004827183136800306,0.01759039525429218,0.0810095187702553,-0.0077875618801750215,0.039429378685837596,0.19697867629973545,0.014129768115463084,0.017590395254292193,0.022337049533499388,-0.4619556795289013,0.014270154889425072,0.594758064516129,71.88466515760726,0.0,-0.005358234223337366,-0.00774514157577022,0.008343676442695402,0.01759039525429218,0.0810095187702553,-0.023544421723536917
11804,2026-02-19,-0.0006237449824616492,-0.013677473219598446,-0.014574919453507973,0.0690976065822555,-0.006324535476611996,0.03809186540028315,0.19174480716730272,0.012177707899539125,-0.014574919453507987,0.019547814261216167,-0.47163865546218486,0.015197912012291283,0.5347912524850894,69.92171037134169,0.0,-0.0006237449824616492,-0.005358234223337366,-0.00774514157577022,-0.014574919453507973,0.0690976065822555,-0.0558050494371595
11804,2026-02-20,-0.022483614497770366,-0.028327830161561263,-0.028169577520717026,0.03689204827590897,-0.024743303389158876,0.014821562169053065,0.16102796009277978,0.007876888931950675,-0.028169577520717044,-0.002027961687552391,-0.058945191313340264,0.01859539718912761,0.5333333333333333,59.806473050513695,0.0,-0.022483614497770366,-0.0006237449824616492,-0.005358234223337366,-0.028169577520717026,0.03689204827590897,-0.031960396436148536
11804,2026-02-21,0.0027482471870998726,-0.020408554445561333,-0.03210789477229481,0.02491256461870739,-0.01750976031865528,0.01684404181279573,0.16017087938665298,0.0051295015653498735,-0.03210789477229476,0.02272783304142451,-0.5704435761893817,0.01346710486369247,0.5056179775280899,57.16024678263014,0.07390373720698105,0.0027482471870998726,-0.022483614497770366,-0.0006237449824616492,-0.03210789477229481,0.02491256461870739,-0.00251856712638758
11804,2026-02-22,0.009692708687399909,-0.010296337237361008,-0.01568816083275315,0.018672781960656026,-0.005741034893390492,0.02568583714013653,0.16723472850994855,0.004290183758968088,-0.015688160832753126,0.02975156862097651,0.8900133664311629,0.015059688841850168,0.5332390381895332,55.644903035596016,0.33526888797626203,0.009692708687399909,0.0027482471870998726,-0.022483614497770366,-0.01568816083275315,0.018672781960656026,-0.0038220737583367337
11804,2026-02-23,0.0019596100758541013,0.014451635532237939,-0.021920075857083,0.03579040590741234,-0.0006051286090808426,0.02647799571836995,0.1654364987017704,0.0038300015474293093,-0.02192007585708304,0.03587443158892371,-0.14622849580943972,0.01536063492531915,0.5623869801084991,61.54112295211071,0.4957051766844519,0.0019596100758541013,0.009692708687399909,0.0027482471870998726,-0.021920075857083,0.03579040590741234,-0.01950473575917407
11804,2026-02-24,-0.006013091157357264,0.005588040868354627,-0.02021276878020628,0.034488630031889844,-0.003697793063119772,0.019220481088999423,0.15470083200912632,0.002700975983338832,-0.020212768780206312,0.03231839656121972,-0.6065380997177798,0.013017944188191558,0.5941422594142259,60.964714932652114,0.3532957829637125,-0.006013091157357264,0.0019596100758541013,0.009692708687399909,-0.02021276878020628,0.034488630031889844,-0.020576192363286186
11804,2026-02-25,-0.008740398290104978,-0.012770130655655798,-0.02354442172353688,-0.0063681821533955185,-0.009034749536935843,0.0092764778828512,0.14113025307013194,0.0008593243010933902,-0.023544421723536917,0.03142606456967189,0.1651131824234355,0.014051343099937745,0.4666666666666667,47.55309754000134,0.0,-0.008740398290104978,-0.006013091157357264,0.0019596100758541013,-0.02354442172353688,-0.0063681821533955185,-0.015707549281822435
11804,2026-02-26,-0.03364163747672411,-0.04784800666621336,-0.05580504943715947,-0.06956661479002191,-0.03456636602210512,-0.024990963889001128,0.0999806603160976,-0.004283517396085383,-0.0558050494371595,0.00999626685335925,0.14276755852842807,0.019517079630459733,0.5441741357234315,22.71446656525255,0.0,-0.03364163747672411,-0.008740398290104978,-0.006013091157357264,-0.05580504943715947,-0.06956661479002191,0.017268995187926562
11804,2026-02-27,0.002202536387921894,-0.03997815840751362,-0.031960396436148564,-0.059229663091864615,-0.02800425193363229,-0.023176149714705552,0.09958047489107323,-0.007272646979786375,-0.031960396436148536,0.010566490304218228,0.675531914893617,0.018893550235347265,0.503968253968254,25.684040454907887,0.043829399765381964,0.002202536387921894,-0.03364163747672411,-0.008740398290104978,-0.031960396436148564,-0.059229663091864615,0.009135247677766276
11804,2026-02-28,0.03324570062356691,0.0006848242570256513,-0.0025185671263875387,-0.034545596010411295,0.004674379595815078,0.00731241965361788,0.1326389132937637,-0.005196653344400299,-0.00251856712638758,0.06227135795196876,1.1064633463905988,0.015706608020520152,0.503021850302185,38.10807386663988,0.7068597646735246,0.03324570062356691,0.002202536387921894,-0.03364163747672411,-0.0025185671263875387,-0.034545596010411295,-0.019992678163631667
11804,2026-03-01,0.008373244385981193,0.044192136144077576,-0.0038220737583367637,-0.019450273283254438,0.013649621406570368,0.01363988268416418,0.1384834057859247,-0.0026929863373646172,-0.0038220737583367337,0.06540860164048337,1.0901529051987766,0.015848536413513553,0.5190495698484228,43.39479626941649,0.8794019532055783,0.008373244385981193,0.03324570062356691,0.002202536387921894,-0.0038220737583367637,-0.019450273283254438,-0.017301796903825644
11804,2026-03-02,-0.013814072003805355,0.02750447479508722,-0.019504735759174108,-0.04099726632884371,0.0024948966764885365,-0.001935130258260904,0.11921385606334932,-0.002608213038851918,-0.01950473575917407,0.049630929575486565,0.4073375262054507,0.016817334719995965,0.540667361835245,36.44044509836426,0.673594747547983,-0.013814072003805355,0.008373244385981193,0.03324570062356691,-0.019504735759174108,-0.04099726632884371,0.0029955329343898975
11804,2026-03-03,-0.0070992910368692375,-0.012616340071745058,-0.020576192363286228,-0.04037305932487634,-0.0016396669902163012,-0.009758778188569196,0.10785528197645913,-0.003294654632071168,-0.020576192363286186,0.02308552933523761,0.06174753739511132,0.01651760272201499,0.5423932651834035,36.667692173887076,0.5081666767365517,-0.0070992910368692375,-0.013814072003805355,0.008373244385981193,-0.020576192363286228,-0.04037305932487634,-0.004581034478344466
11804,2026-03-04,-0.0038129203544354784,-0.024548846223480636,-0.015707549281822386,-0.03888214584082483,-0.003186231096995747,-0.014250978191431129,0.10006913296564515,-0.004076303618180112,-0.015707549281822435,0.022604253656846394,0.009886058981233263,0.01695393798619751,0.5040650406504065,37.08387761666262,0.4199485606580255,-0.0038129203544354784,-0.0070992910368692375,-0.013814072003805355,-0.015707549281822386,-0.03888214584082483,-0.014410605707424525
11804,2026-03-05,-0.0012659350193791052,-0.012137297496482846,0.017268995187926572,-0.039499751379425296,-0.006845936859100072,-0.01656622789595293,0.09530540302302061,-0.0045985751447280235,0.017268995187926562,0.034203863585654116,-0.08517768079800497,0.015103273421511973,0.5008944543828264,36.93835831625432,0.35881406080313605,-0.0012659350193791052,-0.0038129203544354784,-0.0070992910368692375,0.017268995187926572,-0.039499751379425296,-0.024566049473828747
11804,2026-03-06,-0.005810744684815017,-0.010855289265296664,0.00913524767776619,-0.023117114895706115,-0.013876088141703168,-0.023256787805306014,0.08569008692793859,-0.005462794655804227,0.009135247677766276,0.031632680416962745,-0.6347776230649521,0.01653353280549135,0.5463108320251178,41.58715798260808,0.0,-0.005810744684815017,-0.0012659350193791052,-0.0038129203544354784,0.00913524767776619,-0.023117114895706115,-0.019647835010987363
11804,2026-03-07,0.003421844789609496,-0.003671669017796586,-0.019992678163631705,-0.022460892388027842,-0.0076400001146778185,-0.020676432083982177,0.08611464346349883,-0.005450705243963202,-0.019992678163631667,0.02439501312377571,-0.7828516377649326,0.013707304963455992,0.43167701863354035,41.838821395195424,0.10539944543391846,0.003421844789609496,-0.005810744684815017,-0.0012659350193791052,-0.019992678163631705,-0.022460892388027842,-0.023263504403069128
11804,2026-03-08,0.01114201213469923,0.008706390079625148,-0.017301796903825606,-0.021057741918244166,0.005955715025391251,-0.010645394056236128,0.09463624063671522,-0.003968257445955967,-0.017301796903825644,0.02771276704519535,-0.2986512524084778,0.014746277575513046,0.5418552036199095,42.341229155661225,0.8021772390924757,0.01114201213469923,0.003421844789609496,-0.005810744684815017,-0.017301796903825606,-0.021057741918244166,-0.030632571087983576
11804,2026-03-09,0.006555295721991206,0.021252999200213285,0.0029955329343898107,-0.016567629903127323,0.0121128096067794,-0.004797982056143928,0.09807124507013011,-0.002105321692529202,0.0029955329343898975,0.01969608435766621,-0.8173483779971791,0.014278590331164392,0.4648648648648649,44.152108932974016,1.0,0.006555295721991206,0.01114201213469923,0.003421844789609496,0.0029955329343898107,-0.016567629903127323,-0.04651405743491756
11804,2026-03-10,-0.014599602761690256,0.0029113042717425763,-0.004581034478344459,-0.025062966594981417,-0.0020092587406656793,-0.0189742792579316,0.07851963817820924,-0.0025438603217551774,-0.004581034478344466,-0.010895564025614916,-0.107556270096463,0.018531974800238517,0.4930643127364439,41.695878330594944,0.2984572216349456,-0.014599602761690256,0.006555295721991206,0.01114201213469923,-0.004581034478344459,-0.025062966594981417,-0.025283505547066838
11804,2026-03-11,-0.013650076563061386,-0.021678976532631067,-0.014410605707424473,-0.02989179968991673,-0.013603772628162899,-0.03205180583687968,0.06051202580516308,-0.004335694445595501,-0.014410605707424525,-0.009943153434609721,-0.06900539707016187,0.018711671095390497,0.5144927536231884,40.470925752278355,0.0,-0.013650076563061386,-0.014599602761690256,0.006555295721991206,-0.014410605707424473,-0.02989179968991673,-0.026911433450445228
11804,2026-03-12,-0.011556820547609759,-0.03928304081141076,-0.024566049473828788,-0.007721285276052092,-0.02157118334157728,-0.04271963204125771,0.04526583513326887,-0.006701538207812894,-0.024566049473828747,-0.016702322221486675,1.2119618157023182,0.015845483596880403,0.5024660912453761,47.224442938873835,0.0,-0.011556820547609759,-0.013650076563061386,-0.014599602761690256,-0.024566049473828788,-0.007721285276052092,-0.01483336027685844
11804,2026-03-13,-0.0007979645046141126,-0.02582712180090474,-0.019647835010987325,-0.010692075172378357,-0.019607727129974564,-0.041944361274125104,0.04161643041415555,-0.008124099963214934,-0.019647835010987363,-0.047969888700334945,-0.2320792079207921,0.014697039301725093,0.4981949458483754,46.10860526858145,0.0,-0.0007979645046141126,-0.011556820547609759,-0.013650076563061386,-0.019647835010987325,-0.010692075172378357,0.0011857050073661032
11804,2026-03-14,-0.0002789086550393227,-0.012621028490274577,-0.023263504403069124,-0.042791082810212044,-0.01660166513656997,-0.039626881641534925,0.03875563845918195,-0.008821656871023452,-0.023263504403069128,-0.07774477324008819,-0.5797216699801193,0.012306778631685996,0.5298013245033113,28.827134952802325,0.0,-0.0002789086550393227,-0.0007979645046141126,-0.011556820547609759,-0.023263504403069124,-0.042791082810212044,0.009823365966968044
11804,2026-03-15,0.0035133702758880503,0.0024329370032243336,-0.030632571087983562,-0.04740436946820292,-0.008730497600246424,-0.03405003484540542,0.039518079063069846,-0.00858211227682515,-0.030632571087983576,-0.06627901147927215,0.2723505032563647,0.015032946414548382,0.510314875135722,25.114246353092156,0.08362941450106237,0.0035133702758880503,-0.0002789086550393227,-0.0007979645046141126,-0.030632571087983562,-0.04740436946820292,0.018502330818298073
11804,2026-03-16,-0.00993545248107619,-0.006734096873498352,-0.046514057434917544,-0.0436578588914861,-0.011820511597624546,-0.040922510210258944,0.02633452410443507,-0.009300001329380622,-0.04651405743491756,-0.08182560739718661,0.1281786941580756,0.017196183698643033,0.4861407249466951,26.316047859996658,0.0,-0.00993545248107619,0.0035133702758880503,-0.0002789086550393227,-0.046514057434917544,-0.0436578588914861,0.04422710445388441
11804,2026-03-17,0.007341564202550277,0.0008371706736947093,-0.02528350554706682,-0.029748715414766758,-0.0008802739255357004,-0.031590747450749995,0.031085915899918323,-0.008616079590277666,-0.025283505547066838,-0.06842361377343276,-0.35639450867052025,0.01455833201573852,0.550098231827112,33.9625756073431,0.3791272597493514,0.007341564202550277,-0.00993545248107619,0.0035133702758880503,-0.02528350554706682,-0.029748715414766758,0.026849697297984216
11804,2026-03-18,-0.015297434099325602,-0.017923468483319605,-0.02691143345044522,-0.04093422910139377,-0.012325198901038099,-0.043387874486146685,0.012841270103270177,-0.009671278989431509,-0.026911433450445228,-0.09026487765958588,0.739959683671887,0.01643642501806922,0.5233936369307548,30.353036142402573,0.0,-0.015297434099325602,0.007341564202550277,-0.00993545248107619,-0.02691143345044522,-0.04093422910139377,0.044424985055310624
11804,2026-03-19,0.0007118356258886127,-0.0073620845812798485,-0.014833360276858443,-0.039035012688262705,-0.009516409611348744,-0.03995187770152535,0.011232518796188213,-0.00996382648045852,-0.01483336027685844,-0.08251121525736889,-0.3109824430332462,0.01598129057260025,0.5066413662239089,31.182959492623255,0.039003447526531856,0.0007118356258886127,-0.015297434099325602,0.007341564202550277,-0.014833360276858443,-0.039035012688262705,0.05108888756070292
11804,2026-03-20,0.015449319958072083,0.0006273264168226156,0.0011857050073660336,-0.018485426539977645,0.005614768138934833,-0.022973593310594946,0.024380753697197628,-0.008041290022523151,0.0011857050073661032,-0.06331767416927578,0.7842285004656938,0.015372229346662058,0.5249695493300852,41.85068493088161,0.8861170984395097,0.015449319958072083,0.0007118356258886127,-0.015297434099325602,0.0011857050073660336,-0.018485426539977645,0.022055788978750886
11804,2026-03-21,0.008346116450705265,0.02465324408287306,0.009823365966967978,-0.01366866435352665,0.012580864763137443,-0.01293590348576368,0.030345542867138864,-0.005546739579150804,0.009823365966968044,-0.05491051957918539,0.04873996122957623,0.017022823919615883,0.555452865064695,44.19757206880481,1.0,0.008346116450705265,0.015449319958072083,0.0007118356258886127,0.009823365966967978,-0.01366866435352665,0.012417357531083799
11804,2026-03-22,0.01213810363222545,0.03635287844677637,0.018502330818298107,-0.012697014233770454,0.022153035698336595,-0.00022544809022081088,0.04004657193094494,-0.002317224675778251,0.018502330818298073,-0.02143729899276786,-0.5782252050708426,0.016541221820127138,0.4405940594059406,44.58813285385971,1.0,0.01213810363222545,0.008346116450705265,0.015449319958072083,0.018502330818298107,-0.012697014233770454,0.02284073251907873
11804,2026-03-23,0.015071055210546636,0.03596682692041453,0.04422710445388445,-0.0043441350577811955,0.031085009154511272,0.015168489527014906,0.05256856212465169,0.00162761763751858,0.04422710445388441,-0.009411707986007658,0.11358996792067663,0.017611958474137667,0.4775435380384968,48.25974762259051,1.0,0.015071055210546636,0.01213810363222545,0.008346116450705265,0.04422710445388445,-0.0043441350577811955,0.02429058695463807
11804,2026-03-24,-0.009422015704106168,0.017711988439442994,0.026849697297984143,0.0008873372803466228,0.017488186313433237,0.006581396288924762,0.03965908297166811,0.0029989509322576723,0.026849697297984216,-0.028164762281027284,0.4012345679012346,0.016768655106320803,0.5248584015103839,50.365560279936524,0.8118621048608118,-0.009422015704106168,0.015071055210546636,0.01213810363222545,0.026849697297984143,0.0008873372803466228,0.03803183914179023
11804,2026-03-25,0.0015564745073786135,0.007072085861988153,0.04442498505531067,0.016318011576012426,0.012800248048169408,0.00914497134941671,0.03840955308788457,0.003968662089600593,0.044424985055310624,-0.028555777394892786,0.3314585197494566,0.01641054040239394,0.5053763440860215,57.364602363959804,0.840495166020556,0.0015564745073786135,-0.009422015704106168,0.015071055210546636,0.04442498505531067,0.016318011576012426,0.03399079184177481
11804,2026-03-26,0.0070968285205672554,-0.0008393022763999447,0.051088887560702956,0.03549770740851277,0.012814700467482886,0.01685769521094829,0.0428547662038442,0.005294976776429765,0.05108888756070292,-0.01574317833886946,-0.9016216216216216,0.015306261789196179,0.5384615384615384,66.4818732612843,0.9758252425760795,0.0070968285205672554,0.0015564745073786135,-0.009422015704106168,0.051088887560702956,0.03549770740851277,0.02366705017115034
11804,2026-03-27,-0.012599345155054342,-0.0040441612187916975,0.022055788978750934,0.023267645645550505,-0.003019790361303715,0.004717321972957851,0.02732882486270568,0.004489441615909326,0.022055788978750886,-0.019574863570167546,0.5745053170009423,0.016775492943428484,0.5326152004787552,59.69230620336631,0.49635481111467544,-0.012599345155054342,0.0070968285205672554,0.0015564745073786135,0.022055788978750934,0.023267645645550505,0.044013221702437384
11804,2026-03-28,-0.001163026811075718,-0.006748455270727205,0.01241735753108375,0.022362703745422374,-0.005913814840948168,0.0031058774946226752,0.023942724626624348,0.0036807073070216634,0.012417357531083799,0.013376521265758449,-0.4455244450892209,0.017293987401560646,0.489010989010989,59.242585982950764,0.01830694216803023,-0.001163026811075718,-0.012599345155054342,0.0070968285205672554,0.01241735753108375,0.022362703745422374,0.055841157309384014
11804,2026-03-29,0.022558603552855105,0.008500755629516243,0.0228407325190787,0.04176567012657695,0.013225722783020545,0.024583957892248855,0.04428688724284977,0.005652577795119257,0.02284073251907873,0.03395954693300491,-0.9635137206806684,0.016263393216219023,0.6764705882352942,64.91267238877889,1.0,0.022558603552855105,-0.001163026811075718,-0.012599345155054342,0.0228407325190787,0.04176567012657695,0.02713206219456151
11804,2026-03-30,0.016509896297937088,0.03823204237426103,0.02429058695463815,0.06959199373501135,0.026372682744247117,0.04088827517134673,0.05873400464811513,0.008677026935053955,0.02429058695463807,0.017212180215055307,-0.24367816091954023,0.014261392627718774,0.49848024316109424,73.38813042532125,1.0,0.016509896297937088,0.022558603552855105,-0.001163026811075718,0.02429058695463815,0.06959199373501135,-0.003837197038474954
11804,2026-03-31,0.003866968951820926,0.0434604258985245,0.0380318391417902,0.06590267980841724,0.024814941425514526,0.044458330876849556,0.060221937112558216,0.01078511996356729,0.03803183914179023,0.012666404844128098,-0.4962886597938145,0.014919913596953594,0.5472779369627507,72.80213419421752,1.0,0.003866968951820926,0.016509896297937088,0.022558603552855105,0.0380318391417902,0.06590267980841724,-0.011947011491953732
11804,2026-04-01,-0.0023425745723367752,0.018050250049815864,0.03399079184177478,0.07992581731667436,0.01752861146166716,0.04114866748244928,0.05509811157431774,0.01149624013038327,0.03399079184177481,0.024445928088500202,-0.23252118644067798,0.01471023351620402,0.5772946859903382,79.87757430927692,0.9437560997065009,-0.0023425745723367752,0.003866968951820926,0.016509896297937088,0.03399079184177478,0.07992581731667436,-0.007448987157497111
11804,2026-04-02,-0.0029583939988055974,-0.0014475412425494216,0.02366705017115045,0.07596506099694067,0.011130275181073885,0.03706675343370153,0.04982159233983766,0.011215183557694247,0.02366705017115034,0.028718384610067257,-0.08522727272727275,0.014068532854566659,0.4963768115942029,77.89927648887826,0.8728931123392085,-0.0029583939988055974,-0.0023425745723367752,0.003866968951820926,0.02366705017115045,0.07596506099694067,-0.005757743332548551
11804,2026-04-03,0.007026003819713855,0.0016947695737221657,0.04401322170243738,0.06703975701133214,0.012028368390095757,0.04295973365431461,0.05516984930864409,0.0114759421455695,0.044013221702437384,0.039911262730218194,0.425764192139738,0.015250647178536855,0.5696784073506891,76.53972279999482,1.0,0.007026003819713855,-0.0029583939988055974,-0.0023425745723367752,0.04401322170243738,0.06703975701133214,-0.018832062569637122
11804,2026-04-04,0.010153093670091318,0.014241005587956268,0.05584115730938399,0.06895191445572801,0.01446791993810998,0.05172995829591657,0.06381691604693097,0.012445062001777833,0.055841157309384014,0.05180109102384924,0.08137317228226315,0.015771822589137,0.49176954732510286,76.99287440108112,1.0,0.010153093670091318,0.007026003819713855,-0.0029583939988055974,0.05584115730938399,0.06895191445572801,-0.028728370197699474
11804,2026-04-05,-0.005245514525558437,0.011914431241417,0.027132062194561435,0.05059251088891714,0.005318123368913452,0.044399630218304384,0.0562547637756184,0.012026082169233374,0.02713206219456151,0.05239907545690081,-0.017679558011049663,0.015772254795245442,0.5098425196850394,71.12631347708302,0.6906743226476614,-0.005245514525558437,0.010153093670091318,0.007026003819713855,0.027132062194561435,0.05059251088891714,-0.014155078262401685
11804,2026-04-06,-0.014139091938431325,-0.009353406684353138,-0.00383719703847496,0.020360182147837858,-0.008355331749938289,0.02847271625634818,0.039261302052020816,0.009687647190153923,-0.003837197038474954,0.03398098572453878,0.009245882692863302,0.018623289759610497,0.56312625250501,58.64573717650772,0.0,-0.014139091938431325,-0.005245514525558437,0.010153093670091318,-0.00383719703847496,0.020360182147837858,-0.011621494418516396
11804,2026-04-07,-0.004305565527455202,-0.02353286281601874,-0.011947011491953763,0.025630460830549318,-0.01093803322074716,0.023420643192175874,0.032825160608877114,0.0073452653236911365,-0.011947011491953732,0.01818448890561021,-0.08151870463428254,0.01816804524843661,0.5829787234042553,61.262147893446766,0.0,-0.004305565527455202,-0.014139091938431325,-0.005245514525558437,-0.011947011491953763,0.025630460830549318,-0.006301670508676103
11804,2026-04-08,0.002199173116520514,-0.01622503667877573,-0.007448987157497089,0.026288607712375178,-0.007708374346528098,0.025194959468265353,0.03304697347678847,0.005833000395084377,-0.007448987157497111,0.013778038025552043,1.091633466135458,0.015222931732481921,0.482962962962963,61.49867866366144,0.0912519778851132,0.002199173116520514,-0.004305565527455202,-0.014139091938431325,-0.007448987157497089,0.026288607712375178,-0.018814577422507094
11804,2026-04-09,-0.0012594984886018512,-0.003372694659644848,-0.005757743332548526,0.017773038038277678,-0.008144955032894446,0.022969211786735305,0.02984253785543166,0.004509379358694976,-0.005757743332548551,0.027502311706514713,0.7884362680683311,0.014833064444991132,0.5334313005143277,58.24791753170166,0.0388757087638244,-0.0012594984886018512,0.002199173116520514,-0.004305565527455202,-0.005757743332548526,0.017773038038277678,-0.030515447587699602
11804,2026-04-10,-0.006216422123958565,-0.005285341546813371,-0.018832062569637098,0.024352299387808696,-0.011639510894879542,0.015438470823783395,0.021764969861040328,0.002775251781220037,-0.018832062569637122,0.0352461122980842,0.5804207387775385,0.015574190926227045,0.5091709464416728,61.848547920992445,0.0,-0.006216422123958565,-0.0012594984886018512,0.002199173116520514,-0.018832062569637098,0.024352299387808696,-0.03303587557936355
11804,2026-04-11,-3.556556451367321e-05,-0.007503390995930781,-0.02872837019769947,0.025508561672232588,-0.007529996249176426,0.013852131489139122,0.020447025400437552,0.0015503321098073355,-0.028728370197699474,0.04731290043319279,-0.4439469320066335,0.014735448280086867,0.5219206680584552,62.53409916517018,0.0,-3.556556451367321e-05,-0.006216422123958565,-0.0012594984886018512,-0.02872837019769947,0.025508561672232588,-0.03749570024235822
11804,2026-04-12,0.009680122212865294,0.003367837750241076,-0.014155078262401699,0.01259292746837537,0.004141196275448472,0.021745871316126483,0.029102409568149665,0.0018248565727349453,-0.014155078262401685,0.05829549954852915,-0.04535502033156086,0.015032302493560308,0.47477064220183485,57.22411838221484,0.9983114690219509,0.009680122212865294,-3.556556451367321e-05,-0.006216422123958565,-0.014155078262401699,0.01259292746837537,-0.037260455562903416
11804,2026-04-13,-0.011605467010303183,-0.0020731802294553514,-0.011621494418516343,-0.015414097493025913,-0.005854976383647986,0.008385752793524395,0.016021827223452197,0.0005831167701936554,-0.011621494418516396,0.04630530964804077,0.40626270841805606,0.016092221977446385,0.5573549257759784,40.49243873486766,0.0,-0.011605467010303183,0.009680122212865294,-3.556556451367321e-05,-0.011621494418516343,-0.015414097493025913,-0.03935948333497228
11804,2026-04-14,0.0010536354562666883,-0.0009861986595839367,-0.006301670508676138,-0.01817339587064415,-0.003909442385829766,0.00802678601682961,0.015943429182447046,-0.0001223904314088329,-0.006301670508676103,0.04374068651662353,-0.6477382098171318,0.015025329822222266,0.5136612021857924,38.34012912210438,0.08973421955476832,0.0010536354562666883,-0.011605467010303183,0.009680122212865294,-0.006301670508676138,-0.01817339587064415,-0.034077309663254056
11804,2026-04-15,-0.010420778623505988,-0.020874752383806428,-0.01881457742250714,-0.02612341503441018,-0.011620667080545252,-0.0038501686333017498,0.004414305790302096,-0.0017913050378256,-0.018814577422507094,0.04322904852054183,0.05150645624103305,0.017685473894568066,0.47182425978987586,34.81580155860219,0.0,-0.010420778623505988,0.0010536354562666883,-0.011605467010303183,-0.01881457742250714,-0.02612341503441018,-0.027776062167991288
11804,2026-04-16,-0.013169717156756966,-0.02242433280018863,-0.03051544758769964,-0.03609749080536029,-0.02034077258188388,-0.017661693609214157,-0.009387364488532385,-0.004348163521282622,-0.030515447587699602,0.021987033600462048,-0.034890869966185074,0.01926807923846027,0.5050167224080268,31.23314399575608,0.0,-0.013169717156756966,-0.010420778623505988,0.0010536354562666883,-0.03051544758769964,-0.03609749080536029,-0.002943410151346535
11804,2026-04-17,-0.00880002177090733,-0.032046889671302314,-0.033035875579363605,-0.051245804473047385,-0.024337844387457782,-0.027188093918873762,-0.018469170323235768,-0.006893370827129328,-0.03303587557936355,0.028730461902109258,0.10013110455588338,0.01763725718913139,0.5370177267987487,23.57066309648961,0.0,-0.00880002177090733,-0.013169717156756966,-0.010420778623505988,-0.033035875579363605,-0.051245804473047385,0.0003362355311661788
11804,2026-04-18,-0.0046475940091934564,-0.02639987133945776,-0.037495700242358265,-0.06514688008267322,-0.023595327979205053,-0.03241806270361997,-0.02280366379853331,-0.008871076973153673,-0.03749570024235822,0.0232209752269752,-0.4823781291172596,0.01683390499615088,0.5523385300668151,13.92287140356487,0.0,-0.0046475940091934564,-0.00880002177090733,-0.013169717156756966,-0.037495700242358265,-0.06514688008267322,0.021077410117248976
11804,2026-04-19,0.009926897086246944,-0.003612906863841414,-0.03726045556290347,-0.05088810916071951,-0.008496919139980064,-0.02336491022578173,-0.012820023039231103,-0.008736148544491033,-0.037260455562903416,0.017656286959954495,-0.6447608616283315,0.013679736358977675,0.44244604316546765,23.166053410123112,0.26170395964189913,0.009926897086246944,-0.0046475940091934564,-0.00880002177090733,-0.03726045556290347,-0.05088810916071951,0.0062994523855723
11804,2026-04-20,-0.013760429467692958,-0.008599273201944757,-0.0393594833349723,-0.050523561737595646,-0.016511362039356322,-0.036659197775581624,-0.025954464573969327,-0.009962745717642623,-0.03935948333497228,-0.004654371126391706,0.17735220649458777,0.018109266006565698,0.5396039603960396,23.4326798908358,0.0,-0.013760429467692958,0.009926897086246944,-0.0046475940091934564,-0.0393594833349723,-0.050523561737595646,0.023760975933766255
11804,2026-04-21,0.006558024523200867,0.002561857559756575,-0.03407730966325406,-0.04016423619461018,-0.005097829046845007,-0.03002036319716657,-0.01919829936555457,-0.009684327575366185,-0.034077309663254056,-0.010141870638567738,0.040667561864569414,0.01737784953536521,0.5238709677419355,29.387421518862993,0.21012735807757327,0.006558024523200867,-0.013760429467692958,0.009926897086246944,-0.03407730966325406,-0.04016423619461018,0.01538767630608479
11804,2026-04-22,-0.00396520650324772,-0.011228935833586196,-0.027776062167991333,-0.04606804471834636,-0.005018653148235987,-0.03294613068829944,-0.022915155799985813,-0.009645352316730204,-0.027776062167991288,-0.028705298600901534,-0.2781485468245425,0.013900817573056223,0.5010438413361169,26.68998270524743,0.1456016358796579,-0.00396520650324772,0.006558024523200867,-0.013760429467692958,-0.027776062167991333,-0.04606804471834636,0.011036098862698024
11804,2026-04-23,0.01203601174967095,0.014633720052784627,-0.0029434101513465816,-0.033369038260843586,0.0073847524901733946,-0.02105997856105887,-0.011079217795199143,-0.007907989641717489,-0.002943410151346535,-0.007664988096580463,-0.43512386558744176,0.015411305390901206,0.513677811550152,34.717711186405865,1.0,0.01203601174967095,-0.00396520650324772,0.006558024523200867,-0.0029434101513465816,-0.033369038260843586,-0.01614394395195888
11804,2026-04-24,-0.005539640402183688,0.0024389945942007163,0.00033623553116624016,-0.03271074788337036,0.0017560146077196866,-0.02601154505097553,-0.016465414021127188,-0.007163404391953992,0.0003362355311661788,-0.014695768139924431,-0.4175242575713025,0.016210906618353352,0.46996466431095407,34.99388967771516,0.6159072382997519,-0.005539640402183688,0.01203601174967095,-0.00396520650324772,0.00033623553116624016,-0.03271074788337036,-0.005815325728444256
11804,2026-04-25,0.01599024484343059,0.022522753429983666,0.021077410117249062,-0.017208602376750814,0.014728814546852521,-0.01024033484055432,-0.0008480232362245862,-0.004580764687807522,0.021077410117248976,-0.005994796703559866,-0.012219959266802444,0.018589870622685672,0.534020618556701,43.08488671514405,1.0,0.01599024484343059,-0.005539640402183688,0.01203601174967095,0.021077410117249062,-0.017208602376750814,-0.01313779944460751
11804,2026-04-26,-0.004689680314589162,0.005623749339208839,0.0062994523855723905,-0.031195723643014373,0.009058674614977969,-0.014945516865956455,-0.005677141640316281,-0.0033033750826981546,0.0062994523855723,0.00196777448694433,-0.44693877551020406,0.015249825435376377,0.4833948339483395,36.805182131825774,0.8088224845888622,-0.004689680314589162,0.01599024484343059,-0.005539640402183688,0.0062994523855723905,-0.031195723643014373,-0.014438263453063876
11804,2026-04-27,0.00335301071572891,0.014616225582683606,0.02376097593376625,-0.016533727137493792,0.009054767598888309,-0.011852792643966534,-0.0026668097783992812,-0.0019707012543512727,0.023760975933766255,0.006497967292868897,0.831315122500704,0.016425945962482362,0.5026910656620022,42.56208200388332,0.9386019213225848,0.00335301071572891,-0.004689680314589162,0.01599024484343059,0.02376097593376625,-0.016533727137493792,-0.016901821544552217
11804,2026-04-28,-0.0016745728604732335,-0.003024702325146067,0.01538767630608473,-0.019214003967649607,0.0051728794488958155,-0.01293427745037979,-0.004623821155422342,-0.001235772103231806,0.01538767630608479,-0.017354595011452617,-0.14936708860759496,0.017534562450104398,0.4895833333333333,41.39315655866314,0.8626798912739932,-0.0016745728604732335,0.00335301071572891,-0.004689680314589162,0.01538767630608473,-0.019214003967649607,-0.027180278794792158
11804,2026-04-29,-0.008233844621820197,-0.006574795391926513,0.011036098862698074,-0.01704650267339569,-0.004650864428741129,-0.019684470344340618,-0.013195276691543615,-0.0016810169536490493,0.011036098862698024,-0.04127401124692427,0.25558616467707373,0.0180175803931067,0.4590443686006826,42.28148771650026,0.28623540063966857,-0.008233844621820197,-0.0016745728604732335,0.00335301071572891,0.011036098862698074,-0.01704650267339569,-0.01546957636847449
11804,2026-04-30,-0.01517091207854171,-0.024915430836789043,-0.01614394395195884,-0.019039835854794407,-0.01749359399511092,-0.03258872080749888,-0.028318582577025672,-0.003683893681978635,-0.01614394395195888,-0.05945581409442268,-0.15932914046121593,0.019471398563773133,0.5336658354114713,41.624628379115094,0.0,-0.01517091207854171,-0.008233844621820197,-0.0016745728604732335,-0.01614394395195884,-0.019039835854794407,-0.006439106068613084
11804,2026-05-01,0.004900302849233817,-0.01849361719324527,-0.005815325728444232,-0.005481045516413263,-0.01186377759124894,-0.026094950428447342,-0.023751480189745235,-0.004306076653237828,-0.005815325728444256,-0.05262757218045628,0.11984606926882913,0.01406593199358606,0.5034364261168385,47.52316791927084,0.18189083306466583,0.004900302849233817,-0.01517091207854171,-0.008233844621820197,-0.005815325728444232,-0.005481045516413263,-0.00878244621305659
11804,2026-05-02,0.008507166441326541,-0.001925791074142147,-0.013137799444607468,0.007662699885709223,-0.0015652662838206845,-0.01640733665330264,-0.015537607751017838,-0.003583030446189215,-0.01313779944460751,-0.04173318646465421,-0.6418898585615408,0.015313990407991992,0.5529411764705883,53.331791859104406,0.5263431135430015,0.008507166441326541,0.004900302849233817,-0.01517091207854171,-0.013137799444607468,0.007662699885709223,-0.01477856743605064
11804,2026-05-03,-0.006001277057546384,0.007367167807722952,-0.014438263453063871,-0.008229764220644475,-0.005491545703005052,-0.020483328934633786,-0.02150757006084493,-0.0036950446641372692,-0.014438263453063876,-0.054129699452333785,0.4824380165289257,0.015055496993917184,0.5060975609756098,46.2599415518713,0.28831978442610456,-0.006001277057546384,0.008507166441326541,0.004900302849233817,-0.014438263453063871,-0.008229764220644475,-0.0008065202200691326
11804,2026-05-04,0.0008449806892909528,0.0033018904988928455,-0.01690182154455222,0.006457550614257013,-0.002211978585764059,-0.017502618729954747,-0.020883671412922095,-0.0035472995757672037,-0.016901821544552217,-0.06284547498957777,0.28226477935054134,0.01488829095758917,0.543939393939394,53.279468137231355,0.34480694733401357,0.0008449806892909528,-0.006001277057546384,0.008507166441326541,-0.01690182154455222,0.006457550614257013,-0.013606330845642563
11804,2026-05-05,-0.012112233563702945,-0.017211085208556076,-0.027180278794792123,-0.012210843820710804,-0.010404035520988952,-0.027058486180839537,-0.032850302717609685,-0.0047471318204752345,-0.027180278794792158,-0.06931458562193957,0.1182458888018793,0.01770646148772351,0.4624183006535948,44.09582228953679,0.0,-0.012112233563702945,0.0008449806892909528,-0.006001277057546384,-0.027180278794792123,-0.012210843820710804,-0.004054444016929588
11804,2026-05-06,0.0037049330046636797,-0.007614336808780209,-0.015469576368474458,-0.004604201279942988,-0.00451818251814711,-0.02169036881022278,-0.02930493858865639,-0.00494552579343456,-0.01546957636847449,-0.05246923389682619,-0.33965950320960087,0.014484314000132696,0.5059171597633136,47.77603704090034,0.21155941318670043,0.0037049330046636797,-0.012112233563702945,0.0008449806892909528,-0.015469576368474458,-0.004604201279942988,-0.02310579532637348
11804,2026-05-07,-0.006137702321437399,-0.014538000956731856,-0.006439106068613087,-0.022479097453099506,-0.009721064082399894,-0.025885272239536107,-0.03515485386838398,-0.005625736812359734,-0.006439106068613084,-0.05421274668539307,-0.19410456062291429,0.017602968275312516,0.5096618357487923,38.34389553916663,0.0,-0.006137702321437399,0.0037049330046636797,-0.012112233563702945,-0.006439106068613087,-0.022479097453099506,-0.0017788247062401387
11804,2026-05-08,0.002530218403264506,6.849633629157914e-05,-0.008782446213056572,-0.014546699156079423,-0.005966320873010828,-0.021606058890757895,-0.032479956393742994,-0.005591040269252531,-0.00878244621305659,-0.05390033531959762,0.41556379036527274,0.015834095056256162,0.5340314136125655,42.25250773595352,0.12640249438208195,0.002530218403264506,-0.006137702321437399,0.0037049330046636797,-0.008782446213056572,-0.014546699156079423,0.011482867364661356
11804,2026-05-09,0.0024064560562679915,-0.0012252762124015382,-0.01477856743605066,-0.027722209025604738,-0.0014420680283168,-0.017545951079443182,-0.029773097549171533,-0.005103788423027063,-0.01477856743605064,-0.05042760305292149,-0.2099827882960413,0.017970058443496476,0.5228758169934641,32.45386643376291,0.3350464369599414,0.0024064560562679915,0.002530218403264506,-0.006137702321437399,-0.01477856743605066,-0.027722209025604738,0.02102163848142546
11804,2026-05-10,0.008095246455380511,0.013078022661550781,-0.0008065202200691068,-0.015233138921715406,0.006758365022324716,-0.008343622920583693,-0.02178193558301098,-0.003674455522805492,-0.0008065202200691326,-0.03675262819950287,-0.4278846153846154,0.014151593177337411,0.5882352941176471,40.77522077967442,0.8864970083536248,0.008095246455380511,0.0024064560562679915,0.002530218403264506,-0.0008065202200691068,-0.015233138921715406,0.021453161319501632
11804,2026-05-11,-0.011975985897880959,-0.0015808040749991648,-0.013606330845642556,-0.030278180614365602,-0.003344982942728152,-0.018594608584027464,-0.033286564817165847,-0.0040280997948210755,-0.013606330845642563,-0.048254615778493416,-0.10245528948166109,0.01905446847000207,0.557919621749409,33.309131325226886,0.07229032806942205,-0.011975985897880959,0.008095246455380511,0.0024064560562679915,-0.013606330845642556,-0.030278180614365602,0.0332988850791844
11804,2026-05-12,-0.0025458784262462064,-0.006513439716070879,-0.004054444016929559,-0.03112452189298376,-0.005307270565612228,-0.019058060934413812,-0.03517262946127343,-0.0044214985081775186,-0.004054444016929588,-0.05977909706694496,-0.15477748691099474,0.016486408649710224,0.47696476964769646,33.019998384331615,0.0,-0.0025458784262462064,-0.011975985897880959,0.008095246455380511,-0.004054444016929559,-0.03112452189298376,0.05715636806969983
11804,2026-05-13,-0.015494846717049038,-0.029761680003941193,-0.02310579532637347,-0.03821793482949232,-0.017468794585958687,-0.03214576156914063,-0.04905304771729487,-0.006336352922591522,-0.02310579532637348,-0.06347891123797723,-0.43857868020304575,0.015057388353679185,0.5654008438818565,30.745941518586122,0.0,-0.015494846717049038,-0.0025458784262462064,-0.011975985897880959,-0.02310579532637347,-0.03821793482949232,0.07721417104830945
11804,2026-05-14,0.015559705567403936,-0.002721666152165958,-0.0017788247062401341,-0.008206476733892298,-0.0019273724422897895,-0.015391655273590557,-0.0334268278889104,-0.005590510868340688,-0.0017788247062401387,-0.04990796948923823,-0.4236186348862405,0.01691928839533762,0.45614035087719296,45.919865578944886,0.5072503496896724,0.015559705567403936,-0.015494846717049038,-0.0025458784262462064,-0.0017788247062401341,-0.008206476733892298,0.05269494964249179
11804,2026-05-15,0.015849157509445266,0.015670127908570697,0.01148286736466142,0.0025995734866028908,0.012226817605081503,0.0010583347714996697,-0.017352602376937747,-0.0030739051315853655,0.011482867364661356,-0.02468628291499293,-0.18554429263992955,0.016606881287947125,0.48484848484848486,51.17264944339028,1.0,0.015849157509445266,0.015559705567403936,-0.015494846717049038,0.01148286736466142,0.0025995734866028908,0.030635245446606053
11804,2026-05-16,0.011859632238282458,0.04389052578743158,0.021021638481425464,0.005932401343460736,0.021155192585177483,0.012928775427334237,-0.005145904216497587,5.46499468951876e-05,0.02102163848142546,5.096747051542158e-05,0.11245353159851296,0.02042669010259069,0.43859649122807015,52.618892457353084,1.0,0.011859632238282458,0.015849157509445266,0.015559705567403936,0.021021638481425464,0.005932401343460736,0.008954636615808509
11804,2026-05-17,0.008521306105250925,0.03665577782040419,0.0214531613195017,0.020629338691043886,0.026684363916534035,0.020961408681568587,0.0038924327073381454,0.003081802354020776,0.021453161319501632,0.017526967350352526,0.22964601769911513,0.016296554874517862,0.5994962216624685,58.851395285222935,1.0,0.008521306105250925,0.011859632238282458,0.015849157509445266,0.0214531613195017,0.020629338691043886,0.015081838357353062
11804,2026-05-18,-0.0005179377149689968,0.019953451785972298,0.03329888507918444,0.019239478586363434,0.0213277668383878,0.01969433475021569,0.0038483771026454573,0.0048707303813392555,0.0332988850791844,0.021748624544297535,-0.08566019876952194,0.014760934143871352,0.4420289855072464,58.28451642028889,0.9896700037986937,-0.0005179377149689968,0.008521306105250925,0.011859632238282458,0.03329888507918444,0.019239478586363434,0.011365598101345256
11804,2026-05-19,0.020483997133371457,0.02864680258676411,0.057156368069699814,0.05287018675822064,0.033925487826624925,0.039449257622165064,0.02459923501331795,0.008268377896837015,0.05715636806969983,0.032429301020433544,-0.031620553359683876,0.020414624481365502,0.5107142857142857,70.91150517215573,1.0,0.020483997133371457,-0.0005179377149689968,0.008521306105250925,0.057156368069699814,0.05287018675822064,0.0035826403230912085
11804,2026-05-20,0.0031845189779540206,0.02320351747087468,0.07721417104830941,0.05232428088939822,0.026317485755403876,0.04103080858754214,0.028006094361362324,0.010549263913529065,0.07721417104830945,0.05016785238491008,-0.4847071021254536,0.014049587728009821,0.47183098591549294,70.83027102719495,1.0,0.0031845189779540206,0.020483997133371457,-0.0005179377149689968,0.07721417104830941,0.05232428088939822,-0.006668217535178887
11804,2026-05-21,-0.007556155642815421,0.01599825625384521,0.05269494964249177,0.050822389857933414,0.011197146008785106,0.031948150158352534,0.020204086786178504,0.010761385552507455,0.05269494964249179,0.03544216552732412,0.02259036144578319,0.016716065423668394,0.5429553264604811,69.82192739306117,0.8213382299699719,-0.007556155642815421,0.0031845189779540206,0.020483997133371457,0.05269494964249177,0.050822389857933414,-0.004073865952521227
11804,2026-05-22,-0.005438426258206119,-0.009810219957148925,0.03063524544660612,0.042469893271414705,0.0014211856264187614,0.025185642048284534,0.014715806802341195,0.009894198105697319,0.030635245446606053,0.03391065893404894,-0.05708562844266397,0.014312545220350862,0.5353159851301115,66.20364732080566,0.5812678637574589,-0.005438426258206119,-0.007556155642815421,0.0031845189779540206,0.03063524544660612,0.042469893271414705,0.014166035339197244
11804,2026-05-23,-0.009426009772462551,-0.022257398370867487,0.00895463661580842,0.030164516230904104,-0.009264282685099571,0.015115284616671491,0.005427867307982496,0.007896364279904098,0.008954636615808509,0.011984746657822109,-0.7393833624200117,0.014588505922660627,0.5,60.91826496095433,0.03994724925589938,-0.009426009772462551,-0.005438426258206119,-0.007556155642815421,0.00895463661580842,0.030164516230904104,0.03875305544640455
11804,2026-05-24,0.01464587630781189,-0.00038424896872690795,0.015081838357352995,0.03685855278812955,0.0031056125092204126,0.02886978565420818,0.020290141187698327,0.008033301318971281,0.015081838357353062,0.03252597267731218,-0.08415516107823796,0.015814435217332664,0.49246231155778897,62.80123337762817,0.6576230652844418,0.01464587630781189,-0.009426009772462551,-0.005438426258206119,0.015081838357352995,0.03685855278812955,0.02803498095468578
11804,2026-05-25,-0.004177066796651641,0.0008835204874551028,0.011365598101345187,0.04504294492556249,-0.002683792194864228,0.02415633685742583,0.016142714454700575,0.0073606511130111605,0.011365598101345256,0.012030428381341626,0.08350305498981676,0.016408449348783827,0.5087719298245614,66.32319056420928,0.4571956574033898,-0.004177066796651641,0.01464587630781189,-0.009426009772462551,0.011365598101345187,0.04504294492556249,0.053804931960901706
11804,2026-05-26,0.01263086877110231,0.023169958921575917,0.0035826403230911907,0.06094377910175908,0.009393305875712889,0.03606121819679619,0.028844051944591973,0.008149704897861494,0.0035826403230912085,0.029641943467945773,0.04350927246790304,0.015414382802452447,0.5550239234449761,70.45017541822762,1.0,0.01263086877110231,-0.004177066796651641,0.01464587630781189,0.0035826403230911907,0.06094377910175908,0.006361657251103818
11804,2026-05-27,-0.007062272363862476,0.0012794391813444328,-0.0066682175351788775,0.07003107262378183,0.00322896815642594,0.028088492288000057,0.021139850170641752,0.007552732390884451,-0.006668217535178887,0.018953768720566075,-0.09536973047684869,0.015481098409973382,0.5614973262032086,74.44833929730063,0.6881347546241281,-0.007062272363862476,0.01263086877110231,-0.004177066796651641,-0.0066682175351788775,0.07003107262378183,-0.0037974957735637674
11804,2026-05-28,-0.004964123147974675,0.0004880702383520674,-0.004073865952521238,0.048406411528752136,-0.0011685274975844673,0.0224495214610168,0.015716706896490008,0.0063314749612577974,-0.004073865952521227,0.015596246642370065,-0.21505376344086022,0.015329350484612328,0.5,68.4845809477946,0.4704705191127682,-0.004964123147974675,-0.007062272363862476,0.01263086877110231,-0.004073865952521238,0.048406411528752136,0.004060306501958011
11804,2026-05-29,0.012776483777201753,0.0006319391257652018,0.014166035339197247,0.045235260755424944,0.009555153697353234,0.03423540541881213,0.02856125485724938,0.0068122054718223945,0.014166035339197244,0.03711140981572294,1.588163514338011,0.018851674870755238,0.5313531353135313,67.88259142259561,1.0,0.012776483777201753,-0.004964123147974675,-0.007062272363862476,0.014166035339197247,0.045235260755424944,0.0008943734552037969
11804,2026-05-30,0.014589054592471618,0.022451040841781067,0.038753055446404616,0.048054711591487775,0.018722368655204852,0.04697778963921245,0.043357114595940806,0.008600991743891317,0.03875305544640455,0.06845126499342172,0.40071102082275273,0.020619482137216774,0.5482233502538071,68.7208091153007,1.0,0.014589054592471618,0.012776483777201753,-0.004964123147974675,0.038753055446404616,0.048054711591487775,-0.00621823379023843
11804,2026-05-31,0.004176544806968607,0.03184355188780308,0.028034980954685818,0.04353963836314878,0.018916427843584417,0.04902008941229141,0.04728860161294855,0.00995443598143819,0.02803498095468578,0.06768173572408533,0.2264678471575024,0.01635904418534045,0.5611702127659575,67.67716116415086,1.0,0.004176544806968607,0.014589054592471618,0.012776483777201753,0.028034980954685818,0.04353963836314878,-0.003419146948153274
11804,2026-06-01,0.020785418600183014,0.040003267172425305,0.05380493196090175,0.06578205529478476,0.03226384596147489,0.06797844082585504,0.06827887664959402,0.012931474959818652,0.053804931960901706,0.0806804193357088,-0.37511870845204176,0.019882449375722592,0.5212765957446809,72.77779945722546,1.0,0.020785418600183014,0.004176544806968607,0.014589054592471618,0.05380493196090175,0.06578205529478476,-0.026536031577286862
11804,2026-06-02,-0.03295871145351481,-0.008735512149847802,0.006361657251103825,0.009967089103984472,-0.002657320170784156,0.031044903770786635,0.0326783253231364,0.010464348841354231,0.006361657251103818,0.05137216084920716,0.4111952861952861,0.019855248735599688,0.5448851774530271,53.19765709675186,0.3485728237057754,-0.03295871145351481,0.020785418600183014,0.004176544806968607,0.006361657251103825,0.009967089103984472,-0.006724133963385088
11804,2026-06-03,-0.017085911724860403,-0.029724568500004822,-0.003797495773563808,-0.010440390780835584,-0.019174224543991734,0.012350949605565428,0.014834229623808861,0.006524466254732014,-0.0037974957735637674,0.03253603590762285,-0.07814359381197944,0.020059714232330283,0.536144578313253,46.91809615192593,0.022000915794413656,-0.017085911724860403,-0.03295871145351481,0.020785418600183014,-0.003797495773563808,-0.010440390780835584,0.036838912906673314
11804,2026-06-04,0.002884477055480117,-0.046739744721233545,0.004060306501957989,-3.0100594978321737e-05,-0.016903705119645274,0.013693220884948511,0.01746257766024834,0.004072697323916043,0.004060306501958011,0.048210533214380846,-0.21727748691099477,0.015082969720310164,0.4882943143812709,49.99092996014956,0.05540958096279769,0.002884477055480117,-0.017085911724860403,-0.03295871145351481,0.004060306501957989,-3.0100594978321737e-05,0.03261479991476788
11804,2026-06-05,0.009583067487161978,-0.0048042167005465375,0.0008943734552038229,0.015073078520373873,-0.007608361296425468,0.021611031167788782,0.02683885128428901,0.0034489008715566866,0.0008943734552037969,0.05434931193071178,-0.32692307692307687,0.016517289803035098,0.5181818181818182,54.40711218728988,0.24002723707817256,0.009583067487161978,0.002884477055480117,-0.017085911724860403,0.0008943734552038229,0.015073078520373873,0.009287039407464172
11804,2026-06-06,0.007379129497250059,0.019966519778790826,-0.006218233790238448,0.03229384609731434,0.000608791508956584,0.026885436147134095,0.03407958672632369,0.0037878739837892213,-0.00621823379023843,0.06868878567954452,-0.2040243331773514,0.015340164029922596,0.5185185185185185,59.460251209120045,0.3835483773831229,0.007379129497250059,0.009583067487161978,0.002884477055480117,-0.006218233790238448,0.03229384609731434,0.013636108991701333
11804,2026-06-07,0.007004909594159114,0.024157135280986175,-0.003419146948153262,0.024519978286959843,0.008115832843730028,0.031645233892395645,0.04097704826458311,0.004699547631749843,-0.003419146948153274,0.07345876887536719,-0.06047197640117989,0.018370417808109923,0.5018315018315018,57.61914344859926,0.5207964416952653,0.007004909594159114,0.007379129497250059,0.009583067487161978,-0.003419146948153262,0.024519978286959843,0.002948601231074984
11804,2026-06-08,-0.0028929198714218174,0.011501047947061638,-0.0265360315772869,0.02584113101008656,0.009149696358642047,0.026426571379258752,0.037485243850943636,0.00479157249526161,-0.026536031577286862,0.06778376396615463,0.202781516375056,0.01688114836720223,0.5065274151436031,58.056873759331175,0.8904017353384973,-0.0028929198714218174,0.007004909594159114,0.007379129497250059,-0.0265360315772869,0.02584113101008656,0.007707654522290578
11804,2026-06-09,-0.013277527949474566,-0.00924013086301867,-0.006724133963385115,-0.00040525334786678524,-0.003289500730869565,0.011323375754638949,0.02323854783035625,0.003134079995332703,-0.006724133963385088,0.045145524592782274,-0.3702548101924077,0.017745053249220766,0.4913294797687861,49.87283703678592,0.38883780441630966,-0.013277527949474566,-0.0028929198714218174,0.007004909594159114,-0.006724133963385115,-0.00040525334786678524,0.01904111871651439
11804,2026-06-10,0.02602268877665659,0.009470852802116347,0.03683891290667329,0.03290152151704384,0.017366770531939937,0.034826334656215235,0.0489403094602398,0.004961282827176381,0.036838912906673314,0.08534105041979442,-0.20100222717149216,0.020595554822053594,0.526829268292683,59.16160054761778,1.0,0.02602268877665659,-0.013277527949474566,-0.0028929198714218174,0.03683891290667329,0.03290152151704384,-0.011011015404711657
11804,2026-06-11,-0.0012013045410403933,0.011183443560125239,0.0326147999147679,0.03680753250087987,0.011506902707180059,0.030746808364763227,0.04676294912852993,0.005832634948058008,0.03261479991476788,0.08680409638990264,0.23280132085855815,0.012635997793722422,0.459375,60.414316318772215,0.9526349592151464,-0.0012013045410403933,0.02602268877665659,-0.013277527949474566,0.0326147999147679,0.03680753250087987,-0.016419931811647647
11804,2026-06-12,-0.013224384054800642,0.01123790489848786,0.009287039407464226,0.010189718944191517,-0.003177538254883681,0.014296364313659172,0.03217212889067766,0.0046438210907824365,0.009287039407464172,0.08931048055031414,-0.159228650137741,0.014191709083596385,0.5504587155963303,52.90455048046781,0.43185025940013,-0.013224384054800642,-0.0012013045410403933,0.02602268877665659,0.009287039407464226,0.010189718944191517,-0.023816868518206226
11804,2026-06-13,0.011719977799893533,-0.0028587068438463703,0.013636108991701423,0.007333082687763337,0.006554340601515779,0.023435644911956734,0.04341268098107841,0.005078238128429011,0.013636108991701333,0.08519190861734015,-0.07284768211920521,0.019728589203825145,0.5041666666666667,52.15454334636239,0.8872868938516978,0.011719977799893533,-0.013224384054800642,-0.0012013045410403933,0.013636108991701423,0.007333082687763337,-0.028327535880299876
11804,2026-06-14,-0.003612680575336924,-0.005266081451018145,0.0029486012310748766,-0.00048062741797882946,0.0024957141655321006,0.017645367401575428,0.0387235531833802,0.004765128470263683,0.002948601231074984,0.06440158845976302,-0.09332579185520366,0.014847317107843079,0.5152838427947598,49.85774720126767,0.7452533045153698,-0.003612680575336924,0.011719977799893533,-0.013224384054800642,0.0029486012310748766,-0.00048062741797882946,-0.02887163767182004
11804,2026-06-15,0.0018384150400139188,0.009918198466102535,0.007707654522290497,-0.01903290761878662,0.0032377518537598246,0.017748569508937728,0.03977272030626061,0.00461687314255848,0.007707654522290578,0.05386000822047394,-0.05937500000000005,0.012356249694992705,0.4325581395348837,43.52323996001277,0.8172700107298201,0.0018384150400139188,-0.003612680575336924,0.011719977799893533,0.007707654522290497,-0.01903290761878662,-0.020471991559945963
11804,2026-06-16,-0.0021800794420282488,-0.00395710406460803,0.019041118716514482,0.012188949720066677,-0.0016172019322212856,0.014124681092061157,0.03650494160475861,0.004110937139594909,0.01904111871651439,0.042677535234970976,0.5024766097963678,0.020635993756694743,0.5615384615384615,55.07578796342175,0.5277868031299922,-0.0021800794420282488,0.0018384150400139188,-0.003612680575336924,0.019041118716514482,0.012188949720066677,-0.013719911765633086
11804,2026-06-17,-0.004235336035308679,-0.00457954428983931,-0.01101101540471161,0.025422263664453437,-0.004271224577458799,0.008561510271466542,0.031178151768713542,0.0031505248641653426,-0.011011015404711657,0.03879947892520896,-0.11598915989159886,0.016834050000093696,0.5278969957081545,61.647136119519445,0.25731818987416555,-0.004235336035308679,-0.0021800794420282488,0.0018384150400139188,-0.01101101540471161,0.025422263664453437,-0.005483267534911924
11804,2026-06-18,-0.006663871602194282,-0.013027363735480413,-0.016419931811647692,0.015659335312469214,-0.008567990907789468,0.0014713293684503585,0.02362237175004081,0.0016449560656386373,-0.016419931811647647,0.011164364630761151,-0.7863954227590592,0.017708569348634504,0.5208333333333334,56.94373022992094,0.0,-0.006663871602194282,-0.004235336035308679,-0.0021800794420282488,-0.016419931811647692,0.015659335312469214,0.0039309020671117805
11804,2026-06-19,-0.020645352627462144,-0.03129190123337,-0.02381686851820619,-0.01475101730723305,-0.025739344546499746,-0.018786651780030292,0.0021448453377113496,-0.0017921088185940948,-0.023816868518206226,-0.012855062030320396,-0.24835309617918314,0.019945458137100212,0.5153374233128835,44.001993385437,0.0,-0.020645352627462144,-0.006663871602194282,-0.004235336035308679,-0.02381686851820619,-0.01475101730723305,0.03979308379088606
11804,2026-06-20,0.0070451046779691495,-0.02031796866470381,-0.028327535880299903,-0.015077704255328617,-0.014850100007899467,-0.01192810285420027,0.00891137977866057,-0.00317334908230292,-0.028327535880299876,0.0016682385025937184,0.17578125000000006,0.015529596384521505,0.5077519379844961,43.801841871642885,0.2038624185734046,0.0070451046779691495,-0.020645352627462144,-0.006663871602194282,-0.028327535880299903,-0.015077704255328617,0.038270800684284796
11804,2026-06-21,-0.004170621800972052,-0.017858990318846746,-0.028871637671819994,-0.0260081673871273,-0.014854057941892703,-0.01614373312698229,0.004623537268386452,-0.004453415537866974,-0.02887163767182004,0.0029451020884907514,0.6087212728344138,0.014408762029963416,0.541025641025641,38.97093701042533,0.0823279535430195,-0.004170621800972052,0.0070451046779691495,-0.020645352627462144,-0.028871637671819994,-0.0260081673871273,0.036700164569606356
11804,2026-06-22,0.01050368368425647,0.013378668128848359,-0.020471991559945946,-0.012922128075982697,-0.001538731467760232,-0.0065537017767820635,0.0148699545898598,-0.003928159070963053,-0.020471991559945963,0.023123694132836648,-0.6670951156812339,0.014887456326499906,0.40540540540540543,44.856183841284725,0.4141654439745471,0.01050368368425647,-0.004170621800972052,0.0070451046779691495,-0.020471991559945946,-0.012922128075982697,0.04169771315129089
11804,2026-06-23,0.004698090110970998,0.011016892588770366,-0.01371991176563303,0.00505996448217183,0.005155924362236849,-0.002315379492786938,0.019294246461527567,-0.0029080142601982323,-0.013719911765633086,0.013092789755447856,0.037983929875821706,0.015783714081586422,0.4975369458128079,52.134246466631716,0.6494538142260569,0.004698090110970998,0.01050368368425647,-0.004170621800972052,-0.01371991176563303,0.00505996448217183,0.033238289408502174
11804,2026-06-24,0.004080515995409595,0.01939386948646571,-0.0054832675349119064,-0.016433906596328485,0.010060410932399856,0.001052340287357691,0.023141158063081223,-0.00167093043005745,-0.005483267534911924,0.02149357799652131,0.6270270270270272,0.014926161313037287,0.5174418604651163,41.2743494092648,1.0,0.004080515995409595,0.004698090110970998,0.01050368368425647,-0.0054832675349119064,-0.016433906596328485,-0.06316393940342063
11804,2026-06-25,0.002739122313629938,0.011560997238430293,0.0039309020671118855,-0.012553574888436114,0.012253614260090858,0.0034121333261468985,0.025455853728239795,-0.0004910278026916923,0.0039309020671117805,0.01151525737339009,0.004784688995215294,0.016105109864434187,0.5458333333333333,43.44652175774965,1.0,0.002739122313629938,0.004080515995409595,0.004698090110970998,0.0039309020671118855,-0.012553574888436114,-0.1542562423816859
11804,2026-06-26,0.014338921951376316,0.021267683820875405,0.039793083790885975,0.015028468628098368,0.021036633117012968,0.016687841817915227,0.039482507255745064,0.0019683956120456923,0.03979308379088606,0.03331686081071006,0.23731587561374806,0.018657586468350387,0.49382716049382713,57.666913892278636,1.0,0.014338921951376316,0.002739122313629938,0.004080515995409595,0.039793083790885975,0.015028468628098368,-0.18480159117647618
11804,2026-06-27,0.005570765432657332,0.022783442335106097,0.0382708006842849,0.008859147324433048,0.0212034949277558,0.020877129928679794,0.044782579020492506,0.004149021237126386,0.038270800684284796,0.04425704724053871,-0.20777027027027029,0.013619356711617047,0.4925373134328358,54.874197419903446,1.0,0.005570765432657332,0.014338921951376316,0.002739122313629938,0.0382708006842849,0.008859147324433048,-0.19675053323593297
11804,2026-06-28,-0.005677054982398677,0.014199029306248168,0.03670016456960634,0.0067689330438365225,0.010218402609884257,0.01423702728276313,0.038623231375120304,0.004747622191381482,0.036700164569606356,0.025229909263983434,0.11286407766990297,0.01695224407931587,0.4961832061068702,53.626349467155734,0.8156961993439981,-0.005677054982398677,0.005570765432657332,0.014338921951376316,0.03670016456960634,0.0067689330438365225,-0.1497891836250704
11804,2026-06-29,0.01537494870742706,0.015234913178574283,0.04169771315129078,0.020372086359642605,0.019768878117006287,0.028934989513302794,0.05421967630595852,0.006774066996560903,0.04169771315129089,0.026024045716096546,0.493753123438281,0.01655768855021258,0.48009367681498827,59.5398016970518,1.0,0.01537494870742706,-0.005677054982398677,0.005570765432657332,0.04169771315129078,0.020372086359642605,-0.1611210667650606
11804,2026-06-30,-0.0034608669170789197,0.006116481339020874,0.03323828940850215,0.01906235124494393,0.011515605241250924,0.02474723072720838,0.050214999223967445,0.00744311826549927,0.033238289408502174,0.018220469625387332,-0.3214465092918132,0.0137454936757266,0.5025906735751295,58.79570594126257,0.8904199355348781,-0.0034608669170789197,0.01537494870742706,-0.005677054982398677,0.03323828940850215,0.01906235124494393,-0.17064325369719044
11804,2026-07-01,-0.08960126161660242,-0.0788031394955151,-0.06316393940342069,-0.06830086216002462,-0.07087636673421764,-0.06412653104548216,-0.04324166752761145,-0.0030258251357073323,-0.06316393940342063,-0.09188883966006026,-0.9872727272727273,0.023768156719677334,0.3333333333333333,32.60000331656792,0.0,-0.08960126161660242,-0.0034608669170789197,0.01537494870742706,-0.06316393940342069,-0.06830086216002462,-0.1038331799477028
11804,2026-07-02,-0.09476119794495008,-0.1787239349153611,-0.1542562423816859,-0.15093170649661714,-0.14007595201139775,-0.14857044309753822,-0.13237798084424693,-0.020540740552660485,-0.1542562423816859,-0.14992517004672604,-0.58,0.021830969445448156,0.7111111111111111,23.024421233447967,0.0,-0.09476119794495008,-0.08960126161660242,-0.0034608669170789197,-0.1542562423816859,-0.15093170649661714,-0.005266155182837344
11804,2026-07-03,-0.022295502941558243,-0.19424609079260424,-0.1848015911764762,-0.15236233258796472,-0.13571586271431113,-0.16331333235360462,-0.1499419485749752,-0.03415304690474956,-0.18480159117647618,-0.154430693388478,-0.507509881422925,0.019938755602248937,0.5393258426966292,23.166434999817,0.0,-0.022295502941558243,-0.09476119794495008,-0.08960126161660242,-0.1848015911764762,-0.15236233258796472,0.04011426722009805
11804,2026-07-04,-0.00916859946647075,-0.12305867672554605,-0.19675053323593295,-0.1660095329936473,-0.11718604168769893,-0.16644632676998347,-0.15594256099650053,-0.043341385198210416,-0.19675053323593297,-0.16459309174080358,0.2619414483821264,0.01936531522994784,0.5042735042735043,20.63211213866738,0.0,-0.00916859946647075,-0.022295502941558243,-0.09476119794495008,-0.19675053323593295,-0.1660095329936473,0.067863794878728
11804,2026-07-05,0.05245525556265074,0.01955583698470109,-0.14978918362507043,-0.11858630674525117,-0.04863048214536966,-0.11890204085578682,-0.11035561567499522,-0.042561759513465976,-0.1497891836250704,-0.12911733620976482,0.5226586102719033,0.018464188430927637,0.5347222222222222,31.67497721946748,0.20417921485959767,0.05245525556265074,-0.00916859946647075,-0.022295502941558243,-0.14978918362507043,-0.11858630674525117,0.06108014458602127
11804,2026-07-06,0.0018417049043371048,0.04472625526735796,-0.16112106676506066,-0.12614173363836922,-0.021283026355440746,-0.11324532889310844,-0.10745915284213822,-0.04050446794579016,-0.1611210667650606,-0.13390445849452,0.47757255936675475,0.014386057463175514,0.4791666666666667,29.746842559414233,0.21537066652391818,0.0018417049043371048,0.05245525556265074,-0.00916859946647075,-0.16112106676506066,-0.12614173363836922,0.05665927217554538
11804,2026-07-07,-0.0147726683397289,0.03881736109518408,-0.17064325369719047,-0.14307685414068394,-0.0076142634132411015,-0.12173798484000953,-0.119250254848693,-0.039570421482195986,-0.17064325369719044,-0.15263471787421862,0.6666666666666666,0.016580826737088585,0.5220338983050847,27.512764553938993,0.27662046196671336,-0.0147726683397289,0.0018417049043371048,0.05245525556265074,-0.17064325369719047,-0.14307685414068394,0.06808077557998818
11804,2026-07-08,-0.016262728923666758,-0.02901016404334833,-0.1038331799477028,-0.16043860666484222,-0.007719102896785974,-0.13111215048918853,-0.13207195936806423,-0.039577484787256166,-0.1038331799477028,-0.16399669919528442,-0.14925373134328357,0.02085032062196894,0.5789473684210527,25.441932445468566,0.403050524731975,-0.016262728923666758,-0.0147726683397289,0.0018417049043371048,-0.1038331799477028,-0.16043860666484222,0.07734320636615953
11804,2026-07-09,0.004803630191702268,-0.026139451699456417,-0.005266155182837351,-0.15871006025421985,-0.002200153824264282,-0.1224783613140296,-0.12649103087925354,-0.0377967762869989,-0.005266155182837344,-0.14867738873407316,-0.03732809430255401,0.014754325957532049,0.49047619047619045,25.736081240943193,0.49329909833537133,0.004803630191702268,-0.016262728923666758,-0.0147726683397289,-0.005266155182837351,-0.15871006025421985,0.0486942071503438
11804,2026-07-10,0.02230802924238673,0.010513437758890243,0.04011426722009803,-0.15210050436753064,0.014357988770805012,-0.09807727813819953,-0.10575116341297493,-0.03286119723700315,0.04011426722009805,-0.15175955610646236,-0.02754491017964077,0.020647813060707686,0.4224137931034483,26.728258609182305,0.9144261902172828,0.02230802924238673,0.004803630191702268,-0.016262728923666758,0.04011426722009803,-0.15210050436753064,0.03602949086340597
11804,2026-07-11,0.017266095471067278,0.04495487715466151,0.06786379487872796,-0.14223897618700865,0.022295060376235288,-0.07806350662367319,-0.08908850401821541,-0.026541803561520864,0.067863794878728,-0.13607591969899624,0.2886363636363637,0.021071281297222216,0.45987654320987653,28.706789765956316,1.0,0.017266095471067278,0.02230802924238673,0.004803630191702268,0.06786379487872796,-0.14223897618700865,0.021482349121774193
11804,2026-07-12,0.04576948867299868,0.08755770255318374,0.06108014458602118,-0.09785818403229052,0.05976796647112678,-0.03300126196765455,-0.046683913155012004,-0.016170033772155916,0.06108014458602127,-0.08442666285052852,0.04737146158290009,0.01817936056068666,0.4555984555984556,36.7645353955602,1.0,0.04576948867299868,0.017266095471067278,0.02230802924238673,0.06108014458602118,-0.09785818403229052,-0.0016288937947085786
11804,2026-07-13,-0.002332357135626517,0.061344622705660434,0.05665927217554545,-0.11359079696457097,0.04880189876847741,-0.031906971089024176,-0.048160431985215066,-0.009210519121281655,0.05665927217554538,-0.09714356424021411,-0.4346485819975339,0.01935547200245986,0.5343511450381679,33.81962275064012,0.9725295885390044,-0.002332357135626517,0.04576948867299868,0.017266095471067278,0.05665927217554545,-0.11359079696457097,0.00566058198704998
11804,2026-07-14,-0.00412327773764809,0.03902843981193849,0.06808077557998815,-0.11418000317639965,0.03463707234066207,-0.032535757734943715,-0.05141108405454996,-0.0048945083031451545,0.06808077557998818,-0.09760623164382932,0.12088607594936705,0.014898600220894072,0.4743083003952569,33.80093722219199,0.9240790521482682,-0.00412327773764809,-0.002332357135626517,0.04576948867299868,0.06808077557998815,-0.11418000317639965,0.008641349142316533
11804,2026-07-15,-0.007731727717158132,-0.014127906778784838,0.07734320636615943,-0.03452076464589304,0.015940698868906658,-0.036350989332672584,-0.05813837661518036,-0.002852379862147551,0.07734320636615953,-0.10622642134378815,-0.4506213211249182,0.01615687579023817,0.5,44.17305895196897,0.8245167085227262,-0.007731727717158132,-0.00412327773764809,-0.002332357135626517,0.07734320636615943,-0.03452076464589304,0.025613913366871813
11804,2026-07-16,-0.021916377177636504,-0.03348038249611884,0.04869420715034378,0.04317162071614744,-0.012831817109140095,-0.05326400814699463,-0.07806477270142163,-0.004013832844047662,0.0486942071503438,-0.12390474294586153,0.8904261206419478,0.018666817774597187,0.5286885245901639,58.77760759753095,0.4043878929826142,-0.021916377177636504,-0.007731727717158132,-0.00412327773764809,0.04869420715034378,0.04317162071614744,0.03879303773573061
11804,2026-07-17,0.009961969676180571,-0.019810349209333222,0.03602949086340601,0.07758905470780286,-0.007911669980050454,-0.039996248911702004,-0.06829933889035866,-0.003486826670760622,0.03602949086340597,-0.11141364675927858,-0.649577804583836,0.017395025963566044,0.42168674698795183,66.20814304178157,0.4029960595062713,0.009961969676180571,-0.021916377177636504,-0.007731727717158132,0.03602949086340601,0.07758905470780286,0.02854646484664295
11804,2026-07-18,0.002982415121928428,-0.00922662682163189,0.021482349121774158,0.0908040177348155,-0.00791866400426606,-0.03357973405717698,-0.06486394928498565,-0.002680106639776825,0.021482349121774193,-0.10278458505754819,0.37130801687763715,0.015074672038944217,0.5353846153846153,69.2743174450579,0.3500935436009976,0.002982415121928428,0.009961969676180571,-0.021916377177636504,0.021482349121774158,0.0908040177348155,0.026752016678996272
11804,2026-07-19,0.022108744355539667,0.03536968084390857,-0.0016288937947085413,0.059351757722816645,0.014254723046161417,-0.009998811201239098,-0.04388297429164589,0.0005104069971134952,-0.0016288937947085786,-0.06361630728605139,0.11057692307692304,0.0216807572641905,0.5303030303030303,65.07230213721431,1.0,0.022108744355539667,0.002982415121928428,0.009961969676180571,-0.0016288937947085413,0.059351757722816645,0.01172585215661551
11804,2026-07-20,0.0049519824007469015,0.03023365683296375,0.005660581987049884,0.06264057861807171,0.018442575172346168,-0.0027759676721998312,-0.0388218691088762,0.0031408088676327193,0.00566058198704998,-0.06556256129011019,-0.5753676470588235,0.014029191215421526,0.42424242424242425,65.66593045648276,1.0,0.0049519824007469015,0.022108744355539667,0.002982415121928428,0.005660581987049884,0.06264057861807171,-0.0033509878594563114
11804,2026-07-21,-0.0011715098374398547,0.025966868864822246,0.008641349142316512,0.07731043447397101,0.01598454476066333,-0.00172521912025015,-0.03965158587109578,0.004595618078484828,0.008641349142316533,-0.06274834174310744,-0.6895356895356896,0.016105149676443036,0.453125,70.43160485637995,0.9699000451194836,-0.0011715098374398547,0.0049519824007469015,0.022108744355539667,0.008641349142316512,0.07731043447397101,-0.004262840754101561
11804,2026-07-22,0.008965324206828384,0.012773836625722845,0.0256139133668718,0.10493818192041027,0.021357791706128608,0.009549006865721226,-0.030707225557748064,0.006434568639332708,0.025613913366871813,-0.06417518460820003,-0.3,0.009338555468275285,0.47619047619047616,78.26885088574534,1.0,0.008965324206828384,-0.0011715098374398547,0.0049519824007469015,0.0256139133668718,0.10493818192041027,-0.021099423536852208
11804,2026-07-23,-0.009348016374101986,-0.0016374634926658027,0.03879303773573062,0.08937624110156928,0.006377784397371805,0.0029110644699650045,-0.03939898737615936,0.006300046617418135,0.03879303773573061,-0.07725841342862619,0.6296875,0.01932044796284386,0.5302013422818792,73.49297853234856,0.7462740051561124,-0.009348016374101986,0.008965324206828384,-0.0011715098374398547,0.03879303773573062,0.08937624110156928,-0.034228712268691376
11804,2026-07-24,-2.158233011195776e-07,-0.0004667158873776778,0.028546464846642916,0.06560447030442362,0.0023779096146487127,0.005875028312099577,-0.038859693799497656,0.006000855461837424,0.02854646484664295,-0.08100857180017522,2.8781669150521605,0.01691682750901656,0.48890383322125086,69.97125697441062,0.7248126783921653,-2.158233011195776e-07,-0.009348016374101986,0.008965324206828384,0.028546464846642916,0.06560447030442362,-0.03862692970352994
11804,2026-07-25,0.0012325671388666581,-0.008127185362343026,0.026752016678996293,0.04880906196278012,-0.00012172906632230096,0.010159646170088412,-0.03719771549707503,0.005749267287671122,0.026752016678996272,-0.08238930110544365,1.8184350468473032,0.01602121518474369,0.5176100628930818,66.74093936416782,0.3556359814549554,0.0012325671388666581,-2.158233011195776e-07,-0.009348016374101986,0.026752016678996293,0.04880906196278012,-0.04581796586860036
