item_id,date,pct_change_1d,pct_change_3d,pct_change_7d,pct_change_14d,pct_vs_7ma,pct_vs_30ma,pct_vs_90ma,ema_crossover,slope_7d_pct,slope_30d_pct,vol_pct_7d,spread_pct,volume_ratio,rsi_14,range_position_7d,lag_return_1d,lag_return_2d,lag_return_3d,lag_return_7d,lag_return_14d,target_pct_7d
12695,2025-11-24,0.00504613610149951,0.040836132885404997,-0.013793591285279794,-0.01106539934742512,0.015081544350141435,-0.045478196573160365,-0.14868066467470503,-0.01318006576725434,-0.013793591285279762,-0.09279021343050495,0.23986401474885352,0.015564481423038302,0.598989376022532,45.98352214212152,0.8865478119935171,0.00504613610149951,0.019550198441863786,0.015752146323255056,-0.013793591285279794,-0.01106539934742512,0.017214173002438674
12695,2025-11-25,-0.004303543250609665,0.020285168308099344,-0.00927776191835572,-0.012097922003985184,0.012081571437498736,-0.046410932179910186,-0.14981558855151955,-0.011011844723856998,-0.009277761918355694,-0.09510462160224235,0.08337862722081299,0.011885895404120444,0.6784627679035643,45.65439672801636,0.8903107861060329,-0.004303543250609665,0.00504613610149951,0.019550198441863786,-0.00927776191835572,-0.012097922003985184,0.03702636507707823
12695,2025-11-26,-0.009940930701628048,-0.009227220299884653,-0.007008164149989171,-0.03982115411485254,0.003033873036062486,-0.05237102597751823,-0.15550421510556192,-0.010399853980222617,-0.0070081641499891625,-0.10555772484706495,0.10544673513852644,0.012223515715948778,0.6659121978464982,34.44323144104804,0.6380255941499086,-0.009940930701628048,-0.004303543250609665,0.00504613610149951,-0.007008164149989171,-0.03982115411485254,0.054860302677532016
12695,2025-11-27,-0.001236903376018672,-0.015421029981351309,0.018625704956960476,-0.04181208990646379,-0.0008214790782796395,-0.04974086568858652,-0.15318807966720568,-0.009802263348904263,0.01862570495696052,-0.11255495215929662,-0.09185434553530981,0.010635972900123844,0.6997165190681042,33.69624387588459,0.6069469835466179,-0.001236903376018672,-0.009940930701628048,-0.004303543250609665,0.018625704956960476,-0.04181208990646379,0.05864354920958695
12695,2025-11-28,0.004589495155532974,-0.006627287134418625,0.029488615154908526,-0.037683182135380355,-0.0003417458032580143,-0.04172669869404285,-0.14586618088422224,-0.008555868078782631,0.029488615154908547,-0.10698096101541252,-0.06829222807590098,0.010079767947788252,0.6960023418500616,35.75949367088607,0.5476190476190477,0.004589495155532974,-0.001236903376018672,-0.009940930701628048,0.029488615154908526,-0.037683182135380355,0.06113125453226976
12695,2025-11-29,0.014575779550398904,0.01797147846332936,0.028296339850066188,-0.028267814974301975,0.010201345050955114,-0.024480375956101294,-0.13015756348235397,-0.00576211361696274,0.028296339850066146,-0.09396451236886413,0.26012583668769873,0.018011578872132086,0.6282711071005583,39.97042878265156,1.0,0.014575779550398904,0.004589495155532974,-0.001236903376018672,0.028296339850066188,-0.028267814974301975,0.050961332285040385
12695,2025-11-30,0.030662568794224798,0.05048444671086183,0.03950403690888127,0.014064697609001309,0.035324526134405516,0.007947547583931605,-0.0997171788363474,-0.00016288664834895693,0.0395040369088812,-0.06931715502775268,0.19112119409439104,0.013800277392510402,0.6207628456999912,54.385964912280706,1.0,0.030662568794224798,0.014575779550398904,0.004589495155532974,0.03950403690888127,0.014064697609001309,0.016643550624133148
12695,2025-12-01,-0.01650485436893201,0.028426395939086246,0.01721417300243866,0.0031831364504490978,0.01573626913317512,-0.004974426257112562,-0.1098430693739094,0.0014768625757712432,0.017214173002438674,-0.10149518499746579,0.03783680189879663,0.011070370892680863,0.6710189420304266,50.92402464065707,0.6565656565656566,-0.01650485436893201,0.030662568794224798,0.014575779550398904,0.01721417300243866,0.0031831364504490978,0.03440981525877873
12695,2025-12-02,0.015089550133972729,0.028947180330212374,0.03702636507707813,0.027405081358835348,0.025669211195928715,0.01333183168386522,-0.09181841695575103,0.004259217548744669,0.03702636507707823,-0.08799493189737093,0.1258066336356661,0.004723534315087524,0.5798560596041088,57.60697305863708,0.9653679653679653,0.015089550133972729,-0.01650485436893201,0.030662568794224798,0.03702636507707813,0.027405081358835348,0.017782717421505972
12695,2025-12-03,0.007085301472631311,0.00540915395284336,0.05486030267753206,0.04746766852106066,0.02506969415377162,0.023258221308351375,-0.08042947401062052,0.006747618167266099,0.054860302677532016,-0.07313642756680731,-0.044189830596058265,0.011449855152434818,0.6724221716674336,63.38085539714868,1.0,0.007085301472631311,0.015089550133972729,-0.01650485436893201,0.05486030267753206,0.04746766852106066,0.02152020968409436
12695,2025-12-04,0.0023451510553180732,0.024679170779861703,0.05864354920958692,0.0783615316117543,0.019186646494805133,0.02740307118011371,-0.07330162335890965,0.008399923797157878,0.05864354920958695,-0.04733184738429264,0.04756051205076819,0.012524084778420038,0.6748317022119138,74.85875706214689,1.0,0.0023451510553180732,0.007085301472631311,0.015089550133972729,0.05864354920958692,0.0783615316117543,0.020506468483347095
12695,2025-12-05,0.006950178915496874,0.016462906362878504,0.06113125453226975,0.09242254572601727,0.01767476056114134,0.03527319807656486,-0.062051312730753504,0.00999908443789314,0.06113125453226976,-0.02002410929547281,-0.029552354366331978,0.009294061368140503,0.6584363278486366,78.87126865671642,1.0,0.006950178915496874,0.0023451510553180732,0.007085301472631311,0.06113125453226975,0.09242254572601727,0.012710995694662748
12695,2025-12-06,0.0048520467436616865,0.01420885639398528,0.050961332285040406,0.08069969131265609,0.01541952350416807,0.040826583171510326,-0.05298817952692347,0.011261179945281512,0.050961332285040385,-0.014477211796246649,0.13041827236027242,0.00986126224156692,0.6799535095254939,77.39520958083833,1.0,0.0048520467436616865,0.006950178915496874,0.0023451510553180732,0.050961332285040406,0.08069969131265609,0.00040805223068552776
12695,2025-12-07,-0.0029923830250272454,0.00880814753647119,0.01664355062413314,0.056805074971164826,0.009989665862900447,0.03760675694804893,-0.05198831690922617,0.011337443960818162,0.016643550624133148,0.0029417801190394746,0.10794014360746212,0.010300136425648022,0.7487761755357745,72.10998877665544,0.9157088122605364,-0.0029923830250272454,0.0048520467436616865,0.006950178915496874,0.01664355062413314,0.056805074971164826,-0.008799454297407912
12695,2025-12-08,0.0006821282401090478,0.002528531401626566,0.03440981525877884,0.052216324774063905,0.005847609532485051,0.03774407971836372,-0.047644465474857726,0.011081755969056506,0.03440981525877873,0.016139087067950406,-0.05731463753536444,0.01008861622358555,0.7316500012944623,71.13821138211382,0.8896103896103896,0.0006821282401090478,-0.0029923830250272454,0.0048520467436616865,0.03440981525877884,0.052216324774063905,-0.017246080436264487
12695,2025-12-09,-0.0012269938650306678,-0.00353645266594127,0.017782717421505945,0.05546751188589538,0.0021006555999570453,0.03547703180212014,-0.0451336340794056,0.010397097427128809,0.017782717421505972,0.02857142857142857,0.028936190047326393,0.007439257439257439,0.7401470336311183,72.91666666666667,0.7475728155339806,-0.0012269938650306678,0.0006821282401090478,-0.0029923830250272454,0.017782717421505945,0.05546751188589538,-0.012148512148512149
12695,2025-12-10,0.010783510783510808,0.01023192360163705,0.021520209684094294,0.07756111757857975,0.009828464558108709,0.04489054871452356,-0.03174909887070084,0.010862073757564527,0.02152020968409436,0.050503617534402044,0.0053561194431145515,0.007562457798784605,0.6236917586267298,81.3529411764706,1.0,0.010783510783510808,-0.0012269938650306678,0.0006821282401090478,0.021520209684094294,0.07756111757857975,0.013436866981769074
12695,2025-12-11,0.0013504388926401933,0.010906612133606108,0.02050646848334714,0.08035258978655202,0.008265426043376543,0.044390713397028145,-0.027533898243338736,0.010951733390150563,0.020506468483347095,0.055365784230002844,0.012784846340011334,0.00815913688469319,0.6380563581995027,82.38402818555491,1.0,0.0013504388926401933,0.010783510783510808,-0.0012269938650306678,0.02050646848334714,0.08035258978655202,0.03270397842211733
12695,2025-12-12,-0.0007417397167902573,0.011397761397761386,0.012710995694662719,0.07461928934010142,0.005700712589073635,0.04238033271198959,-0.025636305058222463,0.010550920042931457,0.012710995694662748,0.035280145312281685,0.00932684363662488,0.008367636142789662,0.7492406218804106,81.16293155663234,0.9382022471910112,-0.0007417397167902573,0.0013504388926401933,0.010783510783510808,0.012710995694662719,0.07461928934010142,0.054862001484580605
12695,2025-12-13,-0.007355422093258679,-0.006752194463200523,0.0004080522306855183,0.05139017940104362,-0.0017547091157623467,0.03378240672415374,-0.03009212622941811,0.009072568686378728,0.00040805223068552776,0.026804411559402486,0.05760491455593919,0.012848402447314751,0.6670011360621501,73.05965362411803,0.3258426966292135,-0.007355422093258679,-0.0007417397167902573,0.0013504388926401933,0.0004080522306855183,0.05139017940104362,0.056220258327668256
12695,2025-12-14,-0.012168592794017719,-0.020161834120026922,-0.008799454297407916,0.007697642163661644,-0.012667197297664525,0.020722112953076705,-0.03909342863608705,0.00638943624121125,-0.008799454297407912,0.014026517794836008,0.12735000879646796,0.012387309889202395,0.6997157895234627,54.239877769289535,0.0,-0.012168592794017719,-0.007355422093258679,-0.0007417397167902573,-0.008799454297407916,0.007697642163661644,0.08829399215470374
12695,2025-12-15,-0.00784529626316155,-0.027127336527431045,-0.01724608043626452,0.016570300380764458,-0.018001537428601975,0.012669193793476462,-0.04382954546291952,0.0035222914725981927,-0.017246080436264487,0.0013196277260730657,0.012285735689435,0.014566137199139904,0.682296390506169,59.91561181434599,0.0,-0.00784529626316155,-0.012168592794017719,-0.007355422093258679,-0.01724608043626452,0.016570300380764458,0.11313033224665325
12695,2025-12-16,0.003953665811195162,-0.016043507817811054,-0.012148512148512203,0.005418171714365094,-0.012408495871957597,0.01606868326652671,-0.037354909699832003,0.0019935437580413068,-0.012148512148512149,0.017862165963431785,-0.04261343278234285,0.009741605637695178,0.7029739716083679,53.793774319066145,0.13801452784503632,0.003953665811195162,-0.00784529626316155,-0.012168592794017719,-0.012148512148512203,0.005418171714365094,0.09983418543595413
12695,2025-12-17,0.036962829901893146,0.032895189594659646,0.013436866981769047,0.0352462408608083,0.022113046016149468,0.05147994628991773,0.00040658805964182684,0.005201048770503889,0.013436866981769074,0.061682110773148474,-0.0037258636167861055,0.013058831367845958,0.6372813025746267,67.4880219028063,1.0,0.036962829901893146,0.003953665811195162,-0.00784529626316155,0.013436866981769047,0.0352462408608083,0.05843160770204544
12695,2025-12-18,0.02038776733959624,0.062287577165845986,0.03270397842211725,0.05388109000825758,0.03805374001452427,0.06966251327038048,0.02280771793703537,0.0095007501858429,0.03270397842211733,0.09299172138167285,0.019691911772443307,0.01593209271955599,0.6053469790945684,72.59088286208886,1.0,0.02038776733959624,0.036962829901893146,0.003953665811195162,0.03270397842211725,0.05388109000825758,0.04668625530525628
12695,2025-12-19,0.020698661443029787,0.08000552715213494,0.05486200148458065,0.06827034784391439,0.051264314810544886,0.08726951513844747,0.04548508105987198,0.01439476111345323,0.054862001484580605,0.12939816487248032,-0.1047763231284622,0.014649437052200615,0.6810308464488466,75.62852744997434,1.0,0.020698661443029787,0.02038776733959624,0.036962829901893146,0.05486200148458065,0.06827034784391439,0.035951893551688846
12695,2025-12-20,-0.0060772773797338475,0.03517889266440144,0.056220258327668304,0.056651251360174015,0.036639184101415416,0.07552263602381282,0.04057818084671763,0.016295782175678883,0.056220258327668256,0.1529385574354408,-0.013886262715929383,0.010297998326575271,0.7153607595607376,71.10998479472883,0.9218106995884774,-0.0060772773797338475,0.020698661443029787,0.02038776733959624,0.056220258327668304,0.056651251360174015,0.03662225654888331
12695,2025-12-21,0.017828409602883344,0.03258243552073137,0.08829399215470368,0.07871759890859487,0.04237367935366016,0.0886211303835025,0.05995746049903478,0.019061500611234485,0.08829399215470374,0.18058977230309817,0.05122605255289226,0.013216137599595295,0.6216092415199692,76.15593834995467,1.0,0.017828409602883344,-0.0060772773797338475,0.020698661443029787,0.08829399215470368,0.07871759890859487,0.041924876691539145
12695,2025-12-22,0.014797015302896233,0.026612077789150534,0.11313033224665325,0.09393319700068159,0.041797661111574826,0.09857361588714889,0.07593814577370672,0.021926939198275725,0.11313033224665325,0.1794796413347053,-0.0037245515865773826,0.010468594217347957,0.6173846965923543,78.35390946502058,1.0,0.014797015302896233,0.017828409602883344,-0.0060772773797338475,0.11313033224665325,0.09393319700068159,0.04997507477567298
12695,2025-12-23,-0.008038384845463598,0.02458647100469835,0.09983418543595413,0.08647283647283643,0.01975767337152474,0.08467639363325825,0.06759234903699773,0.022032253638724818,0.09983418543595413,0.14756343713956172,0.13696010691233748,0.008166342106916264,0.7283364095010572,74.93112947658402,0.875842155919153,-0.008038384845463598,0.014797015302896233,0.017828409602883344,0.09983418543595413,0.08647283647283643,0.053709403857026196
12695,2025-12-24,-0.002072994534832562,0.004552927785506533,0.058431607702045474,0.07265361242403778,0.00954144764913617,0.077669639465258,0.06555788745662465,0.021094078388482984,0.05843160770204544,0.13943480131975328,-0.053955843605735236,0.008183306055646482,0.7529447004524127,72.26821192052981,0.7789904502046384,-0.002072994534832562,-0.008038384845463598,0.014797015302896233,0.058431607702045474,0.07265361242403778,0.07471987913886441
12695,2025-12-25,0.009064585169331396,-0.001121635094715856,0.046686255305256275,0.08091706001348609,0.012122742770551838,0.08218191637787484,0.075163841942643,0.020829347959179397,0.04668625530525628,0.1547327474427316,-0.21908339231172058,0.006175920149719277,0.61051183433998,73.62204724409449,0.9647749510763209,0.009064585169331396,-0.002072994534832562,-0.008038384845463598,0.046686255305256275,0.08091706001348609,0.09120399251403619
12695,2025-12-26,0.010230817217716792,0.017274954456938163,0.03595189355168893,0.0927862878736756,0.01732060164411103,0.08725913658438328,0.08584805011354216,0.021144948017098108,0.035951893551688846,0.17825960419091968,0.12040126700167834,0.010497715203161664,0.6450000388950689,75.52914964723357,1.0,0.010230817217716792,0.009064585169331396,-0.002072994534832562,0.03595189355168893,0.0927862878736756,0.0666296159071261
12695,2025-12-27,-0.005434111399283736,0.01384867178647875,0.0366222565488834,0.09490142760027198,0.006651963891889912,0.07562404137049793,0.0796289068900693,0.01997562258640792,0.03662225654888331,0.17330807896845632,0.12235204198371093,0.007636905501055507,0.7266138557344596,76.12275449101796,0.7684210526315789,-0.005434111399283736,0.010230817217716792,0.009064585169331396,0.0366222565488834,0.09490142760027198,0.059232584130137836
12695,2025-12-28,0.02303489382838686,0.027885215221459703,0.041924876691539215,0.13392058357993264,0.02377951358068528,0.09385787880397255,0.10387647910054011,0.021231265502370894,0.041924876691539145,0.19485134155184916,0.1636099842704176,0.010802937427929841,0.6545815161786308,83.97346368715084,1.0,0.02303489382838686,-0.005434111399283736,0.010230817217716792,0.041924876691539215,0.13392058357993264,0.039631000788978576
12695,2025-12-29,0.022637616070886768,0.040508830431023934,0.04997507477567309,0.16875910383574944,0.03955509333521354,0.11158755813569944,0.1279084642594703,0.02397312355155638,0.04997507477567298,0.20434565077549854,0.04476953602879717,0.010504451038575668,0.6856957453129642,88.95292987512008,1.0,0.022637616070886768,0.02303489382838686,-0.005434111399283736,0.04997507477567309,0.16875910383574944,0.019821958456973293
12695,2025-12-30,-0.004510385756676505,0.041475226623618466,0.05370940385702627,0.15890562387729723,0.027126324168758802,0.10087528357568978,0.12188828826686439,0.02434510798856517,0.053709403857026196,0.16324549237170596,0.1198394839814448,0.0069750804816978654,0.705477823714622,86.60089115213239,0.921161825726141,-0.004510385756676505,0.022637616070886768,0.02303489382838686,0.05370940385702627,0.15890562387729723,0.03547156313342077
12695,2025-12-31,0.017825205675450206,0.03617163318565275,0.07471987913886435,0.13751748950629628,0.03469143925751496,0.11345652173913039,0.1406723015959034,0.025840420934011687,0.07471987913886441,0.20384995064165845,-0.018383505774335555,0.009254378258068295,0.6529107595091325,85.51273227804542,1.0,0.017825205675450206,-0.004510385756676505,0.022637616070886768,0.07471987913886435,0.13751748950629628,0.0525976688338312
12695,2026-01-01,0.024541673988168533,0.03810089020771512,0.09120399251403621,0.1421482206986615,0.04683412273652166,0.13315597629865086,0.16704968345515736,0.028798427254508038,0.09120399251403619,0.21505973881633786,-0.07134368349430836,0.010347587468557054,0.6665755109279157,86.05498509440211,1.0,0.024541673988168533,0.017825205675450206,-0.004510385756676505,0.09120399251403621,0.1421482206986615,0.032357649211067915
12695,2026-01-02,-0.012520009147038658,0.02974842017407897,0.06662961590712602,0.1049769703172978,0.02427887669956379,0.1123036205301468,0.150913545076096,0.028162604446657566,0.0666296159071261,0.19140571113257002,0.07881810317229626,0.0065998957911190875,0.730478522158072,78.0896953098254,0.841991341991342,-0.012520009147038658,0.024541673988168533,0.017825205675450206,0.06662961590712602,0.1049769703172978,0.05378336131534765
12695,2026-01-03,-0.012331384241301424,-0.0007614361857903873,0.059232584130137766,0.09802407157108828,0.003537844855839217,0.09265818244701637,0.1352872933446611,0.025318893581652225,0.059232584130137836,0.1739609138453069,0.15636151957682679,0.009906213364595545,0.7405073796026761,75.05758473181967,0.574384236453202,-0.012331384241301424,-0.012520009147038658,0.024541673988168533,0.059232584130137766,0.09802407157108828,0.05627198124267292
12695,2026-01-04,0.004103165298944944,-0.020695174937114147,0.03963100078897863,0.083217402301758,0.0021562531340887665,0.09132377425163946,0.13846737789186006,0.023099051831053142,0.039631000788978576,0.17064170026652087,0.03837156546672904,0.008990075890251022,0.7445680199678094,73.23446327683615,0.4958217270194986,0.004103165298944944,-0.012331384241301424,-0.012520009147038658,0.03963100078897863,0.083217402301758,0.04448336252189142
12695,2026-01-05,0.0031523642732049773,-0.0051525502228911835,0.01982195845697321,0.0707876370887337,0.0025169603120364955,0.08902859460555664,0.14048976106320638,0.02124683630114597,0.019821958456973293,0.16866158868335146,-0.11904940842442457,0.009369180633147114,0.6779209706287366,71.41779788838612,0.5710306406685237,0.0031523642732049773,0.004103165298944944,-0.012331384241301424,0.01982195845697321,0.0707876370887337,0.04929003724394786
12695,2026-01-06,0.010765828677839817,0.018112543962485406,0.035471563133420814,0.09108612350021983,0.008309766878695739,0.094489429408614,0.15108650029822607,0.020584670220924115,0.03547156313342077,0.18478854024556618,-0.13073322360088388,0.007714894352006448,0.6830178783260058,76.7725258493353,0.7152777777777778,0.010765828677839817,0.0031523642732049773,0.004103165298944944,0.035471563133420814,0.09108612350021983,0.05325580056422362
12695,2026-01-07,0.0346594507455813,0.04909515469935788,0.05259766883383121,0.13124763943094542,0.03554523827163533,0.12462608419937173,0.18881417001162065,0.023506002242548514,0.0525976688338312,0.22501704158145877,-0.04310317398397515,0.014133882366034167,0.5545593388408672,81.81263350625572,1.0,0.0346594507455813,0.010765828677839817,0.0031523642732049773,0.05259766883383121,0.13124763943094542,0.019197596127093652
12695,2026-01-08,0.004841132936397541,0.05086126629422716,0.032357649211067985,0.12651278852152226,0.03573272153713794,0.12209812921506565,0.19218589420544044,0.02512459445419255,0.032357649211067915,0.23245973245973245,-0.04958652057508491,0.01500719902536272,0.6194036406383016,81.49068322981367,1.0,0.004841132936397541,0.0346594507455813,0.010765828677839817,0.032357649211067985,0.12651278852152226,0.023812160815151178
12695,2026-01-09,0.007974305017167005,0.04795900742702508,0.053783361315347555,0.12399654192910958,0.03610519296761914,0.1231550194987906,0.1990549147798388,0.026227778016219446,0.05378336131534765,0.22903443619176234,-0.005226314508951257,0.008845181848148555,0.7220701782629425,81.375,1.0,0.007974305017167005,0.004841132936397541,0.0346594507455813,0.053783361315347555,0.12399654192910958,0.01933853422700802
12695,2026-01-10,-0.009998901219646195,0.0027266151021090312,0.05627198124267285,0.11883770023593687,0.017799796665967458,0.10467658682316588,0.1846066869141062,0.024828867039834716,0.05627198124267292,0.21510451786918408,0.14109528461882065,0.010266370699223086,0.771966692776066,79.0528233151184,0.8302238805970149,-0.009998901219646195,0.007974305017167005,0.004841132936397541,0.05627198124267285,0.11883770023593687,0.023751387347391788
12695,2026-01-11,-0.007103218645948983,-0.009192601617011853,0.044483362521891445,0.08587728348607149,0.0043946878809263835,0.08998531821698569,0.17391817827914566,0.022239218277756455,0.04448336252189142,0.20736891828058573,0.18659470764291913,0.012016543706684552,0.7506089343100403,73.18911832186168,0.6954813359528488,-0.007103218645948983,-0.009998901219646195,0.007974305017167005,0.044483362521891445,0.08587728348607149,0.029622177509501454
12695,2026-01-12,0.0077688352336240385,-0.009394572025052228,0.04929003724394776,0.07008902077151324,0.005368678460766402,0.09109502831969801,0.18052686100716403,0.020716174045494997,0.04929003724394786,0.2257647858599592,0.014546360526844684,0.0024402418057789363,0.6753492942860027,70.96201632942847,0.7947178871548619,0.0077688352336240385,-0.007103218645948983,-0.009998901219646195,0.04929003724394776,0.07008902077151324,0.013144029726581997
12695,2026-01-13,0.014585990793633208,0.015205327413984504,0.05325580056422363,0.0906164301895791,0.012572350317867057,0.09867055297869405,0.1948914157321637,0.02073130984593609,0.05325580056422362,0.2589635950726034,-0.02065502664889296,0.011861812616158303,0.6805379544170277,75.29960053262317,1.0,0.014585990793633208,0.0077688352336240385,-0.007103218645948983,0.05325580056422363,0.0906164301895791,-0.009620640647206734
12695,2026-01-14,0.0012025800809007947,0.02369774200760122,0.019197596127093597,0.07280501376442339,0.011031991988203016,0.0914724986591979,0.19328521893979425,0.020168299243943956,0.019197596127093652,0.27044461399736425,-0.1659896319744703,0.00638785761083206,0.7186663098280889,72.79061239457279,1.0,0.0012025800809007947,0.014585990793633208,0.0077688352336240385,0.019197596127093597,0.07280501376442339,-0.015177986459925748
12695,2026-01-15,0.009390696658658992,0.025345238755476673,0.02381216081515114,0.05694031557283319,0.01707756025871763,0.09300730721025378,0.20122669623674552,0.02021598533226832,0.023812160815151178,0.27732485836672655,-0.12063684468673086,0.010817827780181739,0.6802138283215887,70.08064516129032,1.0,0.009390696658658992,0.0012025800809007947,0.014585990793633208,0.02381216081515114,0.05694031557283319,-0.036185633924707916
12695,2026-01-16,0.0035698831674599862,0.014212310047009957,0.019338534227008042,0.07416198691599596,0.01789255064853647,0.08929937826450272,0.20231122311223107,0.01997090108333623,0.01933853422700802,0.23619161836231595,-0.14795456550507274,0.010941036973159426,0.6649247484063622,77.52470992694457,1.0,0.0035698831674599862,0.009390696658658992,0.0012025800809007947,0.019338534227008042,0.07416198691599596,-0.05314217958391722
12695,2026-01-17,-0.005713053788940381,0.007206813714784932,0.023751387347391795,0.08135990621336453,0.00869375034173547,0.07647601153033706,0.1925521515312363,0.018453758827951187,0.023751387347391788,0.20457068233757753,-0.011811557332528342,0.006613183000867303,0.7364192452842268,81.26126126126127,0.8398791540785498,-0.005713053788940381,0.0035698831674599862,0.009390696658658992,0.023751387347391795,0.08135990621336453,-0.07090199479618386
12695,2026-01-18,-0.001409366869037254,-0.0035698831674599862,0.029622177509501357,0.07542323409223584,0.003119335993714626,0.06915683907512295,0.18825122141228726,0.0166809986735305,0.029622177509501454,0.17848004094165815,0.11643529967087192,0.007002497014439258,0.7086663030334514,79.6875,0.7476099426386233,-0.001409366869037254,-0.005713053788940381,0.0035698831674599862,0.029622177509501357,0.07542323409223584,-0.0909781782651178
12695,2026-01-19,-0.008359570079253031,-0.015414465883367479,0.013144029726581907,0.06308193668528861,-0.0070968242875999125,0.05464713274305623,0.17597411329154303,0.013991973149253921,0.013144029726581997,0.17577395893673167,0.029463659504200553,0.006733085176264506,0.7149988152594582,73.81370826010544,0.0,-0.008359570079253031,-0.001409366869037254,-0.005713053788940381,0.013144029726581907,0.06308193668528861,-0.08862491788920517
12695,2026-01-20,-0.008211079483249395,-0.017888117953165694,-0.00962064064720669,0.04312280499740928,-0.0139020635389616,0.041370100795674644,0.16412821387827128,0.010823547733653701,-0.009620640647206734,0.14569368913620842,-0.12056557560312206,0.009769290208632299,0.7439648432646523,66.71128960285587,0.0,-0.008211079483249395,-0.008359570079253031,-0.001409366869037254,-0.00962064064720669,0.04312280499740928,-0.08753725576774478
12695,2026-01-21,-0.004415498399381823,-0.02084464227554017,-0.01517798645992574,0.003728228813087764,-0.016129534970701936,0.03283410028304935,0.15679453433073623,0.007892385888571189,-0.015177986459925748,0.12400299102691924,-0.11254632018955091,0.010034371881583324,0.714542663367244,51.94880744618964,0.0,-0.004415498399381823,-0.008211079483249395,-0.008359570079253031,-0.01517798645992574,0.003728228813087764,-0.08992127730347045
12695,2026-01-22,-0.012141035591529015,-0.024578497919859887,-0.03618563392470797,-0.01323513124377007,-0.02298166323325535,0.016607808123049454,0.14083055247097784,0.00431610855257916,-0.036185633924707916,0.11935423079339154,-0.10998464105662446,0.011448453897525114,0.665974289201039,43.5440302539168,0.0,-0.012141035591529015,-0.004415498399381823,-0.008211079483249395,-0.03618563392470797,-0.01323513124377007,-0.0916437510522476
12695,2026-01-23,-0.014086087883719678,-0.030356551495750117,-0.053142179583917204,-0.03483133721569054,-0.029246690506074285,-0.0009080241659542396,0.12300319829197147,0.00021526619438465543,-0.05314217958391722,0.10587939065844139,0.04085674031097781,0.011441256830601093,0.7479928003062313,33.8100102145046,0.0,-0.014086087883719678,-0.012141035591529015,-0.004415498399381823,-0.053142179583917204,-0.03483133721569054,-0.08003187613843352
12695,2026-01-24,-0.02436247723132967,-0.049783789777137155,-0.07090199479618386,-0.04883462819089901,-0.04301564132628243,-0.02729513515149569,0.09424588114954695,-0.00527804517953401,-0.07090199479618386,0.06924516531503432,0.18526940710499182,0.009976662777129521,0.7628739681224028,30.03629764065336,0.0,-0.02436247723132967,-0.014086087883719678,-0.012141035591529015,-0.07090199479618386,-0.04883462819089901,-0.06056009334889148
12695,2026-01-25,-0.022987164527421222,-0.060216622706100176,-0.09097817826511778,-0.06405097250167668,-0.052345651066719484,-0.050646187221385405,0.06804675441741935,-0.01134155437206025,-0.0909781782651178,0.03408669877732493,0.25355655356225903,0.012838886898363789,0.7032073322340531,26.801619433198383,0.0,-0.022987164527421222,-0.02436247723132967,-0.014086087883719678,-0.09097817826511778,-0.06405097250167668,-0.048250328436641586
12695,2026-01-26,-0.005792428042517561,-0.052311020036429845,-0.08862491788920512,-0.07664577671787476,-0.04533986467668215,-0.057112760607410676,0.0609722162233351,-0.015640129283830483,-0.08862491788920517,0.033714143797342604,0.03974972370345284,0.01105171481770677,0.7388795029616558,21.540362438220754,0.0,-0.005792428042517561,-0.022987164527421222,-0.02436247723132967,-0.08862491788920512,-0.07664577671787476,-0.0630067871944261
12695,2026-01-27,-0.0070274490960418046,-0.03547257876312715,-0.08753725576774474,-0.09631573193396747,-0.039571091856720864,-0.06383605239165761,0.052703820391979794,-0.01877825926487365,-0.08753725576774478,0.0033379862839109063,7.648535929505546e-05,0.010646019840309702,0.6867465094592898,11.393514460999128,0.0,-0.0070274490960418046,-0.005792428042517561,-0.022987164527421222,-0.08753725576774474,-0.09631573193396747,-0.06919912896201307
12695,2026-01-28,-0.007016694894749542,-0.019706198495162974,-0.08992127730347044,-0.10373443983402486,-0.03329687894338359,-0.0696426716035855,0.04459746189627417,-0.021051310487528407,-0.08992127730347045,-0.0257566765578635,-0.06523782200169044,0.01425438596491228,0.7260232075796497,10.016835016835017,0.0,-0.007016694894749542,-0.0070274490960418046,-0.005792428042517561,-0.08992127730347044,-0.10373443983402486,-0.07492690058479533
12695,2026-01-29,-0.014010721247563307,-0.027809478046729508,-0.09164375105224765,-0.12451319774989178,-0.03356448902650196,-0.08165754779605756,0.02945821893848645,-0.02348388355390351,-0.0916437510522476,-0.03505425062596876,-0.17585906629461381,0.009699740516495737,0.7231419021114405,2.711585866885798,0.0,-0.014010721247563307,-0.007016694894749542,-0.0070274490960418046,-0.09164375105224765,-0.12451319774989178,-0.06499443963919437
12695,2026-01-30,-0.0014827628815025085,-0.022380837164287404,-0.08003187613843354,-0.12892098738816427,-0.023283922266060006,-0.08143663113862747,0.027657261064282127,-0.02451544866405914,-0.08003187613843352,-0.05335910501962163,-0.10501459444837574,0.010580373716124242,0.6282127041410336,0.0,0.0,-0.0014827628815025085,-0.014010721247563307,-0.007016694894749542,-0.08003187613843354,-0.12892098738816427,-0.045415171389679494
12695,2026-01-31,-0.0037124118302190867,-0.019127680311890827,-0.06056009334889145,-0.12716825672159582,-0.01811086041831819,-0.0824304405306426,0.023612926010948315,-0.02484024331588612,-0.06056009334889148,-0.07946489823919506,-0.1821040359262114,0.011365047820146565,0.6040447154060002,0.0,0.0,-0.0037124118302190867,-0.0014827628815025085,-0.014010721247563307,-0.06056009334889145,-0.12716825672159582,-0.03589616196745746
12695,2026-02-01,-0.010185070177617717,-0.015321883108859513,-0.048250328436641565,-0.1348387797199001,-0.021222090625959603,-0.08946699903450821,0.012975567177902384,-0.02543284590630632,-0.048250328436641586,-0.07728825334336827,0.03716106692785752,0.012611369055088468,0.6260204370047452,0.0,0.0,-0.010185070177617717,-0.0037124118302190867,-0.0014827628815025085,-0.048250328436641565,-0.1348387797199001,-0.02861086711005145
12695,2026-02-02,-0.021207177814029365,-0.03477292414305155,-0.0630067871944261,-0.1460477337420626,-0.033080682864631325,-0.10629204771789375,-0.008748990392490271,-0.027454026461764015,-0.0630067871944261,-0.08558030480656506,-0.09087840450297917,0.014166666666666666,0.6718987173184533,0.0,0.0,-0.021207177814029365,-0.010185070177617717,-0.0037124118302190867,-0.0630067871944261,-0.1460477337420626,-0.012692307692307692
12695,2026-02-03,-0.01358974358974363,-0.04434231772450625,-0.06919912896201308,-0.15067888287890496,-0.036460569629311546,-0.11549493312180623,-0.022534527345205693,-0.02947618759676676,-0.06919912896201307,-0.10169293636894337,-0.1100843821733374,0.016376397192617624,0.6243766817635488,0.0,0.0,-0.01358974358974363,-0.021207177814029365,-0.010185070177617717,-0.06919912896201308,-0.15067888287890496,-0.005328827657915258
12695,2026-02-04,-0.013127112035352217,-0.047182833479733954,-0.07492690058479534,-0.15811065528329082,-0.03853041732240738,-0.12375149301528506,-0.035546893192784805,-0.03138499094438429,-0.07492690058479533,-0.1162709497206704,-0.15839186805705976,0.015474779402080864,0.600266101679336,0.0,0.0,-0.013127112035352217,-0.01358974358974363,-0.021207177814029365,-0.07492690058479534,-0.15811065528329082,0.0026340050046095085
12695,2026-02-05,-0.0034242065059924,-0.02987179487179492,-0.06499443963919438,-0.15068185644536736,-0.03261802575107293,-0.12298188477185015,-0.039199904629625096,-0.03205499687994175,-0.06499443963919437,-0.12867752893085382,-0.1419400995643527,0.011893749174045197,0.6123644819336266,0.0,0.0,-0.0034242065059924,-0.013127112035352217,-0.01358974358974363,-0.06499443963919438,-0.15068185644536736,-0.0009250693802035153
12695,2026-02-06,0.01942645698427392,0.0025994281258123753,-0.04541517138967954,-0.12181238615664847,-0.007170699418989433,-0.10153103118939795,-0.021219183122776923,-0.029271146477084842,-0.045415171389679494,-0.14150575927883813,-0.15059256438783217,0.012704174228675136,0.5966826584819951,10.777126099706749,0.3037190082644628,0.01942645698427392,-0.0034242065059924,-0.013127112035352217,-0.04541517138967954,-0.12181238615664847,-0.02035260565206119
12695,2026-02-07,0.006222452683432689,0.022257342288950266,-0.035896161967457485,-0.09428238039673276,0.004343888057080521,-0.0914712773283341,-0.016015905334245087,-0.02577560306345903,-0.03589616196745746,-0.14032561745486766,0.05154623901062507,0.012561195568152538,0.6454070964738557,16.27712854757931,0.48507462686567165,0.006222452683432689,0.01942645698427392,-0.0034242065059924,-0.035896161967457485,-0.09428238039673276,-0.03201494460190672
12695,2026-02-08,-0.002705488276217416,0.022994581736487385,-0.028610867110051452,-0.07548071181177596,0.0058658647509791575,-0.08909586204056173,-0.01963364138789893,-0.022962993296860038,-0.02861086711005145,-0.14943412811778925,0.25421766839004045,0.010269990957240667,0.6991600109025133,19.08023483365949,0.7467811158798283,-0.002705488276217416,0.006222452683432689,0.01942645698427392,-0.028610867110051452,-0.07548071181177596,-0.031778839943159796
12695,2026-02-09,-0.005167291047668221,-0.0016852476017630291,-0.01269230769230767,-0.07489939335695839,0.002510600312430312,-0.08912593071553467,-0.025624984623603336,-0.020976161258288252,-0.012692307692307692,-0.14528301886792452,-0.07863358362601428,0.009479288404103363,0.6396796150227614,19.24025653675382,0.6871794871794872,-0.005167291047668221,-0.002705488276217416,0.006222452683432689,-0.01269230769230767,-0.07489939335695839,-0.027528892351642645
12695,2026-02-10,-0.006232956758862485,-0.014042772481319243,-0.005328827657915314,-0.07415920638761186,-0.002977796802590717,-0.0901651525208793,-0.03237294600341245,-0.019717845034015215,-0.005328827657915258,-0.14453386988598257,-0.13301834098718368,0.00960407683261466,0.6913011107685134,19.44167497507476,0.441025641025641,-0.006232956758862485,-0.005167291047668221,-0.002705488276217416,-0.005328827657915314,-0.07415920638761186,-0.01724813798510388
12695,2026-02-11,-0.005226708480334463,-0.016535331352538485,0.0026340050046094188,-0.072490253411306,-0.008557980316645222,-0.08986211843468551,-0.03803859105513624,-0.01885961436532542,0.0026340050046095085,-0.15556541511840719,-0.08059603753845285,0.008012610009194798,0.5856984126230419,19.796954314720807,0.2358974358974359,-0.005226708480334463,-0.006232956758862485,-0.005167291047668221,0.0026340050046094188,-0.072490253411306,-0.010705372389334033
12695,2026-02-12,-0.0069617759096283205,-0.018309310479158514,-0.0009250693802035359,-0.06585938465340413,-0.015331944030961546,-0.09044607444065238,-0.04526501823804811,-0.01849250550669069,-0.0009250693802035153,-0.17349950803542144,-0.037320652976232084,0.008267195767195767,0.6444037161665902,21.126760563380273,0.0,-0.0069617759096283205,-0.005226708480334463,-0.006232956758862485,-0.0009250693802035359,-0.06585938465340413,-0.007671957671957672
12695,2026-02-13,-0.0003968253968253954,-0.012544100352802845,-0.020352605652061206,-0.06484345996782581,-0.012838934816280118,-0.08493170589944779,-0.04612305605830996,-0.017698258872287567,-0.02035260565206119,-0.1748198296571304,-0.026905271686553007,0.008204313881169776,0.6880498541804899,21.33479212253829,0.0,-0.0003968253968253954,-0.0069617759096283205,-0.005226708480334463,-0.020352605652061206,-0.06484345996782581,-0.020246129416435093
12695,2026-02-14,-0.005756252481143309,-0.013069749113358675,-0.03201494460190668,-0.06676189293255497,-0.01394864872465485,-0.08379958662149452,-0.05215020604973225,-0.01727039681835069,-0.03201494460190672,-0.187202509736045,-0.03591407375707081,0.005989219405070872,0.7163134260216192,21.024258760107813,0.0,-0.005756252481143309,-0.0003968253968253954,-0.0069617759096283205,-0.03201494460190668,-0.06676189293255497,-0.015372329806348572
12695,2026-02-15,-0.0024622346443069487,-0.008597883597883604,-0.031778839943159776,-0.059480486886685946,-0.011818995149974068,-0.07938724080257288,-0.055048949599108485,-0.016714209026455273,-0.031778839943159796,-0.19208795946965615,0.17707962485293147,0.006070713809206137,0.7399505162196836,22.569444444444443,0.0,-0.0024622346443069487,-0.005756252481143309,-0.0003968253968253954,-0.031778839943159776,-0.059480486886685946,-0.01467645096731154
12695,2026-02-16,-0.0008005336891261372,-0.008998279740637827,-0.027528892351642686,-0.03987179487179482,-0.008651582341316777,-0.07354296518208943,-0.05644383999260846,-0.015898836578124527,-0.027528892351642645,-0.18809627059843886,0.09259111160088787,0.006008812925624249,0.6920533675453673,27.817403708987158,0.0,-0.0008005336891261372,-0.0024622346443069487,-0.005756252481143309,-0.027528892351642686,-0.03987179487179482,-0.009814394445186274
12695,2026-02-17,0.004272933635999454,0.0009982032341784297,-0.01724813798510383,-0.022485053288276546,-0.0019242253334218035,-0.06305475791532482,-0.05320800637824686,-0.014350639043474065,-0.01724813798510388,-0.18347627836282707,-0.0485267730325989,0.00977263661747108,0.655985185253009,36.20414673046252,0.25806451612903225,0.004272933635999454,-0.0008005336891261372,-0.0024622346443069487,-0.01724813798510383,-0.022485053288276546,-0.007046935247972344
12695,2026-02-18,0.001396090945352979,0.004869913275517002,-0.010705372389334,-0.008099565389174224,0.0010158163555926516,-0.05546126448505931,-0.052937342423435896,-0.012705504911639333,-0.010705372389334033,-0.17544339829209546,-0.07637142263924337,0.007700989178782447,0.6345500159004982,44.26840633737186,0.5985915492957746,0.001396090945352979,0.004272933635999454,-0.0008005336891261372,-0.010705372389334,-0.008099565389174224,-0.010024563499966806
12695,2026-02-19,-0.00391688242713939,0.0017358792896247088,-0.007671957671957719,-0.008589929959032627,-0.0018057746773365601,-0.05299699143716729,-0.05770604917044417,-0.01167084022531334,-0.007671957671957672,-0.17187327519593773,0.11186734776468102,0.00519861370301253,0.7191788142159725,43.98148148148148,0.19117647058823528,-0.00391688242713939,0.001396090945352979,0.004272933635999454,-0.007671957671957719,-0.008589929959032627,-0.003732338043188483
12695,2026-02-20,-0.01306318315115973,-0.015556441962504941,-0.02024612941643511,-0.040186673580502985,-0.01197193838645717,-0.058973055414336555,-0.07079479424204017,-0.01213560640703108,-0.020246129416435093,-0.17906641534538198,0.04521098709808014,0.011007563479200433,0.7364840916873084,18.431771894093686,0.0,-0.01306318315115973,-0.00391688242713939,0.001396090945352979,-0.02024612941643511,-0.040186673580502985,0.004592112371690978
12695,2026-02-21,-0.0008103727714748876,-0.0177255526787492,-0.015372329806348617,-0.0468951301211028,-0.010594090618163703,-0.05367577927629266,-0.07214555366497075,-0.012137881997545782,-0.015372329806348572,-0.16965037319714912,0.04068167841236402,0.01169234928359016,0.7083509142746728,9.46547884187082,0.0,-0.0008103727714748876,-0.01306318315115973,-0.00391688242713939,-0.015372329806348617,-0.0468951301211028,0.0032441200324412004
12695,2026-02-22,-0.0017572316842390245,-0.015595841109037556,-0.014676450967311516,-0.04598889032424747,-0.010252630168196743,-0.04966981870591241,-0.07431006747863869,-0.011946402343709105,-0.01467645096731154,-0.15926684881602915,0.22171866151696923,0.011916046039268787,0.6568344675658633,9.637188208616777,0.0,-0.0017572316842390245,-0.0008103727714748876,-0.01306318315115973,-0.014676450967311516,-0.04598889032424747,-0.001963439404197698
12695,2026-02-23,0.0041299932295193464,0.001553214478660081,-0.00981439444518628,-0.03707310738865077,-0.004764461146154878,-0.040995796960879405,-0.07110084560519823,-0.010951211089581608,-0.009814394445186274,-0.13471411901983663,0.037446129325931055,0.008226013080709325,0.6999387454298348,16.917728852838934,0.20819112627986347,0.0041299932295193464,-0.0017572316842390245,-0.0008103727714748876,-0.00981439444518628,-0.03707310738865077,-0.008832850111253456
12695,2026-02-24,0.007079765356348133,0.009462016761286884,-0.007046935247972397,-0.024173526721547156,0.0033010901274374152,-0.03042368113558658,-0.06529981900370688,-0.009117245845872257,-0.007046935247972344,-0.1080855129583184,0.09706506823596882,0.010042849491162293,0.6209806415640083,28.784403669724767,0.5665529010238908,0.007079765356348133,0.0041299932295193464,-0.0017572316842390245,-0.007046935247972397,-0.024173526721547156,-0.01238618103910016
12695,2026-02-25,-0.0016068559185860032,0.009614082599864515,-0.010024563499966832,-0.02062261920399322,0.003142508432878169,-0.028329528695512394,-0.06757004618796446,-0.0078087827989804315,-0.010024563499966806,-0.1043305904258514,-0.11670608278626703,0.007913090128755365,0.6968967110441836,30.759803921568633,0.6068376068376068,-0.0016068559185860032,0.007079765356348133,0.0041299932295193464,-0.010024563499966832,-0.02062261920399322,-0.0029506437768240345
12695,2026-02-26,0.0024141630901286515,0.007888881397073666,-0.00373233804318851,-0.011375661375661372,0.006105710522014246,-0.02262112074696125,-0.06607038974129709,-0.00641589912067811,-0.003732338043188483,-0.09581417856278732,-0.031586857084966,0.006622959593256623,0.7238693457497425,38.47184986595175,1.0,0.0024141630901286515,-0.0016068559185860032,0.007079765356348133,-0.00373233804318851,-0.011375661375661372,-0.00862991704575863
12695,2026-02-27,-0.004816697886004806,-0.004017139796464897,0.004592112371690993,-0.015746989546116197,0.0006053675926548732,-0.024053149171512352,-0.07113951292477555,-0.005860040043707414,0.004592112371690978,-0.09381091617933723,-0.10323134825691277,0.008940575423500942,0.6999665281600508,35.34482758620689,0.5955056179775281,-0.004816697886004806,0.0024141630901286515,-0.0016068559185860032,0.004592112371690993,-0.015746989546116197,-0.009814466254369453
12695,2026-02-28,-0.002151115891368627,-0.004560085836909922,0.0032441200324411223,-0.012178079456977464,-0.002007357107869049,-0.023286111897038383,-0.07341016768587662,-0.005554764986428617,0.0032441200324412004,-0.08291115779068331,0.19429437215322085,0.008286176232821341,0.733230072128722,37.912813738441216,0.4157303370786517,-0.002151115891368627,-0.004816697886004806,0.0024141630901286515,0.0032441200324411223,-0.012178079456977464,-0.014483966585825923
12695,2026-03-01,-0.006938830503907312,-0.013848006422263803,-0.001963439404197742,-0.016611074049366237,-0.008656137114749093,-0.027030951605664016,-0.08019623367781459,-0.005981067077104808,-0.001963439404197698,-0.08792228684568741,0.16373491773308957,0.011261108472966555,0.7154217257364943,34.87241798298906,0.0,-0.006938830503907312,-0.002151115891368627,-0.004816697886004806,-0.001963439404197742,-0.016611074049366237,-0.011125432467268164
12695,2026-03-02,-0.002781358116817012,-0.011831137402527614,-0.008832850111253454,-0.018560555481372698,-0.01016766547707225,-0.0267349938426091,-0.08294782021618309,-0.006385238666869742,-0.008832850111253456,-0.08706992920134145,-0.03251901994660793,0.010068027210884354,0.6463757512214715,33.68544600938968,0.0,-0.002781358116817012,-0.006938830503907312,-0.002151115891368627,-0.008832850111253454,-0.018560555481372698,-0.0021768707482993197
12695,2026-03-03,0.0034693877551019714,-0.006265157639450236,-0.012386181039100164,-0.019345831671320313,-0.004962803068265095,-0.020793181199618538,-0.07992756350148549,-0.006036177988876375,-0.01238618103910016,-0.074476094867612,-0.1565600819621095,0.00637244932546946,0.6688119653530906,32.657926102502984,0.2056451612903226,0.0034693877551019714,-0.002781358116817012,-0.006938830503907312,-0.012386181039100164,-0.019345831671320313,-0.001965968408921429
12695,2026-03-04,0.007931665649786535,0.008615426361847867,-0.00295064377682408,-0.01294562836088431,0.003354928273947282,-0.011425215261693987,-0.07284575490817627,-0.004686212217087966,-0.0029506437768240345,-0.04692307692307692,-0.05540446516134755,0.007532956685499058,0.6825673925722363,39.57219251336899,0.6774193548387096,0.007931665649786535,0.0034693877551019714,-0.002781358116817012,-0.00295064377682408,-0.01294562836088431,-0.002623083131557708
12695,2026-03-05,-0.003295668549905817,0.008095238095238155,-0.008629917045758662,-0.012330045321247707,0.001293448778463095,-0.013439082520760018,-0.07602042618991703,-0.004038265813681114,-0.00862991704575863,-0.03697686508968027,-0.10667433354476534,0.006613131790269249,0.6366064491064491,39.99999999999999,0.6761363636363636,-0.003295668549905817,0.007931665649786535,0.0034693877551019714,-0.008629917045758662,-0.012330045321247707,-0.0014170996693434106
12695,2026-03-06,-0.006005803360550677,-0.001423632296115529,-0.009814466254369436,-0.005267423014586714,-0.003315515258136545,-0.018370837683541735,-0.08158620875988157,-0.004184137748414425,-0.009814466254369453,-0.0300276570525484,-0.009647983006203996,0.009708078750848607,0.6657857402215293,45.23227383863081,0.17857142857142858,-0.006005803360550677,-0.003295668549905817,0.007931665649786535,-0.009814466254369436,-0.005267423014586714,0.003937542430414121
12695,2026-03-07,-0.006856754921928054,-0.016074791498520313,-0.014483966585825958,-0.01128683427953503,-0.00808810709234968,-0.0240067605884381,-0.08786395794479279,-0.004939251421700192,-0.014483966585825923,-0.0333685740716268,0.05850505035153942,0.009843461617335429,0.6929572358739116,40.79382579933848,0.0,-0.006856754921928054,-0.006005803360550677,-0.003295668549905817,-0.014483966585825958,-0.01128683427953503,0.008271242053455466
12695,2026-03-08,-0.0035545833618155775,-0.016330386665766916,-0.01112543246726816,-0.01306702775897084,-0.010041329530240428,-0.0256319990018137,-0.09104765811037292,-0.005681784774785251,-0.011125432467268164,-0.05515945035001296,0.1325660634595285,0.0071345269945805034,0.7040536245702234,39.657020364415864,0.0,-0.0035545833618155775,-0.006856754921928054,-0.006005803360550677,-0.01112543246726816,-0.01306702775897084,0.011181999039582904
12695,2026-03-09,0.006242711120257871,-0.004209097080787538,-0.002176870748299309,-0.01099049288652143,-0.0035519496904174645,-0.017675764245755128,-0.08538347008609783,-0.005256090510416307,-0.0021768707482993197,-0.055140427724813194,-0.15351208843951705,0.005113171529860921,0.6227539725258009,41.53686396677051,0.3127147766323024,0.006242711120257871,-0.0035545833618155775,-0.006856754921928054,-0.002176870748299309,-0.01099049288652143,0.0002727024815925825
12695,2026-03-10,0.0036814835014997715,0.006357235627862501,-0.0019659684089213814,-0.014327798607391529,0.00039800801840546166,-0.01238377631384758,-0.08196035256026071,-0.004375818414774871,-0.001965968408921429,-0.04908926495284847,-0.13465682753216224,0.009169949735090341,0.5749443028089759,38.26754385964912,0.49828178694158076,0.0036814835014997715,0.006242711120257871,-0.0035545833618155775,-0.0019659684089213814,-0.014327798607391529,-0.013992664040211928
12695,2026-03-11,0.007268034234479082,0.017287507717637318,-0.0026230831315576797,-0.005565987124463545,0.008050575873521417,-0.003929471032745592,-0.0752873682678917,-0.0028093653452220435,-0.002623083131557708,-0.03720296065446046,-0.07896614391685758,0.0086317351136287,0.63101357369028,45.82914572864322,1.0,0.007268034234479082,0.0036814835014997715,0.006242711120257871,-0.0026230831315576797,-0.005565987124463545,-0.02110728977004518
12695,2026-03-12,-0.002090498347831926,0.008862830651758857,-0.0014170996693434468,-0.010034787262510059,0.006148436665274392,-0.004879885769876569,-0.07720705158985042,-0.0019434373054659192,-0.0014170996693434106,-0.03318959885012413,-0.08267932437502078,0.009595891336667117,0.6646645695122679,42.42424242424243,0.876984126984127,-0.002090498347831926,0.007268034234479082,0.0036814835014997715,-0.0014170996693434468,-0.010034787262510059,-0.022976077848357885
12695,2026-03-13,-0.0006757669955399503,0.004483086537155234,0.00393754243041422,-0.0059155687012637514,0.004902389065245441,-0.004575041677979026,-0.07788048030695749,-0.001394978833489064,0.003937542430414121,-0.028766583475633784,-0.024942113257708638,0.007235596429537462,0.6568151975941379,45.25862068965517,0.8373015873015873,-0.0006757669955399503,-0.002090498347831926,0.007268034234479082,0.00393754243041422,-0.0059155687012637514,-0.025087909115499053
12695,2026-03-14,-0.002569651068433876,-0.005327399015442769,0.008271242053455419,-0.006332524925895977,0.001144164759725418,-0.006307979403066178,-0.0803895407558886,-0.0012923665582360035,0.008271242053455466,-0.02447089947089947,0.05810226458857129,0.00623728813559322,0.6620454901401024,44.96788008565311,0.6865079365079365,-0.002569651068433876,-0.0006757669955399503,-0.002090498347831926,0.008271242053455419,-0.006332524925895977,-0.024338983050847456
12695,2026-03-15,-0.0006779661016949046,-0.003919448574131623,0.011181999039582946,-6.783800284915209e-05,-0.0011133162302143817,-0.006146965287064362,-0.08121858700477676,-0.0012617076033331264,0.011181999039582904,-0.024745269286754003,0.18959281702586173,0.005630936227951153,0.6823576659327615,49.940546967895365,0.4472049689440994,-0.0006779661016949046,-0.002569651068433876,-0.0006757669955399503,0.011181999039582946,-6.783800284915209e-05,-0.02632293080054274
12695,2026-03-16,-0.00461329715061054,-0.0078441979983771,0.00027270248159250166,-0.0019047619047618536,-0.005759978315375754,-0.009941967699851586,-0.08558259415941233,-0.0017380616591122207,0.0002727024815925825,-0.023624143208890662,0.05500477489386431,0.008928571428571428,0.6642119845020916,48.38709677419355,0.0,-0.00461329715061054,-0.0006779661016949046,-0.002569651068433876,0.00027270248159250166,-0.0019047619047618536,-0.02153762268266085
12695,2026-03-17,-0.010632497273718622,-0.015864406779661056,-0.013992664040211933,-0.015931123313673634,-0.014365669832093404,-0.01942329083597156,-0.09499616922998062,-0.003229265774106143,-0.013992664040211928,-0.03162108072048032,-0.24010212537368086,0.007026729126481124,0.6876669468183368,37.92394655704008,0.0,-0.010632497273718622,-0.00461329715061054,-0.0006779661016949046,-0.013992664040211933,-0.015931123313673634,-0.013915679250482227
12695,2026-03-18,0.0,-0.015196743554952485,-0.021107289770045168,-0.02367500672585421,-0.01136407861451646,-0.01840214225820702,-0.09449498362530544,-0.004096225030477532,-0.02110728977004518,-0.030845239684871146,-0.10344795042764493,0.0077156241388812346,0.6452122033253705,29.43925233644859,0.0,0.0,-0.010632497273718622,-0.00461329715061054,-0.021107289770045168,-0.02367500672585421,-0.020735739873243317
12695,2026-03-19,-0.003995591071920601,-0.014585605234460175,-0.022976077848357868,-0.024360618125379596,-0.012046075751659472,-0.021035525662438454,-0.09737853955428719,-0.004990451582421646,-0.022976077848357885,-0.03882462438505518,-0.03917174636400076,0.010029049661087287,0.6109549096928959,29.13294797687861,0.0,-0.003995591071920601,0.0,-0.010632497273718622,-0.022976077848357868,-0.024360618125379596,-0.01583898187854475
12695,2026-03-20,-0.0028358002489971,-0.006820060622761082,-0.025087909115499074,-0.02124915139171757,-0.011266888085510747,-0.02238627168218003,-0.09923837940243574,-0.005738683471396163,-0.025087909115499053,-0.04288654318528846,-0.043395878119522134,0.009155857668030797,0.7222530640133237,30.844553243574055,0.0,-0.0028358002489971,-0.003995591071920601,0.0,-0.025087909115499074,-0.02124915139171757,-0.02490115835472012
12695,2026-03-21,-0.0018034265103696878,-0.008611187655001351,-0.024338983050847474,-0.016269054617540468,-0.00956641431520991,-0.022795330929536197,-0.09997373281688435,-0.00624744853176178,-0.024338983050847456,-0.040855771794188214,0.09209302924825478,0.011673962893475089,0.7088485639738021,33.9622641509434,0.0,-0.0018034265103696878,-0.0028358002489971,-0.003995591071920601,-0.024338983050847474,-0.016269054617540468,-0.03147800708776319
12695,2026-03-22,-0.0027100271002710175,-0.007331581131553411,-0.02632293080054271,-0.015435274747890526,-0.008468052347960022,-0.02443666519389593,-0.10135372995807602,-0.0066884747000708,-0.02632293080054274,-0.03079416531604538,0.13595037985377337,0.010660535117056856,0.6708077981633817,34.5679012345679,0.0,-0.0027100271002710175,-0.0018034265103696878,-0.0028358002489971,-0.02632293080054271,-0.015435274747890526,-0.032190635451505016
12695,2026-03-23,0.0002787068004459492,-0.004231116043559635,-0.021537622682660795,-0.021270793564221457,-0.005088806605548131,-0.023190936823125202,-0.10012473890844056,-0.006723933964637088,-0.02153762268266085,-0.029737766964044336,-0.05948349580981704,0.00550292560601839,0.718529322191979,25.700934579439263,0.024390243902439025,0.0002787068004459492,-0.0027100271002710175,-0.0018034265103696878,-0.021537622682660795,-0.021270793564221457,-0.022777932571747005
12695,2026-03-24,-0.002925606018389537,-0.005350566326176032,-0.013915679250482205,-0.02771362586605086,-0.006011666203722128,-0.025040356545252676,-0.10177398696301215,-0.0068656213605014105,-0.013915679250482227,-0.030873392010832768,0.03777060780118624,0.008872432583484701,0.7079065692945783,17.61904761904762,0.0,-0.002925606018389537,0.0002787068004459492,-0.0027100271002710175,-0.013915679250482205,-0.02771362586605086,-0.018233896884169345
12695,2026-03-25,-0.006916305714684934,-0.009545707915273094,-0.020735739873243286,-0.04140535437318771,-0.009930051839248633,-0.030427457694170313,-0.10685612798552377,-0.007536235258638357,-0.020735739873243317,-0.04153462342390938,-0.0013114636837914314,0.004642982764685191,0.6412495751189667,0.6430868167202561,0.0,-0.006916305714684934,-0.002925606018389537,0.0002787068004459492,-0.020735739873243286,-0.04140535437318771,7.034822370735139e-05
12695,2026-03-26,0.0009848751319028182,-0.008846475341320659,-0.01583898187854471,-0.038451142046222464,-0.006691664838342958,-0.027909984833510166,-0.10474837585733691,-0.007612858497591493,-0.01583898187854475,-0.047335297268344935,-0.08427045655294667,0.00843348091924942,0.6373003822678114,2.9752066115702434,0.06930693069306931,0.0009848751319028182,-0.006916305714684934,-0.002925606018389537,-0.01583898187854471,-0.038451142046222464,0.0013353011455478248
12695,2026-03-27,-0.012017710309930374,-0.01788458851474084,-0.024901158354720176,-0.04936434947254531,-0.015102837411800085,-0.03772086740654211,-0.11423908865800105,-0.008810685814111952,-0.02490115835472012,-0.05726931330472103,0.035131587774368665,0.010670081092616303,0.6785289253172051,2.3498694516971312,0.0,-0.012017710309930374,0.0009848751319028182,-0.006916305714684934,-0.024901158354720176,-0.04936434947254531,0.013230900554844216
12695,2026-03-28,-0.008536064874093086,-0.019486457966936377,-0.03147800708776316,-0.05505084745762712,-0.019062556554261947,-0.04373121835421324,-0.12023620832339779,-0.010294103658927559,-0.03147800708776319,-0.06756756756756757,0.17442743432228378,0.012268618166164442,0.6372943346564273,2.1226415094339615,0.0,-0.008536064874093086,-0.012017710309930374,0.0009848751319028182,-0.03147800708776316,-0.05505084745762712,0.013201320132013201
12695,2026-03-29,-0.0034438226431339203,-0.023824583596879667,-0.03219063545150502,-0.05766621438263231,-0.017878787878787897,-0.04487067819453737,-0.12144212523719165,-0.011328213045981948,-0.032190635451505016,-0.06628125840279644,0.15313207511911453,0.007703383729301656,0.7231999319374605,2.031602708803618,0.0,-0.0034438226431339203,-0.008536064874093086,-0.012017710309930374,-0.03219063545150502,-0.05766621438263231,0.005183585313174946
12695,2026-03-30,0.010007199424046043,-0.0020628823445725253,-0.022777932571746984,-0.04382497273718644,-0.0047632077670689875,-0.033507018998257025,-0.11093507398840267,-0.010482452987133446,-0.022777932571747005,-0.054904338453247103,-0.13462159406952812,0.009551643025162164,0.6835505158822849,16.405433646812966,0.3278301886792453,0.010007199424046043,-0.0034438226431339203,-0.008536064874093086,-0.022777932571746984,-0.04382497273718644,-0.014327464537743246
12695,2026-03-31,0.0017107420343573931,0.008250825082508184,-0.01823389688416932,-0.031895839074125076,-0.00041661585985450775,-0.0303215701066993,-0.10751622110808079,-0.00938624851561139,-0.018233896884169345,-0.04667254596024693,-0.09869500054255481,0.008966057069664841,0.6449464726117048,21.939393939393938,0.4808259587020649,0.0017107420343573931,0.010007199424046043,-0.0034438226431339203,-0.01823389688416932,-0.031895839074125076,-0.026684693659716787
12695,2026-04-01,0.011598946844090241,0.023470122390208736,7.034822370743932e-05,-0.02066685037200333,0.011167223842378548,-0.017981113958677238,-0.09507242235611893,-0.007010823498753369,7.034822370735139e-05,-0.03292517006802721,-0.1480136595784475,0.006823297692740574,0.6372430681375988,34.81781376518218,0.9616519174041298,0.011598946844090241,0.0017107420343573931,0.010007199424046043,7.034822370743932e-05,-0.02066685037200333,-0.04051772650534609
12695,2026-04-02,0.0022509848058525073,0.015610521063511351,0.001335301145547918,-0.014524830543643619,0.013247724317295151,-0.014629333357922998,-0.09109080161096197,-0.004968999424129739,0.0013353011455478248,-0.03409938309267168,0.039710714189832456,0.007650196518809657,0.7003392550689633,39.085239085239095,1.0,0.0022509848058525073,0.011598946844090241,0.0017107420343573931,0.001335301145547918,-0.014524830543643619,-0.040145985401459854
12695,2026-04-03,-0.00028074115665355226,0.01359140397068237,0.013230900554844327,-0.011999722549767666,0.011052748991056436,-0.013486870962826858,-0.08952868500260648,-0.0035096328882785583,0.013230900554844216,-0.041969330104923326,-0.005456542892861729,0.008003369839932602,0.6394830111703091,40.64864864864865,0.9888268156424581,-0.00028074115665355226,0.0022509848058525073,0.011598946844090241,0.013230900554844327,-0.011999722549767666,-0.039385004212299915
12695,2026-04-04,-0.008565009828699788,-0.006612267867191934,0.013201320132013139,-0.01869223820443333,0.0005263051355235171,-0.020360029135305747,-0.09539433883032863,-0.0034489173353495508,0.013201320132013201,-0.04703421283487415,0.06893996334481715,0.00913468347259595,0.7089671729486301,36.826640548481876,0.6480446927374302,-0.008565009828699788,-0.00028074115665355226,0.0022509848058525073,0.013201320132013139,-0.01869223820443333,-0.032431666902705
12695,2026-04-05,-0.011329839966010447,-0.02007299270072993,0.0051835853131749765,-0.02717391304347827,-0.011529825838946557,-0.029736134372024797,-0.1035877037041264,-0.004616840557543991,0.005183585313174946,-0.05213849287169043,0.20851427321079916,0.01131643031084372,0.7513675091660544,32.92469352014011,0.0,-0.011329839966010447,-0.008565009828699788,-0.00028074115665355226,0.0051835853131749765,-0.02717391304347827,-0.021343647041971066
12695,2026-04-06,-0.009597478871221865,-0.02920527941589446,-0.01432746453774325,-0.03677904708832547,-0.01902242761444365,-0.03726189150050133,-0.10994266392132439,-0.00634048280707837,-0.014327464537743246,-0.054754255246428324,0.21204484170066265,0.014101822389354932,0.6624257148073643,29.245283018867923,0.0,-0.009597478871221865,-0.011329839966010447,-0.008565009828699788,-0.01432746453774325,-0.03677904708832547,-0.009690483077813132
12695,2026-04-07,-0.010847555684119214,-0.031440305905679033,-0.02668469365971682,-0.04443202459130924,-0.025961871045189173,-0.04571427242515647,-0.11688621001840807,-0.008514496271363088,-0.026684693659716787,-0.06167249777046031,-0.07947756652897262,0.009650533703757859,0.6560083657391204,26.956521739130437,0.0,-0.010847555684119214,-0.009597478871221865,-0.011329839966010447,-0.02668469365971682,-0.04443202459130924,-0.0014622020763269484
12695,2026-04-08,-0.002778183945021162,-0.023062598481592866,-0.04051772650534613,-0.04045022863172709,-0.022942633183929886,-0.04608491522697448,-0.11653962185938324,-0.009981857398265495,-0.04051772650534609,-0.0700845377692937,-0.20215075866111515,0.008357771260997068,0.6852230782569921,28.203184230477632,0.0,-0.002778183945021162,-0.010847555684119214,-0.009597478871221865,-0.04051772650534613,-0.04045022863172709,-0.001906158357771261
12695,2026-04-09,0.0026392961876833265,-0.010992189759907456,-0.04014598540145986,-0.038864291236207715,-0.01459598558929496,-0.041229380052018726,-0.11131327571642081,-0.010313516229447288,-0.040145985401459854,-0.07105012905855183,-0.2227925317990179,0.008189529102076631,0.6712451147554809,29.381058911260254,0.059602649006622516,0.0026392961876833265,-0.002778183945021162,-0.010847555684119214,-0.04014598540145986,-0.038864291236207715,0.0029248318221702253
12695,2026-04-10,0.0005118455688797319,0.00036555051908182534,-0.03938500421229996,-0.02667520273154078,-0.008365341809108641,-0.0381627875916462,-0.10806541447540434,-0.010133511152209437,-0.039385004212299915,-0.07728100343920696,-0.13654242641360453,0.005554337499086457,0.6885500910834944,34.069668649107896,0.08921161825726141,0.0005118455688797319,0.0026392961876833265,-0.002778183945021162,-0.03938500421229996,-0.02667520273154078,0.004458086676898341
12695,2026-04-11,-0.0013885843747716287,0.0017595307917888103,-0.03243166690270505,-0.01965848758788924,-0.005024393795965922,-0.036939406967811075,-0.10656800671294533,-0.009844622378837644,-0.032431666902705,-0.07663197729422895,0.013311365201155768,0.007098946135831382,0.7216203642164031,37.26765799256505,0.07453416149068323,-0.0013885843747716287,0.0005118455688797319,0.0026392961876833265,-0.03243166690270505,-0.01965848758788924,0.006952576112412178
12695,2026-04-12,0.0,-0.0008774495466510324,-0.021343647041971114,-0.016270698344132417,-0.0019304414971877595,-0.03438950906790979,-0.10372442383013206,-0.00933250869932728,-0.021343647041971066,-0.07600757370841223,0.07714528023281343,0.0038788056206088993,0.6822076743842148,39.007782101167315,0.1276595744680851,0.0,-0.0013885843747716287,0.0005118455688797319,-0.021343647041971114,-0.016270698344132417,0.0010245901639344263
12695,2026-04-13,0.0021955503512880448,0.0008039172696046037,-0.009690483077813172,-0.023879107562905455,0.0016614593673915468,-0.02985620939727904,-0.09873504363507132,-0.008435661510597497,-0.009690483077813132,-0.07159322033898305,-0.04933738221935034,0.007959690375346867,0.6855665885320151,31.77366702937975,1.0,0.0021955503512880448,0.0,-0.0013885843747716287,-0.009690483077813172,-0.023879107562905455,-0.006207097999123704
12695,2026-04-14,-0.0026288885643347415,-0.00043911007025765336,-0.0014622020763269683,-0.028107877321568386,-0.0007629678403828902,-0.029927956039689292,-0.09803202183707317,-0.007878953214438107,-0.0014622020763269484,-0.0734056987788331,0.003496721740804656,0.011934397422755894,0.6248995003236724,28.786251342642316,0.3333333333333333,-0.0026288885643347415,0.0021955503512880448,0.0,-0.0014622020763269683,-0.028107877321568386,-0.004539464050373408
12695,2026-04-15,-0.0032215551325230907,-0.0036592505854801116,-0.0019061583577713037,-0.04234665166010132,-0.00371133158395454,-0.030624959947593677,-0.09771080735169142,-0.0076312380350378045,-0.001906158357771261,-0.07211014176663032,-0.18459453727052058,0.0084471867195534,0.6511166152698981,12.93103448275862,0.0,-0.0032215551325230907,-0.0026288885643347415,0.0021955503512880448,-0.0019061583577713037,-0.04234665166010132,0.0022036139268400176
12695,2026-04-16,0.007492287351255955,0.001606543011537953,0.002924831822170182,-0.03733857383492423,0.0033335771686539817,-0.021504174563579104,-0.08770031660443953,-0.006347337025921784,0.0029248318221702253,-0.05511160099200882,-0.2825023096980297,0.008092738407699038,0.5571732738517693,19.841269841269835,1.0,0.007492287351255955,-0.0032215551325230907,-0.0026288885643347415,0.002924831822170182,-0.03733857383492423,-0.006124234470691163
12695,2026-04-17,0.0020414114902302938,0.00629667594084049,0.0044580866768983984,-0.03510249929795006,0.004741316289658936,-0.01770335270195907,-0.08264882038320857,-0.005062378028286472,0.004458086676898341,-0.05318269495728851,-0.30801398907645355,0.006402793946449359,0.6411404604741845,22.406181015452532,1.0,0.0020414114902302938,0.007492287351255955,-0.0032215551325230907,0.0044580866768983984,-0.03510249929795006,-0.003346915017462165
12695,2026-04-18,0.0010913853317811029,0.010650800646393455,0.006952576112412068,-0.025704574422886317,0.004840947740717132,-0.014990979639758286,-0.07846080457469115,-0.003930546941704472,0.006952576112412178,-0.04834693595241389,-0.2055567132422295,0.008430845264917509,0.6193419685721484,27.284105131414265,1.0,0.0010913853317811029,0.0020414114902302938,0.007492287351255955,0.006952576112412068,-0.025704574422886317,0.0075586888582019045
12695,2026-04-19,-0.005887055745330327,-0.0027704870224555256,0.0010245901639345245,-0.020340925368858342,-0.0012204917434255514,-0.01905989056041766,-0.08074593529781186,-0.003752919264916748,0.0010245901639344263,-0.051258930429354234,-0.09073386161093719,0.00906565287322708,0.6467702931587587,30.277777777777786,0.4413793103448276,-0.005887055745330327,0.0010913853317811029,0.0020414114902302938,0.0010245901639345245,-0.020340925368858342,0.014475800555636789
12695,2026-04-20,-0.005044597163327946,-0.009822467986030259,-0.0062070979991236674,-0.015837431298813986,-0.005377017686733962,-0.02218038900105626,-0.08229322919554459,-0.004101050973009386,-0.006207097999123704,-0.0543395177541519,-0.08257690041196572,0.008229847894775516,0.6497787663451927,33.2824427480916,0.0,-0.005044597163327946,-0.005887055745330327,0.0010913853317811029,-0.0062070979991236674,-0.015837431298813986,0.01366742596810934
12695,2026-04-21,-0.0009552502020722109,-0.01184679119122034,-0.004539464050373421,-0.005995028512940537,-0.005683480295875336,-0.021342450962749684,-0.08010825439783491,-0.004303452860835509,-0.004539464050373408,-0.052675585284280936,-0.0537538760777812,0.005001471020888497,0.7100154039453976,42.084942084942085,0.0,-0.0009552502020722109,-0.005044597163327946,-0.005887055745330327,-0.004539464050373421,-0.005995028512940537,0.01147396293027361
12695,2026-04-22,0.003530450132391838,-0.002485743529755835,0.002203613926839987,0.0002932551319647647,-0.0024857435297558125,-0.016206680238329274,-0.07395411097075848,-0.003882589549411534,0.0022036139268400176,-0.049595987740317635,0.06972955137724546,0.005936675461741424,0.575959560523672,50.378787878787875,0.294478527607362,0.003530450132391838,-0.0009552502020722109,-0.005044597163327946,0.002203613926839987,0.0002932551319647647,0.007036059806508356
12695,2026-04-23,-0.0008795074758135568,0.0016900580498200313,-0.006124234470691214,-0.0032173150043872667,-0.002487926240304405,-0.01545809750566344,-0.0720140625933655,-0.003582367898762737,-0.006124234470691163,-0.0476456615900517,-0.0022585147225859413,0.003447769953051643,0.667805250734027,45.63492063492063,0.22085889570552147,-0.0008795074758135568,0.003530450132391838,-0.0009552502020722109,-0.006124234470691214,-0.0032173150043872667,0.01643192488262911
12695,2026-04-24,0.004841549295774739,0.007502206531332822,-0.003346915017462204,0.0010962508221881162,0.002823795180722949,-0.009458521346754546,-0.06508716889357044,-0.0027038934250352823,-0.003346915017462165,-0.03637003165670067,-0.08360211831757633,0.007227332457293035,0.5716746761933945,51.332149200710475,0.6257668711656442,0.004841549295774739,-0.0008795074758135568,0.003530450132391838,-0.003346915017462204,0.0010962508221881162,0.018688859687545627
12695,2026-04-25,0.012045554095488464,0.016051011433597218,0.0075586888582019895,0.014563817330210727,0.013800668616799036,0.0033582791714314403,-0.05175244192727574,-0.0006365618529276561,0.0075586888582019045,-0.025722116803710733,0.1170437871058391,0.012984202553559835,0.5873362773146328,64.03385049365303,1.0,0.012045554095488464,0.004841549295774739,-0.0008795074758135568,0.0075586888582019895,0.014563817330210727,0.003390319555651735
12695,2026-04-26,0.0009377479622014739,0.01789906103286376,0.014475800555636686,0.015515222482435531,0.01265664421693524,0.004740343119744385,-0.04885867458345103,0.0008349128529409036,0.014475800555636789,-0.012946365059041115,0.26653176665363665,0.01369270683194004,0.6348321175304374,64.68144044321329,1.0,0.0009377479622014739,0.012045554095488464,0.004841549295774739,0.014475800555636686,0.015515222482435531,-0.0014413375612568463
12695,2026-04-27,-0.005837417123090272,0.007081325740984079,0.013667425968109326,0.007375492916605886,0.004796886706068445,-0.0007798673501169625,-0.052435634617410055,0.0010747015921768828,0.01366742596810934,-0.010259721624336346,-0.10020895684168049,0.009423704240666908,0.647734398085752,56.532988357050456,0.7107142857142857,-0.005837417123090272,0.0009377479622014739,0.012045554095488464,0.013667425968109326,0.007375492916605886,-0.00884378397970279
12695,2026-04-28,-0.0031170714026821367,-0.008006924908028568,0.011473962930273585,0.00688241323766281,4.155412424688819e-05,-0.0035625007547670654,-0.05346477106738348,0.0008301255305144329,0.01147396293027361,-0.009935205183585313,0.07843392633820423,0.0071262361838278065,0.6712261446473913,56.025641025641036,0.4918032786885246,-0.0031170714026821367,-0.005837417123090272,0.0009377479622014739,0.011473962930273585,0.00688241323766281,-0.010471204188481676
12695,2026-04-29,-0.0008726003490401313,-0.009801095416546501,0.0070360598065084545,0.009255178492728167,-0.0018265598405911223,-0.0037365920153910504,-0.052518342803552734,0.0005417279774781929,0.007036059806508356,-0.020600185330387055,0.026095540619588756,0.005822416302765648,0.6867254149453665,58.42245989304813,0.4426229508196721,-0.0008726003490401313,-0.0031170714026821367,-0.005837417123090272,0.0070360598065084545,0.009255178492728167,-0.010189228529839884
12695,2026-04-30,0.008442503639010113,0.004421891989851323,0.016431924882629012,0.010207057451151913,0.004265893559743237,0.005152956481577722,-0.042828041552364936,0.0013191504202600198,0.01643192488262911,-0.014018359069237886,0.06247997744799602,0.006278868360277136,0.6841191409961819,59.186351706036746,0.8876404494382022,0.008442503639010113,-0.0008726003490401313,-0.0031170714026821367,0.016431924882629012,0.010207057451151913,-0.0064953810623556586
12695,2026-05-01,0.007072748267898277,0.014688772542175599,0.018688859687545634,0.015279394644935884,0.008695113387583093,0.012903865836573597,-0.03446632172154781,0.0026067899378108975,0.018688859687545627,-0.01842993809791784,0.03324317676804105,0.012971191056327935,0.6098366840634056,62.62019230769231,1.0,0.007072748267898277,0.008442503639010113,-0.0008726003490401313,0.018688859687545634,0.015279394644935884,-0.013759495485165543
12695,2026-05-02,-0.003153217715350487,0.012372634643377012,0.003390319555651722,0.010974634784504778,0.005026681667578476,0.010536410065165397,-0.03600782959692365,0.0029826343245138733,0.003390319555651735,-0.023722627737226276,0.08684251009577243,0.009705248023005032,0.6280428692370761,58.76887340301974,0.794392523364486,-0.003153217715350487,0.007072748267898277,0.008442503639010113,0.003390319555651722,0.010974634784504778,-0.006973400431344356
12695,2026-05-03,-0.003882099209202017,0.0,-0.0014413375612568613,0.01301359847930983,0.001331777871839552,0.007560094143653944,-0.03845886941194437,0.0026717980384446493,-0.0014413375612568463,-0.02723953945520921,0.08674150832121953,0.014073325635103925,0.6038580787792187,60.671462829736214,0.5420560747663551,-0.003882099209202017,-0.003153217715350487,0.007072748267898277,-0.0014413375612568613,0.01301359847930983,-0.006856235565819861
12695,2026-05-04,-0.01320727482678985,-0.02013759495485168,-0.008843783979702757,0.004702770225585962,-0.010646985249273816,-0.004663780719804386,-0.049901830060615965,0.0008369390349276287,-0.00884378397970279,-0.03179436340461691,-0.045380500686889376,0.014188546771008557,0.608956172813589,53.375527426160346,0.0,-0.01320727482678985,-0.003882099209202017,-0.003153217715350487,-0.008843783979702757,0.004702770225585962,0.0097271995904337
12695,2026-05-05,-0.004753894536678072,-0.02171099928109277,-0.010471204188481686,0.0008826125330980705,-0.013882418708655603,-0.008543853428470104,-0.053265049763262164,-0.0009374158889248875,-0.010471204188481676,-0.025354533734422,-0.006673490977915027,0.00874485596707819,0.6463491771416743,50.6,0.0,-0.004753894536678072,-0.01320727482678985,-0.003882099209202017,-0.010471204188481686,0.0008826125330980705,0.010435038212815991
12695,2026-05-06,-0.0005878894767783471,-0.018475750577367167,-0.010189228529839833,-0.0032248607446496713,-0.01303171361331998,-0.008577746458338352,-0.052698300661485974,-0.0021317344355463327,-0.010189228529839884,-0.016488284639861153,-0.09059079994608489,0.007132352941176471,0.6174457913392283,47.708333333333336,0.0,-0.0005878894767783471,-0.004753894536678072,-0.01320727482678985,-0.010189228529839833,-0.0032248607446496713,0.005367647058823529
12695,2026-05-07,0.012205882352941178,0.006801726029401101,-0.0064953810623556985,0.009829812206572752,-5.1884981373329436e-05,0.0033088931970904796,-0.039900684191071366,-0.0014267909428689752,-0.0064953810623556586,0.006433689135838573,-0.10292504570383908,0.012785122766235653,0.646752605292147,56.01436265709157,0.4689265536723164,0.012205882352941178,-0.0005878894767783471,-0.004753894536678072,-0.0064953810623556985,0.009829812206572752,-0.009007700130756937
12695,2026-05-08,-0.00029057097195994697,0.011316872427983515,-0.01375949548516553,0.004672214921886297,0.0016532362880166743,0.002720163209792632,-0.03886729465408827,-0.0009551076770053847,-0.013759495485165543,0.008944281524926686,-0.13989888970221037,0.007847696555733178,0.691929736651634,53.04182509505703,0.5225806451612903,-0.00029057097195994697,0.012205882352941178,-0.0005878894767783471,-0.01375949548516553,0.004672214921886297,-0.013297485830547885
12695,2026-05-09,0.0037058567068739556,0.01566176470588232,-0.006973400431344312,-0.003606722931544404,0.006380232727575569,0.006101336078489434,-0.03405444297504738,-0.00018396764903859736,-0.006973400431344356,0.01001754899093302,0.08983527641970665,0.005067689857380728,0.6784675099521303,47.33475479744136,0.83203125,0.0037058567068739556,-0.00029057097195994697,0.012205882352941178,-0.006973400431344312,-0.003606722931544404,-0.012958806921016433
12695,2026-05-10,-0.0037645696083399294,-0.00036321371494985044,-0.006856235565819824,-0.008287690977226814,0.0035839679943323105,0.002124018400067924,-0.036462243563461366,-0.00011790434800671412,-0.006856235565819861,0.005700504275378207,0.21982922958247253,0.00697623719206453,0.6804651005020256,44.11463664278403,0.755868544600939,-0.0037645696083399294,0.0037058567068739556,-0.00029057097195994697,-0.006856235565819824,-0.008287690977226814,-0.010537024925514135
12695,2026-05-11,0.0032701111837802888,0.003197209707891391,0.009727199590433777,0.0007973903588256448,0.0054725539972533,0.005054635195111769,-0.03218193303459814,0.0003103925211437017,0.0097271995904337,0.010392271662763465,-0.008182021400884958,0.006591337099811676,0.6374723531180325,50.58448459086078,0.9671361502347418,0.0032701111837802888,-0.0037645696083399294,0.0037058567068739556,0.009727199590433777,0.0007973903588256448,-0.011154570476604375
12695,2026-05-12,-0.004056207446037963,-0.004560920871642615,0.010435038212815995,-0.00014543339150674406,-8.310997527476346e-05,0.0007690758716396006,-0.03499817916828145,0.00010379337826293322,0.010435038212815991,0.006293911007025761,-0.17388851639139152,0.005454545454545455,0.6745718634100212,49.89517819706499,0.704225352112676,-0.004056207446037963,0.0032701111837802888,-0.0037645696083399294,0.010435038212815995,-0.00014543339150674406,-0.01949090909090909
12695,2026-05-13,-0.005600000000000049,-0.006394884092725817,0.0053676470588235325,-0.004876273653566243,-0.0064361420518836655,-0.0047845264726005966,-0.039318185011874174,-0.000687293205824721,0.005367647058823529,-0.001533518329195268,-0.11183888839565527,0.006874862868426827,0.6646858344386307,46.712463199214916,0.0,-0.005600000000000049,-0.004056207446037963,0.0032701111837802888,0.0053676470588235325,-0.004876273653566243,-0.008045052292839904
12695,2026-05-14,-0.00226724200980033,-0.011878893234825383,-0.009007700130756913,-0.015444572748267937,-0.00741110314218302,-0.007002372945509654,-0.04039354040995356,-0.0014431843025242983,-0.009007700130756937,-0.0011714745936447504,0.04472018679582449,0.007990030787274593,0.6865436786264814,38.5438972162741,0.0,-0.00226724200980033,-0.005600000000000049,-0.004056207446037963,-0.009007700130756913,-0.015444572748267937,-0.010335727899135025
12695,2026-05-15,-0.004618091188975271,-0.01243636363636369,-0.013297485830547906,-0.026874014619463926,-0.010112055319503495,-0.011504182125689403,-0.043742869796418477,-0.0024247098784236734,-0.013297485830547885,-0.0025708829146466874,-0.03683204389104396,0.009573606303851536,0.6948915477996492,29.143492769744157,0.0,-0.004618091188975271,-0.00226724200980033,-0.005600000000000049,-0.013297485830547906,-0.026874014619463926,-0.01082553943589366
12695,2026-05-16,0.004050371897783345,-0.0028523367220069096,-0.012958806921016475,-0.019841840402588073,-0.004246439563879161,-0.0073028840202994895,-0.03884987208790455,-0.002514597953370959,-0.012958806921016433,-0.005978419364246136,-0.014096541429951514,0.0038873404723485405,0.7435681564937476,34.835164835164846,0.2422907488986784,0.004050371897783345,-0.004618091188975271,-0.00226724200980033,-0.012958806921016475,-0.019841840402588073,-0.019436702361742702
12695,2026-05-17,-0.0013202288396655382,-0.0019058789033865597,-0.010537024925514116,-0.01732101616628179,-0.004054336468129515,-0.008305393771804354,-0.0390936692344366,-0.0026434676736770417,-0.010537024925514135,-0.009313154831199068,0.18378344953390943,0.006169212690951821,0.6369277862081034,36.27002288329519,0.16299559471365638,-0.0013202288396655382,0.004050371897783345,-0.004618091188975271,-0.010537024925514116,-0.01732101616628179,-0.022400117508813162
12695,2026-05-18,0.002643948296122245,0.005375948155239785,-0.011154570476604397,-0.0015358736195422162,0.0001883909321165246,-0.005425042618396612,-0.035501834515262495,-0.0023319052726493554,-0.011154570476604375,-0.007776727959880806,0.09294148386529229,0.01076765309112218,0.6461029586959873,48.555708390646494,0.4269005847953216,0.002643948296122245,-0.0013202288396655382,0.004050371897783345,-0.011154570476604397,-0.0015358736195422162,-0.025564019923820687
12695,2026-05-19,-0.012452387928508668,-0.011148599090509026,-0.019490909090909114,-0.0092592592592593,-0.009488024517727053,-0.01734216395609302,-0.04632857170927245,-0.003507010830861824,-0.01949090909090909,-0.014329580348004094,0.1071776522321729,0.006527221480492508,0.6441957561504109,42.42788461538461,0.0,-0.012452387928508668,0.002643948296122245,-0.0013202288396655382,-0.019490909090909114,-0.0092592592592593,-0.0087524106215695
12695,2026-05-20,0.006008010680907949,-0.0038924794359577186,-0.008045052292839916,-0.0027205882352940858,-0.0023852555480833324,-0.011327851644506622,-0.039511080476266856,-0.0034623707600518524,-0.008045052292839904,-0.003380116099639944,-0.12720494291376966,0.007520460075204601,0.7362943696960603,47.95580110497237,0.4764705882352941,0.006008010680907949,-0.012452387928508668,0.002643948296122245,-0.008045052292839916,-0.0027205882352940858,-0.0204232102042321
12695,2026-05-21,-0.004571260045712622,-0.011060650454145948,-0.010335727899135061,-0.019250326892343406,-0.005472128973870546,-0.015620101249948372,-0.042917444156597005,-0.0038513055433913894,-0.010335727899135025,-0.006987349220358929,-0.028147179873751628,0.0038515665506258794,0.7233554224659413,33.45817727840199,0.11176470588235295,-0.004571260045712622,0.006008010680907949,-0.012452387928508668,-0.010335727899135061,-0.019250326892343406,-0.02155395896600252
12695,2026-05-22,-0.005110732538330498,-0.0037086485684616477,-0.010825539435893705,-0.023979072809184765,-0.009021922428330486,-0.020146141594426636,-0.04678472780203325,-0.00457198181943447,-0.01082553943589366,-0.015537965406039285,0.09936250422293684,0.010944014294222752,0.6673060445804309,30.946882217090064,0.0,-0.005110732538330498,-0.004571260045712622,0.006008010680907949,-0.010825539435893705,-0.023979072809184765,-0.0192078618225134
12695,2026-05-23,-0.004690291840381167,-0.014303620143036211,-0.019436702361742664,-0.03214363280967203,-0.010907361412038203,-0.02411784457713474,-0.05020634474570818,-0.005435993001888391,-0.019436702361742702,-0.019292840375586855,0.03479875247272024,0.010322387613134865,0.6891482467712912,24.71526195899773,0.0,-0.004690291840381167,-0.005110732538330498,-0.004571260045712622,-0.019436702361742664,-0.03214363280967203,-0.014137183035380358
12695,2026-05-24,-0.004338394793926281,-0.014073031627286903,-0.02240011750881321,-0.03270111183780244,-0.01201357226169019,-0.0274357943959376,-0.05319088400147945,-0.006324367045225018,-0.022400117508813162,-0.028252299605781867,0.17211968970496885,0.009766358650739989,0.7214532790990493,24.547511312217196,0.0,-0.004338394793926281,-0.004690291840381167,-0.005110732538330498,-0.02240011750881321,-0.03270111183780244,-0.015475922169634138
12695,2026-05-25,-0.0006010066861993346,-0.009603930911256664,-0.025564019923820736,-0.036433434738519455,-0.008939879311629293,-0.0266928432938652,-0.052537116421439614,-0.00676644229455848,-0.025564019923820687,-0.04039529683329727,0.12719841059319142,0.011125310080432984,0.6470773934137507,20.306965761511222,0.0,-0.0006010066861993346,-0.004338394793926281,-0.004690291840381167,-0.025564019923820736,-0.036433434738519455,-0.006615049237014207
12695,2026-05-26,0.004585431857475841,-0.0003739995512005434,-0.008752410621569506,-0.02807272727272725,-0.0031435482667859956,-0.021007367107586127,-0.047025182412640455,-0.006300582202182409,-0.0087524106215695,-0.03689824156817527,0.013148320268072297,0.00882969170906914,0.6773677373018304,27.347417840375584,0.23461538461538461,0.004585431857475841,-0.0006010066861993346,-0.004338394793926281,-0.008752410621569506,-0.02807272727272725,-0.014217300209518108
12695,2026-05-27,-0.005836575875486361,-0.0018781458943730733,-0.0204232102042321,-0.02830395670299135,-0.006027830622234631,-0.025510129237629957,-0.051338054931218964,-0.006469194964901495,-0.0204232102042321,-0.036897426603841973,-0.09065073138927156,0.00715038386271263,0.664923342902822,27.315357561547472,0.0,-0.005836575875486361,0.004585431857475841,-0.0006010066861993346,-0.0204232102042321,-0.02830395670299135,-0.0004516031913292187
12695,2026-05-28,-0.005720307090170129,-0.006990904307299095,-0.02155395896600254,-0.03166691101011587,-0.008630393996247656,-0.029798860142188466,-0.05551632012825088,-0.007031178783117606,-0.02155395896600252,-0.03941244909831297,-0.07469112859195458,0.010068130204390614,0.6644343330468959,25.946547884187083,0.0,-0.005720307090170129,-0.005836575875486361,0.004585431857475841,-0.02155395896600254,-0.03166691101011587,0.01453444360333081
12695,2026-05-29,-0.002725208175624494,-0.014217300209518058,-0.01920786182251344,-0.029825465792768235,-0.008589827665910514,-0.03110030252067879,-0.05683896356174818,-0.0074832416964134086,-0.0192078618225134,-0.04119359534206696,0.02996944029021526,0.007059359344162745,0.6762860759366002,26.75086107921929,0.0,-0.002725208175624494,-0.005720307090170129,-0.005836575875486361,-0.01920786182251344,-0.029825465792768235,0.018824958251100653
12695,2026-05-30,0.00045544253833318393,-0.007978323046816227,-0.014137183035380363,-0.03329910517823087,-0.006118843452406582,-0.029049922648135003,-0.055236262615964975,-0.007479726817971782,-0.014137183035380358,-0.048787528868360276,0.07929712883182016,0.004400606980273141,0.7070659637829241,22.38442822384428,0.031578947368421054,0.00045544253833318393,-0.002725208175624494,-0.005720307090170129,-0.014137183035380363,-0.03329910517823087,0.026479514415781488
12695,2026-05-31,-0.0056904400606980765,-0.007948523845571542,-0.015475922169634115,-0.03752937720329019,-0.009576558485025194,-0.03255811664423284,-0.059417507936875044,-0.007892949320065437,-0.015475922169634138,-0.06084276909846639,0.061366142447430966,0.010377718428080884,0.7154317312397404,20.93287827076223,0.0,-0.0056904400606980765,0.00045544253833318393,-0.002725208175624494,-0.015475922169634115,-0.03752937720329019,0.029378099961846624
12695,2026-06-01,0.008393742846241947,0.00311219067860935,-0.00661504923701417,-0.03200996191034278,-0.00031339831845589923,-0.022766375965648317,-0.05035926417714167,-0.006931021376850407,-0.006615049237014207,-0.04996405463695183,-0.059098705753937296,0.006961785849413545,0.6892064074958131,27.072402938090235,0.4247104247104247,0.008393742846241947,-0.0056904400606980765,0.00045544253833318393,-0.00661504923701417,-0.03200996191034278,0.011275066212637155
12695,2026-06-02,-0.0031025349981081973,-0.00045523520485579727,-0.014217300209518058,-0.022845275181723745,-0.0013644633110976349,-0.024157786095939784,-0.052023343223581195,-0.00643715340642542,-0.014217300209518108,-0.04922055427251732,-0.0902735111865443,0.001594048884165781,0.6201529362357387,31.310679611650485,0.3812154696132597,-0.0031025349981081973,0.008393742846241947,-0.0056904400606980765,-0.014217300209518058,-0.022845275181723745,0.011461970548049188
12695,2026-06-03,0.008046151510550992,0.01335368180083929,-0.00045160319132919735,-0.02086559020865586,0.006736121640061533,-0.015350546574363983,-0.04321847472117889,-0.004965875689251158,-0.0004516031913292187,-0.0287427777371462,-0.19074061214884772,0.009262048192771084,0.7056006780611189,33.33333333333333,1.0,0.008046151510550992,-0.0031025349981081973,0.008393742846241947,-0.00045160319132919735,-0.02086559020865586,-0.0037650602409638554
12695,2026-06-04,0.009186746987951855,0.014150586454786174,0.014534443603330782,-0.007332790163691594,0.013876580568464221,-0.005798642450019119,-0.033401182824996406,-0.002769652731381253,0.01453444360333081,-0.015138154027042916,-0.15269820428775552,0.012833905387255633,0.5808903718321562,44.55445544554455,1.0,0.009186746987951855,0.008046151510550992,-0.0031025349981081973,0.014534443603330782,-0.007332790163691594,-0.01566930308909118
12695,2026-06-05,0.0014923145799135007,0.018824958251100643,0.018824958251100643,-0.0007444907683145097,0.012675418741511997,-0.003876534719353253,-0.031021463069514983,-0.0010767305326895218,0.018824958251100653,-0.013088235294117647,-0.011331473063522295,0.00841901355982715,0.6338925690225495,49.41860465116279,1.0,0.0014923145799135007,0.009186746987951855,0.008046151510550992,0.018824958251100643,-0.0007444907683145097,-0.02048874981373864
12695,2026-06-06,0.007971986291163802,0.018750000000000044,0.026479514415781447,0.011967985638417167,0.016923126483189603,0.004653580534171592,-0.022475022177977713,0.000992423710052757,0.026479514415781488,-0.017216330088624148,0.005654601264910052,0.011974277478010201,0.6613791362903735,58.84955752212389,1.0,0.007971986291163802,0.0014923145799135007,0.009186746987951855,0.026479514415781447,0.011967985638417167,-0.0339271195210289
12695,2026-06-07,-0.0028826964298913627,0.006566184151619137,0.029378099961846704,0.013447524603711125,0.00981692189237743,0.0024323909263396907,-0.02437025233300149,0.001959320643718933,0.029378099961846624,-0.019764569103328005,0.12774489792515076,0.01045218680504077,0.7194793432271922,60.112994350282484,0.8901408450704226,-0.0028826964298913627,0.007971986291163802,0.0014923145799135007,0.029378099961846704,0.013447524603711125,-0.02898443291326909
12695,2026-06-08,-0.009340252038547048,-0.0043212635970794055,0.011275066212637075,0.004585431857475841,-0.001206478683763767,-0.005824896037136448,-0.0324270012364559,0.0014239239803763102,0.011275066212637155,-0.03250561065662781,0.19763315966640013,0.016237653397186472,0.592934104705449,53.04087736789631,0.5352112676056338,-0.009340252038547048,-0.0028826964298913627,0.007971986291163802,0.011275066212637075,0.004585431857475841,-0.029182879377431907
12695,2026-06-09,-0.0029182879377431803,-0.01507871978712394,0.011461970548049205,-0.0029182879377431803,-0.005724214386219286,-0.007653295534377751,-0.03408198523637502,0.000688332958438839,0.011461970548049188,-0.03168374391395974,0.09096110478487061,0.01200750469043152,0.632638076989002,48.01223241590214,0.18072289156626506,-0.0029182879377431803,-0.009340252038547048,-0.0028826964298913627,0.011461970548049205,-0.0029182879377431803,-0.03519699812382739
12695,2026-06-10,-0.007129455909943738,-0.01927353595255743,-0.0037650602409639022,-0.004214963119072657,-0.012286427337300882,-0.013317356814176074,-0.039755741344535515,-0.0006434212254931979,-0.0037650602409638554,-0.041720990873533245,-0.06809530893836313,0.01307634164777022,0.6850477513098808,47.19438877755511,0.0,-0.007129455909943738,-0.0029182879377431803,-0.009340252038547048,-0.0037650602409639022,-0.004214963119072657,-0.030990173847316706
12695,2026-06-11,-0.0028722600151172006,-0.01287039808440582,-0.015669303089091202,-0.0013626040878123025,-0.012912604754575053,-0.014784701978347007,-0.0412798439277746,-0.00182320356316124,-0.01566930308909118,-0.040581818181818184,-0.06707033411899475,0.009323832625833839,0.6436480533396833,49.0625,0.0,-0.0028722600151172006,-0.007129455909943738,-0.0029182879377431803,-0.015669303089091202,-0.0013626040878123025,-0.030927835051546393
12695,2026-06-12,-0.003411158277744075,-0.01335834896810506,-0.020488749813738605,-0.0020494914224988836,-0.013379504057806281,-0.016858063728117233,-0.043311842354208256,-0.0029278595431149416,-0.02048874981373864,-0.0384699773275799,0.09284257091444569,0.015212596029512436,0.5838287291612644,48.60681114551084,0.0,-0.003411158277744075,-0.0028722600151172006,-0.007129455909943738,-0.020488749813738605,-0.0020494914224988836,-0.02867574351563094
12695,2026-06-13,-0.005856849471362335,-0.012093726379440617,-0.03392711952102889,-0.00834597875569043,-0.014307569652438143,-0.021220616024423312,-0.047629071642777084,-0.004231367006273483,-0.0339271195210289,-0.0419293358745052,-0.003235509265644783,0.011094108645753635,0.6741759438877966,44.71153846153847,0.0,-0.005856849471362335,-0.003411158277744075,-0.0028722600151172006,-0.03392711952102889,-0.00834597875569043,-0.02739097169089518
12695,2026-06-14,0.0022188217291507772,-0.007049727107337755,-0.02898443291326913,-0.0004578405188859769,-0.007941402404059439,-0.01787209369165828,-0.04429879494631366,-0.004686285910130558,-0.02898443291326909,-0.03534870019883644,0.1114384137854741,0.007176120314527827,0.7088249250604725,49.69818913480885,0.09863945578231292,0.0022188217291507772,-0.005856849471362335,-0.003411158277744075,-0.02898443291326913,-0.0004578405188859769,-0.023742270402320787
12695,2026-06-15,-0.009542713184212515,-0.013158895565528295,-0.029182879377431914,-0.018236852062050724,-0.013244673337896695,-0.025637045919376367,-0.05223402675134106,-0.005938222847105899,-0.029182879377431907,-0.04840839078773654,0.07908292637719364,0.011022044088176353,0.6975353851512383,38.05748265609514,0.0,-0.009542713184212515,0.0022188217291507772,-0.005856849471362335,-0.029182879377431914,-0.018236852062050724,-0.015492523508555572
12695,2026-06-16,-0.009095113303530189,-0.01637337413925022,-0.03519699812382737,-0.02413845453165331,-0.017211252839419867,-0.03265855866927845,-0.059586964066410245,-0.007614982918742515,-0.03519699812382739,-0.05581668625146886,0.18931550599661803,0.01065650280024891,0.7826783087502387,35.35911602209944,0.0,-0.009095113303530189,-0.009542713184212515,0.0022188217291507772,-0.03519699812382737,-0.02413845453165331,-0.020690728064716862
12695,2026-06-17,-0.002800248911014269,-0.02129933582716237,-0.030990173847316727,-0.034638554216867457,-0.015555409289365775,-0.03335017304690734,-0.060970200575397863,-0.008786809926868,-0.030990173847316706,-0.060943451508936416,0.01461620328965137,0.010842433697347893,0.6199497094296016,27.36220472440945,0.0,-0.002800248911014269,-0.009095113303530189,-0.009542713184212515,-0.030990173847316727,-0.034638554216867457,-0.024648985959438378
12695,2026-06-18,-0.0028081123244929618,-0.014644673963311261,-0.030927835051546393,-0.04611252051932546,-0.01390633608815423,-0.03437058596926761,-0.06236095061291748,-0.009591032266347225,-0.030927835051546393,-0.05177273401572467,0.07455941798437347,0.008995619524405507,0.6189684077030654,16.77419354838709,0.0,-0.0028081123244929618,-0.002800248911014269,-0.009095113303530189,-0.030927835051546393,-0.04611252051932546,-0.01955569461827284
12695,2026-06-19,-0.0010951188986232374,-0.0066894835096452665,-0.028675743515630958,-0.04857696319475491,-0.01087714250937774,-0.03349832735419224,-0.062148856634360476,-0.00993028452560045,-0.02867574351563094,-0.058467890584678904,-0.1212253237633785,0.0060297572435395455,0.6961250996187563,14.718614718614731,0.0,-0.0010951188986232374,-0.0028081123244929618,-0.002800248911014269,-0.028675743515630958,-0.04857696319475491,-0.02200469851213782
12695,2026-06-20,-0.004541895066562218,-0.008424336973478885,-0.027390971690895216,-0.06038879444156997,-0.011453646614453106,-0.03596914979941297,-0.0651574045550779,-0.010353632161811262,-0.02739097169089518,-0.05844011554699652,0.025930140659656473,0.010855884203901826,0.7557488337418531,3.314285714285731,0.0,-0.004541895066562218,-0.0010951188986232374,-0.0028081123244929618,-0.027390971690895216,-0.06038879444156997,-0.009754562617998742
12695,2026-06-21,0.005978602894902485,0.0003128911138923218,-0.023742270402320798,-0.05203854707190514,-0.0020957816819762976,-0.028624238818063318,-0.05836189397776078,-0.009599766421052114,-0.023742270402320787,-0.04794520547945205,0.022659932426658907,0.010009383797309979,0.6803801970539018,11.51315789473685,0.2900763358778626,0.005978602894902485,-0.004541895066562218,-0.0010951188986232374,-0.023742270402320798,-0.05203854707190514,-0.010400375351892399
12695,2026-06-22,-0.0011729746637472171,0.0002349256068912009,-0.015492523508555567,-0.04422328644118523,-0.0010278985061953029,-0.028297269677367037,-0.058279102687611856,-0.008928232130747199,-0.015492523508555572,-0.044580746503104195,0.14032144806427035,0.007046112894386597,0.6996629870014893,13.108614232209746,0.4236111111111111,-0.0011729746637472171,0.005978602894902485,-0.004541895066562218,-0.015492523508555567,-0.04422328644118523,-0.007280983324199484
12695,2026-06-23,-0.014327096218586077,-0.009597230962869685,-0.020690728064716835,-0.05515947467166982,-0.012405168259802528,-0.04046460109545046,-0.0705339323608569,-0.009867474686926121,-0.020690728064716862,-0.05416572759371948,-0.02790837968008844,0.018109610802223987,0.6337983899720403,11.111111111111114,0.0,-0.014327096218586077,-0.0011729746637472171,0.005978602894902485,-0.020690728064716835,-0.05515947467166982,0.0015885623510722795
12695,2026-06-24,-0.006830818109610837,-0.022208320300281525,-0.02464898595943843,-0.054875283446712,-0.015665590805321577,-0.04508068396172375,-0.07557489062415289,-0.010950365156199415,-0.024648985959438378,-0.06006164023152672,-0.05005367607806784,0.017914267434420986,0.6895579522721978,11.217948717948715,0.0,-0.006830818109610837,-0.014327096218586077,-0.0011729746637472171,-0.02464898595943843,-0.054875283446712,-0.011196417146513116
12695,2026-06-25,0.002399232245681393,-0.01871134424175991,-0.01955569461827289,-0.04987871437234692,-0.010522042155834448,-0.04076285908892624,-0.07219547341010885,-0.01102584494549737,-0.01955569461827284,-0.062107153546842264,-0.1569369173086257,0.008217647997446944,0.705210599861663,14.547413793103445,0.1056338028169014,0.002399232245681393,-0.006830818109610837,-0.014327096218586077,-0.01955569461827289,-0.04987871437234692,-0.0212222754108824
12695,2026-06-26,-0.003590234561991368,-0.00802223987291506,-0.02200469851213782,-0.05004944093709596,-0.010940151600859805,-0.04225949765083007,-0.07442343433611474,-0.011130840707403649,-0.02200469851213782,-0.05998795724823122,-0.1845077139518802,0.008007046200656578,0.7419830230443313,14.547413793103445,0.0,-0.003590234561991368,0.002399232245681393,-0.006830818109610837,-0.02200469851213782,-0.05004944093709596,-0.02786452077828489
12695,2026-06-27,0.007926975738649977,0.006717850287907945,-0.009754562617998785,-0.036878347360367214,-0.001699408605805118,-0.03313021660095247,-0.0660851200284893,-0.009917085642688627,-0.009754562617998742,-0.04708554125662377,0.005391543915576524,0.010247855100095328,0.7187668169478959,24.631578947368425,0.3311036789297659,0.007926975738649977,-0.003590234561991368,0.002399232245681393,-0.009754562617998785,-0.036878347360367214,-0.04099142040038131
12695,2026-06-28,0.005322529393072761,0.009653741822243544,-0.010400375351892421,-0.03389571723032292,0.005128612438019873,-0.02669069709609519,-0.06004969823712383,-0.008177783787564416,-0.010400375351892399,-0.039395779565811445,0.11211589074361916,0.010430659818253654,0.6712841214752403,27.53036437246962,0.5845070422535211,0.005322529393072761,0.007926975738649977,-0.003590234561991368,-0.010400375351892421,-0.03389571723032292,-0.02220466218885816
12695,2026-06-29,0.0019755037534572306,0.01529345824325401,-0.007280983324199464,-0.022660706027439526,0.008178100863244001,-0.02351621440544614,-0.05712444437100322,-0.006543061268079884,-0.007280983324199484,-0.03793626707132018,0.08332099451459661,0.010094637223974764,0.6687707529011853,33.44594594594595,1.0,0.0019755037534572306,0.005322529393072761,0.007926975738649977,-0.007280983324199464,-0.022660706027439526,-0.021293375394321766
12695,2026-06-30,-0.005520504731861164,0.00174769621862092,0.001588562351072298,-0.019135034225264413,0.0023847376788553257,-0.027671397654896606,-0.06108374547253573,-0.0059087474036591415,0.0015885623510722795,-0.03777184280808851,-0.02045596507681232,0.007692307692307693,0.7106813060797489,35.35714285714286,0.6335078534031413,-0.005520504731861164,0.0019755037534572306,0.005322529393072761,0.001588562351072298,-0.019135034225264413,-0.011022997620935766
12695,2026-07-01,-0.019508326724821612,-0.022994863690241063,-0.011196417146513093,-0.03556942277691111,-0.015605095541401274,-0.044550056025655885,-0.07796329286986789,-0.007580829090500845,-0.011196417146513116,-0.06439651910707529,0.17317078779487513,0.004448398576512456,0.7724231570281446,28.285714285714292,0.0,-0.019508326724821612,-0.005520504731861164,0.0019755037534572306,-0.011196417146513093,-0.03556942277691111,0.01083791653186671
12695,2026-07-02,-0.007764477515367241,-0.032492113564668745,-0.021222275410882396,-0.04036295369211518,-0.02028429963264654,-0.049750974028488826,-0.08362202188776587,-0.009324371890921175,-0.0212222754108824,-0.06877182328829513,0.040697856412613136,0.014916856863384415,0.666902604122335,26.756756756756772,0.0,-0.007764477515367241,-0.019508326724821612,-0.005520504731861164,-0.021222275410882396,-0.04036295369211518,0.018421910661884578
12695,2026-07-03,-0.01035213563743076,-0.03719270420301346,-0.02786452077828494,-0.04925606891151135,-0.02656174833344783,-0.056814356371546255,-0.09161496492206707,-0.011357742694544168,-0.02786452077828489,-0.08576807228915663,0.16028689382909264,0.011860637509266123,0.7442570858434447,24.28454619787408,0.0,-0.01035213563743076,-0.007764477515367241,-0.019508326724821612,-0.02786452077828494,-0.04925606891151135,0.03566427806605716
12695,2026-07-04,-0.005683222139856725,-0.023616952442575223,-0.040991420400381284,-0.05034612964128382,-0.026339440027653017,-0.05893358278765201,-0.09535613150008787,-0.012977741172602052,-0.04099142040038131,-0.09923891956424415,0.056401013691948956,0.010188866799204771,0.7338149942854358,24.06807131280388,0.0,-0.005683222139856725,-0.01035213563743076,-0.007764477515367241,-0.040991420400381284,-0.05034612964128382,0.051027170311464545
12695,2026-07-05,0.025016567263088207,0.008640365177698062,-0.022204662188858193,-0.03237410071942448,0.0012599845102822303,-0.03275732688539632,-0.07160107673800742,-0.010750384248352894,-0.02220466218885816,-0.07808076292653852,0.17675189441804517,0.012607079359948278,0.6745378460406511,35.82191780821917,0.4967105263157895,0.025016567263088207,-0.005683222139856725,-0.01035213563743076,-0.022204662188858193,-0.03237410071942448,0.019395506707612736
12695,2026-07-06,0.00290932600614191,0.022156329791615192,-0.021293375394321745,-0.028419322007359304,0.007316875195677109,-0.027106694227186118,-0.06791478793371507,-0.008602932573614734,-0.021293375394321766,-0.08271121294995935,-4.404511511743921e-06,0.011925866236905721,0.5803803400532772,37.74476704929101,0.6282527881040892,0.00290932600614191,0.025016567263088207,-0.005683222139856725,-0.021293375394321745,-0.028419322007359304,0.01659951651893634
12695,2026-07-07,0.004915390813859721,0.033051689860835065,-0.011022997620935726,-0.009451945988880106,0.013902439024390244,-0.019714191388011074,-0.06241855398659441,-0.006344089911335098,-0.011022997620935766,-0.07553743513713862,0.07026217325502736,0.008499719348889424,0.6995783808276556,45.62178072111846,1.0,0.004915390813859721,0.00290932600614191,0.025016567263088207,-0.011022997620935726,-0.009451945988880106,-0.0028866971373586723
12695,2026-07-08,0.002165022853019005,0.010021011798933221,0.01083791653186661,-0.0004798464491362342,0.014518635341048795,-0.015357626815971026,-0.0594631476318927,-0.004410527971677308,0.01083791653186671,-0.06480095779706675,-0.18696955389424783,0.009521523443751,0.6876563854978619,49.76923076923077,1.0,0.002165022853019005,0.004915390813859721,0.00290932600614191,0.01083791653186661,-0.0004798464491362342,0.003040486477836454
12695,2026-07-09,-0.0003200512081933393,0.0067687348912166545,0.01842191066188459,-0.0031913196106589936,0.011542910016192523,-0.013519950941817118,-0.05882845293347121,-0.0030448471172422565,0.018421910661884578,-0.06236397748592871,-0.03358314863220272,0.006803265567472387,0.7126777692288601,48.430141287284144,0.9906103286384976,-0.0003200512081933393,0.002165022853019005,0.004915390813859721,0.01842191066188459,-0.0031913196106589936,0.008804226028493676
12695,2026-07-10,0.0064030734752680285,0.008259161254109637,0.03566427806605721,0.006805989270558088,0.012946957752638344,-0.005486407892412632,-0.05193711750882797,-0.0013065819807349165,0.03566427806605716,-0.04958427815570673,-0.007351052364522624,0.012167965643391124,0.6469637605202365,53.246753246753244,1.0,0.0064030734752680285,-0.0003200512081933393,0.002165022853019005,0.03566427806605721,0.006805989270558088,0.007157626849053603
12695,2026-07-11,0.009066327342134528,0.015202432389182174,0.05102717031146464,0.007944073721004141,0.014935606623318786,0.004865402841099519,-0.042558810878702495,0.0009280085670829664,0.051027170311464545,-0.03820497271073378,0.07844726150567241,0.0114281210592686,0.647303341517622,53.776435045317214,1.0,0.009066327342134528,0.0064030734752680285,-0.0003200512081933393,0.05102717031146464,0.007944073721004141,0.005044136191677175
12695,2026-07-12,-0.005832282471626704,0.009604610212902154,0.01939550670761281,-0.003239826155669645,0.006256481555345298,0.0004124103800520849,-0.04728016723746832,0.0016558230949225163,0.019395506707612736,-0.04054156841865064,0.018958398184909502,0.009275408276518154,0.7463004850386677,48.45980465815177,0.7338129496402878,-0.005832282471626704,0.009066327342134528,0.0064030734752680285,0.01939550670761281,-0.003239826155669645,0.008641192325986998
12695,2026-07-13,0.00015855398763275907,0.0033402258628916215,0.01659951651893632,-0.0050473186119873725,0.0040588937524870675,0.001773378153039936,-0.04629513748606741,0.002090966666904569,0.01659951651893634,-0.03473603672532517,-0.12266268911496428,0.01062143310082435,0.7402295873314888,47.55351681957186,0.6682027649769585,0.00015855398763275907,-0.005832282471626704,0.009066327342134528,0.01659951651893632,-0.0050473186119873725,0.00538998097653773
12695,2026-07-14,-0.014346861128725408,-0.0199401008827238,-0.0028866971373586736,-0.013877874702616921,-0.00994096839136025,-0.01086051555630972,-0.05904598874369622,0.0006214567912771931,-0.0028866971373586723,-0.05069089243453699,0.07310359849409104,0.016726980297547246,0.6645813356729414,43.83368569415081,0.0,-0.014346861128725408,0.00015855398763275907,-0.005832282471626704,-0.0028866971373586736,-0.013877874702616921,0.016405307599517492
12695,2026-07-15,0.008122235625251273,-0.006183605517678714,0.0030404864778363905,0.013911355548366311,-0.0023306843116522435,-0.0016670737016468314,-0.05046128675523782,0.0005849250415830183,0.003040486477836454,-0.0337598273470017,-0.18381827482808577,0.012284620293554562,0.6530606495236144,56.750392464678185,0.39920948616600793,0.008122235625251273,-0.014346861128725408,0.00015855398763275907,0.0030404864778363905,0.013911355548366311,0.005264837268666241
12695,2026-07-16,0.005424377791959145,-0.0009511731135066759,0.008804226028493733,0.027388327355722275,0.0018281535648994515,0.004420171281637202,-0.044393786992716414,0.001174151583768417,0.008804226028493676,-0.019601742377100186,-0.1390605672789338,0.010869565217391304,0.6572607539994624,63.48314606741573,0.6679841897233202,0.005424377791959145,0.008122235625251273,-0.014346861128725408,0.008804226028493733,0.027388327355722275,-0.0050777530942557915
12695,2026-07-17,0.004760393525864881,0.018415761962203403,0.007157626849053633,0.0430771765093485,0.005569608766178502,0.009619984055274998,-0.03895821370481205,0.0020739101538698496,0.007157626849053603,-0.012168486739469579,-0.04376365572881152,0.007264687302590019,0.6640312965383441,72.17981340118745,0.9051383399209486,0.004760393525864881,0.005424377791959145,0.008122235625251273,0.007157626849053633,0.0430771765093485,-0.016424510423247
12695,2026-07-18,0.006948831332912242,0.01723037651563497,0.0050441361916770955,0.0563286944996686,0.011822581924938506,0.016722123592758372,-0.031523910223900234,0.0034013518335267346,0.005044136191677175,-0.0025031289111389237,-0.018820544074820374,0.008077164366373903,0.6537418431124205,78.38063439065108,1.0,0.006948831332912242,0.004760393525864881,0.005424377791959145,0.0050441361916770955,0.0563286944996686,-0.03528858218318695
12695,2026-07-19,-0.002274153074027563,0.0094414471596318,0.008641192325987035,0.02820429933732016,0.008275783991848687,0.014536668607015498,-0.03300339230385316,0.003878784853770703,0.008641192325986998,-0.0036805011746280343,0.07269500033291058,0.008174172757997328,0.6775197215875614,68.86486486486487,0.9085173501577287,-0.002274153074027563,0.006948831332912242,0.004760393525864881,0.008641192325987035,0.02820429933732016,-0.047394482433388355
12695,2026-07-20,-0.0030653147842489847,0.0015792798483891257,0.005389980976537645,0.022078968573730817,0.004411864521821802,0.011502074732916368,-0.03522449817830551,0.003698678651283465,0.00538998097653773,-0.0022026431718061676,-0.1070411257702166,0.01119520655944497,0.7148025230870713,64.76293103448276,0.7854889589905363,-0.0030653147842489847,-0.002274153074027563,0.006948831332912242,0.005389980976537645,0.022078968573730817,-0.052349416587827186
12695,2026-07-21,-0.003547776726584684,-0.008861355081555833,0.016405307599517416,0.013471253307673736,-0.0014559490756415718,0.00831285700609509,-0.037830074249260236,0.0030433199105088923,0.016405307599517492,-0.011651548326556146,-0.00925746011601375,0.007120816520294327,0.694999135961291,59.210526315789465,0.47685185185185186,-0.003547776726584684,-0.0030653147842489847,-0.002274153074027563,0.016405307599517416,0.013471253307673736,-0.046364427565471954
12695,2026-07-22,-0.002927446791676558,-0.009510335612670007,0.005264837268666334,0.008321331413026156,-0.005120223756033764,0.005818454637603629,-0.039810227530553584,0.002174682741279325,0.005264837268666241,-0.013387614499334535,-0.019761364198971617,0.009125535629265196,0.6756377787237932,55.63991323210412,0.0,-0.002927446791676558,-0.003547776726584684,-0.0030653147842489847,0.005264837268666334,0.008321331413026156,-0.04459609585780035
12695,2026-07-23,-0.004919853991429912,-0.011352885525070966,-0.0050777530942558435,0.0036817672482791775,-0.009299805877838513,0.0010031317934240998,-0.043596605556054595,0.0009645481876594188,-0.0050777530942557915,-0.003971405877680699,-0.023893099321898682,0.007894736842105263,0.7094015244935782,52.34693877551021,0.0,-0.004919853991429912,-0.002927446791676558,-0.003547776726584684,-0.0050777530942558435,0.0036817672482791775,-0.05087719298245614
12695,2026-07-24,-0.006698564593301426,-0.014478993591265144,-0.016424510423246996,-0.009384444090981381,-0.013620525815647768,-0.005575144700951416,-0.048869076960799715,-0.0006338749648052477,-0.016424510423247,-0.003838771593090211,0.05503849703824,0.010517019910083494,0.6808635043819724,44.0040650406504,0.0,-0.006698564593301426,-0.004919853991429912,-0.002927446791676558,-0.016424510423246996,-0.009384444090981381,-0.057161207450224794
12695,2026-07-25,-0.012363519588953098,-0.023805745119822252,-0.03528858218318698,-0.03042244640605296,-0.020830964455461346,-0.01726300317140783,-0.059372252169591314,-0.003089748502004602,-0.03528858218318695,-0.018509653741822243,0.07762088178310589,0.014225329214761828,0.7074315403029294,31.15234375,0.0,-0.012363519588953098,-0.006698564593301426,-0.004919853991429912,-0.03528858218318698,-0.03042244640605296,-0.04495204031864737
12695,2026-07-26,-0.01479434238335231,-0.03349282296650713,-0.047394482433388396,-0.03916283494529882,-0.028657133370733834,-0.030849685745813885,-0.07196760224265987,-0.006302852218047543,-0.047394482433388355,-0.02954600048042277,0.05565287248998782,0.015594059405940594,0.7238055969589797,28.18021201413427,0.0,-0.01479434238335231,-0.012363519588953098,-0.006698564593301426,-0.047394482433388396,-0.03916283494529882,-0.041831683168316834
12695,2026-07-27,-0.008250825082508295,-0.03500321130378936,-0.05234941658782721,-0.04724159797083072,-0.029291985371312584,-0.03738861630619906,-0.07826641150999693,-0.0091521274107751,-0.052349416587827186,-0.04512233873530346,-0.0029315940649134566,0.01930116472545757,0.7277330703756572,25.772357723577244,0.0,-0.008250825082508295,-0.01479434238335231,-0.012363519588953098,-0.05234941658782721,-0.04724159797083072,-0.04043261231281198
12695,2026-07-28,0.0027454242928453,-0.020240611282718257,-0.04636442756547199,-0.03071974266184163,-0.020001626148467355,-0.03319215837263767,-0.07440542470760793,-0.010410346562843719,-0.046364427565471954,-0.04757013038324773,-0.016206340600016217,0.010619762714676843,0.7219078134382513,32.34750462107209,0.05670103092783505,0.0027454242928453,-0.008250825082508295,-0.01479434238335231,-0.04636442756547199,-0.03071974266184163,-0.042396083962498964
12695,2026-07-29,-0.0010785696507094045,-0.0066006600660065695,-0.04459609585780033,-0.03956604977664324,-0.014626275853199467,-0.03257946668666506,-0.07396883318876563,-0.01101974783090079,-0.04459609585780035,-0.050473186119873815,0.0011301719741252686,0.011046511627906977,0.6878997434414974,25.050301810865193,0.038461538461538464,-0.0010785696507094045,0.0027454242928453,-0.008250825082508295,-0.04459609585780033,-0.03956604977664324,-0.03953488372093023
12695,2026-07-30,-0.011461794019933524,-0.009816971713810352,-0.05087719298245619,-0.05569660425261824,-0.01859988456056454,-0.04185092954360054,-0.08297470342940644,-0.012387041095651311,-0.05087719298245614,-0.056145915939730374,-0.08987956500568091,0.014871450176440934,0.6697951153256533,17.011278195488728,0.0,-0.011461794019933524,-0.0010785696507094045,0.0027454242928453,-0.05087719298245619,-0.05569660425261824,-0.02974290035288187
12695,2026-07-31,-0.013275079818517943,-0.025636770928399555,-0.057161207450224794,-0.07264687302590023,-0.023437592805977618,-0.05299487146405192,-0.09346731427169738,-0.014414269455183237,-0.057161207450224794,-0.050145583953413134,0.14396452063429835,0.019754768392370572,0.6455522929777556,10.413080895008605,0.0,-0.013275079818517943,-0.011461794019933524,-0.0010785696507094045,-0.057161207450224794,-0.07264687302590023,-0.015837874659400546
12695,2026-08-01,0.00042574931880112743,-0.024169435215946833,-0.04495204031864741,-0.0786543287327478,-0.01656143875257093,-0.05126817884511339,-0.09143947140046232,-0.015232702209889447,-0.04495204031864737,-0.04230518421910662,0.16621116991367674,0.012596816750361733,0.6250130815691903,3.5217794253938877,0.013297872340425532,0.00042574931880112743,-0.013275079818517943,-0.011461794019933524,-0.04495204031864741,-0.0786543287327478,-0.017107838965018298
12695,2026-08-02,-0.01157545323006215,-0.024281633338934627,-0.04183168316831687,-0.08724357462862531,-0.022016097015194653,-0.06091555275223788,-0.10036409960663464,-0.016613490458473518,-0.041831683168316834,-0.04348900420064245,0.17779880494906436,0.01842762421424266,0.6660955774035032,3.2040472175379477,0.0,-0.01157545323006215,0.00042574931880112743,-0.013275079818517943,-0.04183168316831687,-0.08724357462862531,0.005683285972616895
12695,2026-08-03,-0.006802721088435382,-0.017881471389645798,-0.04043261231281203,-0.09066540523494171,-0.022956374417619652,-0.06594934282806635,-0.10488610808349773,-0.017768359754028542,-0.04043261231281198,-0.04456593770709079,-0.08432694735527478,0.013351829374024623,0.7094962017960178,3.099510603588911,0.0,-0.006802721088435382,-0.01157545323006215,0.00042574931880112743,-0.04043261231281203,-0.09066540523494171,0.011964626322177908
12695,2026-08-04,0.0006936015259233486,-0.01761852072516812,-0.04239608396249894,-0.08679484136403193,-0.016195022161609274,-0.0631975087860743,-0.1026728562814973,-0.017875455599751174,-0.042396083962498964,-0.06723775658639082,-0.14522009183799908,0.01256281407035176,0.6117168080698282,3.868797308662735,0.015810276679841896,0.0006936015259233486,-0.006802721088435382,-0.01157545323006215,-0.04239608396249894,-0.08679484136403193,0.0071044879570265115
12695,2026-08-05,0.001906082134812026,-0.00421940928270037,-0.03953488372093028,-0.08236787811458501,-0.008573388203017833,-0.059258676746941824,-0.09924911461993563,-0.01714698998507936,-0.03953488372093023,-0.06817082997582595,-0.07713097116100154,0.013144240747146317,0.6445335761670733,5.792163543441234,0.08152173913043478,0.001906082134812026,0.0006936015259233486,-0.006802721088435382,-0.03953488372093028,-0.08236787811458501,0.009771705292286405
12695,2026-08-06,-0.0013836042891732792,0.00121380267036586,-0.02974290035288185,-0.07910685805422646,-0.0056338721184834625,-0.058203071904308776,-0.09876849383726642,-0.01627230035131885,-0.02974290035288187,-0.07401170716061262,0.09416151724081223,0.024246622791825424,0.6471007086655595,6.028368794326241,0.06511627906976744,-0.0013836042891732792,0.001906082134812026,0.0006936015259233486,-0.02974290035288185,-0.07910685805422646,0.021995150675441635
12695,2026-08-07,0.0008659508139936545,0.0013862415525904836,-0.015837874659400564,-0.07209377007064866,-0.0024905064851802757,-0.05497260908669706,-0.09622082996297893,-0.01506849659380979,-0.015837874659400546,-0.07521203392542807,-0.04563843300599762,0.01332410451635231,0.6442339920740804,7.400379506641372,0.11162790697674418,0.0008659508139936545,-0.0013836042891732792,0.001906082134812026,-0.015837874659400564,-0.07209377007064866,0.023187402664820903
12695,2026-08-08,-0.0008652015919708989,-0.0013836042891732792,-0.01710783896501833,-0.061290847016745253,-0.0008775507681658964,-0.05334950978784793,-0.0952632156231882,-0.013888845021310216,-0.017107838965018298,-0.07571634384504562,0.11877075022788663,0.01195012123311396,0.6476060375581415,8.57142857142857,0.17721518987341772,-0.0008652015919708989,0.0008659508139936545,-0.0013836042891732792,-0.01710783896501833,-0.061290847016745253,0.026324904745410462
12695,2026-08-09,0.011343955663318361,0.011343955663318361,0.005683285972616803,-0.03638613861386142,0.009632840576488392,-0.04026362139759885,-0.08330259099079294,-0.011344038061770497,0.005683285972616895,-0.07117862255447749,0.23660736285569517,0.01815223906156349,0.6143924044078221,24.330616996507572,1.0,0.011343955663318361,-0.0008652015919708989,0.0008659508139936545,0.005683285972616803,-0.03638613861386142,0.013442931757855981
12695,2026-08-10,-0.0005993663841081798,0.009863298148468536,0.011964626322177985,-0.028951747088186375,0.007310968919135551,-0.038162025858872226,-0.08218870489598964,-0.009381033444879562,0.011964626322177908,-0.08007566204287515,-0.013044699103087917,0.01439342015078821,0.6451295013122277,27.284595300261103,0.948905109489051,-0.0005993663841081798,0.011343955663318361,-0.0008652015919708989,0.011964626322177985,-0.028951747088186375,0.02895819054146676
12695,2026-08-11,-0.004112405757368043,0.006581226186352707,0.007104487957026562,-0.035592798473409126,0.0021553582205362533,-0.03950554036076386,-0.08432385120350115,-0.008273384891893493,0.0071044879570265115,-0.07848422387823054,-0.029447417027245258,0.009721266345492086,0.6588894703275499,22.535211267605646,0.5801526717557252,-0.004112405757368043,-0.0005993663841081798,0.011343955663318361,0.007104487957026562,-0.035592798473409126,0.031830695113558155
12695,2026-08-12,0.004559532002752942,-0.0001712475383166545,0.009771705292286326,-0.03014950166112962,0.005325560229257396,-0.03262418398117766,-0.0785640072422153,-0.006746123910492936,0.009771705292286405,-0.074429296131896,-0.19033887443929282,0.010276612143530017,0.640128678013638,27.89281364190012,0.9847328244274809,0.004559532002752942,-0.004112405757368043,-0.0005993663841081798,0.009771705292286326,-0.03014950166112962,0.03725271902029631
12695,2026-08-13,0.010704804316177041,0.01113776559287194,0.021995150675441666,-0.008401949252226482,0.012923001471309533,-0.020556528378299934,-0.06724694799070567,-0.004277517496989984,0.021995150675441635,-0.05090470446320868,-0.16908223456551233,0.011269276393831554,0.6434925444781134,43.81188118811881,1.0,0.010704804316177041,0.004559532002752942,-0.004112405757368043,0.021995150675441666,-0.008401949252226482,0.028046093882392816
12695,2026-08-14,0.0020335536349771477,0.017377838953888558,0.02318740266482089,0.006982288828337957,0.01165860096788381,-0.016633359295528272,-0.06386384625533222,-0.0022932262764154146,0.023187402664820903,-0.056636885768985325,-0.1412490735294605,0.006933874513783189,0.6706944042107124,56.083086053412465,1.0,0.0020335536349771477,0.010704804316177041,0.004559532002752942,0.02318740266482089,0.006982288828337957,0.020463385760189412
12695,2026-08-15,0.0021985455775410667,0.014986726042647946,0.026324904745410382,0.008766703549238253,0.01013003457848344,-0.012412888961722568,-0.060347819652462185,-0.0006708551093951695,0.026324904745410462,-0.05966359885750555,0.11116175294857823,0.009196760040499494,0.7032116646655998,57.41007194244604,1.0,0.0021985455775410667,0.0020335536349771477,0.010704804316177041,0.026324904745410382,0.008766703549238253,0.019237259534255823
12695,2026-08-16,-0.0013499831252109518,0.0028808676495508667,0.013442931757855936,0.019202617755963214,0.0068417406943819285,-0.011472685209673702,-0.06011276105773049,0.0002453314406602844,0.013442931757855981,-0.06538218572331017,0.06338805947747077,0.00819533626225076,0.7104138620953698,69.3913043478261,0.9298245614035088,-0.0013499831252109518,0.0021985455775410667,0.0020335536349771477,0.013442931757855936,0.019202617755963214,0.017404528556944913
12695,2026-08-17,0.01470091247042915,0.015558937933367156,0.028958190541466866,0.04126929079243968,0.017464025076548807,0.005135873279789331,-0.045055296501981604,0.002550023814586824,0.02895819054146676,-0.058186951066499376,0.05838920714976271,0.008659450457951707,0.5902197372423483,85.5223880597015,1.0,0.01470091247042915,-0.0013499831252109518,0.0021985455775410667,0.028958190541466866,0.04126929079243968,0.0008326394671107411
12695,2026-08-18,-0.0013322231473771318,0.0119811002362471,0.03183069511355807,0.03916132386068272,0.01157873176138892,0.005842395102451519,-0.045003711308831365,0.0037971318705616237,0.031830695113558155,-0.05729780712096204,-0.04532187110480281,0.010588627647156911,0.6658798981021645,83.33333333333333,0.9519519519519519,-0.0013322231473771318,0.01470091247042915,-0.0013499831252109518,0.03183069511355807,0.03916132386068272,0.005336001334000333
12695,2026-08-19,0.009838252459563046,0.023318688746198024,0.037252719020296254,0.04738844690418542,0.016204813500815013,0.017364863729777878,-0.03442166988502486,0.0056306360988545275,0.03725271902029631,-0.04509618416903185,-0.09697372166434136,0.008669088507265521,0.6190022683589894,85.40051679586563,1.0,0.009838252459563046,-0.0013322231473771318,0.01470091247042915,0.037252719020296254,0.04738844690418542,-0.001238441215323646
