item_id,date,pct_change_1d,pct_change_3d,pct_change_7d,pct_change_14d,pct_vs_7ma,pct_vs_30ma,pct_vs_90ma,ema_crossover,slope_7d_pct,slope_30d_pct,vol_pct_7d,spread_pct,volume_ratio,rsi_14,range_position_7d,lag_return_1d,lag_return_2d,lag_return_3d,lag_return_7d,lag_return_14d,target_pct_7d
12934,2025-11-15,0.0,0.0,0.05050505050505061,-0.08771929824561409,0.011111111111111072,-0.03985228496691796,0.022447976405046678,-0.010044401882678659,0.050505050505050504,-0.028037383177570093,0.13402652261165524,0.019230769230769232,0.6418772950520452,26.19047619047619,0.9090909090909091,0.0,0.0,0.0,0.05050505050505061,-0.08771929824561409,0.04807692307692308
12934,2025-11-16,0.009615384615384581,0.009615384615384581,0.06060606060606055,-0.07079646017699115,0.012396694214876092,-0.02972431849684277,0.029804391652590884,-0.007218910391804549,0.06060606060606061,-0.027777777777777776,0.2123390701071374,0.01904761904761905,0.6636290950711428,30.95238095238095,1.0,0.009615384615384581,0.0,0.0,0.06060606060606055,-0.07079646017699115,0.0380952380952381
12934,2025-11-17,-0.00952380952380949,0.0,0.03482587064676612,-0.06306306306306309,-0.002056202878683972,-0.037334156124652865,0.017667844522968212,-0.006263758864504867,0.03482587064676617,-0.0502283105022831,0.06432196056551141,0.019230769230769232,0.6398388268054819,32.5,0.0,-0.00952380952380949,0.009615384615384581,0.0,0.03482587064676612,-0.06306306306306309,0.057692307692307696
12934,2025-11-18,-0.019230769230769273,-0.019230769230769273,-0.02392344497607657,-0.07272727272727275,-0.017881705639614894,-0.05351067120321682,-0.004068348250610298,-0.007685116661085565,-0.023923444976076555,-0.07272727272727272,-0.036535695767448244,0.024509803921568627,0.6550297655845401,30.95238095238095,0.0,-0.019230769230769273,-0.00952380952380949,0.009615384615384581,-0.02392344497607657,-0.07272727272727275,0.10784313725490197
12934,2025-11-19,-0.0490196078431373,-0.07619047619047614,-0.06730769230769229,-0.10185185185185186,-0.056944444444444485,-0.0962732919254658,-0.054529701629934514,-0.014062997672743778,-0.0673076923076923,-0.11818181818181818,-0.34501969690417383,0.015463917525773196,0.7005349864631696,27.08333333333333,0.0,-0.0490196078431373,-0.019230769230769273,-0.00952380952380949,-0.06730769230769229,-0.10185185185185186,0.1958762886597938
12934,2025-11-20,0.005154639175257714,-0.0625,-0.0625,-0.039408866995073843,-0.04344779257182903,-0.088074824629774,-0.051248783652286724,-0.017258042538353873,-0.0625,-0.11363636363636363,-0.5286077474299407,0.020512820512820513,0.6533794008392215,38.888888888888886,0.0625,0.005154639175257714,-0.0490196078431373,-0.019230769230769273,-0.0625,-0.039408866995073843,0.2
12934,2025-11-21,0.05641025641025643,0.009803921568627416,-0.009615384615384581,0.04040404040404044,0.011929824561403448,-0.03422409751523681,0.00010788650339837273,-0.012426014947383629,-0.009615384615384616,-0.07207207207207207,-0.16479772808818774,0.019417475728155338,0.5839423435477872,59.523809523809526,0.75,0.05641025641025643,0.005154639175257714,-0.0490196078431373,-0.009615384615384581,0.04040404040404044,0.13106796116504854
12934,2025-11-22,0.058252427184465994,0.12371134020618557,0.04807692307692313,0.101010101010101,0.06341463414634146,0.022673964034401924,0.05551969012265979,-0.0020387470608481256,0.04807692307692308,-0.018018018018018018,0.007974068944232724,0.022935779816513763,0.5622495211073931,68.51851851851852,1.0,0.058252427184465994,0.05641025641025643,0.005154639175257714,0.04807692307692313,0.101010101010101,0.0779816513761468
12934,2025-11-23,0.0,0.11794871794871797,0.03809523809523818,0.101010101010101,0.05751905751905754,0.023474178403755867,0.05263157894736845,0.004681035449349065,0.0380952380952381,-0.02242152466367713,0.12519155098350926,0.022935779816513763,0.6653762817992627,68.51851851851852,1.0,0.0,0.058252427184465994,0.05641025641025643,0.03809523809523818,0.101010101010101,0.0779816513761468
12934,2025-11-24,0.00917431192660545,0.06796116504854366,0.05769230769230771,0.0945273631840795,0.058419243986254275,0.033510804885687404,0.05927669591268988,0.009929423663857182,0.057692307692307696,-0.017857142857142856,0.11736789632892758,0.022727272727272728,0.7020608639773567,67.9245283018868,1.0,0.00917431192660545,0.0,0.058252427184465994,0.05769230769230771,0.0945273631840795,0.05454545454545454
12934,2025-11-25,0.027272727272727337,0.03669724770642202,0.10784313725490202,0.08133971291866038,0.07109004739336493,0.06153123532174727,0.08468430034129694,0.016201298596735973,0.10784313725490197,0.0044444444444444444,0.052604222189242565,0.022123893805309734,0.5826770190108744,66.66666666666666,1.0,0.027272727272727337,0.00917431192660545,0.0,0.10784313725490202,0.08133971291866038,0.022123893805309734
12934,2025-11-26,0.026548672566371723,0.06422018348623859,0.19587628865979378,0.11538461538461542,0.071947194719472,0.08852048795746016,0.10957593793176738,0.022817980508033006,0.1958762886597938,0.03111111111111111,0.07539209725845397,0.021551724137931036,0.5652658644920573,71.42857142857143,1.0,0.026548672566371723,0.027272727272727337,0.00917431192660545,0.19587628865979378,0.11538461538461542,-0.008620689655172414
12934,2025-11-27,0.008620689655172376,0.06363636363636371,0.19999999999999996,0.125,0.05405405405405406,0.09653233364573569,0.11505268173876212,0.027249186812682173,0.2,0.035398230088495575,-0.0034527972522666464,0.021367521367521368,0.6289067857737227,72.41379310344828,1.0,0.008620689655172376,0.026548672566371723,0.027272727272727337,0.19999999999999996,0.125,0.0
12934,2025-11-28,-0.004273504273504258,0.030973451327433565,0.13106796116504849,0.12019230769230771,0.03162555344718531,0.09082397003745321,0.10624604346908624,0.02858438336216301,0.13106796116504854,0.02643171806167401,-0.18309416254161523,0.017167381974248927,0.6906241980555935,71.1864406779661,0.9375,-0.004273504273504258,0.008620689655172376,0.026548672566371723,0.13106796116504849,0.12019230769230771,0.02145922746781116
12934,2025-11-29,0.008583690987124415,0.012931034482758674,0.07798165137614688,0.1298076923076923,0.02941176470588239,0.09932948697957268,0.11157828349188004,0.029452645808561474,0.0779816513761468,0.021739130434782608,-0.03956573791586564,0.01702127659574468,0.6338168668376205,72.1311475409836,1.0,0.008583690987124415,-0.004273504273504258,0.008620689655172376,0.07798165137614688,0.1298076923076923,0.029787234042553193
12934,2025-11-30,0.0,0.004273504273504258,0.07798165137614688,0.11904761904761907,0.01857585139318882,0.09830191618632185,0.10767780454593061,0.02897394087660209,0.0779816513761468,0.026200873362445413,0.13360766780142905,0.01702127659574468,0.6443601743682995,71.1864406779661,1.0,0.0,0.008583690987124415,-0.004273504273504258,0.07798165137614688,0.11904761904761907,0.029787234042553193
12934,2025-12-01,-0.012765957446808529,-0.0042918454935622075,0.05454545454545445,0.11538461538461542,-0.0018438844499077535,0.083605791686128,0.08999791188139492,0.02614793319327182,0.05454545454545454,0.017543859649122806,-0.02243867598642948,0.021551724137931036,0.6625496306901792,70.0,0.6666666666666666,-0.012765957446808529,0.0,0.008583690987124415,0.05454545454545445,0.11538461538461542,0.04310344827586207
12934,2025-12-02,-0.004310344827586188,-0.017021276595744705,0.022123893805309658,0.13235294117647056,-0.009191176470588218,0.0780958307405102,0.0819109075770191,0.022927882236628946,0.022123893805309734,0.022123893805309734,0.01037737292211437,0.017316017316017316,0.7070599731159635,73.6842105263158,0.0,-0.004310344827586188,-0.012765957446808529,0.0,0.022123893805309658,0.13235294117647056,0.03463203463203463
12934,2025-12-03,-0.0043290043290042934,-0.021276595744680882,-0.008620689655172376,0.18556701030927836,-0.012269938650306766,0.072094468614046,0.07409713574097139,0.01956453934777268,-0.008620689655172414,0.036036036036036036,-0.04655670688436897,0.021739130434782608,0.6828013600909467,87.5,0.0,-0.0043290043290042934,-0.004310344827586188,-0.012765957446808529,-0.008620689655172376,0.18556701030927836,0.021739130434782608
12934,2025-12-04,0.017391304347825987,0.008620689655172376,0.0,0.19999999999999996,0.0049079754601226815,0.08837209302325581,0.08983647277996275,0.01874366978261863,0.0,0.06363636363636363,0.06571474449559148,0.021367521367521368,0.6623641496746616,88.23529411764706,0.8,0.017391304347825987,-0.0043290043290042934,-0.004310344827586188,0.0,0.19999999999999996,-0.004273504273504274
12934,2025-12-05,0.017094017094017033,0.030303030303030276,0.02145922746781115,0.15533980582524265,0.01896024464831799,0.10321384425216323,0.1057195952921743,0.019574861927675144,0.02145922746781116,0.10185185185185185,0.04499856847864443,0.02100840336134454,0.6430773016452543,86.36363636363636,1.0,0.017094017094017033,0.017391304347825987,-0.0043290043290042934,0.02145922746781115,0.15533980582524265,-0.01680672268907563
12934,2025-12-06,0.01680672268907557,0.05217391304347818,0.029787234042553123,0.11009174311926606,0.0316686967113276,0.11503609276608817,0.12152420185375905,0.02141425670245459,0.029787234042553193,0.1921182266009852,0.14784362176896323,0.02066115702479339,0.6784637248679533,83.33333333333333,1.0,0.01680672268907557,0.017094017094017033,0.017391304347825987,0.029787234042553123,0.11009174311926606,-0.0371900826446281
12934,2025-12-07,0.0,0.03418803418803429,0.029787234042553123,0.11009174311926606,0.027289266221952647,0.10755148741418764,0.11893141536090422,0.021847447235100476,0.029787234042553193,0.2222222222222222,0.14781588116063818,0.02066115702479339,0.701391734433742,83.33333333333333,1.0,0.0,0.01680672268907557,0.017094017094017033,0.029787234042553123,0.11009174311926606,-0.012396694214876033
12934,2025-12-08,0.0,0.01680672268907557,0.0431034482758621,0.10000000000000009,0.02109704641350211,0.10016669192301864,0.11629337296909434,0.021369774096889414,0.04310344827586207,0.2222222222222222,-0.021300191011294538,0.02066115702479339,0.7245827052253603,82.3529411764706,1.0,0.0,0.0,0.01680672268907557,0.0431034482758621,0.10000000000000009,-0.01652892561983471
12934,2025-12-09,-0.012396694214875992,-0.012396694214875992,0.03463203463203457,0.05752212389380529,0.003599280143971223,0.07981927710843369,0.10003068425897507,0.01886599003209092,0.03463203463203463,0.20707070707070707,-0.0851973024059863,0.016736401673640166,0.6697320344245529,70.96774193548387,0.75,-0.012396694214875992,0.0,0.0,0.03463203463203457,0.05752212389380529,0.0
12934,2025-12-10,-0.01673640167364021,-0.02892561983471076,0.021739130434782705,0.012931034482758674,-0.016148325358851693,0.05633802816901408,0.0794671566375747,0.014652478535077519,0.021739130434782608,0.1691542288557214,-0.11782846453527647,0.02553191489361702,0.6639172753321034,55.17241379310345,0.125,-0.01673640167364021,-0.012396694214875992,0.0,0.021739130434782705,0.012931034482758674,0.01276595744680851
12934,2025-12-11,-0.008510638297872353,-0.037190082644628086,-0.004273504273504258,-0.004273504273504258,-0.02393776181926993,0.04359510301582556,0.06848058697645981,0.010442373093869806,-0.004273504273504274,0.11483253588516747,-0.12613520725441832,0.017167381974248927,0.6957023132409206,48.275862068965516,0.0,-0.008510638297872353,-0.01673640167364021,-0.012396694214875992,-0.004273504273504258,-0.004273504273504258,0.017167381974248927
12934,2025-12-12,0.0042918454935623185,-0.02092050209205021,-0.01680672268907568,0.0042918454935623185,-0.017396520695860812,0.044021415823914375,0.07153760048845025,0.007850184201865925,-0.01680672268907563,0.125,-0.08361345495343832,0.021367521367521368,0.660333408217311,51.72413793103448,0.1111111111111111,0.0042918454935623185,-0.008510638297872353,-0.01673640167364021,-0.01680672268907568,0.0042918454935623185,0.008547008547008548
12934,2025-12-13,-0.004273504273504258,-0.008510638297872353,-0.037190082644628086,-0.008510638297872353,-0.01628468033775635,0.03570899392502592,0.0656029269779968,0.005408070864790555,-0.0371900826446281,0.1201923076923077,0.050053352298937044,0.017167381974248927,0.6670122237707997,46.42857142857143,0.0,-0.004273504273504258,0.0042918454935623185,-0.008510638297872353,-0.037190082644628086,-0.008510638297872353,0.004291845493562232
12934,2025-12-14,0.025751072961373467,0.025751072961373467,-0.012396694214875992,0.017021276595744705,0.010876132930513647,0.05752212389380531,0.09137957278400735,0.006611671367309154,-0.012396694214876033,0.14903846153846154,0.2749360676689968,0.016736401673640166,0.6398226623879351,55.88235294117647,0.6666666666666666,0.025751072961373467,-0.004273504273504258,0.0042918454935623185,-0.012396694214875992,0.017021276595744705,-0.012552301255230125
12934,2025-12-15,-0.004184100418409997,0.017094017094017033,-0.016528925619834656,0.02586206896551735,0.00908540278619017,0.048458149779735685,0.08538130225487715,0.006673305268946808,-0.01652892561983471,0.14423076923076922,0.07925375243879247,0.02100840336134454,0.631216556788038,59.375,0.8333333333333334,-0.004184100418409997,0.025751072961373467,-0.004273504273504258,-0.016528925619834656,0.02586206896551735,-0.01680672268907563
12934,2025-12-16,0.004201680672268893,0.025751072961373467,0.0,0.03463203463203457,0.01332525741974559,0.048398888726421986,0.08872804575593465,0.006979986412295613,0.0,0.1380952380952381,0.020084592755484597,0.016736401673640166,0.6710087470779225,62.50000000000001,1.0,0.004201680672268893,-0.004184100418409997,0.025751072961373467,0.0,0.03463203463203457,-0.02092050209205021
12934,2025-12-17,-0.004184100418409997,-0.004184100418409997,0.012765957446808418,0.034782608695652195,0.007255139056831957,0.039452613189692814,0.08296678295161529,0.006452120322114739,0.01276595744680851,0.14423076923076922,-0.0906058953073667,0.01680672268907563,0.6639376500706411,62.50000000000001,0.8333333333333334,-0.004184100418409997,0.004201680672268893,-0.004184100418409997,0.012765957446808418,0.034782608695652195,-0.02100840336134454
12934,2025-12-18,-0.004201680672268893,-0.004201680672268893,0.01716738197424883,0.012820512820512775,0.0006031363088057729,0.030136192407997697,0.07727272727272727,0.005402133026107772,0.017167381974248927,0.16176470588235295,-0.11588805685410536,0.016877637130801686,0.6596385799154597,55.17241379310345,0.6666666666666666,-0.004201680672268893,-0.004184100418409997,0.004201680672268893,0.01716738197424883,0.012820512820512775,-0.016877637130801686
12934,2025-12-19,-0.00421940928270037,-0.012552301255230103,0.008547008547008517,-0.008403361344537785,-0.004819277108433718,0.01958525345622119,0.07164480322906153,0.004047965932489388,0.008547008547008548,0.21649484536082475,-0.08512299675420643,0.0211864406779661,0.6649233462881823,46.15384615384615,0.5,-0.00421940928270037,-0.004201680672268893,-0.004184100418409997,0.008547008547008517,-0.008403361344537785,-0.012711864406779662
12934,2025-12-20,-0.008474576271186418,-0.01680672268907568,0.0042918454935623185,-0.03305785123966942,-0.013847080072245601,0.005298582271230073,0.06159895150720841,0.002046456439174436,0.004291845493562232,0.2,0.0471066544821855,0.021367521367521368,0.6657540290517,33.33333333333333,0.0,-0.008474576271186418,-0.00421940928270037,-0.004201680672268893,0.0042918454935623185,-0.03305785123966942,-0.008547008547008548
12934,2025-12-21,0.008547008547008517,-0.00421940928270037,-0.012552301255230103,-0.024793388429752095,-0.0036188178528347575,0.009553686011692514,0.06959411823950044,0.0016638241390286768,-0.012552301255230125,0.14563106796116504,0.20493847933053394,0.0211864406779661,0.6759787026634285,38.46153846153846,0.4,0.008547008547008517,-0.008474576271186418,-0.00421940928270037,-0.012552301255230103,-0.024793388429752095,-0.025423728813559324
12934,2025-12-22,-0.008474576271186418,-0.008474576271186418,-0.01680672268907568,-0.03305785123966942,-0.00967351874244253,-0.001280409731114005,0.059622641509433916,0.00037057091278592115,-0.01680672268907563,0.07339449541284404,0.046350061771119395,0.017094017094017096,0.6587400229213476,35.71428571428572,0.0,-0.008474576271186418,0.008547008547008517,-0.008474576271186418,-0.01680672268907568,-0.03305785123966942,-0.02564102564102564
12934,2025-12-23,0.0,0.0,-0.02092050209205021,-0.02092050209205021,-0.0066707095209218225,-0.00354861603974454,0.05871707218982511,-0.0004839030057739839,-0.02092050209205021,0.07339449541284404,-0.01497104874783689,0.017094017094017096,0.6371973952879237,40.0,0.0,0.0,-0.008474576271186418,0.008547008547008517,-0.02092050209205021,-0.02092050209205021,-0.029914529914529916
12934,2025-12-24,-0.004273504273504258,-0.012711864406779627,-0.021008403361344574,-0.008510638297872353,-0.007907542579075442,-0.009634457353357948,0.05339830210478722,-0.001521153779987942,-0.02100840336134454,0.05909090909090909,-0.18150453852768866,0.017167381974248927,0.5935890142995838,45.45454545454546,0.0,-0.004273504273504258,0.0,-0.008474576271186418,-0.021008403361344574,-0.008510638297872353,-0.03862660944206009
12934,2025-12-25,0.0,-0.004273504273504258,-0.016877637130801704,0.0,-0.005487804878048746,-0.010615711252653927,0.05271084337349393,-0.0021467071536116233,-0.016877637130801686,0.030973451327433628,-0.18623338446124305,0.017167381974248927,0.6488419626657533,50.0,0.0,0.0,-0.004273504273504258,0.0,-0.016877637130801704,0.0,-0.04291845493562232
12934,2025-12-26,0.0,-0.004273504273504258,-0.012711864406779627,-0.004273504273504258,-0.0036652412950519417,-0.010755731672799312,0.052129847975515564,-0.0024830954134193103,-0.012711864406779662,0.004310344827586207,-0.06415514537161492,0.017167381974248927,0.6657391782766154,47.368421052631575,0.0,0.0,0.0,-0.004273504273504258,-0.012711864406779627,-0.004273504273504258,-0.04721030042918455
12934,2025-12-27,-0.0042918454935622075,-0.0042918454935622075,-0.008547008547008517,-0.0042918454935622075,-0.006727828746177422,-0.014722536806342024,0.04719394152164097,-0.0031195282773496032,-0.008547008547008548,-0.008547008547008548,0.12180130204232693,0.021551724137931036,0.6517804690662986,47.368421052631575,0.0,-0.0042918454935622075,0.0,0.0,-0.008547008547008517,-0.0042918454935622075,-0.03879310344827586
12934,2025-12-28,-0.008620689655172376,-0.012875536480686733,-0.025423728813559365,-0.03765690376569042,-0.01166359729895645,-0.022801302931596122,0.037802065577058,-0.004433843735948562,-0.025423728813559324,-0.012875536480686695,0.18923939481082208,0.017391304347826087,0.6229800120181447,20.0,0.0,-0.008620689655172376,-0.0042918454935622075,0.0,-0.025423728813559365,-0.03765690376569042,-0.030434782608695653
12934,2025-12-29,-0.008695652173912993,-0.02145922746781115,-0.02564102564102566,-0.04201680672268904,-0.01663585951940852,-0.030337397221434616,0.028468323977546072,-0.0061540217494461015,-0.02564102564102564,-0.029787234042553193,0.0919900234306528,0.017543859649122806,0.6588218066805578,18.75,0.0,-0.008695652173912993,-0.008620689655172376,-0.0042918454935622075,-0.02564102564102566,-0.04201680672268904,-0.02631578947368421
12934,2025-12-30,-0.004385964912280715,-0.02155172413793105,-0.02991452991452992,-0.05020920502092052,-0.016707920792079226,-0.03349418109565714,0.023598376672177904,-0.007584217048418901,-0.029914529914529916,-0.03404255319148936,0.05056261457155127,0.01762114537444934,0.6520206181033475,12.5,0.0,-0.004385964912280715,-0.008695652173912993,-0.008620689655172376,-0.02991452991452992,-0.05020920502092052,-0.022026431718061675
12934,2025-12-31,-0.013215859030836996,-0.02608695652173909,-0.03862660944206009,-0.05882352941176472,-0.024268823895457425,-0.04518329070758736,0.009665948815545656,-0.009801122371271351,-0.03862660944206009,-0.034482758620689655,-0.018634145792955064,0.017857142857142856,0.6096254088012854,11.111111111111114,0.0,-0.013215859030836996,-0.004385964912280715,-0.008695652173912993,-0.03862660944206009,-0.05882352941176472,-0.017857142857142856
12934,2026-01-01,-0.004464285714285698,-0.021929824561403466,-0.0429184549356223,-0.05907172995780585,-0.022542266750156525,-0.048364153627311564,0.004605065572129294,-0.011450360785332578,-0.04291845493562232,-0.03463203463203463,0.0013117978714274861,0.017937219730941704,0.629784726384602,11.111111111111114,0.0,-0.004464285714285698,-0.013215859030836996,-0.004385964912280715,-0.0429184549356223,-0.05907172995780585,-0.04035874439461883
12934,2026-01-02,-0.004484304932735439,-0.022026431718061623,-0.047210300429184504,-0.05932203389830504,-0.020176544766708753,-0.05155226431216176,-0.00045024763619988436,-0.012676852996301832,-0.04721030042918455,-0.034782608695652174,0.07751140706014789,0.02252252252252252,0.6587209207858501,11.111111111111114,0.0,-0.004484304932735439,-0.004464285714285698,-0.013215859030836996,-0.047210300429184504,-0.05932203389830504,-0.13513513513513514
12934,2026-01-03,0.0045045045045044585,-0.004464285714285698,-0.03879310344827591,-0.047008547008547064,-0.010145846544070984,-0.04578519469405216,0.0033996600339966203,-0.012550375970568363,-0.03879310344827586,-0.04700854700854701,0.08990586889335135,0.017937219730941704,0.6630409632500875,17.647058823529406,0.125,0.0045045045045044585,-0.004484304932735439,-0.004464285714285698,-0.03879310344827591,-0.047008547008547064,-0.20179372197309417
12934,2026-01-04,0.0,0.0,-0.0304347826086957,-0.05508474576271183,-0.005732484076433085,-0.04373927958833614,0.0026978417266186796,-0.012057421863378801,-0.030434782608695653,-0.06302521008403361,0.18515335497412205,0.017937219730941704,0.6172979521168204,6.666666666666657,0.16666666666666666,0.0,0.0045045045045044585,-0.004484304932735439,-0.0304347826086957,-0.05508474576271183,-0.2556053811659193
12934,2026-01-05,-0.004484304932735439,0.0,-0.02631578947368418,-0.05128205128205132,-0.006393861892583066,-0.04529816513761467,-0.0025460536168937977,-0.011861387715772281,-0.02631578947368421,-0.08264462809917356,-0.0002511873335838586,0.018018018018018018,0.6100410500815164,7.142857142857139,0.0,-0.004484304932735439,0.0,0.0045045045045044585,-0.02631578947368418,-0.05128205128205132,-0.2972972972972973
12934,2026-01-06,0.0,-0.004484304932735439,-0.022026431718061623,-0.05128205128205132,-0.0032071840923669384,-0.042553191489361736,-0.003292427416940976,-0.011344945850770723,-0.022026431718061675,-0.08264462809917356,-0.10430629029572518,0.013513513513513514,0.6471220004665457,7.142857142857139,0.0,0.0,-0.004484304932735439,0.0,-0.022026431718061623,-0.05128205128205132,-0.25675675675675674
12934,2026-01-07,-0.009009009009009028,-0.013452914798206317,-0.017857142857142905,-0.05579399141630903,-0.00964630225080384,-0.04816844534179403,-0.012961116650049837,-0.011683692033488777,-0.017857142857142856,-0.09090909090909091,-0.1306698710957554,0.01818181818181818,0.6404104249823223,6.666666666666657,0.0,-0.009009009009009028,0.0,-0.004484304932735439,-0.017857142857142905,-0.05579399141630903,-0.21363636363636362
12934,2026-01-08,-0.027272727272727226,-0.036036036036036,-0.04035874439461884,-0.08154506437768239,-0.031047865459249695,-0.07077724706904043,-0.04026310544149895,-0.0146933607110075,-0.04035874439461883,-0.10460251046025104,-0.006780978218541004,0.018691588785046728,0.6997898204551863,4.761904761904759,0.0,-0.027272727272727226,-0.009009009009009028,0.0,-0.04035874439461884,-0.08154506437768239,-0.1822429906542056
12934,2026-01-09,-0.10280373831775702,-0.1351351351351351,-0.1351351351351351,-0.1759656652360515,-0.11345646437994727,-0.16108360034954852,-0.13836948391922219,-0.028111531468605976,-0.13513513513513514,-0.1829787234042553,0.17373027662336107,0.026041666666666668,0.7858116059657508,2.3255813953488342,0.0,-0.10280373831775702,-0.027272727272727226,-0.009009009009009028,-0.1351351351351351,-0.1759656652360515,-0.09895833333333333
12934,2026-01-10,-0.07291666666666663,-0.19090909090909092,-0.2017937219730942,-0.23275862068965514,-0.15295717199184228,-0.21597415944795184,-0.19992009189432156,-0.04426886785102986,-0.20179372197309417,-0.23605150214592274,0.3453452291684832,0.02247191011235955,0.7868349275079033,1.7857142857142776,0.0,-0.07291666666666663,-0.10280373831775702,-0.027272727272727226,-0.2017937219730942,-0.23275862068965514,-0.033707865168539325
12934,2026-01-11,-0.0674157303370787,-0.22429906542056077,-0.25560538116591924,-0.27826086956521734,-0.1782178217821782,-0.26145632507785854,-0.25221482556684516,-0.061194921772791774,-0.2556053811659193,-0.2905982905982906,0.3961429074148387,0.030120481927710843,0.7972593070460234,1.5151515151515156,0.0,-0.0674157303370787,-0.07291666666666663,-0.10280373831775702,-0.25560538116591924,-0.27826086956521734,0.012048192771084338
12934,2026-01-12,-0.06024096385542166,-0.1875,-0.29729729729729726,-0.3157894736842105,-0.1899109792284867,-0.2979297929792979,-0.29532222445292106,-0.07745675773068006,-0.2972972972972973,-0.33047210300429186,0.1108831808841943,0.03205128205128205,0.8136011313712407,1.3513513513513544,0.0,-0.06024096385542166,-0.0674157303370787,-0.07291666666666663,-0.29729729729729726,-0.3157894736842105,0.0641025641025641
12934,2026-01-13,0.05769230769230771,-0.0730337078651685,-0.2567567567567568,-0.27312775330396477,-0.10534469403563124,-0.24908980582524268,-0.2529053680132817,-0.08076650988780255,-0.25675675675675674,-0.30962343096234307,-0.03619048012862449,0.024242424242424242,0.7279802601415032,12.195121951219505,0.140625,0.05769230769230771,-0.06024096385542166,-0.0674157303370787,-0.2567567567567568,-0.27312775330396477,0.006060606060606061
12934,2026-01-14,0.048484848484848575,0.04216867469879526,-0.21363636363636362,-0.2276785714285714,-0.026527331189710655,-0.20484142791481535,-0.2150635208711434,-0.07541682155947835,-0.21363636363636362,-0.27310924369747897,-0.16384256299902053,0.023121387283236993,0.6168596358444903,20.689655172413794,0.29310344827586204,0.048484848484848575,0.05769230769230771,-0.06024096385542166,-0.21363636363636362,-0.2276785714285714,-0.04046242774566474
12934,2026-01-15,0.011560693641618602,0.1217948717948718,-0.18224299065420557,-0.2152466367713004,0.016597510373444008,-0.18768373820207335,-0.20434453144733522,-0.06822684261632894,-0.1822429906542056,-0.26778242677824265,-0.11339638810754082,0.022857142857142857,0.6641895095548511,22.727272727272734,0.5277777777777778,0.011560693641618602,0.048484848484848575,0.05769230769230771,-0.18224299065420557,-0.2152466367713004,-0.02857142857142857
12934,2026-01-16,-0.011428571428571455,0.048484848484848575,-0.09895833333333337,-0.2207207207207207,0.021079258010118118,-0.18880900281337923,-0.21160565091903388,-0.06265779557669861,-0.09895833333333333,-0.27310924369747897,-0.1447443486481462,0.023121387283236993,0.7272746825224996,22.471910112359552,0.7727272727272727,-0.011428571428571455,0.011560693641618602,0.048484848484848575,-0.09895833333333337,-0.2207207207207207,0.005780346820809248
12934,2026-01-17,-0.005780346820809301,-0.005780346820809301,-0.0337078651685393,-0.22869955156950672,0.020338983050847383,-0.18522027475130268,-0.2142530835998173,-0.057680177469871134,-0.033707865168539325,-0.2742616033755274,-0.005960139899246932,0.01744186046511628,0.7144993528277591,21.348314606741567,0.8421052631578947,-0.005780346820809301,-0.011428571428571455,0.011560693641618602,-0.0337078651685393,-0.22869955156950672,0.01744186046511628
12934,2026-01-18,-0.023255813953488413,-0.040000000000000036,0.012048192771084265,-0.24663677130044848,-0.005076142131979719,-0.19553072625698328,-0.23049519059494122,-0.05527245940069938,0.012048192771084338,-0.288135593220339,0.14899464731082768,0.02976190476190476,0.7288870215734963,20.430107526881727,0.631578947368421,-0.023255813953488413,-0.005780346820809301,-0.011428571428571455,0.012048192771084265,-0.24663677130044848,0.03571428571428571
12934,2026-01-19,-0.011904761904761862,-0.040462427745664775,0.0641025641025641,-0.25225225225225223,-0.025167785234899282,-0.19638534774891075,-0.2375606021944374,-0.053327404116873825,0.0641025641025641,-0.2905982905982906,0.0024470151761089632,0.024096385542168676,0.7370274712166407,20.21276595744682,0.1,-0.011904761904761862,-0.023255813953488413,-0.005780346820809301,0.0641025641025641,-0.25225225225225223,0.04819277108433735
12934,2026-01-20,0.0,-0.03488372093023251,0.0060606060606061,-0.25225225225225223,-0.025984911986588363,-0.1872041782275175,-0.23537540304007368,-0.05038582100956137,0.006060606060606061,-0.2966101694915254,-0.13614409575143407,0.018072289156626505,0.738687722389005,20.21276595744682,0.0,0.0,-0.011904761904761862,-0.023255813953488413,0.0060606060606061,-0.25225225225225223,0.04819277108433735
12934,2026-01-21,0.0,-0.011904761904761862,-0.040462427745664775,-0.24545454545454548,-0.02023608768971325,-0.17808219178082194,-0.23317764204691274,-0.04686183895099676,-0.04046242774566474,-0.2905982905982906,-0.16696477954950867,0.018072289156626505,0.6850125035060765,20.65217391304347,0.0,0.0,0.0,-0.011904761904761862,-0.040462427745664775,-0.24545454545454548,0.060240963855421686
12934,2026-01-22,0.024096385542168752,0.024096385542168752,-0.02857142857142858,-0.20560747663551404,0.007620660457239579,-0.14929107589658053,-0.2125579001544004,-0.04027996721356791,-0.02857142857142857,-0.27350427350427353,-0.010962519432774412,0.01764705882352941,0.5943754171599444,25.555555555555543,0.5714285714285714,0.024096385542168752,0.0,0.0,-0.02857142857142858,-0.20560747663551404,0.03529411764705882
12934,2026-01-23,0.0235294117647058,0.04819277108433728,0.005780346820809301,-0.09375,0.03045685279187815,-0.12061994609164424,-0.19195046439628485,-0.03190235504630332,0.005780346820809248,-0.2532188841201717,0.007942926636271714,0.022988505747126436,0.6442502540094169,37.5,1.0,0.0235294117647058,0.024096385542168752,0.0,0.005780346820809301,-0.09375,0.034482758620689655
12934,2026-01-24,0.005747126436781658,0.054216867469879526,0.01744186046511631,-0.016853932584269704,0.03375527426160343,-0.10683906090506977,-0.18520434557682355,-0.024703523305995498,0.01744186046511628,-0.24892703862660945,0.14771984285769565,0.022857142857142857,0.7011337760094075,47.45762711864407,1.0,0.005747126436781658,0.0235294117647058,0.024096385542168752,0.01744186046511631,-0.016853932584269704,0.05142857142857143
12934,2026-01-25,-0.005714285714285672,0.0235294117647058,0.03571428571428581,0.04819277108433728,0.0226700251889169,-0.10293864925244889,-0.1877172052492349,-0.01987577884532675,0.03571428571428571,-0.2532188841201717,0.18903389047240393,0.017241379310344827,0.6772312210039712,58.33333333333333,0.8888888888888888,-0.005714285714285672,0.005747126436781658,0.0235294117647058,0.03571428571428581,0.04819277108433728,0.04597701149425287
12934,2026-01-26,0.0,0.0,0.04819277108433728,0.11538461538461542,0.015846538782318648,-0.0939073077590696,-0.1855203619909502,-0.016072007974427586,0.04819277108433735,-0.25,-0.009443614135274598,0.017241379310344827,0.7164658764328726,73.68421052631578,0.8888888888888888,0.0,-0.005714285714285672,0.005747126436781658,0.04819277108433728,0.11538461538461542,0.034482758620689655
12934,2026-01-27,0.0,-0.005714285714285672,0.04819277108433728,0.05454545454545445,0.00911350455675235,-0.08501314636283958,-0.18326901011786798,-0.013061729586039652,0.04819277108433735,-0.24347826086956523,-0.12310955711982123,0.017241379310344827,0.6525627669869488,65.51724137931035,0.8888888888888888,0.0,0.0,-0.005714285714285672,0.04819277108433728,0.05454545454545445,0.034482758620689655
12934,2026-01-28,0.011494252873563315,0.011494252873563315,0.06024096385542177,0.01734104046242768,0.01232539030402627,-0.06598266407217408,-0.17154811715481177,-0.009321692930201951,0.060240963855421686,-0.22807017543859648,-0.10874010551449724,0.022727272727272728,0.6739242253398295,56.52173913043478,1.0,0.011494252873563315,0.0,0.0,0.06024096385542177,0.01734104046242768,0.03409090909090909
12934,2026-01-29,0.0,0.011494252873563315,0.03529411764705892,0.005714285714285783,0.007358953393295129,-0.057479471617279475,-0.16924529291445953,-0.006581440527305169,0.03529411764705882,-0.22466960352422907,-0.1527394103278693,0.017045454545454544,0.6368035149146727,52.38095238095237,1.0,0.0,0.011494252873563315,0.0,0.03529411764705892,0.005714285714285783,0.03409090909090909
12934,2026-01-30,0.022727272727272707,0.034482758620689724,0.034482758620689724,0.040462427745664664,0.02522375915378349,-0.028427491903562502,-0.1482202008517798,-0.001917586354040783,0.034482758620689655,-0.19642857142857142,-0.091655341261309,0.016666666666666666,0.6826820103687543,65.21739130434783,1.0,0.022727272727272707,0.0,0.011494252873563315,0.034482758620689724,0.040462427745664664,0.011111111111111112
12934,2026-01-31,0.022222222222222143,0.045454545454545414,0.05142857142857138,0.06976744186046502,0.04038772213247171,0.0001811922449719049,-0.1273647046424619,0.0037908115360579336,0.05142857142857143,-0.17488789237668162,0.05333492905128655,0.016304347826086956,0.6029924027502265,73.07692307692308,1.0,0.022222222222222143,0.022727272727272707,0.0,0.05142857142857138,0.06976744186046502,-0.010869565217391304
12934,2026-02-01,-0.010869565217391353,0.03409090909090917,0.04597701149425282,0.08333333333333326,0.02247191011235955,-0.003467786092352578,-0.1350266673707556,0.006028085228067905,0.04597701149425287,-0.18018018018018017,0.008970428128007357,0.02197802197802198,0.6573551229615695,79.16666666666667,0.8,-0.010869565217391353,0.022222222222222143,0.022727272727272707,0.04597701149425282,0.08333333333333326,0.0
12934,2026-02-02,-0.01098901098901095,0.0,0.034482758620689724,0.0843373493975903,0.006389776357827453,-0.006622516556291328,-0.14272106683600572,0.005967955586007309,0.034482758620689655,-0.19282511210762332,-0.09727465051861171,0.016666666666666666,0.590888455727849,79.16666666666667,0.6,-0.01098901098901095,-0.010869565217391353,0.022222222222222143,0.034482758620689724,0.0843373493975903,0.011111111111111112
12934,2026-02-03,0.0,-0.021739130434782594,0.034482758620689724,0.0843373493975903,0.0015898251192368387,0.001297978861487039,-0.14108477811356768,0.005728200519149153,0.034482758620689655,-0.19282511210762332,-0.1296316102850538,0.016666666666666666,0.5655401976364439,79.16666666666667,0.5,0.0,-0.01098901098901095,-0.010869565217391353,0.034482758620689724,0.0843373493975903,0.011111111111111112
12934,2026-02-04,0.011111111111111072,0.0,0.03409090909090917,0.09638554216867479,0.007911392405063224,0.019988791331963362,-0.13057324840764334,0.0066771079206860715,0.03409090909090909,-0.18018018018018017,-0.20978317983393494,0.016483516483516484,0.5699896323019564,80.76923076923077,0.75,0.011111111111111072,0.0,-0.01098901098901095,0.03409090909090917,0.09638554216867479,0.0
12934,2026-02-05,0.0,0.011111111111111072,0.03409090909090917,0.07058823529411762,0.0031496062992126656,0.027667984189723355,-0.12983425414364644,0.007064766076142818,0.03409090909090909,-0.18018018018018017,-0.09464806100522316,0.016483516483516484,0.5508464366172934,77.27272727272727,0.5,0.0,0.011111111111111072,0.0,0.03409090909090917,0.07058823529411762,0.0
12934,2026-02-06,0.0,0.011111111111111072,0.011111111111111072,0.04597701149425282,0.0015723270440251124,0.03507109004739331,-0.12909400255210554,0.007077011772899568,0.011111111111111112,-0.17272727272727273,-0.056785777390067266,0.016483516483516484,0.5376882035844069,72.22222222222223,0.5,0.0,0.0,0.011111111111111072,0.011111111111111072,0.04597701149425282,0.0
12934,2026-02-07,0.0,0.0,-0.010869565217391353,0.040000000000000036,0.0031496062992126656,0.04138851802403196,-0.128352490421456,0.006846328105782636,-0.010869565217391304,-0.14953271028037382,0.21822650624607337,0.016483516483516484,0.5722620965661028,70.58823529411765,1.0,0.0,0.0,0.0,-0.010869565217391353,0.040000000000000036,0.0
12934,2026-02-08,0.0,0.0,0.0,0.04597701149425282,0.0031496062992126656,0.04337855914389449,-0.12747030309487034,0.006466396342862129,0.0,-0.052083333333333336,0.2114123628074618,0.016483516483516484,0.6269827850672368,75.0,1.0,0.0,0.0,0.0,0.0,0.04597701149425282,-0.005494505494505495
12934,2026-02-09,0.0,0.0,0.011111111111111072,0.04597701149425282,0.0015723270440251124,0.04258163070460189,-0.1262135922330097,0.006002742534741901,0.011111111111111112,0.02247191011235955,-0.0626395234589877,0.016483516483516484,0.6034581344441386,75.0,1.0,0.0,0.0,0.0,0.011111111111111072,0.04597701149425282,0.0
12934,2026-02-10,0.0,0.0,0.011111111111111072,0.04597701149425282,0.0,0.0394060536836094,-0.125,0.0055005288872416545,0.011111111111111112,0.0963855421686747,-0.12009958095669938,0.016483516483516484,0.5721455546602691,75.0,0.0,0.0,0.0,0.0,0.011111111111111072,0.04597701149425282,0.0
12934,2026-02-11,0.0,0.0,0.0,0.03409090909090917,0.0,0.03428679674180715,-0.12378303198887343,0.0049902537479749424,0.0,0.16666666666666666,-0.032522964322781185,0.02197802197802198,0.5508934431087622,71.42857142857143,0.0,0.0,0.0,0.0,0.0,0.03409090909090917,0.0
12934,2026-02-12,0.0,0.0,0.0,0.03409090909090917,0.0,0.03096676737160122,-0.1225626740947075,0.004491917659215038,0.0,0.10303030303030303,-0.08769077927015202,0.016483516483516484,0.5549025501828716,71.42857142857143,0.0,0.0,0.0,0.0,0.0,0.03409090909090917,0.0
12934,2026-02-13,0.0,0.0,0.0,0.011111111111111072,0.0,0.029217719132893442,-0.12133891213389118,0.004018063382925858,0.0,0.05202312138728324,-0.07196369316509903,0.02197802197802198,0.5529969562143978,60.0,0.0,0.0,0.0,0.0,0.0,0.011111111111111072,0.01098901098901099
12934,2026-02-14,0.0,0.0,0.0,-0.010869565217391353,0.0,0.02786144578313255,-0.12001719136134092,0.0035759890208653692,0.0,0.04,0.10136851990859103,0.016483516483516484,0.622319112916744,33.33333333333333,0.0,0.0,0.0,0.0,0.0,-0.010869565217391353,0.01098901098901099
12934,2026-02-15,-0.005494505494505475,-0.005494505494505475,-0.005494505494505475,-0.005494505494505475,-0.00471327572663003,0.020676691729323255,-0.1235809974713509,0.002527859042096906,-0.005494505494505495,0.046242774566473986,0.25936491158625985,0.011049723756906077,0.6106244416656991,39.99999999999999,0.0,-0.005494505494505475,0.0,0.0,-0.005494505494505475,-0.005494505494505475,0.027624309392265192
12934,2026-02-16,0.005524861878453136,0.0,0.0,0.011111111111111072,0.0007855459544383123,0.02439024390243908,-0.11769458658766493,0.002404327887897412,0.0,0.05813953488372093,0.07689817821950413,0.016483516483516484,0.6337009393202306,75.0,1.0,0.005524861878453136,-0.005494505494505475,0.0,0.0,0.011111111111111072,0.04395604395604396
12934,2026-02-17,0.0,0.0,0.0,0.011111111111111072,0.0007855459544383123,0.021706586826347348,-0.1171239152697677,0.0022437128359651557,0.0,0.08333333333333333,-0.01888908863139266,0.016483516483516484,0.6430375889464306,75.0,1.0,0.0,0.005524861878453136,-0.005494505494505475,0.0,0.011111111111111072,0.054945054945054944
12934,2026-02-18,0.0,0.005524861878453136,0.0,0.0,0.0007855459544383123,0.0186567164179105,-0.11650485436893204,0.0020644084511486304,0.0,0.0963855421686747,-0.1605988641499229,0.016483516483516484,0.6176386034898071,50.0,1.0,0.0,0.0,0.005524861878453136,0.0,0.0,0.04395604395604396
12934,2026-02-19,0.0,0.0,0.0,0.0,0.0007855459544383123,0.015625000000000066,-0.11535968891769274,0.001878972686098207,0.0,0.0963855421686747,-0.20657827848286844,0.01098901098901099,0.6194681873664599,50.0,1.0,0.0,0.0,0.0,0.0,0.0,0.04395604395604396
12934,2026-02-20,0.01098901098901095,0.01098901098901095,0.01098901098901095,0.01098901098901095,0.010196078431372572,0.023359288097886476,-0.1039930743426036,0.002976173180031797,0.01098901098901099,0.10843373493975904,0.007447794655963799,0.021739130434782608,0.613562359606692,75.0,1.0,0.01098901098901095,0.0,0.0,0.01098901098901095,0.01098901098901095,0.03260869565217391
12934,2026-02-21,0.0,0.01098901098901095,0.01098901098901095,0.01098901098901095,0.008613938919342276,0.02071005917159756,-0.10234171725932355,0.003586762700761219,0.01098901098901099,0.08235294117647059,0.13854898573452257,0.016304347826086956,0.6280586870989193,75.0,1.0,0.0,0.01098901098901095,0.0,0.01098901098901095,0.01098901098901095,0.021739130434782608
12934,2026-02-22,0.010869565217391353,0.0219780219780219,0.027624309392265234,0.0219780219780219,0.015600624024961022,0.029520295202952084,-0.09090909090909088,0.005133578794092453,0.027624309392265192,0.06896551724137931,0.11332979087987223,0.021505376344086023,0.606536082706329,83.33333333333333,1.0,0.010869565217391353,0.0,0.01098901098901095,0.027624309392265234,0.0219780219780219,0.010752688172043012
12934,2026-02-23,0.021505376344086002,0.032608695652173836,0.04395604395604402,0.04395604395604402,0.03100775193798454,0.048758049678012935,-0.06953966699314393,0.008483698919573004,0.04395604395604396,0.08571428571428572,0.133649554971072,0.021052631578947368,0.6137838311913542,90.0,1.0,0.021505376344086002,0.010869565217391353,0.0,0.04395604395604402,0.04395604395604402,-0.010526315789473684
12934,2026-02-24,0.010526315789473717,0.04347826086956519,0.05494505494505497,0.05494505494505497,0.033846153846153804,0.05629928479735918,-0.057694405060530064,0.01159646844555669,0.054945054945054944,0.10344827586206896,0.11377930982636739,0.026041666666666668,0.610823623248763,91.66666666666667,1.0,0.010526315789473717,0.021505376344086002,0.010869565217391353,0.05494505494505497,0.05494505494505497,-0.015625
12934,2026-02-25,-0.01041666666666663,0.021505376344086002,0.04395604395604402,0.04395604395604402,0.016819571865443403,0.04223806911684031,-0.06526730075434575,0.011958387230274183,0.04395604395604396,0.09195402298850575,-0.06282326060554047,0.015789473684210527,0.6470681206367138,78.57142857142857,0.8,-0.01041666666666663,0.010526315789473717,0.021505376344086002,0.04395604395604402,0.04395604395604402,-0.010526315789473684
12934,2026-02-26,0.0,0.0,0.04395604395604402,0.04395604395604402,0.010638297872340425,0.039197812215132126,-0.06306503753219003,0.011784948536487585,0.04395604395604396,0.09195402298850575,-0.10896081592542374,0.015789473684210527,0.6470569696987927,78.57142857142857,0.75,0.0,-0.01041666666666663,0.010526315789473717,0.04395604395604402,0.04395604395604402,-0.010526315789473684
12934,2026-02-27,0.0,-0.01041666666666663,0.032608695652173836,0.04395604395604402,0.006051437216338859,0.03655210038188755,-0.06074920355926619,0.011272888302567516,0.03260869565217391,0.07954545454545454,-0.026953600329604522,0.015789473684210527,0.618163777084872,78.57142857142857,0.75,0.0,0.0,-0.01041666666666663,0.032608695652173836,0.04395604395604402,-0.010526315789473684
12934,2026-02-28,-0.010526315789473717,-0.010526315789473717,0.021739130434782705,0.03296703296703307,-0.00754147812971336,0.023407729994556405,-0.06823062943994719,0.009325924358802576,0.021739130434782608,0.06818181818181818,0.02380409268963499,0.015957446808510637,0.648676910604843,68.75,0.3333333333333333,-0.010526315789473717,0.0,0.0,0.021739130434782705,0.03296703296703307,0.0
12934,2026-03-01,0.0,-0.010526315789473717,0.010752688172043001,0.03867403314917128,-0.009036144578313296,0.02192426164160173,-0.0659674303063759,0.0077501475536314035,0.010752688172043012,0.044444444444444446,0.1431113752761003,0.015957446808510637,0.6428789560793154,73.33333333333333,0.0,0.0,-0.010526315789473717,0.0,0.010752688172043001,0.03867403314917128,0.0
12934,2026-03-02,0.0,-0.010526315789473717,-0.010526315789473717,0.03296703296703307,-0.00754147812971336,0.02118413905486152,-0.06374501992031878,0.006467951636750961,-0.010526315789473684,0.021739130434782608,-0.11087497550242577,0.015957446808510637,0.6156121307195735,71.42857142857143,0.0,0.0,0.0,-0.010526315789473717,-0.010526315789473717,0.03296703296703307,0.010638297872340425
12934,2026-03-03,0.005319148936170137,0.005319148936170137,-0.015625,0.03846153846153855,0.0,0.02531645569620248,-0.05662470190227936,0.0060380839081421705,-0.015625,0.038461538461538464,-0.11971643264763715,0.021164021164021163,0.6244412112428563,73.33333333333333,0.5,0.005319148936170137,0.0,0.0,-0.015625,0.03846153846153855,0.005291005291005291
12934,2026-03-04,-0.005291005291005346,0.0,-0.010526315789473717,0.03296703296703307,-0.003785011355034108,0.018418201516793097,-0.059216013344453755,0.004938054093624013,-0.010526315789473684,0.044444444444444446,-0.16604935784254715,0.015957446808510637,0.6340000798189085,68.75,0.0,-0.005291005291005346,0.005319148936170137,0.0,-0.010526315789473717,0.03296703296703307,0.010638297872340425
12934,2026-03-05,0.0,0.0,-0.010526315789473717,0.03296703296703307,-0.0022744503411674865,0.01694915254237284,-0.05659325341511009,0.004058624505575867,-0.010526315789473684,0.044444444444444446,-0.1554211507633124,0.015957446808510637,0.6130247134293276,68.75,0.0,0.0,-0.005291005291005346,0.005319148936170137,-0.010526315789473717,0.03296703296703307,0.010638297872340425
12934,2026-03-06,0.0,-0.005291005291005346,-0.010526315789473717,0.021739130434782705,-0.0007593014426727195,0.01585014409221904,-0.053744197751803585,0.0033518320122793406,-0.010526315789473684,0.03296703296703297,-0.09550039897049813,0.015957446808510637,0.6647744532242142,64.28571428571428,0.0,0.0,0.0,-0.005291005291005346,-0.010526315789473717,0.021739130434782705,0.0
12934,2026-03-07,0.0,0.0,0.0,0.021739130434782705,-0.0007593014426727195,0.014753508456279164,-0.05087788186458745,0.0027807696956658337,0.0,0.03296703296703297,0.16851257767774597,0.015957446808510637,0.5930915394497251,64.28571428571428,0.0,0.0,0.0,0.0,0.0,0.021739130434782705,0.0
12934,2026-03-08,0.0,0.0,0.0,0.010752688172043001,-0.0007593014426727195,0.013659237958303368,-0.047994148427389915,0.002316939077180839,0.0,0.03296703296703297,0.15567223785344328,0.015957446808510637,0.6254356910177347,58.33333333333333,0.0,0.0,0.0,0.0,0.0,0.010752688172043001,0.0
12934,2026-03-09,0.010638297872340496,0.010638297872340496,0.010638297872340496,0.0,0.008339651250947752,0.022972002871500433,-0.03520649966147598,0.0031767264426551425,0.010638297872340425,0.04395604395604396,-0.03575671473599985,0.015789473684210527,0.6227611857887517,50.0,1.0,0.010638297872340496,0.0,0.0,0.010638297872340496,0.0,-0.010526315789473684
12934,2026-03-10,0.0,0.010638297872340496,0.005291005291005346,-0.01041666666666663,0.007575757575757511,0.021505376344086023,-0.032750721194637726,0.003626999145944616,0.005291005291005291,0.04395604395604396,-0.054325314778172616,0.015789473684210527,0.608933008390644,37.5,1.0,0.0,0.010638297872340496,0.0,0.005291005291005346,-0.01041666666666663,-0.021052631578947368
12934,2026-03-11,0.0,0.010638297872340496,0.010638297872340496,0.0,0.006051437216338859,0.02004294917680737,-0.03039237922431387,0.0037970281756917177,0.010638297872340425,0.04395604395604396,-0.10638536832535013,0.015789473684210527,0.6031897919059631,50.0,1.0,0.0,0.0,0.010638297872340496,0.010638297872340496,0.0,-0.021052631578947368
12934,2026-03-12,0.0,0.0,0.010638297872340496,0.0,0.004531722054380686,0.01858470335954254,-0.02796725784447477,0.003779845830110021,0.010638297872340425,0.04395604395604396,-0.06962739177906384,0.015789473684210527,0.5449452089003369,50.0,1.0,0.0,0.0,0.0,0.010638297872340496,0.0,-0.031578947368421054
12934,2026-03-13,-0.010526315789473717,-0.010526315789473717,0.0,-0.010526315789473717,-0.006042296072507531,0.0067832916815423775,-0.03573260386390837,0.0024098927362260366,0.0,0.03296703296703297,-0.0062934980483928754,0.015957446808510637,0.5875018265949459,37.5,0.0,-0.010526315789473717,0.0,0.0,0.0,-0.010526315789473717,-0.02127659574468085
12934,2026-03-14,0.0,-0.010526315789473717,0.0,0.0,-0.006042296072507531,0.005706134094151192,-0.03292181069958851,0.0014385037585720602,0.0,0.03296703296703297,0.06282920608043606,0.015957446808510637,0.5832034969133978,50.0,0.0,0.0,-0.010526315789473717,0.0,0.0,0.0,-0.02127659574468085
12934,2026-03-15,0.0,-0.010526315789473717,0.0,0.0,-0.006042296072507531,0.00463127894549345,-0.030150177691161247,0.0007587668245386355,0.0,0.03296703296703297,0.14956647484578303,0.015957446808510637,0.6019576524360306,50.0,0.0,0.0,0.0,-0.010526315789473717,0.0,0.0,-0.02127659574468085
12934,2026-03-16,0.0,0.0,-0.010526315789473717,0.0,-0.004538577912254182,0.0035587188612099135,-0.02730669732681802,0.0002913956007572939,-0.010526315789473684,0.03296703296703297,-0.01841989061964255,0.015957446808510637,0.5964887820411833,50.0,0.0,0.0,0.0,0.0,-0.010526315789473717,0.0,-0.02127659574468085
12934,2026-03-17,-0.010638297872340385,-0.010638297872340385,-0.021052631578947323,-0.015873015873015928,-0.012139605462822415,-0.008,-0.034769071094966214,-0.0012629737610505805,-0.021052631578947368,0.027624309392265192,-0.13234728656497696,0.010752688172043012,0.5478811867268285,28.57142857142857,0.0,-0.010638297872340385,0.0,0.0,-0.021052631578947323,-0.015873015873015928,-0.010752688172043012
12934,2026-03-18,0.0,-0.010638297872340385,-0.021052631578947323,-0.010638297872340385,-0.009132420091324244,-0.008704920945105662,-0.03192227619708532,-0.0022348157106267435,-0.021052631578947368,0.02197802197802198,-0.13357411034341776,0.016129032258064516,0.6021165944727231,33.33333333333333,0.0,0.0,-0.010638297872340385,0.0,-0.021052631578947323,-0.010638297872340385,-0.010752688172043012
12934,2026-03-19,-0.010752688172043001,-0.021276595744680882,-0.03157894736842104,-0.021276595744680882,-0.015290519877675863,-0.019712306872669092,-0.03944315545243613,-0.004044201485458489,-0.031578947368421054,0.01098901098901099,-0.07987991379974888,0.016304347826086956,0.6290371424208271,25.0,0.0,-0.010752688172043001,0.0,-0.010638297872340385,-0.03157894736842104,-0.021276595744680882,0.010869565217391304
12934,2026-03-20,0.0,-0.010752688172043001,-0.021276595744680882,-0.021276595744680882,-0.012269938650306705,-0.020060358601100725,-0.03664921465968586,-0.0050934957967689164,-0.02127659574468085,0.01098901098901099,-0.02180186934925846,0.016304347826086956,0.5520855337610563,25.0,0.0,0.0,-0.010752688172043001,0.0,-0.021276595744680882,-0.021276595744680882,0.010869565217391304
12934,2026-03-21,0.0,-0.010752688172043001,-0.021276595744680882,-0.021276595744680882,-0.009230769230769273,-0.020408163265306173,-0.03372622242968839,-0.005610996399503927,-0.02127659574468085,0.01098901098901099,0.0691112844456035,0.016304347826086956,0.6169290036663069,25.0,0.0,0.0,0.0,-0.010752688172043001,-0.021276595744680882,-0.021276595744680882,0.0
12934,2026-03-22,0.0,0.0,-0.021276595744680882,-0.021276595744680882,-0.0061728395061728175,-0.020408163265306173,-0.03089887640449442,-0.005763771272831612,-0.02127659574468085,0.0,0.1882848126263687,0.016304347826086956,0.5937522339276097,25.0,0.0,0.0,0.0,0.0,-0.021276595744680882,-0.021276595744680882,0.0
12934,2026-03-23,0.0,0.0,-0.021276595744680882,-0.03157894736842104,-0.003095975232198208,-0.020408163265306173,-0.028054936025355047,-0.005673195487728416,-0.02127659574468085,0.0,-0.10579212450434579,0.016304347826086956,0.5496337030591216,0.0,0.0,0.0,0.0,0.0,-0.021276595744680882,-0.03157894736842104,-0.005434782608695652
12934,2026-03-24,0.0,0.0,-0.010752688172043001,-0.03157894736842104,-0.0015503875968991808,-0.020060358601100725,-0.025251633409853504,-0.005426683866646578,-0.010752688172043012,-0.010752688172043012,-0.05316994113622361,0.016304347826086956,0.6215332248296869,0.0,0.0,0.0,0.0,0.0,-0.010752688172043001,-0.03157894736842104,-0.010869565217391304
12934,2026-03-25,0.0,0.0,-0.010752688172043001,-0.03157894736842104,0.0,-0.019015461169361984,-0.022432113341204284,-0.005086522387516244,-0.010752688172043012,-0.031578947368421054,-0.10951925437387953,0.016304347826086956,0.5990678954561437,0.0,0.0,0.0,0.0,0.0,-0.010752688172043001,-0.03157894736842104,-0.010869565217391304
12934,2026-03-26,0.010869565217391353,0.010869565217391353,0.010869565217391353,-0.021052631578947323,0.009302325581395394,-0.007294075787226512,-0.009057005860415497,-0.0034317064214604556,0.010869565217391304,-0.03125,-0.04484854982594483,0.016129032258064516,0.5950212363115677,25.0,1.0,0.010869565217391353,0.0,0.0,0.010869565217391353,-0.021052631578947323,-0.021505376344086023
12934,2026-03-27,0.0,0.010869565217391353,0.010869565217391353,-0.010638297872340385,0.007739938080495289,-0.006587146163432367,-0.006351279159494316,-0.0022422801012500827,0.010869565217391304,-0.021052631578947368,-0.04771912959046888,0.016129032258064516,0.6092971321786774,33.33333333333333,1.0,0.0,0.010869565217391353,0.0,0.010869565217391353,-0.010638297872340385,-0.021505376344086023
12934,2026-03-28,-0.010752688172043001,0.0,0.0,-0.021276595744680882,-0.003095975232198208,-0.016218142933523427,-0.014344384262841495,-0.0026557608465703985,0.0,-0.031578947368421054,0.08838703914300654,0.016304347826086956,0.6107570768146099,25.0,0.0,-0.010752688172043001,0.0,0.010869565217391353,0.0,-0.021276595744680882,-0.005434782608695652
12934,2026-03-29,0.0,-0.010752688172043001,0.0,-0.021276595744680882,-0.003095975232198208,-0.015165031222123154,-0.011756280957211955,-0.002837110531613593,0.0,-0.031578947368421054,0.15642631346027405,0.016304347826086956,0.6353069085114922,25.0,0.0,0.0,-0.010752688172043001,0.0,0.0,-0.021276595744680882,-0.010869565217391304
12934,2026-03-30,-0.005434782608695676,-0.016129032258064502,-0.005434782608695676,-0.02659574468085102,-0.007745933384972824,-0.019642857142857094,-0.014539579967689762,-0.0034942743274537394,-0.005434782608695652,-0.026595744680851064,-0.0013733356838871937,0.01092896174863388,0.5681422925562043,22.222222222222214,0.0,-0.005434782608695676,0.0,-0.010752688172043001,-0.005434782608695676,-0.02659574468085102,-0.00546448087431694
12934,2026-03-31,-0.005464480874316946,-0.010869565217391353,-0.010869565217391353,-0.021505376344086002,-0.011636927851047302,-0.023954236682159468,-0.01745546157998913,-0.0044423509883085455,-0.010869565217391304,-0.031914893617021274,-0.12162794838746965,0.016483516483516484,0.6089675173946211,25.0,0.0,-0.005464480874316946,-0.005434782608695676,0.0,-0.010869565217391353,-0.021505376344086002,0.01098901098901099
12934,2026-04-01,0.0,-0.010869565217391353,-0.010869565217391353,-0.021505376344086002,-0.010101010101010123,-0.022906227630637148,-0.015033072760072125,-0.004914649045329633,-0.010869565217391304,-0.031914893617021274,-0.08202969722050937,0.016483516483516484,0.632574206005221,25.0,0.0,0.0,-0.005464480874316946,-0.005434782608695676,-0.010869565217391353,-0.021505376344086002,0.005494505494505495
12934,2026-04-02,0.0,-0.005464480874316946,-0.021505376344086002,-0.010869565217391353,-0.007014809041309387,-0.02168070238308546,-0.012658227848101316,-0.005060521231636419,-0.021505376344086023,-0.037037037037037035,-0.1491677475132035,0.016483516483516484,0.590140696663523,33.33333333333333,0.0,0.0,0.0,-0.005464480874316946,-0.021505376344086002,-0.010869565217391353,0.0
12934,2026-04-03,0.0,0.0,-0.021505376344086002,-0.010869565217391353,-0.0039093041438624365,-0.020627802690583008,-0.010212097407698286,-0.004988419862592021,-0.021505376344086023,-0.031914893617021274,0.01758073492730925,0.016483516483516484,0.6033412438034055,33.33333333333333,0.0,0.0,0.0,0.0,-0.021505376344086002,-0.010869565217391353,0.0
12934,2026-04-04,0.005494505494505475,0.005494505494505475,-0.005434782608695676,-0.005434782608695676,0.00234741784037552,-0.01436265709156189,-0.0023623478102853196,-0.004137302259784363,-0.005434782608695652,-0.026595744680851064,0.16687426298289004,0.02185792349726776,0.6556076963246739,42.857142857142854,0.5,0.005494505494505475,0.0,0.0,-0.005434782608695676,-0.005434782608695676,-0.00546448087431694
12934,2026-04-05,-0.005464480874316946,0.0,-0.010869565217391353,-0.010869565217391353,-0.0015673981191222125,-0.018691588785046738,-0.005404092537494639,-0.004084922887191053,-0.010869565217391304,-0.031914893617021274,0.1804749004947018,0.016483516483516484,0.61339383833254,37.5,0.0,-0.005464480874316946,0.005494505494505475,0.0,-0.010869565217391353,-0.010869565217391353,-0.005494505494505495
12934,2026-04-06,0.0,0.0,-0.005464480874316946,-0.010869565217391353,-0.0007843137254901738,-0.017632241813602085,-0.0029825308904985466,-0.003915499661444516,-0.00546448087431694,-0.031914893617021274,-0.024795103738334743,0.016483516483516484,0.5781671942125047,37.5,0.0,0.0,-0.005464480874316946,0.005494505494505475,-0.005464480874316946,-0.010869565217391353,-0.01098901098901099
12934,2026-04-07,0.01098901098901095,0.005464480874316946,0.01098901098901095,0.0,0.008613938919342276,-0.006121714079942343,0.010187275056426517,-0.002396840408020975,0.01098901098901099,-0.02127659574468085,-0.10049064511482153,0.016304347826086956,0.5866352563565103,50.0,1.0,0.01098901098901095,0.0,-0.005464480874316946,0.01098901098901095,0.0,-0.03260869565217391
12934,2026-04-08,-0.005434782608695676,0.005494505494505475,0.005494505494505475,-0.005434782608695676,0.00234741784037552,-0.010275824770146056,0.006600660066006537,-0.0019683571346265113,0.005494505494505495,-0.03684210526315789,-0.10211644390590405,0.01092896174863388,0.6114445069049615,45.45454545454546,0.5,-0.005434782608695676,0.01098901098901095,0.0,0.005494505494505475,-0.005434782608695676,-0.0273224043715847
12934,2026-04-09,-0.005464480874316946,0.0,0.0,-0.021505376344086002,-0.0031298904538341822,-0.014262502256725,0.0017123287671232425,-0.002262671954636112,0.0,-0.042105263157894736,-0.1293977225865527,0.01098901098901099,0.5922221590543318,30.0,0.0,-0.005464480874316946,-0.005434782608695676,0.01098901098901095,0.0,-0.021505376344086002,-0.02197802197802198
12934,2026-04-10,0.0,-0.010869565217391353,0.0,-0.021505376344086002,-0.0031298904538341822,-0.012836738383655798,0.001467351430667718,-0.0023792563553616864,0.0,-0.042105263157894736,-0.07531634036925773,0.016483516483516484,0.6104120153161187,30.0,0.0,0.0,-0.005464480874316946,-0.005434782608695676,0.0,-0.021505376344086002,-0.02197802197802198
12934,2026-04-11,0.0,-0.005464480874316946,-0.005464480874316946,-0.010869565217391353,-0.0023492560689114448,-0.011406844106463847,0.00048863913999519,-0.002376185742564873,-0.00546448087431694,-0.042105263157894736,0.08735038785344816,0.016483516483516484,0.6220727017691469,37.5,0.0,0.0,0.0,-0.005464480874316946,-0.005464480874316946,-0.010869565217391353,-0.02197802197802198
12934,2026-04-12,-0.005494505494505475,-0.005494505494505475,-0.005494505494505475,-0.016304347826086918,-0.007053291536050113,-0.015591007976794819,-0.006525583948283268,-0.0029360122621041366,-0.005494505494505495,-0.03723404255319149,0.0781762438591749,0.011049723756906077,0.5887397054901103,33.33333333333333,0.0,-0.005494505494505475,0.0,0.0,-0.005494505494505475,-0.016304347826086918,-0.016574585635359115
12934,2026-04-13,-0.0055248618784530246,-0.01098901098901095,-0.01098901098901095,-0.016393442622950838,-0.01098901098901099,-0.01960784313725487,-0.012917377528637575,-0.003846249221835895,-0.01098901098901099,-0.0425531914893617,0.029352114435206852,0.016666666666666666,0.6100214033614231,33.33333333333333,0.0,-0.0055248618784530246,-0.005494505494505475,0.0,-0.01098901098901095,-0.016393442622950838,-0.011111111111111112
12934,2026-04-14,-0.011111111111111072,-0.02197802197802201,-0.03260869565217395,-0.02197802197802201,-0.017350157728706603,-0.028737722808293995,-0.024182250106596748,-0.005603924905085756,-0.03260869565217391,-0.05319148936170213,-0.17431538520229722,0.016853932584269662,0.582858243784971,30.0,0.0,-0.011111111111111072,-0.0055248618784530246,-0.005494505494505475,-0.03260869565217395,-0.02197802197802201,0.0
12934,2026-04-15,0.0,-0.016574585635359074,-0.02732240437158473,-0.02197802197802201,-0.01346001583531268,-0.026967930029154537,-0.024360535931790567,-0.006569508470067549,-0.0273224043715847,-0.05319148936170213,-0.2173134618465758,0.016853932584269662,0.57048422413937,30.0,0.0,0.0,-0.011111111111111072,-0.0055248618784530246,-0.02732240437158473,-0.02197802197802201,0.0056179775280898875
12934,2026-04-16,0.0,-0.011111111111111072,-0.02197802197802201,-0.02197802197802201,-0.01032565528196984,-0.0255474452554744,-0.024657534246575342,-0.0069846433782531515,-0.02197802197802198,-0.043010752688172046,-0.3854277078715644,0.011235955056179775,0.6217788366502378,30.0,0.0,0.0,0.0,-0.011111111111111072,-0.02197802197802201,-0.02197802197802201,0.011235955056179775
12934,2026-04-17,0.0,0.0,-0.02197802197802201,-0.02197802197802201,-0.0071713147410358115,-0.02412280701754389,-0.025013693627898466,-0.007025912814611704,-0.02197802197802198,-0.043010752688172046,-0.3436390536714075,0.011235955056179775,0.591505256187504,30.0,0.0,0.0,0.0,0.0,-0.02197802197802201,-0.02197802197802201,0.02247191011235955
12934,2026-04-18,0.0,0.0,-0.02197802197802201,-0.02732240437158473,-0.003996802557953682,-0.02305159165751915,-0.025606714920017027,-0.006821326455657262,-0.02197802197802198,-0.03260869565217391,-0.11133623549922743,0.016853932584269662,0.5614746453136955,22.222222222222214,0.0,0.0,0.0,0.0,-0.02197802197802201,-0.02732240437158473,0.02247191011235955
12934,2026-04-19,0.0,0.0,-0.016574585635359074,-0.02197802197802201,-0.0016025641025640572,-0.02197802197802198,-0.026317388926031682,-0.006462791115776017,-0.016574585635359115,-0.03260869565217391,-0.1420282601873372,0.016853932584269662,0.5464072017022944,25.0,0.0,0.0,0.0,0.0,-0.016574585635359074,-0.02197802197802201,0.02247191011235955
12934,2026-04-20,0.0,0.0,-0.011111111111111072,-0.02197802197802201,0.0,-0.020902090209020962,-0.027027027027027094,-0.006015509724870224,-0.011111111111111112,-0.03260869565217391,-0.06558616229842586,0.016853932584269662,0.5613471824355545,25.0,0.0,0.0,0.0,0.0,-0.011111111111111072,-0.02197802197802201,0.033707865168539325
12934,2026-04-21,0.0,0.0,0.0,-0.03260869565217395,0.0,-0.019823788546255477,-0.027735631486314284,-0.005525040087742098,0.0,-0.03260869565217391,-0.08673314494474217,0.016853932584269662,0.5741176835185167,0.0,0.0,0.0,0.0,0.0,0.0,-0.03260869565217395,0.033707865168539325
12934,2026-04-22,0.00561797752808979,0.00561797752808979,0.00561797752808979,-0.021857923497267784,0.004811547714514858,-0.013411721477126605,-0.02280723037728982,-0.004368154195497679,0.0056179775280898875,-0.02717391304347826,-0.08461722169624854,0.0111731843575419,0.6137125884110516,16.666666666666657,1.0,0.00561797752808979,0.0,0.0,0.00561797752808979,-0.021857923497267784,0.027932960893854747
12934,2026-04-23,0.005586592178770999,0.011235955056179803,0.011235955056179803,-0.01098901098901095,0.008807045636509277,-0.007170435741864376,-0.017705554208100875,-0.002817496800150489,0.011235955056179775,-0.021739130434782608,-0.05022575043338236,0.016666666666666666,0.6162747281965992,33.33333333333333,1.0,0.005586592178770999,0.00561797752808979,0.0,0.011235955056179803,-0.01098901098901095,0.022222222222222223
12934,2026-04-24,0.011111111111111072,0.022471910112359605,0.022471910112359605,0.0,0.01675977653631285,0.0042302740481884125,-0.007212558336868904,-0.00041563346775901126,0.02247191011235955,-0.010869565217391304,0.07019367844449709,0.016483516483516484,0.6279441423999756,50.0,1.0,0.011111111111111072,0.005586592178770999,0.00561797752808979,0.022471910112359605,0.0,0.01098901098901099
12934,2026-04-25,0.0,0.016759776536312776,0.022471910112359605,0.0,0.013524264120922764,0.0049696300386527096,-0.007693705700611787,0.0011539523739691202,0.02247191011235955,-0.021505376344086023,0.2924053608705157,0.016483516483516484,0.6338017225612297,50.0,1.0,0.0,0.011111111111111072,0.005586592178770999,0.022471910112359605,0.0,0.01098901098901099
12934,2026-04-26,0.0,0.011111111111111072,0.022471910112359605,0.005524861878453136,0.010309278350515486,0.005710075520353646,-0.008174386920980926,0.0021321715051960187,0.02247191011235955,-0.021505376344086023,0.17362651400389856,0.016483516483516484,0.5893305425025326,57.14285714285714,1.0,0.0,0.0,0.011111111111111072,0.022471910112359605,0.005524861878453136,0.01098901098901099
12934,2026-04-27,0.01098901098901095,0.01098901098901095,0.03370786516853941,0.022222222222222143,0.016574585635359115,0.016761834592005885,0.002118003025718591,0.00398126726579606,0.033707865168539325,0.0,-0.08133486506596059,0.016304347826086956,0.5817936215794233,75.0,1.0,0.01098901098901095,0.0,0.0,0.03370786516853941,0.022222222222222143,0.0
12934,2026-04-28,0.0,0.01098901098901095,0.03370786516853941,0.03370786516853941,0.011783189316574997,0.016761834592005885,0.001633097441480737,0.00504233165588941,0.033707865168539325,0.0,-0.07740146727646764,0.016304347826086956,0.5416333943941078,99.99999997666667,1.0,0.0,0.01098901098901095,0.0,0.03370786516853941,0.03370786516853941,0.0
12934,2026-04-29,0.0,0.01098901098901095,0.027932960893854775,0.03370786516853941,0.007824726134585222,0.016574585635359115,0.0011486609032101912,0.005558687701742108,0.027932960893854747,0.00546448087431694,-0.08250822284110469,0.016304347826086956,0.5897345739275526,99.99999997666667,1.0,0.0,0.0,0.01098901098901095,0.027932960893854775,0.03370786516853941,0.005434782608695652
12934,2026-04-30,0.0,0.0,0.022222222222222143,0.03370786516853941,0.004680187207488321,0.016200294550810037,0.0009066183136898849,0.005705628784280286,0.022222222222222223,0.01098901098901099,-0.09232628311107077,0.016304347826086956,0.6078646419786675,99.99999997666667,1.0,0.0,0.0,0.0,0.022222222222222143,0.03370786516853941,0.005434782608695652
12934,2026-05-01,0.0,0.0,0.01098901098901095,0.03370786516853941,0.003115264797507855,0.015826278984173762,0.0009066183136898849,0.005608751125027501,0.01098901098901099,0.01098901098901099,-0.03896625368624939,0.016304347826086956,0.5955067544589083,99.99999997666667,1.0,0.0,0.0,0.0,0.01098901098901095,0.03370786516853941,0.005434782608695652
12934,2026-05-02,0.0,0.0,0.01098901098901095,0.03370786516853941,0.0015552099533436572,0.015452538631346642,0.0007856409016740263,0.005357395485903678,0.01098901098901099,0.01098901098901099,0.23236620080714016,0.02717391304347826,0.5324932167761774,99.99999997666667,1.0,0.0,0.0,0.0,0.01098901098901095,0.03370786516853941,0.005434782608695652
12934,2026-05-03,0.0,0.0,0.01098901098901095,0.03370786516853941,0.0,0.015079073188672232,0.0005437737901032861,0.0050145090674894996,0.01098901098901099,0.01098901098901099,0.15225090852066572,0.021739130434782608,0.5742896459291585,99.99999997666667,0.0,0.0,0.0,0.0,0.01098901098901095,0.03370786516853941,0.0
12934,2026-05-04,0.0,0.0,0.0,0.03370786516853941,0.0,0.014892443463871972,0.00030202355783744264,0.004623881892160767,0.0,0.00546448087431694,-0.016492960820691915,0.016304347826086956,0.5733014946088165,99.99999997666667,0.0,0.0,0.0,0.0,0.0,0.03370786516853941,0.0
12934,2026-05-05,0.0,0.0,0.0,0.03370786516853941,0.0,0.01451938981804811,0.0001811922449719049,0.0042154545942854026,0.0,0.01098901098901099,-0.0435192201635129,0.016304347826086956,0.6016217217271079,99.99999997666667,0.0,0.0,0.0,0.0,0.0,0.03370786516853941,0.0
12934,2026-05-06,0.005434782608695565,0.005434782608695565,0.005434782608695565,0.033519553072625774,0.004654771140418952,0.019470977222630408,0.005434782608695652,0.0044430922133278814,0.005434782608695652,0.016483516483516484,-0.08129866723844656,0.010810810810810811,0.5567286471757168,99.99999997666667,1.0,0.005434782608695565,0.0,0.0,0.005434782608695565,0.033519553072625774,-0.010810810810810811
12934,2026-05-07,0.0,0.005434782608695565,0.005434782608695565,0.02777777777777768,0.003875968992248106,0.01928374655647383,0.005252671617460615,0.004441323341588141,0.005434782608695652,0.005434782608695652,-0.025457859220130462,0.010810810810810811,0.5702731468254006,99.999999972,1.0,0.0,0.005434782608695565,0.0,0.005434782608695565,0.02777777777777768,-0.021621621621621623
12934,2026-05-08,0.0,0.005434782608695565,0.005434782608695565,0.016483516483516425,0.003098373353989222,0.018909491463190767,0.005070626584570828,0.0042910723025695935,0.005434782608695652,0.01092896174863388,-0.12081921053269948,0.010810810810810811,0.560015984274366,99.99999995333333,1.0,0.0,0.0,0.005434782608695565,0.005434782608695565,0.016483516483516425,-0.021621621621621623
12934,2026-05-09,0.0,0.0,0.005434782608695565,0.016483516483516425,0.002321981424148541,0.018348623853211062,0.004888647474198836,0.004049687339202025,0.005434782608695652,0.016483516483516484,0.1892422587616708,0.021621621621621623,0.575053992925065,99.99999995333333,1.0,0.0,0.0,0.0,0.005434782608695565,0.016483516483516425,-0.032432432432432434
12934,2026-05-10,-0.00540540540540535,-0.00540540540540535,0.0,0.01098901098901095,-0.003095975232198208,0.012472487160675056,-0.0006638102709553485,0.003125601027609359,0.0,0.01098901098901099,0.18807463831125856,0.016304347826086956,0.5788946182871125,75.0,0.0,-0.00540540540540535,0.0,0.0,0.0,0.01098901098901095,-0.021739130434782608
12934,2026-05-11,0.0,-0.00540540540540535,0.0,0.0,-0.003095975232198208,0.012101210121012038,-0.0007844083750678883,0.0024208123481226627,0.0,0.01098901098901099,-0.05728766055850812,0.016304347826086956,0.5519899088656052,50.0,0.0,0.0,-0.00540540540540535,0.0,0.0,0.0,-0.03260869565217391
12934,2026-05-12,0.0,-0.00540540540540535,0.0,0.0,-0.003095975232198208,0.011544804837822949,-0.0009049773755655595,0.0018820411252976849,0.0,0.016574585635359115,-0.0019528089575443818,0.016304347826086956,0.6024559464658081,50.0,0.0,0.0,0.0,-0.00540540540540535,0.0,0.0,-0.03260869565217391
12934,2026-05-13,-0.005434782608695676,-0.005434782608695676,-0.010810810810810811,-0.005434782608695676,-0.006976744186046468,0.005494505494505495,-0.0063947876447876415,0.000835403896266689,-0.010810810810810811,0.016666666666666666,-0.10867729641882166,0.01092896174863388,0.6046786865897161,33.33333333333333,0.0,-0.005434782608695676,0.0,0.0,-0.010810810810810811,-0.005434782608695676,-0.0273224043715847
12934,2026-05-14,-0.010928961748633892,-0.016304347826086918,-0.021621621621621623,-0.016304347826086918,-0.014774494556765206,-0.006040637012630392,-0.017194570135746556,-0.0011454603620604288,-0.021621621621621623,0.016853932584269662,0.1543948172399209,0.011049723756906077,0.6665890424310074,20.0,0.0,-0.010928961748633892,-0.005434782608695676,0.0,-0.021621621621621623,-0.016304347826086918,-0.016574585635359115
12934,2026-05-15,0.0,-0.016304347826086918,-0.021621621621621623,-0.016304347826086918,-0.011700468018720727,-0.006586169045005427,-0.017135272112948043,-0.002400156213643938,-0.021621621621621623,0.016853932584269662,-0.031021306963801794,0.022099447513812154,0.5969312570278855,20.0,0.0,0.0,-0.010928961748633892,-0.005434782608695676,-0.021621621621621623,-0.016304347826086918,-0.022099447513812154
12934,2026-05-16,-0.011049723756906049,-0.021857923497267784,-0.032432432432432434,-0.02717391304347827,-0.01802507836990591,-0.017742820559721897,-0.02787834902244746,-0.0044219677048532875,-0.032432432432432434,0.0056179775280898875,0.17345113414712973,0.0223463687150838,0.6268748304545572,14.285714285714292,0.0,-0.011049723756906049,0.0,-0.010928961748633892,-0.032432432432432434,-0.02717391304347827,-0.01675977653631285
12934,2026-05-17,0.005586592178770999,-0.0055248618784530246,-0.021739130434782594,-0.021739130434782594,-0.009433962264150988,-0.012616566099835498,-0.022329511164755598,-0.0049542007584803946,-0.021739130434782608,0.011235955056179775,0.08114946190355851,0.016666666666666666,0.5939385739962322,25.0,0.2,0.005586592178770999,-0.011049723756906049,0.0,-0.021739130434782594,-0.021739130434782594,-0.022222222222222223
12934,2026-05-18,-0.011111111111111072,-0.016574585635359074,-0.03260869565217395,-0.03260869565217395,-0.015797788309636674,-0.02358749314317066,-0.03295907279971023,-0.006430039434608464,-0.03260869565217391,0.0,-0.07064754075175239,0.016853932584269662,0.6018020345047849,20.0,0.0,-0.011111111111111072,0.005586592178770999,-0.011049723756906049,-0.03260869565217395,-0.03260869565217395,-0.011235955056179775
12934,2026-05-19,0.0,-0.005586592178770999,-0.03260869565217395,-0.03260869565217395,-0.011111111111111112,-0.02358749314317066,-0.0327255162419997,-0.007184286049853926,-0.03260869565217391,0.0,-0.07439396140447585,0.016853932584269662,0.5854162241697343,20.0,0.0,0.0,-0.011111111111111072,0.005586592178770999,-0.03260869565217395,-0.03260869565217395,-0.011235955056179775
12934,2026-05-20,0.0,-0.011111111111111072,-0.02732240437158473,-0.037837837837837784,-0.0071713147410358115,-0.02358749314317066,-0.032491846841406026,-0.007441162243709946,-0.0273224043715847,0.0,-0.10512819452591252,0.016853932584269662,0.6205402094765149,11.111111111111114,0.0,0.0,0.0,-0.011111111111111072,-0.02732240437158473,-0.037837837837837784,-0.011235955056179775
12934,2026-05-21,0.0,0.0,-0.016574585635359074,-0.037837837837837784,-0.004792332268370629,-0.02358749314317066,-0.03214113098115024,-0.007364086167788831,-0.016574585635359115,0.0,-0.09654725033260796,0.016853932584269662,0.6154187791033571,11.111111111111114,0.0,0.0,0.0,0.0,-0.016574585635359074,-0.037837837837837784,0.0
12934,2026-05-22,-0.005617977528089901,-0.005617977528089901,-0.02209944751381221,-0.043243243243243246,-0.007211538461538416,-0.02871776111212724,-0.03717135086128745,-0.007724793460356588,-0.022099447513812154,-0.0111731843575419,0.032669761584221725,0.011299435028248588,0.6032271383973121,10.0,0.0,-0.005617977528089901,0.0,0.0,-0.02209944751381221,-0.043243243243243246,0.005649717514124294
12934,2026-05-23,-0.005649717514124242,-0.011235955056179803,-0.016759776536312887,-0.048648648648648596,-0.010441767068273116,-0.03349807797913232,-0.04203205322044152,-0.008362531250625329,-0.01675977653631285,-0.022222222222222223,0.17690229244316533,0.017045454545454544,0.6086643889017634,9.090909090909093,0.0,-0.005649717514124242,-0.005617977528089901,0.0,-0.016759776536312887,-0.048648648648648596,0.011363636363636364
12934,2026-05-24,0.0,-0.011235955056179803,-0.022222222222222254,-0.04347826086956519,-0.007252215954875055,-0.03243540406816935,-0.04122026511712364,-0.008505163895468251,-0.022222222222222223,-0.03296703296703297,0.16801223281566469,0.017045454545454544,0.6202906914419879,10.0,0.0,0.0,-0.005649717514124242,-0.005617977528089901,-0.022222222222222254,-0.04347826086956519,0.017045454545454544
12934,2026-05-25,0.0,-0.005649717514124242,-0.011235955056179803,-0.04347826086956519,-0.005649717514124294,-0.031370390753990035,-0.04029082096334442,-0.008318865310145253,-0.011235955056179775,-0.03296703296703297,0.0993103135189797,0.017045454545454544,0.622695983246349,10.0,0.0,0.0,0.0,-0.005649717514124242,-0.011235955056179803,-0.04347826086956519,0.022727272727272728
12934,2026-05-26,0.0,0.0,-0.011235955056179803,-0.04347826086956519,-0.0040420371867421635,-0.030303030303030304,-0.039476077860651194,-0.007923422116108667,-0.011235955056179775,-0.03296703296703297,-0.007085138334180723,0.011363636363636364,0.6119121568719772,10.0,0.0,0.0,0.0,0.0,-0.011235955056179803,-0.04347826086956519,0.022727272727272728
12934,2026-05-27,0.0,0.0,-0.011235955056179803,-0.03825136612021862,-0.0024291497975707814,-0.028876218502850767,-0.03865995023365907,-0.00740419978452493,-0.011235955056179775,-0.043478260869565216,-0.12158276091434415,0.017045454545454544,0.5900914129601813,11.111111111111114,0.0,0.0,0.0,0.0,-0.011235955056179803,-0.03825136612021862,0.022727272727272728
12934,2026-05-28,0.011363636363636465,0.011363636363636465,0.0,-0.016574585635359074,0.008906882591093188,-0.016755661940710723,-0.027027027027027094,-0.005499558980666052,0.0,-0.03260869565217391,-0.10633955191353799,0.016853932584269662,0.6058466174898589,33.33333333333333,1.0,0.011363636363636465,0.0,0.0,0.0,-0.016574585635359074,0.02247191011235955
12934,2026-05-29,0.0,0.011363636363636465,0.005649717514124353,-0.016574585635359074,0.008090614886731321,-0.01566820276497701,-0.026435733819507798,-0.004078301617400636,0.005649717514124294,-0.03260869565217391,-0.06351020980109257,0.016853932584269662,0.5674628999031796,33.33333333333333,1.0,0.0,0.011363636363636465,0.0,0.005649717514124353,-0.016574585635359074,0.016853932584269662
12934,2026-05-30,0.0,0.011363636363636465,0.011363636363636465,-0.005586592178770999,0.0064620355411954536,-0.014578335486252035,-0.025843721495895443,-0.00301859150344906,0.011363636363636364,-0.03260869565217391,0.1747526313732767,0.016853932584269662,0.5667087125935794,42.857142857142854,1.0,0.0,0.0,0.011363636363636465,0.011363636363636465,-0.005586592178770999,0.011235955056179775
12934,2026-05-31,0.00561797752808979,0.00561797752808979,0.017045454545454586,-0.005555555555555536,0.009669621273166847,-0.008127077946065766,-0.0198345096130446,-0.0015724154587374777,0.017045454545454544,-0.02717391304347826,0.2024855902742763,0.0223463687150838,0.5881825801573997,42.857142857142854,1.0,0.00561797752808979,0.0,0.0,0.017045454545454586,-0.005555555555555536,0.00558659217877095
12934,2026-06-01,0.005586592178770999,0.011235955056179803,0.022727272727272707,0.011235955056179803,0.012048192771084314,-0.001848428835489886,-0.013818713094295918,7.346957934421504e-05,0.022727272727272728,-0.021739130434782608,0.012997236385900513,0.016666666666666666,0.577495509477343,66.66666666666666,1.0,0.005586592178770999,0.00561797752808979,0.0,0.022727272727272707,0.011235955056179803,-0.011111111111111112
12934,2026-06-02,0.0,0.011235955056179803,0.022727272727272707,0.011235955056179803,0.008807045636509277,-0.0011098779134294597,-0.013338205737255639,0.0011379743342602214,0.022727272727272728,-0.021739130434782608,0.02268411874842542,0.016666666666666666,0.6180779398643281,66.66666666666666,1.0,0.0,0.005586592178770999,0.00561797752808979,0.022727272727272707,0.011235955056179803,-0.011111111111111112
12934,2026-06-03,0.0,0.005586592178770999,0.022727272727272707,0.011235955056179803,0.00558659217877095,-0.0003702332469455547,-0.012857229906769794,0.0017901089327070677,0.022727272727272728,-0.021739130434782608,-0.09877137269368448,0.016666666666666666,0.5990966065586584,66.66666666666666,1.0,0.0,0.0,0.005586592178770999,0.022727272727272707,0.011235955056179803,-0.011111111111111112
12934,2026-06-04,0.011111111111111072,0.011111111111111072,0.022471910112359605,0.022471910112359605,0.013524264120922764,0.011111111111111112,-0.0015239256324291028,0.0034520876845368113,0.02247191011235955,-0.010869565217391304,-0.10051478895091459,0.016483516483516484,0.6018370094389195,75.0,1.0,0.011111111111111072,0.0,0.0,0.022471910112359605,0.022471910112359605,-0.02197802197802198
12934,2026-06-05,-0.005494505494505475,0.005555555555555536,0.016853932584269593,0.02259887005649719,0.005555555555555556,0.0063009636767975856,-0.006586169045005427,0.003763951668093104,0.016853932584269662,-0.021621621621621623,-0.003120789762265138,0.011049723756906077,0.5865952214886028,75.0,0.75,-0.005494505494505475,0.011111111111111072,0.0,0.016853932584269593,0.02259887005649719,-0.022099447513812154
12934,2026-06-06,-0.0055248618784530246,0.0,0.011235955056179803,0.022727272727272707,-0.0015847860538826808,0.0016694490818030684,-0.011592434411226375,0.003192656653920179,0.011235955056179775,-0.02702702702702703,0.1364445057939246,0.016666666666666666,0.6124284739406015,75.0,0.3333333333333333,-0.0055248618784530246,-0.005494505494505475,0.011111111111111072,0.011235955056179803,0.022727272727272707,-0.011111111111111112
12934,2026-06-07,0.0,-0.01098901098901095,0.005586592178770999,0.022727272727272707,-0.0023752969121139467,0.00259933160044561,-0.01098901098901099,0.002714932692231193,0.00558659217877095,-0.02702702702702703,0.1288409924375104,0.016666666666666666,0.5852972077205011,75.0,0.0,0.0,-0.0055248618784530246,-0.005494505494505475,0.005586592178770999,0.022727272727272707,-0.005555555555555556
12934,2026-06-08,-0.011111111111111072,-0.016574585635359074,-0.011111111111111072,0.011363636363636465,-0.011895321173671668,-0.007250418293363142,-0.02126099706744872,0.001016471923220131,-0.011111111111111112,-0.03783783783783784,0.11149247637055879,0.02247191011235955,0.6108848880939436,60.0,0.0,-0.011111111111111072,0.0,-0.0055248618784530246,-0.011111111111111072,0.011363636363636465,0.011235955056179775
12934,2026-06-09,0.0,-0.011111111111111072,-0.011111111111111072,0.011363636363636465,-0.01032565528196984,-0.00614182021217194,-0.020542920029346958,-0.00012359649060830573,-0.011111111111111112,-0.03260869565217391,0.03987872249612639,0.016853932584269662,0.5832764525746621,60.0,0.0,0.0,-0.011111111111111072,0.0,-0.011111111111111072,0.011363636363636465,0.011235955056179775
12934,2026-06-10,0.0,-0.011111111111111072,-0.011111111111111072,0.011363636363636465,-0.00875099443118543,-0.005030743432084995,-0.019823788546255477,-0.0008619476649761234,-0.011111111111111112,-0.03260869565217391,-0.09026630029057693,0.016853932584269662,0.5685954204697945,60.0,0.0,0.0,0.0,-0.011111111111111072,-0.011111111111111072,0.011363636363636465,0.011235955056179775
12934,2026-06-11,0.0,0.0,-0.02197802197802201,0.0,-0.00558659217877095,-0.003917179630665857,-0.01922370515489159,-0.0013140748378399534,-0.02197802197802198,-0.03260869565217391,-0.06328044539937949,0.016853932584269662,0.5784927244555259,50.0,0.0,0.0,0.0,0.0,-0.02197802197802201,0.0,0.0056179775280898875
12934,2026-06-12,-0.005617977528089901,-0.005617977528089901,-0.02209944751381221,-0.005617977528089901,-0.008006405124099211,-0.008403361344537815,-0.02407645653372546,-0.002219030622632321,-0.022099447513812154,-0.03278688524590164,-0.004100734711295404,0.011299435028248588,0.5791209525731932,44.444444444444436,0.0,-0.005617977528089901,0.0,0.0,-0.02209944751381221,-0.005617977528089901,0.011299435028248588
12934,2026-06-13,0.005649717514124353,0.0,-0.011111111111111072,0.0,-0.0008019246190857832,-0.0022421524663677446,-0.017961135290872333,-0.002079966379080041,-0.011111111111111112,-0.016574585635359115,0.14038195456085426,0.016853932584269662,0.6637938544630322,50.0,0.3333333333333333,0.005649717514124353,-0.005617977528089901,0.0,-0.011111111111111072,0.0,0.0
12934,2026-06-14,0.00561797752808979,0.00561797752808979,-0.005555555555555536,0.0,0.0056179775280898875,0.0037383177570092926,-0.011898920510304275,-0.001265722859510073,-0.005555555555555556,-0.011049723756906077,0.16283567689367331,0.0223463687150838,0.5922249080229798,50.0,1.0,0.00561797752808979,0.005649717514124353,-0.005617977528089901,-0.005555555555555536,0.0,-0.00558659217877095
12934,2026-06-15,0.005586592178770999,0.016949152542372836,0.011235955056179803,0.0,0.009615384615384661,0.009157166884694408,-0.006013007731010016,-4.149337239544963e-05,0.011235955056179775,0.00558659217877095,-0.02638588786867589,0.022222222222222223,0.5946001218657941,50.0,1.0,0.005586592178770999,0.00561797752808979,0.005649717514124353,0.011235955056179803,0.0,-0.011111111111111112
12934,2026-06-16,0.0,0.011235955056179803,0.011235955056179803,0.0,0.00799999999999993,0.009157166884694408,-0.005646943285047818,0.0007541089481808914,0.011235955056179775,0.0,0.03547446575906455,0.016666666666666666,0.5688862364059925,50.0,1.0,0.0,0.005586592178770999,0.00561797752808979,0.011235955056179803,0.0,-0.011111111111111112
12934,2026-06-17,0.0,0.005586592178770999,0.011235955056179803,0.0,0.006389776357827453,0.008780123295348382,-0.0054027504911591945,0.0012451209297377336,0.011235955056179775,0.011235955056179775,-0.018123070589814074,0.016666666666666666,0.5825808242714946,50.0,1.0,0.0,0.0,0.005586592178770999,0.011235955056179803,0.0,-0.011111111111111112
12934,2026-06-18,-0.005555555555555536,-0.005555555555555536,0.00561797752808979,-0.016483516483516536,0.0,0.0029884198729921447,-0.01062457778050725,0.0008717953674725219,0.0056179775280898875,0.0056179775280898875,0.017656892641208982,0.0111731843575419,0.588528071704841,33.33333333333333,0.6666666666666666,-0.005555555555555536,0.0,0.0,0.00561797752808979,-0.016483516483516536,-0.00558659217877095
12934,2026-06-19,0.0,-0.005555555555555536,0.011299435028248483,-0.011049723756906049,-0.0015936254980079229,0.0028011204481792717,-0.010320678215997093,0.0006000533717951242,0.011299435028248588,0.0056179775280898875,-0.08462207776284784,0.0111731843575419,0.5756815716534044,37.5,0.5,0.0,-0.005555555555555536,0.0,0.011299435028248483,-0.011049723756906049,-0.00558659217877095
12934,2026-06-20,-0.005586592178770999,-0.011111111111111072,0.0,-0.011111111111111072,-0.0071713147410358115,-0.0028011204481792717,-0.015486725663716876,-0.0002483221464059044,0.0,0.0,0.06471301405488031,0.016853932584269662,0.5990452502988897,37.5,0.0,-0.005586592178770999,0.0,-0.005555555555555536,0.0,-0.011111111111111072,-0.011235955056179775
12934,2026-06-21,0.0,-0.005586592178770999,-0.005586592178770999,-0.011111111111111072,-0.0063795853269537255,-0.002987303958177734,-0.015123570638140835,-0.000792348644631455,-0.00558659217877095,0.005649717514124294,0.09729530276260316,0.011235955056179775,0.5925633674097875,37.5,0.0,0.0,-0.005586592178770999,0.0,-0.005586592178770999,-0.011111111111111072,-0.011235955056179775
12934,2026-06-22,0.0,-0.005586592178770999,-0.011111111111111072,0.0,-0.004792332268370629,-0.003359462486002208,-0.014760147601475962,-0.001120114764040138,-0.011111111111111112,0.011363636363636364,-0.02046283908993461,0.02247191011235955,0.5841593218840819,50.0,0.0,0.0,0.0,-0.005586592178770999,-0.011111111111111072,0.0,-0.011235955056179775
12934,2026-06-23,0.0,0.0,-0.011111111111111072,0.0,-0.003200000000000068,-0.0037313432835820366,-0.014396456256921342,-0.001296190931276976,-0.011111111111111112,0.011363636363636364,-0.1411578313847911,0.016853932584269662,0.617435526843136,50.0,0.0,0.0,0.0,0.0,-0.011111111111111072,0.0,-0.016853932584269662
12934,2026-06-24,0.0,0.0,-0.011111111111111072,0.0,-0.0016025641025640572,-0.004102946661693324,-0.013911116582543443,-0.001367672189825073,-0.011111111111111112,0.011363636363636364,-0.052144459163517315,0.016853932584269662,0.6021303718246802,50.0,0.0,0.0,0.0,0.0,-0.011111111111111072,0.0,-0.033707865168539325
12934,2026-06-25,0.0,0.0,-0.005586592178770999,0.0,-0.0008019246190857832,-0.004474272930648833,-0.01342529868210368,-0.0013687011188180309,-0.00558659217877095,0.011363636363636364,-0.10471298302727451,0.016853932584269662,0.6033685146492938,50.0,0.0,0.0,0.0,0.0,-0.005586592178770999,0.0,-0.0449438202247191
12934,2026-06-26,0.0,0.0,-0.005586592178770999,0.005649717514124353,0.0,-0.004845322400298216,-0.01306062099556431,-0.0013238476901319524,-0.00558659217877095,0.011363636363636364,-0.030992338820025132,0.016853932584269662,0.5826389996814535,60.0,0.0,0.0,0.0,0.0,-0.005586592178770999,0.005649717514124353,-0.056179775280898875
12934,2026-06-27,-0.011235955056179803,-0.011235955056179803,-0.011235955056179803,-0.011235955056179803,-0.009646302250803904,-0.015659955257270756,-0.02366863905325451,-0.0025628171009266882,-0.011235955056179775,-0.011235955056179775,0.09687450528730805,0.017045454545454544,0.6059683945390947,33.33333333333333,0.0,-0.011235955056179803,0.0,0.0,-0.011235955056179803,-0.011235955056179803,-0.05113636363636364
12934,2026-06-28,0.0,-0.011235955056179803,-0.011235955056179803,-0.016759776536312887,-0.008051529790660157,-0.01529280119358441,-0.023247209718197,-0.003286282123750883,-0.011235955056179775,-0.011235955056179775,0.22670370713427207,0.017045454545454544,0.6503922266114991,20.0,0.0,0.0,-0.011235955056179803,0.0,-0.011235955056179803,-0.016759776536312887,-0.045454545454545456
12934,2026-06-29,0.0,-0.011235955056179803,-0.011235955056179803,-0.022222222222222254,-0.006451612903225784,-0.014925373134328306,-0.02288569489852576,-0.003649320299160622,-0.011235955056179775,-0.011235955056179775,0.11587375623824714,0.017045454545454544,0.629006818344233,0.0,0.0,0.0,0.0,-0.011235955056179803,-0.011235955056179803,-0.022222222222222254,-0.03409090909090909
12934,2026-06-30,-0.005681818181818232,-0.005681818181818232,-0.016853932584269704,-0.02777777777777779,-0.00970088924818113,-0.019790888722927547,-0.028017773389286633,-0.004426331988377162,-0.016853932584269662,-0.0223463687150838,-0.040193862428220074,0.022857142857142857,0.574743108506989,0.0,0.0,-0.005681818181818232,0.0,0.0,-0.016853932584269704,-0.02777777777777779,-0.017142857142857144
12934,2026-07-01,-0.017142857142857126,-0.022727272727272707,-0.0337078651685393,-0.0444444444444444,-0.021933387489845677,-0.035153328347045695,-0.04409040385327901,-0.006780875246368274,-0.033707865168539325,-0.044444444444444446,0.15359865627350058,0.01744186046511628,0.6228911432848581,0.0,0.0,-0.017142857142857126,-0.005681818181818232,0.0,-0.0337078651685393,-0.0444444444444444,0.011627906976744186
12934,2026-07-02,-0.011627906976744207,-0.03409090909090906,-0.0449438202247191,-0.05027932960893855,-0.026982829108749024,-0.044585987261146515,-0.05450500556173532,-0.009442314701988188,-0.0449438202247191,-0.05555555555555555,0.15811373832357464,0.023529411764705882,0.5965094719774673,0.0,0.0,-0.011627906976744207,-0.017142857142857126,-0.005681818181818232,-0.0449438202247191,-0.05027932960893855,0.03529411764705882
12934,2026-07-03,-0.0117647058823529,-0.040000000000000036,-0.0561797752808989,-0.06145251396648044,-0.0305028854080791,-0.05369883589936161,-0.06476155130822041,-0.012235139162369745,-0.056179775280898875,-0.06666666666666667,0.18245185670748135,0.017857142857142856,0.6671827621567633,0.0,0.0,-0.0117647058823529,-0.011627906976744207,-0.017142857142857126,-0.0561797752808989,-0.06145251396648044,0.041666666666666664
12934,2026-07-04,-0.005952380952380931,-0.029069767441860517,-0.051136363636363646,-0.061797752808988804,-0.029069767441860465,-0.056674825833176415,-0.06946508172362556,-0.014358517696510711,-0.05113636363636364,-0.08241758241758242,0.08549585891334992,0.023952095808383235,0.6393907871035422,0.0,0.0,-0.005952380952380931,-0.0117647058823529,-0.011627906976744207,-0.051136363636363646,-0.061797752808988804,0.041916167664670656
12934,2026-07-05,0.0059880239520957446,-0.0117647058823529,-0.045454545454545414,-0.0561797752808989,-0.016722408026755876,-0.04869762174405433,-0.06308092700458541,-0.014604464303455994,-0.045454545454545456,-0.0718232044198895,0.040178096033218265,0.023809523809523808,0.6427730161023918,8.333333333333329,0.1111111111111111,0.0059880239520957446,-0.005952380952380931,-0.0117647058823529,-0.045454545454545414,-0.0561797752808989,0.03571428571428571
12934,2026-07-06,0.011904761904761862,0.011904761904761862,-0.03409090909090906,-0.0449438202247191,0.0,-0.03555219364599099,-0.05110394443066242,-0.012915850452175458,-0.03409090909090909,-0.05555555555555555,0.08586453405214313,0.01764705882352941,0.63604730684086,21.42857142857143,0.375,0.011904761904761862,0.0059880239520957446,-0.005952380952380931,-0.03409090909090906,-0.0449438202247191,0.023529411764705882
12934,2026-07-07,0.0117647058823529,0.029940119760478945,-0.017142857142857126,-0.0337078651685393,0.014321819713563532,-0.022727272727272728,-0.039285049339043,-0.010017652479757456,-0.017142857142857144,-0.044444444444444446,-0.19416019358966186,0.01744186046511628,0.614664630120168,31.25,1.0,0.0117647058823529,0.011904761904761862,0.0059880239520957446,-0.017142857142857126,-0.0337078651685393,0.023255813953488372
12934,2026-07-08,0.011627906976744207,0.03571428571428581,0.011627906976744207,-0.022471910112359605,0.024390243902439,-0.010614101592115281,-0.027631170443961572,-0.006435602754329606,0.011627906976744186,-0.02247191011235955,-0.09422995074983313,0.022988505747126436,0.6305128853965091,38.888888888888886,1.0,0.011627906976744207,0.0117647058823529,0.011904761904761862,0.011627906976744207,-0.022471910112359605,0.011494252873563218
12934,2026-07-09,0.011494252873563315,0.03529411764705892,0.03529411764705892,-0.011235955056179803,0.03096234309623426,0.0011376564277587522,-0.01608795577365047,-0.002542443620935758,0.03529411764705882,-0.011235955056179775,-0.04354621895619314,0.017045454545454544,0.5898965208079098,45.00000000000001,1.0,0.011494252873563315,0.011627906976744207,0.0117647058823529,0.03529411764705892,-0.011235955056179803,0.011363636363636364
12934,2026-07-10,-0.005681818181818232,0.01744186046511631,0.04166666666666674,-0.016853932584269704,0.01913477537437599,-0.003984063745019856,-0.021252796420581716,-0.0006111635501306069,0.041666666666666664,-0.016853932584269662,-0.13751515908228984,0.011428571428571429,0.6268692495328714,42.857142857142854,0.8888888888888888,-0.005681818181818232,0.011494252873563315,0.011627906976744207,0.04166666666666674,-0.016853932584269704,0.02857142857142857
12934,2026-07-11,-0.005714285714285672,0.0,0.041916167664670656,-0.011363636363636354,0.007444168734491267,-0.008923485855325592,-0.026422132421510758,-1.0964913591661448e-05,0.041916167664670656,-0.02247191011235955,0.034872912817230886,0.022988505747126436,0.6010099387809416,45.00000000000001,0.75,-0.005714285714285672,-0.005681818181818232,0.011494252873563315,0.041916167664670656,-0.011363636363636354,0.040229885057471264
12934,2026-07-12,0.0,-0.011363636363636354,0.03571428571428581,-0.011363636363636354,0.0024691358024690655,-0.008358662613981774,-0.026058834504633428,0.00037915874230743475,0.03571428571428571,-0.01694915254237288,0.07345650820108114,0.017241379310344827,0.6232578066951588,45.00000000000001,0.6666666666666666,0.0,-0.005714285714285672,-0.005681818181818232,0.03571428571428581,-0.011363636363636354,0.04597701149425287
12934,2026-07-13,0.0,-0.005714285714285672,0.0235294117647058,-0.011363636363636354,-0.0008203445447087544,-0.007604562737642639,-0.02581648522550546,0.0006198595049951912,0.023529411764705882,-0.02247191011235955,-0.0511908916947987,0.017241379310344827,0.6138281610824544,45.00000000000001,0.5,0.0,0.0,-0.005714285714285672,0.0235294117647058,-0.011363636363636354,0.034482758620689655
12934,2026-07-14,0.011494252873563315,0.011494252873563315,0.023255813953488413,0.005714285714285783,0.007358953393295129,0.004375118889100324,-0.01449636035587639,0.002096169544979548,0.023255813953488372,-0.01675977653631285,0.09334983928109974,0.017045454545454544,0.6385220316947297,52.38095238095237,1.0,0.011494252873563315,0.0,0.0,0.023255813953488413,0.005714285714285783,0.005681818181818182
12934,2026-07-15,0.0,0.011494252873563315,0.011494252873563315,0.023255813953488413,0.005714285714285714,0.005139920045688211,-0.01437371663244351,0.002981829880620468,0.011494252873563218,-0.022222222222222223,-0.035133119972801226,0.017045454545454544,0.6253291341767064,61.11111111111111,1.0,0.0,0.011494252873563315,0.0,0.011494252873563315,0.023255813953488413,-0.011363636363636364
12934,2026-07-16,0.011363636363636465,0.02298850574712641,0.011363636363636465,0.04705882352941182,0.01548492257538717,0.01694915254237289,-0.003173417957812187,0.004785957770179518,0.011363636363636364,-0.011111111111111112,-0.14750474455428128,0.02247191011235955,0.6195365694275349,72.22222222222223,1.0,0.011363636363636465,0.0,0.011494252873563315,0.011363636363636465,0.04705882352941182,-0.033707865168539325
12934,2026-07-17,0.011235955056179803,0.022727272727272707,0.02857142857142847,0.0714285714285714,0.022727272727272728,0.028375547514759104,0.007901449636035509,0.007111661823885626,0.02857142857142857,0.0,-0.03355695647376834,0.016666666666666666,0.6441330328771753,83.33333333333333,1.0,0.011235955056179803,0.011363636363636465,0.0,0.02857142857142847,0.0714285714285714,-0.044444444444444446
12934,2026-07-18,0.005555555555555536,0.02840909090909083,0.04022988505747116,0.08383233532934131,0.022598870056497175,0.033695031410622536,0.013311769096790178,0.009025586682815012,0.040229885057471264,0.0111731843575419,0.05313577710562941,0.022099447513812154,0.6370409436152449,88.88888888888889,1.0,0.005555555555555536,0.011235955056179803,0.011363636363636465,0.04022988505747116,0.08383233532934131,-0.055248618784530384
12934,2026-07-19,0.005524861878453136,0.022471910112359605,0.04597701149425282,0.08333333333333326,0.021651964715316784,0.03881278538812792,0.0186567164179105,0.010603722353019518,0.04597701149425287,0.01675977653631285,0.13926254519424622,0.016483516483516484,0.6411196059176457,88.88888888888889,1.0,0.005524861878453136,0.005555555555555536,0.011235955056179803,0.04597701149425282,0.08333333333333326,-0.07692307692307693
12934,2026-07-20,-0.01098901098901095,0.0,0.034482758620689724,0.05882352941176472,0.00558659217877095,0.027006466337010194,0.007337395846287729,0.00995999689233561,0.034482758620689655,0.011235955056179775,0.030183308586678483,0.016666666666666666,0.6174692364255765,77.77777777777777,0.6666666666666666,-0.01098901098901095,0.005524861878453136,0.005555555555555536,0.034482758620689724,0.05882352941176472,-0.08888888888888889
12934,2026-07-21,-0.01666666666666672,-0.02209944751381221,0.005681818181818121,0.029069767441860517,-0.011961722488038255,0.010081795700970212,-0.009328358208955171,0.007253636584568207,0.005681818181818182,-0.0056179775280898875,0.06280970007680892,0.022598870056497175,0.6550607015654984,63.15789473684211,0.16666666666666666,-0.01666666666666672,-0.01098901098901095,0.005524861878453136,0.005681818181818121,0.029069767441860517,-0.07344632768361582
12934,2026-07-22,-0.016949152542372836,-0.04395604395604391,-0.011363636363636354,0.0,-0.027156549520766796,-0.006282124500285519,-0.02575587905935047,0.003285026109358878,-0.011363636363636364,-0.02247191011235955,0.09148424064300642,0.017241379310344827,0.5968037384290437,50.0,0.0,-0.016949152542372836,-0.01666666666666672,-0.01098901098901095,-0.011363636363636354,0.0,-0.08045977011494253
12934,2026-07-23,-0.011494252873563204,-0.0444444444444444,-0.0337078651685393,-0.022727272727272707,-0.033707865168539325,-0.016580903373356236,-0.03635458167330673,-0.0007378472581472031,-0.033707865168539325,-0.033707865168539325,-0.10451528678089762,0.01744186046511628,0.63279460871915,39.99999999999999,0.0,-0.011494252873563204,-0.016949152542372836,-0.01666666666666672,-0.0337078651685393,-0.022727272727272707,-0.06976744186046512
12934,2026-07-24,0.0,-0.02824858757062143,-0.0444444444444444,-0.017142857142857126,-0.0274636510500808,-0.015455065827132162,-0.035754329139155286,-0.00334659746766636,-0.044444444444444446,-0.033707865168539325,-0.12891493635222265,0.01744186046511628,0.6524391636506324,42.10526315789474,0.0,0.0,-0.011494252873563204,-0.016949152542372836,-0.0444444444444444,-0.017142857142857126,-0.08139534883720931
12934,2026-07-25,-0.005813953488372103,-0.017241379310344862,-0.05524861878453036,-0.017241379310344862,-0.025244299674267032,-0.019870080244554843,-0.040703110390824686,-0.005613211814432736,-0.055248618784530384,-0.03932584269662921,0.042770454494219956,0.023391812865497075,0.636017785966929,42.10526315789474,0.0,-0.005813953488372103,0.0,-0.011494252873563204,-0.05524861878453036,-0.017241379310344862,-0.07602339181286549
12934,2026-07-26,-0.01754385964912286,-0.023255813953488413,-0.07692307692307687,-0.03448275862068961,-0.03130148270181212,-0.03522205206738128,-0.05659200099831537,-0.008939273802626747,-0.07692307692307693,-0.056179775280898875,0.18878532783922317,0.023809523809523808,0.6474732846715802,36.36363636363636,0.0,-0.01754385964912286,-0.005813953488372103,0.0,-0.07692307692307687,-0.03448275862068961,-0.07142857142857142
12934,2026-07-27,-0.023809523809523836,-0.046511627906976716,-0.0888888888888889,-0.05747126436781613,-0.041736227045075104,-0.05602455871066762,-0.07790341725495095,-0.01356909518557682,-0.08888888888888889,-0.06818181818181818,-2.879824191897073e-05,0.03048780487804878,0.6630286241871799,30.769230769230774,0.0,-0.023809523809523836,-0.01754385964912286,-0.005813953488372103,-0.0888888888888889,-0.05747126436781613,-0.036585365853658534
12934,2026-07-28,0.0,-0.040935672514619936,-0.07344632768361581,-0.06818181818181823,-0.031223628691983075,-0.0538461538461539,-0.07674985926064924,-0.016190181426160643,-0.07344632768361582,-0.06818181818181818,-0.05002275550849595,0.018292682926829267,0.6332311512247558,25.0,0.0,0.0,-0.023809523809523836,-0.01754385964912286,-0.07344632768361581,-0.06818181818181823,-0.042682926829268296
12934,2026-07-29,-0.024390243902439046,-0.04761904761904767,-0.08045977011494254,-0.09090909090909094,-0.04355251921434666,-0.07407407407407414,-0.09791392595376813,-0.02019585861545451,-0.08045977011494253,-0.09090909090909091,-0.07624143673974003,0.025,0.6309701241547412,21.42857142857143,0.0,-0.024390243902439046,0.0,-0.023809523809523836,-0.08045977011494254,-0.09090909090909094,0.00625
12934,2026-07-30,0.0,-0.024390243902439046,-0.06976744186046513,-0.101123595505618,-0.0336496980155307,-0.07138711549622757,-0.09655561829474871,-0.022205521721171736,-0.06976744186046512,-0.08571428571428572,-0.12908642812748283,0.025,0.5938980004624883,15.384615384615387,0.0,0.0,-0.024390243902439046,0.0,-0.06976744186046513,-0.101123595505618,0.03125
12934,2026-07-31,-0.012499999999999956,-0.03658536585365857,-0.08139534883720934,-0.12222222222222223,-0.034061135371179115,-0.08050436469447143,-0.10639100106830889,-0.02425572713324173,-0.08139534883720931,-0.08139534883720931,0.010165924931343473,0.0189873417721519,0.6279066235217797,7.692307692307679,0.0,-0.012499999999999956,0.0,-0.024390243902439046,-0.08139534883720934,-0.12222222222222223,0.04430379746835443
12934,2026-08-01,0.0,-0.012499999999999956,-0.07602339181286555,-0.1270718232044199,-0.022968197879858706,-0.07835893447404241,-0.1049285579404544,-0.024840320498197392,-0.07602339181286549,-0.07058823529411765,-0.012097499979524464,0.0189873417721519,0.6590384237605589,4.0,0.0,0.0,-0.012499999999999956,0.0,-0.07602339181286555,-0.1270718232044199,0.05063291139240506
12934,2026-08-02,-0.012658227848101222,-0.025000000000000022,-0.0714285714285714,-0.1428571428571429,-0.025,-0.08789709608263495,-0.11469827857998612,-0.02588887158856247,-0.07142857142857142,-0.07142857142857142,0.12176838239444841,0.019230769230769232,0.6384644602099577,0.0,0.0,-0.012658227848101222,0.0,-0.012499999999999956,-0.0714285714285714,-0.1428571428571429,0.07692307692307693
12934,2026-08-03,0.012820512820512775,0.0,-0.03658536585365857,-0.12222222222222223,-0.007181328545780944,-0.07458024209293238,-0.10187582896482028,-0.024291231014407024,-0.036585365853658534,-0.05389221556886228,-0.07474413066197402,0.0189873417721519,0.6356799730868762,7.692307692307679,0.25,0.012820512820512775,-0.012658227848101222,0.0,-0.03658536585365857,-0.12222222222222223,0.06329113924050633
12934,2026-08-04,-0.006329113924050667,-0.006329113924050667,-0.04268292682926833,-0.11299435028248583,-0.007226738934055982,-0.07845822735276858,-0.1059791205314774,-0.023192006099910362,-0.042682926829268296,-0.06547619047619048,-0.1839724478851793,0.012738853503184714,0.6218599759318776,8.333333333333329,0.25,-0.006329113924050667,0.012820512820512775,-0.012658227848101222,-0.04268292682926833,-0.11299435028248583,0.08280254777070063
12934,2026-08-05,0.02547770700636942,0.03205128205128216,0.006250000000000089,-0.07471264367816088,0.017148014440433266,-0.05331242649941197,-0.08180723655028194,-0.018780848178257162,0.00625,-0.052941176470588235,-0.01422191581290453,0.012422360248447204,0.5573387686559741,24.0,1.0,0.02547770700636942,-0.006329113924050667,0.012820512820512775,0.006250000000000089,-0.07471264367816088,0.055900621118012424
12934,2026-08-06,0.024844720496894457,0.044303797468354444,0.03125,-0.04069767441860461,0.03773584905660377,-0.028459273797841075,-0.0578009009580611,-0.012370964332134764,0.03125,-0.040697674418604654,0.08213731419083194,0.024242424242424242,0.5882749916467745,37.037037037037045,1.0,0.024844720496894457,0.02547770700636942,-0.006329113924050667,0.03125,-0.04069767441860461,0.024242424242424242
12934,2026-08-07,0.0,0.05095541401273884,0.044303797468354444,-0.04069767441860461,0.03125,-0.026740070782540294,-0.05660377358490569,-0.0078026759143457825,0.04430379746835443,-0.05172413793103448,0.10308077516310028,0.024242424242424242,0.5658996241117346,37.037037037037045,1.0,0.0,0.024844720496894457,0.02547770700636942,0.044303797468354444,-0.04069767441860461,0.01818181818181818
12934,2026-08-08,0.0060606060606061,0.03105590062111796,0.05063291139240511,-0.0292397660818714,0.030141843971631232,-0.018912529550827357,-0.049799656554092665,-0.003863135008148639,0.05063291139240506,-0.056818181818181816,0.04897027788370161,0.024096385542168676,0.6635718769395273,40.74074074074074,1.0,0.0060606060606061,0.0,0.024844720496894457,0.05063291139240511,-0.0292397660818714,0.012048192771084338
12934,2026-08-09,0.012048192771084265,0.018181818181818077,0.07692307692307687,0.0,0.031578947368421026,-0.005721049516669966,-0.03737187241357351,0.00024027631361787813,0.07692307692307693,-0.04,0.09118883724556927,0.023809523809523808,0.6198622774916257,50.0,1.0,0.012048192771084265,0.0060606060606061,0.0,0.07692307692307687,0.0,0.0
12934,2026-08-10,0.0,0.018181818181818077,0.06329113924050622,0.024390243902439046,0.022608695652173962,-0.0045427612087695825,-0.03639028742591289,0.002881584274139067,0.06329113924050633,-0.034482758620689655,-0.09637169071365768,0.017857142857142856,0.6638499431140227,59.09090909090909,1.0,0.0,0.012048192771084265,0.0060606060606061,0.06329113924050622,0.024390243902439046,-0.011904761904761904
