item_id,date,pct_change_1d,pct_change_3d,pct_change_7d,pct_change_14d,pct_vs_7ma,pct_vs_30ma,pct_vs_90ma,ema_crossover,slope_7d_pct,slope_30d_pct,vol_pct_7d,spread_pct,volume_ratio,rsi_14,range_position_7d,lag_return_1d,lag_return_2d,lag_return_3d,lag_return_7d,lag_return_14d,target_pct_7d
13441,2025-12-03,-0.012760241773002057,0.02083333333333326,-0.0080971659919028,0.05451936872309893,0.01169993117687543,0.0006353240152478177,-0.1383970146726495,0.006229617936225987,-0.008097165991902834,-0.11764705882352941,-0.05996677689689619,0.022448979591836733,0.6799899061983259,55.864197530864196,0.74,-0.012760241773002057,-0.004679144385026701,0.03888888888888897,-0.0080971659919028,0.05451936872309893,0.19183673469387755
13441,2025-12-04,-0.008163265306122436,-0.025401069518716568,0.01532033426183843,0.16453674121405748,0.0012753850681840701,-0.002963300661043942,-0.14295791206207387,0.005555835917606334,0.01532033426183844,-0.1216867469879518,-0.01848363784246859,0.021262002743484224,0.6284690668741296,69.88416988416989,0.62,-0.008163265306122436,-0.012760241773002057,-0.004679144385026701,0.01532033426183843,0.16453674121405748,0.18244170096021947
13441,2025-12-05,0.005486968449931462,-0.015446608462055034,0.015235457063711877,0.19381107491856686,0.004601076847772927,0.004705989856992662,-0.13557922874326825,0.005572158568884424,0.015235457063711912,-0.06145966709346991,0.10641236471894783,0.019781718963165076,0.6604864366833122,73.70517928286853,0.7,0.005486968449931462,-0.008163265306122436,-0.012760241773002057,0.015235457063711877,0.19381107491856686,0.1855388813096862
13441,2025-12-06,0.019099590723056004,0.01632653061224487,0.07020057306590255,0.21266233766233755,0.014059924367303448,0.025019439235237636,-0.11636557203598683,0.007624233223588306,0.07020057306590258,-0.0311284046692607,0.1022232136842922,0.024096385542168676,0.6227249824637667,74.90494296577947,0.9642857142857143,0.019099590723056004,0.005486968449931462,-0.008163265306122436,0.07020057306590255,0.21266233766233755,0.16198125836680052
13441,2025-12-07,0.052208835341365445,0.07818930041152261,0.09166666666666656,0.201834862385321,0.05351842987075158,0.0772534149572845,-0.0679719100383404,0.014809413048860975,0.09166666666666666,0.034210526315789476,0.2133826539289565,0.022900763358778626,0.6598353162993594,75.0,1.0,0.052208835341365445,0.019099590723056004,0.005486968449931462,0.09166666666666656,0.201834862385321,0.09923664122137404
13441,2025-12-08,0.03689567430025442,0.11186903137789894,0.08957219251336901,0.16929698708751784,0.07855184800075626,0.11442831422776263,-0.03177264147207515,0.023301449195387937,0.08957219251336898,0.06605624591236102,-0.0276801164120024,0.025153374233128835,0.5881369451262346,73.6,1.0,0.03689567430025442,0.052208835341365445,0.019099590723056004,0.08957219251336901,0.16929698708751784,0.06257668711656442
13441,2025-12-09,0.0466257668711656,0.14190093708165996,0.14573539288112825,0.18225918225918236,0.10615042608373476,0.16252129471890972,0.014778194892402046,0.03348234966301146,0.14573539288112827,0.09358974358974359,-0.08324847645723142,0.022860492379835874,0.6162497564731205,74.95256166982922,1.0,0.0466257668711656,0.03689567430025442,0.052208835341365445,0.14573539288112825,0.18225918225918236,0.0123094958968347
13441,2025-12-10,0.02696365767878084,0.11450381679389321,0.19183673469387763,0.18218623481781382,0.10705903592706258,0.1883874468662386,0.04318831375039693,0.04194632882965042,0.19183673469387755,0.13105229180116204,0.006556050911639198,0.021118721461187213,0.6170808913404582,75.28089887640449,1.0,0.02696365767878084,0.0466257668711656,0.03689567430025442,0.19183673469387763,0.18218623481781382,-0.030821917808219176
13441,2025-12-11,-0.01598173515981738,0.05766871165644161,0.1824417009602195,0.20055710306406693,0.06382228490832152,0.16444524495677235,0.02799218206512731,0.04373066050998746,0.18244170096021947,0.12239583333333333,-0.032319667574552714,0.015661252900232018,0.6550504739215839,77.90697674418605,0.9020979020979021,-0.01598173515981738,0.02696365767878084,0.0466257668711656,0.1824417009602195,0.20055710306406693,0.0069605568445475635
13441,2025-12-12,0.008120649651972123,0.01875732708089095,0.18553888130968632,0.20360110803324094,0.04734848484848491,0.16840336134453782,0.03790799365656545,0.04425600290363128,0.1855388813096862,0.1366906474820144,0.07094904455979008,0.0023014959723820483,0.6374294131794709,78.16091954022988,0.9457364341085271,0.008120649651972123,-0.01598173515981738,0.02696365767878084,0.18553888130968632,0.20360110803324094,0.020713463751438434
13441,2025-12-13,-0.0011507479861909697,-0.0091324200913242,0.16198125836680055,0.2435530085959885,0.024793388429752067,0.16133348199353334,0.038298211686835844,0.04286461369015403,0.16198125836680052,0.14511873350923482,0.11337741475581598,0.014400921658986175,0.6482407361371048,85.71428571428571,0.9111111111111111,-0.0011507479861909697,0.008120649651972123,-0.01598173515981738,0.16198125836680055,0.2435530085959885,0.03686635944700461
13441,2025-12-14,-0.004608294930875556,0.002320185614849146,0.0992366412213741,0.19999999999999996,0.00682537040119864,0.1502107832260928,0.03519200175727042,0.03991302777090378,0.09923664122137404,0.1497005988023952,0.10896609983567604,0.016203703703703703,0.6962704774541545,82.72727272727272,0.8032786885245902,-0.004608294930875556,-0.0011507479861909697,0.008120649651972123,0.0992366412213741,0.19999999999999996,0.03935185185185185
13441,2025-12-15,0.0023148148148148806,-0.0034522439585730202,0.0625766871165645,0.15775401069518713,0.0006602839220864785,0.14808431658491322,0.03888833349994997,0.03690028627727194,0.06257668711656442,0.12176165803108809,0.05392375190136915,0.021362586605080832,0.6864967266926665,80.41237113402062,0.5652173913043478,0.0023148148148148806,-0.004608294930875556,-0.0011507479861909697,0.0625766871165645,0.15775401069518713,0.029445727482678985
13441,2025-12-16,-0.0028868360277136684,-0.005184331797234987,0.01230949589683461,0.15983881799865673,-0.003954848809425741,0.14031033344338065,0.037098818976446284,0.03334630523768685,0.0123094958968347,0.11419354838709678,-0.0059106102818582765,0.023161551823972205,0.6347964062448763,80.82901554404145,0.10714285714285714,-0.0028868360277136684,0.0023148148148148806,-0.004608294930875556,0.01230949589683461,0.15983881799865673,0.024898668210770122
13441,2025-12-17,-0.016792125072379815,-0.01736111111111116,-0.03082191780821919,0.15510204081632661,-0.016303898038566564,0.11766899971476841,0.02095080302503941,0.027944092400860408,-0.030821917808219176,0.09125964010282776,-0.024506042744676833,0.021790341578327443,0.6958952415658904,78.78787878787878,0.0,-0.016792125072379815,-0.0028868360277136684,0.0023148148148148806,-0.03082191780821919,0.15510204081632661,0.04240282685512368
13441,2025-12-18,0.022379269729092988,0.002309468822170979,0.006960556844547661,0.19067215363511658,0.004712691194708538,0.13709307657038053,0.044734202607823424,0.026087870584630926,0.0069605568445475635,0.14814814814814814,-0.07086961216133349,0.018433179723502304,0.6263379557975886,82.93838862559241,0.95,0.022379269729092988,-0.016792125072379815,-0.0028868360277136684,0.006960556844547661,0.19067215363511658,0.04262672811059908
13441,2025-12-19,0.02188940092165903,0.027214823393167276,0.020713463751438344,0.21009549795361537,0.023658395845354875,0.15242199172819998,0.06820994881744893,0.02655552990777973,0.020713463751438434,0.27259684361549497,-0.055428713230392154,0.017474633596392335,0.6000565215604061,84.070796460177,1.0,0.02188940092165903,0.022379269729092988,-0.016792125072379815,0.020713463751438344,0.21009549795361537,0.018038331454340473
13441,2025-12-20,0.014656144306651742,0.060070671378091856,0.03686635944700467,0.20481927710843384,0.033210332103321055,0.15559930664041594,0.08448252778149683,0.027660773249094772,0.03686635944700461,0.43769968051118213,-0.15352997130803536,0.019444444444444445,0.6655400826927695,84.0,1.0,0.014656144306651742,0.02188940092165903,0.022379269729092988,0.03686635944700467,0.20481927710843384,0.005555555555555556
13441,2025-12-21,-0.0022222222222222365,0.034562211981566726,0.03935185185185186,0.14249363867684472,0.02519774932724454,0.1391843034441931,0.08259436868754515,0.027134494415558246,0.03935185185185185,0.46254071661237783,0.24286758491594218,0.01670378619153675,0.6602848006363978,79.7872340425532,0.9607843137254902,-0.0022222222222222365,0.014656144306651742,0.02188940092165903,0.03935185185185186,0.14249363867684472,0.018374164810690423
13441,2025-12-22,-0.007238307349665907,0.005073280721533235,0.02944572748267893,0.09386503067484653,0.013561799577716438,0.11791506437050656,0.07534159367942798,0.025000132404885463,0.029445727482678985,0.4472402597402597,0.006661262559672158,0.01682557487380819,0.6656508966867422,73.1117824773414,0.8333333333333334,-0.007238307349665907,-0.0022222222222222365,0.014656144306651742,0.02944572748267893,0.09386503067484653,0.04655075715086932
13441,2025-12-23,-0.007291082445316843,-0.01666666666666672,0.024898668210770136,0.0375146541617819,0.0026705511046370848,0.09915131442765478,0.0680308139963662,0.021913444446551054,0.024898668210770122,0.3532110091743119,0.16550084826786415,0.020903954802259886,0.6785425601347331,61.940298507462686,0.7058823529411765,-0.007291082445316843,-0.007238307349665907,-0.0022222222222222365,0.024898668210770136,0.0375146541617819,0.025423728813559324
13441,2025-12-24,0.0,-0.014476614699331813,0.042402826855123754,0.010273972602739656,-0.0031378228336954445,0.09066261348231532,0.06818837129771807,0.019175287744720756,0.04240282685512368,0.2697274031563845,-0.07117170113800592,0.012429378531073447,0.6679604923681276,54.054054054054056,0.53125,0.0,-0.007291082445316843,-0.007238307349665907,0.042402826855123754,0.010273972602739656,-0.004519774011299435
13441,2025-12-25,0.02259887005649719,0.015143017386427315,0.04262672811059898,0.04988399071925764,0.013356794369351374,0.10696593480521076,0.09188892091345999,0.019379789100464992,0.04262672811059908,0.2543312543312543,-0.11534734000809753,0.01712707182320442,0.5856864512271596,68.37606837606837,1.0,0.02259887005649719,0.0,-0.007291082445316843,0.04262672811059898,0.04988399071925764,-0.017679558011049725
13441,2025-12-26,-0.0022099447513812542,0.02033898305084736,0.018038331454340417,0.03912543153049475,0.00853609892301552,0.0972720092350689,0.08911090115986893,0.0185836928114892,0.018038331454340473,0.21862348178137653,0.014026979985228939,0.014950166112956811,0.6882262818974957,65.17857142857143,0.9,-0.0022099447513812542,0.02259887005649719,0.0,0.018038331454340417,0.03912543153049475,-0.019933554817275746
13441,2025-12-27,0.00221483942414169,0.02259887005649719,0.005555555555555536,0.04262672811059898,0.00996412913511361,0.09143534803320544,0.09108445355355953,0.017694803160048365,0.005555555555555556,0.2604456824512535,0.17633440388717175,0.01270718232044199,0.6598566273718036,66.3716814159292,1.0,0.00221483942414169,-0.0022099447513812542,0.02259887005649719,0.005555555555555536,0.04262672811059898,-0.03259668508287293
13441,2025-12-28,0.010497237569060847,0.010497237569060847,0.01837416481069032,0.05844907407407418,0.017888376530449973,0.09442316898037335,0.1017777301812535,0.0177466625761013,0.018374164810690423,0.26662049861495846,0.20470323402250096,0.016402405686167305,0.6416172715250346,71.30801687763713,1.0,0.010497237569060847,0.00221483942414169,-0.0022099447513812542,0.01837416481069032,0.05844907407407418,-0.047566976489885185
13441,2025-12-29,0.020229633679606396,0.03322259136212624,0.046550757150869426,0.07736720554272525,0.031672063818023816,0.10619294154843306,0.1230440016049217,0.019545870629716813,0.04655075715086932,0.336676217765043,0.1880898061595456,0.02090032154340836,0.6220211934538904,74.81481481481481,1.0,0.020229633679606396,0.010497237569060847,0.00221483942414169,0.046550757150869426,0.07736720554272525,-0.07020364415862808
13441,2025-12-30,-0.02733118971061088,0.0027624309392264568,0.025423728813559254,0.05095541401273884,-7.870297497243607e-05,0.06804495792550172,0.09180229255088057,0.016767489768985316,0.025423728813559324,0.2604166666666667,0.01231778800817351,0.018732782369146005,0.7054721123688021,63.924050632911396,0.46875,-0.02733118971061088,0.020229633679606396,0.010497237569060847,0.025423728813559254,0.05095541401273884,-0.04462809917355372
13441,2025-12-31,-0.029201101928374662,-0.03663203936577364,-0.004519774011299438,0.03769140164899887,-0.02866593164277839,0.03147501317150271,0.05950973121404664,0.010992839299817652,-0.004519774011299435,0.17780748663101603,0.04810523896867797,0.015891032917139614,0.7114168191505478,59.411764705882355,0.0,-0.029201101928374662,-0.02733118971061088,0.020229633679606396,-0.004519774011299438,0.03769140164899887,-0.019863791146424517
13441,2026-01-01,0.009080590238365494,-0.047159699892818874,-0.0176795580110497,0.024193548387096753,-0.01736933522816985,0.03500465693883893,0.06853102025280954,0.007902766298839223,-0.017679558011049725,0.19408999328408327,0.01802494125634071,0.01799775028121485,0.6349032093803813,56.60377358490566,0.15384615384615385,0.009080590238365494,-0.029201101928374662,-0.02733118971061088,-0.0176795580110497,0.024193548387096753,-0.02924634420697413
13441,2026-01-02,-0.004499437570303688,-0.024793388429752095,-0.019933554817275767,-0.0022547914317925244,-0.01900237529691208,0.024384597576973595,0.06331141741481161,0.005109190193310703,-0.019933554817275746,0.20408163265306123,0.17785420705479005,0.012994350282485875,0.6739810870959417,49.30555555555555,0.07692307692307693,-0.004499437570303688,0.009080590238365494,-0.029201101928374662,-0.019933554817275767,-0.0022547914317925244,-0.020338983050847456
13441,2026-01-03,-0.010734463276836137,-0.006242905788876318,-0.032596685082872945,-0.02722222222222226,-0.024978124254235956,0.0076924552552321505,0.051841172583648676,0.0018777345403505074,-0.03259668508287293,0.200960219478738,0.13328249906936457,0.014848657909765849,0.6847179905647689,41.28113879003559,0.0,-0.010734463276836137,-0.004499437570303688,0.009080590238365494,-0.032596685082872945,-0.02722222222222226,-0.0028555111364934323
13441,2026-01-04,-0.0051399200456881955,-0.020247469066366652,-0.04756697648988517,-0.030066815144766168,-0.02322973405959623,-0.0027669115542409643,0.04643479305580582,-0.0008859870254812327,-0.047566976489885185,0.1882673942701228,0.07977463712266028,0.01894374282433984,0.6862827585930582,40.55944055944057,0.0,-0.0051399200456881955,-0.010734463276836137,-0.004499437570303688,-0.04756697648988517,-0.030066815144766168,0.022962112514351322
13441,2026-01-05,-0.0040183696900114585,-0.019774011299435013,-0.07020364415862812,-0.02692091979809308,-0.016838015057071193,-0.011320898073927685,0.04237593623583128,-0.0031256458006675733,-0.07020364415862808,0.16131191432396252,-0.04312793740830976,0.016138328530259365,0.6925488672569461,41.42857142857144,0.0,-0.0040183696900114585,-0.0051399200456881955,-0.010734463276836137,-0.07020364415862812,-0.02692091979809308,0.06051873198847262
13441,2026-01-06,-0.0005763688760807018,-0.009708737864077666,-0.044628099173553704,-0.02033898305084747,-0.010919165580182511,-0.014921981517951818,0.04199772985244042,-0.004553065940793991,-0.04462809917355372,0.10305343511450382,-0.2169352174414496,0.01384083044982699,0.7091459263607397,43.28358208955223,0.0,-0.0005763688760807018,-0.0040183696900114585,-0.0051399200456881955,-0.044628099173553704,-0.02033898305084747,0.059400230680507496
13441,2026-01-07,-0.0040369088811995635,-0.008610792192881744,-0.01986379114642456,-0.02429378531073445,-0.01209446759826753,-0.02069747660901616,0.03818639663890237,-0.005803004821370926,-0.019863791146424517,0.05950920245398773,-0.10798978111351898,0.015055008685581933,0.6797814913270731,42.18181818181819,0.0,-0.0040369088811995635,-0.0005763688760807018,-0.0040183696900114585,-0.01986379114642456,-0.02429378531073445,0.06369426751592357
13441,2026-01-08,-0.0005790387955992848,-0.005187319884726205,-0.02924634420697414,-0.04640883977900556,-0.008453016003282762,-0.021634388285309444,0.03824406154339719,-0.00649614544352208,-0.02924634420697413,0.011723329425556858,-0.09920262035096686,0.017960602549246814,0.7378306804054267,32.203389830508485,0.0,-0.0005790387955992848,-0.0040369088811995635,-0.0005763688760807018,-0.02924634420697414,-0.04640883977900556,0.04982618771726535
13441,2026-01-09,0.004634994206257348,0.0,-0.02033898305084747,-0.039867109634551534,-0.0009054243147584724,-0.016765267355926403,0.0440332356600972,-0.00619809920715237,-0.020338983050847456,-0.010273972602739725,-0.09361995602991381,0.015570934256055362,0.7195229400081298,35.0,0.32,0.004634994206257348,-0.0005790387955992848,-0.0040369088811995635,-0.02033898305084747,-0.039867109634551534,0.05767012687427912
13441,2026-01-10,0.006920415224913601,0.011001737116386856,-0.002855511136493405,-0.0353591160220994,0.006422924901185752,-0.010372385648699176,0.05242713244749256,-0.004993889137133508,-0.0028555111364934323,0.012761020881670533,0.12521290607928015,0.0143184421534937,0.6710183087037385,37.09677419354839,1.0,0.006920415224913601,0.004634994206257348,-0.0005790387955992848,-0.002855511136493405,-0.0353591160220994,0.05555555555555555
13441,2026-01-11,0.020618556701030855,0.03244495944380077,0.02296211251435132,-0.025697102241662106,0.02380170715692706,0.009193362656447632,0.07520682211287054,-0.0016398091011454443,0.022962112514351322,0.02531645569620253,0.1777750396102528,0.012906846240179574,0.636552768336527,41.13207547169812,1.0,0.020618556701030855,0.006920415224913601,0.004634994206257348,0.02296211251435132,-0.025697102241662106,0.037598204264870934
13441,2026-01-12,0.032547699214365844,0.06113033448673577,0.060518731988472574,-0.01393354769560562,0.04809178940515903,0.039998492755807594,0.1107831826352929,0.004414972209271299,0.06051873198847262,0.059907834101382486,0.030285600538126744,0.010326086956521738,0.6287485630953983,45.45454545454546,1.0,0.032547699214365844,0.020618556701030855,0.006920415224913601,0.060518731988472574,-0.01393354769560562,0.005434782608695652
13441,2026-01-13,-0.001630434782608714,0.052119129438717104,0.05940023068050748,0.0121212121212122,0.03768560361523567,0.03617493325311178,0.10932184625294387,0.007955748402000569,0.059400230680507496,0.0630787037037037,-0.14163698772634925,0.014153511159499184,0.6627048023923013,54.621848739495796,0.9736842105263158,-0.001630434782608714,0.032547699214365844,0.020618556701030855,0.05940023068050748,0.0121212121212122,0.0010887316276537834
13441,2026-01-14,0.0,0.030864197530864113,0.06369426751592355,0.04256526674233818,0.02855543113101904,0.0341333433412772,0.10958242171246023,0.009961352636062043,0.06369426751592357,0.06062355658198614,-0.1252960075814268,0.015242242787152967,0.7143229619723831,70.27027027027027,0.9736842105263158,0.0,-0.001630434782608714,0.032547699214365844,0.06369426751592355,0.04256526674233818,-0.007076755579749592
13441,2026-01-15,-0.013609145345672258,-0.01521739130434785,0.049826187717265435,0.01912260967379087,0.007626310772164002,0.018435251798561127,0.09484934744078635,0.00930187646465181,0.04982618771726535,0.04921829762594094,-0.0805090171709033,0.01379690949227373,0.6549764382092691,58.76288659793814,0.7358490566037735,-0.013609145345672258,0.0,-0.001630434782608714,0.049826187717265435,0.01912260967379087,-0.004415011037527594
13441,2026-01-16,0.012141280353200834,-0.0016330974414806576,0.05767012687427919,0.0361581920903955,0.011822194199243324,0.028180595006727455,0.1082910321489002,0.009978108064239615,0.05767012687427912,0.0800942285041225,-0.07241544287440148,0.013086150490730643,0.672405877843639,65.38461538461539,0.9361702127659575,0.012141280353200834,-0.013609145345672258,0.0,0.05767012687427919,0.0361581920903955,-0.0054525627044711015
13441,2026-01-17,0.004907306434023928,0.003266194882961315,0.05555555555555558,0.052541404911479184,0.009073132577239006,0.03116432607844237,0.11369236657110049,0.010652299693557068,0.05555555555555555,0.061635944700460826,0.12046451413244716,0.015192620727075421,0.6204917791425143,73.23232323232324,1.0,0.004907306434023928,0.012141280353200834,-0.013609145345672258,0.05555555555555558,0.052541404911479184,0.0385241454150841
13441,2026-01-18,0.0032555615843732344,0.02041942604856506,0.03759820426487104,0.061423650975889865,0.007080610021786492,0.03307632137669016,0.11701056531836915,0.011107871504942203,0.037598204264870934,0.042277339346110485,0.2337722865790782,0.015143320713899405,0.6581221986026639,77.43589743589743,1.0,0.0032555615843732344,0.004907306434023928,0.012141280353200834,0.03759820426487104,0.061423650975889865,0.04813412655489454
13441,2026-01-19,0.0005408328826392861,0.008724100327153872,0.005434782608695565,0.06628242074927959,0.006841859741875345,0.03267341470675795,0.11696239895347664,0.011087825362034858,0.005434782608695652,0.027777777777777776,0.01747772129722065,0.013513513513513514,0.6904368603570986,80.42328042328043,1.0,0.0005408328826392861,0.0032555615843732344,0.004907306434023928,0.005434782608695565,0.06628242074927959,0.042702702702702704
13441,2026-01-20,-0.005945945945945996,-0.0021703743895822303,0.0010887316276537717,0.06055363321799301,0.0006996268656716064,0.02571253276814095,0.109546889769322,0.010000653118062563,0.0010887316276537834,0.023942093541202674,-0.09235175661781608,0.014138118542686243,0.6949148054492739,76.3819095477387,0.7105263157894737,-0.005945945945945996,0.0005408328826392861,0.0032555615843732344,0.0010887316276537717,0.06055363321799301,0.040783034257748776
13441,2026-01-21,-0.00815660685154973,-0.013520822065981597,-0.007076755579749627,0.05616676317313263,-0.006458641350867655,0.016571301181541213,0.09977423007094675,0.008006346581644503,-0.007076755579749592,0.022994952327537857,-0.0029477261585249583,0.01699561403508772,0.668278294775006,73.42995169082126,0.3157894736842105,-0.00815660685154973,-0.005945945945945996,0.0005408328826392861,-0.007076755579749627,0.05616676317313263,0.03618421052631579
13441,2026-01-22,-0.010964912280701733,-0.024864864864864833,-0.004415011037527616,0.04519119351100809,-0.01674063692283738,0.00479001893728412,0.08724913112481668,0.005167843482092388,-0.004415011037527594,0.0192090395480226,-0.03914402795841515,0.014966740576496674,0.691876654238314,67.2566371681416,0.0,-0.010964912280701733,-0.00815660685154973,-0.005945945945945996,-0.004415011037527616,0.04519119351100809,0.02771618625277162
13441,2026-01-23,0.011086474501108556,-0.00815660685154973,-0.005452562704471142,0.05190311418685112,-0.00506506662510711,0.014912085466280856,0.09883195555406814,0.004428059553959476,-0.0054525627044711015,0.030508474576271188,0.006548032357593878,0.01425438596491228,0.6064326113983454,68.90756302521008,0.43478260869565216,0.011086474501108556,-0.010964912280701733,-0.00815660685154973,-0.005452562704471142,0.05190311418685112,0.013157894736842105
13441,2026-01-24,0.049342105263157965,0.049342105263157965,0.0385241454150842,0.09621993127147777,0.038282703037817785,0.06293965198074783,0.15223309543079977,0.00951394792402574,0.0385241454150841,0.057458563535911604,0.0922434065977411,0.018286311389759665,0.5485710380589297,76.58227848101265,1.0,0.049342105263157965,0.011086474501108556,-0.010964912280701733,0.0385241454150842,0.09621993127147777,-0.035527690700104496
13441,2026-01-25,0.012539184952978122,0.07427937915742788,0.04813412655489446,0.08754208754208759,0.04410066959131842,0.07364455606441132,0.16593247190785912,0.01394331253824334,0.04813412655489454,0.07308970099667775,0.26162206048295555,0.023735810113519093,0.5812712217893835,75.65789473684211,1.0,0.012539184952978122,0.049342105263157965,0.011086474501108556,0.04813412655489446,0.08754208754208759,-0.030959752321981424
13441,2026-01-26,-0.004643962848297267,0.05756578947368429,0.04270270270270271,0.04836956521739122,0.03297123623011021,0.06631534336938698,0.1597736701114949,0.015739947307942863,0.042702702702702704,0.06574585635359116,0.007512176817428097,0.015552099533437015,0.6057326277806574,67.45098039215686,0.9328358208955224,-0.004643962848297267,0.012539184952978122,0.049342105263157965,0.04270270270270271,0.04836956521739122,-0.02436495593571799
13441,2026-01-27,-0.007776049766718529,0.0,0.040783034257748874,0.041916167664670656,0.019091808017038126,0.056369122084038624,0.1499102154162466,0.015430159732487668,0.040783034257748776,0.046473482777474026,-0.01789325365705066,0.018286311389759665,0.6918944069194061,64.41947565543072,0.8208955223880597,-0.007776049766718529,-0.004643962848297267,0.012539184952978122,0.040783034257748874,0.041916167664670656,-0.019853709508881923
13441,2026-01-28,-0.01253918495297801,-0.024767801857585092,0.03618421052631571,0.028851388132825173,0.0012866116703246285,0.04266274365575575,0.1344613476146967,0.01322915708674651,0.03618421052631579,0.012861736334405145,-0.08485589529622382,0.018518518518518517,0.7236908702813233,59.106529209621996,0.6417910447761194,-0.01253918495297801,-0.007776049766718529,-0.004643962848297267,0.03618421052631571,0.028851388132825173,-0.005291005291005291
13441,2026-01-29,-0.01904761904761909,-0.038880248833592534,0.027716186252771724,0.023178807947019875,-0.02148835105179827,0.022069497785699832,0.11191816879352279,0.009135141312263532,0.02771618625277162,0.021487603305785124,0.035067959197244085,0.021035598705501618,0.6498112174595808,56.953642384105954,0.2631578947368421,-0.01904761904761909,-0.01253918495297801,-0.007776049766718529,0.027716186252771724,0.023178807947019875,0.015102481121898598
13441,2026-01-30,-0.003236245954692518,-0.03448275862068961,0.013157894736842035,0.007633587786259444,-0.026416798374350854,0.017154389505549993,0.10728670816550721,0.005793427362349315,0.013157894736842105,0.04880817253121453,-0.09564040054287981,0.01948051948051948,0.6653770844421228,52.44755244755245,0.0,-0.003236245954692518,-0.01904761904761909,-0.01253918495297801,0.013157894736842035,0.007633587786259444,0.022727272727272728
13441,2026-01-31,-0.0010822510822511289,-0.023280423280423235,-0.03552769070010453,0.0016277807921867282,-0.02246766018609572,0.014787532296190474,0.10482321099636244,0.0032996578801183425,-0.035527690700104496,0.03824521934758155,-0.09060925192203205,0.017876489707475622,0.686283337278258,50.537634408602145,0.0,-0.0010822510822511289,-0.003236245954692518,-0.01904761904761909,-0.03552769070010453,0.0016277807921867282,0.032502708559046585
13441,2026-02-01,0.01733477789815807,0.012944983818770295,-0.03095975232198145,0.01568415359653863,-0.0009879170149707597,0.030339606078893924,0.12239273784937803,0.0035663368416053286,-0.030959752321981424,0.061016949152542375,0.1072212569879407,0.01863684771033014,0.6621842608770219,54.75409836065574,0.3855421686746988,0.01733477789815807,-0.0010822510822511289,-0.003236245954692518,-0.03095975232198145,0.01568415359653863,0.003194888178913738
13441,2026-02-02,0.0021299254526092604,0.018398268398268414,-0.02436495593571797,0.017297297297297343,0.004728492983526558,0.03006640881558786,0.12312762331660163,0.0038686932864415674,-0.02436495593571799,0.07481439177612793,-0.17019563081045364,0.014346439957492029,0.6678560057714003,55.1948051948052,0.5294117647058824,0.0021299254526092604,0.01733477789815807,-0.0010822510822511289,-0.02436495593571797,0.017297297297297343,-0.006376195536663124
13441,2026-02-03,-0.0031880977683315104,0.01625135427952329,-0.019853709508881878,0.020119630233822683,0.004436285757992928,0.024278382411822532,0.11722084367245653,0.0035614903395334175,-0.019853709508881923,0.07692307692307693,-0.16685666594778095,0.017590618336886993,0.6524322120150245,56.1056105610561,0.6818181818181818,-0.0031880977683315104,0.0021299254526092604,0.01733477789815807,-0.019853709508881878,0.020119630233822683,-0.01812366737739872
13441,2026-02-04,0.002132196162046851,0.0010649627263046302,-0.005291005291005346,0.030701754385964897,0.007348438456827959,0.02376068686355309,0.11710450737143725,0.0034916873057906817,-0.005291005291005291,0.08357348703170028,-0.33314598309984395,0.017553191489361703,0.654006935596782,59.589041095890416,0.9444444444444444,0.002132196162046851,-0.0031880977683315104,0.0021299254526092604,-0.005291005291005346,0.030701754385964897,-0.026595744680851064
13441,2026-02-05,0.0010638297872340718,0.0,0.015102481121898492,0.0432372505543237,0.006263366941643787,0.022103948297398604,0.11562654371809655,0.0034536672568528915,0.015102481121898598,0.0853517877739331,-0.09597057161932172,0.015409139213602551,0.6309961579017538,64.23357664233578,1.0,0.0010638297872340718,0.002132196162046851,-0.0031880977683315104,0.015102481121898492,0.0432372505543237,-0.010626992561105207
13441,2026-02-06,0.004250797024442088,0.00746268656716409,0.022727272727272707,0.03618421052631571,0.007309273640931967,0.023428757084581777,0.11771122179438322,0.003809682891020541,0.022727272727272728,0.09438332368268675,-0.10246011190466311,0.014285714285714285,0.736954970727684,62.59541984732824,1.0,0.004250797024442088,0.0010638297872340718,0.002132196162046851,0.022727272727272707,0.03618421052631571,0.003703703703703704
13441,2026-02-07,0.00846560846560851,0.01382978723404249,0.03250270855904658,-0.004179728317659337,0.011217219948461404,0.02875031485013133,0.12461647392022661,0.004902346641638864,0.032502708559046585,0.10428736964078796,0.24292734908674793,0.013641133263378805,0.6766063446294709,47.87234042553191,1.0,0.00846560846560851,0.004250797024442088,0.0010638297872340718,0.03250270855904658,-0.004179728317659337,0.022035676810073453
13441,2026-02-08,-0.011542497376705096,0.0010626992561104665,0.0031948881789136685,-0.02786377708978327,-0.0009090909090909435,0.014139094236704218,0.1091995002191448,0.004085903958729021,0.003194888178913738,0.08650519031141868,0.32977744637069856,0.018046709129511677,0.7514987852762876,35.483870967741936,0.26666666666666666,-0.011542497376705096,0.00846560846560851,0.004250797024442088,0.0031948881789136685,-0.02786377708978327,0.037154989384288746
13441,2026-02-09,-0.007430997876857748,-0.010582010582010581,-0.006376195536663132,-0.030585795749092815,-0.0074309978768577496,0.004368375823546319,0.09855679793212838,0.002552417789706738,-0.006376195536663124,0.07101947308132875,-0.07948845115955966,0.01871657754010695,0.6681576000238341,34.554973821989535,0.0,-0.007430997876857748,-0.011542497376705096,0.00846560846560851,-0.006376195536663132,-0.030585795749092815,0.06631016042780749
13441,2026-02-10,-0.0149732620320856,-0.03357817418677855,-0.018123667377398678,-0.037617554858934144,-0.019765850691804757,-0.011731883539595051,0.07990150735437804,-0.00027188038580476255,-0.01812366737739872,0.03367003367003367,0.15357380315229086,0.017915309446254073,0.6929446174366336,32.35294117647058,0.0,-0.0149732620320856,-0.007430997876857748,-0.011542497376705096,-0.018123667377398678,-0.037617554858934144,0.07926167209554831
13441,2026-02-11,-0.006514657980456029,-0.0286624203821656,-0.02659574468085102,-0.031746031746031744,-0.022435897435897436,-0.01799449075233426,0.07067633980809733,-0.002859086452458604,-0.026595744680851064,-0.005434782608695652,-0.0915844677586222,0.017486338797814208,0.6850627625890238,34.375,0.0,-0.006514657980456029,-0.0149732620320856,-0.007430997876857748,-0.02659574468085102,-0.031746031746031744,0.08360655737704918
13441,2026-02-12,0.017486338797814138,-0.004278074866310155,-0.01062699256110522,0.004314994606256839,-0.0038214613268113553,-0.0012694212511844384,0.08686205711246735,-0.0024459286431004865,-0.010626992561105207,0.013609145345672292,-0.140417985501427,0.01933404940923738,0.6013032850997262,52.127659574468076,0.42105263157894735,0.017486338797814138,-0.006514657980456029,-0.0149732620320856,-0.01062699256110522,0.004314994606256839,0.05263157894736842
13441,2026-02-13,0.018796992481203034,0.029858849077090133,0.0037037037037037646,0.026515151515151603,0.014361011381865421,0.016413352145880647,0.10476252103015402,9.267075547496574e-05,0.003703703703703704,0.0326619488296135,-0.05535590229855017,0.01686874011597259,0.6217771222944942,61.29032258064516,0.881578947368421,0.018796992481203034,0.017486338797814138,-0.006514657980456029,0.0037037037037037646,0.026515151515151603,0.025830258302583026
13441,2026-02-14,0.026884554559831297,0.06448087431693983,0.022035676810073346,0.05525460455037923,0.03830046447879389,0.04121011277994543,0.13154939395112886,0.004890420497418802,0.022035676810073453,0.07505518763796909,-0.02306619949514715,0.02104722792607803,0.5896611644316101,69.17293233082707,1.0,0.026884554559831297,0.018796992481203034,0.017486338797814138,0.022035676810073346,0.05525460455037923,0.005646817248459959
13441,2026-02-15,0.0030800821355236874,0.04940923737916214,0.03715498938428885,0.04046858359957395,0.035976671968492024,0.042188916742226204,0.13212648709893396,0.008175967312802668,0.037154989384288746,0.06543075245365322,0.14381736292954725,0.019447287615148412,0.6178579837371372,65.83333333333334,1.0,0.0030800821355236874,0.026884554559831297,0.018796992481203034,0.03715498938428885,0.04046858359957395,0.05168884339815762
13441,2026-02-16,0.020470829068577334,0.05113336847654182,0.06631016042780757,0.05951115834218923,0.04734749005777743,0.06067591049327987,0.15172829839941468,0.012433240048426403,0.06631016042780749,0.08193163320672817,-0.018188894290861107,0.01354062186559679,0.6508145130144636,70.28985507246377,1.0,0.020470829068577334,0.0030800821355236874,0.026884554559831297,0.06631016042780757,0.05951115834218923,0.01905717151454363
13441,2026-02-17,-0.0030090270812437314,0.02053388090349073,0.07926167209554835,0.05970149253731338,0.032880575966748274,0.05488441197799675,0.1439020024039077,0.014372667248070405,0.07926167209554831,0.07517577068685775,-0.04949554038944972,0.015593561368209255,0.6232842060787334,70.28985507246377,0.9634146341463414,-0.0030090270812437314,0.020470829068577334,0.0030800821355236874,0.07926167209554835,0.05970149253731338,0.008048289738430584
13441,2026-02-18,-0.0025150905432596016,0.014841351074718512,0.08360655737704925,0.05478723404255326,0.018714222809335043,0.04976177871889889,0.13571714934804607,0.014827013228417103,0.08360655737704918,0.0718918918918919,-0.02573256102530799,0.01714573877962683,0.67243564509838,68.59205776173285,0.9166666666666666,-0.0025150905432596016,-0.0030090270812437314,0.020470829068577334,0.08360655737704925,0.05478723404255326,0.02118003025718608
13441,2026-02-19,-0.011598587997982857,-0.017051153460381108,0.05263157894736836,0.04144527098831041,-0.0002914602156806093,0.035375323554788625,0.11733966745843226,0.013244841880321007,0.05263157894736842,0.06579662860250136,-0.0550051682007061,0.018877551020408164,0.6564129736155234,63.08724832214765,0.6494845360824743,-0.011598587997982857,-0.0025150905432596016,-0.0030090270812437314,0.05263157894736836,0.04144527098831041,0.0836734693877551
13441,2026-02-20,-0.0071428571428571175,-0.021126760563380254,0.02583025830258312,0.029629629629629672,-0.010963479271037586,0.025776184702967737,0.10436411100391584,0.01093925165402406,0.025830258302583026,0.0668859649122807,0.0038330363846436396,0.020041109969167522,0.6067089761497908,59.21052631578947,0.0,-0.0071428571428571175,-0.011598587997982857,-0.0025150905432596016,0.02583025830258312,0.029629629629629672,0.10380267214799589
13441,2026-02-21,0.0066803699897224345,-0.012102874432677768,0.0056468172484600565,0.027806925498426116,-0.005150899593731846,0.02982406953108573,0.10719668425018844,0.009852481517381047,0.005646817248459959,0.08592017738359202,0.23775904195258804,0.014293006636038795,0.7337606432327956,58.80398671096345,0.2708333333333333,0.0066803699897224345,-0.0071428571428571175,-0.011598587997982857,0.0056468172484600565,0.027806925498426116,0.1138335885655947
13441,2026-02-22,0.049004594180704464,0.04846938775510212,0.05168884339815771,0.09076433121019112,0.036010082823190445,0.0759350075917555,0.15665317915460197,0.014499242842298083,0.05168884339815762,0.12664473684210525,0.25421809010591084,0.019464720194647202,0.5874119589213013,72.8,1.0,0.049004594180704464,0.0066803699897224345,-0.0071428571428571175,0.05168884339815771,0.09076433121019112,0.11143552311435523
13441,2026-02-23,-0.011192214111922172,0.04419321685508737,0.01905717151454356,0.08663101604278078,0.021618903971845148,0.06170646324259361,0.13951024985980437,0.015627075584282803,0.01905717151454363,0.06165099268547544,0.052817863971352644,0.015748031496062992,0.6015561774604824,71.09375,0.7889908256880734,-0.011192214111922172,0.049004594180704464,0.0066803699897224345,0.01905717151454356,0.08663101604278078,0.10580708661417323
13441,2026-02-24,-0.013779527559055094,0.02297090352220521,0.008048289738430636,0.08794788273615639,0.0063849630533037134,0.04587443244089562,0.12016495664919391,0.014185393288556614,0.008048289738430584,0.034055727554179564,0.0027813890168859466,0.016966067864271458,0.712296091583631,71.09375,0.5321100917431193,-0.013779527559055094,-0.011192214111922172,0.049004594180704464,0.008048289738430636,0.08794788273615639,0.06786427145708583
13441,2026-02-25,0.010479041916167775,-0.014598540145985384,0.021180030257186067,0.10655737704918034,0.013875974536871501,0.05507216172562916,0.1277776746431025,0.01399515296272825,0.02118003025718608,0.049766718506998445,-0.2120246139143136,0.013827160493827161,0.6993387517906614,74.80916030534351,0.7247706422018348,0.010479041916167775,-0.013779527559055094,-0.011192214111922172,0.021180030257186067,0.10655737704918034,0.044444444444444446
13441,2026-02-26,0.04888888888888898,0.04527559055118102,0.083673469387755,0.1407089151450054,0.05111346765641566,0.10263198878679336,0.17795675402542502,0.01909656216275037,0.0836734693877551,0.109717868338558,0.0038173148096917638,0.018361581920903956,0.6339490835155654,78.47826086956522,1.0,0.04888888888888898,0.010479041916167775,-0.013779527559055094,0.083673469387755,0.1407089151450054,-0.02495291902071563
13441,2026-02-27,0.011299435028248483,0.0718562874251496,0.10380267214799588,0.1323141802846599,0.04802397713807771,0.11013489069202538,0.18577220562708158,0.023034389721725584,0.10380267214799589,0.1365079365079365,0.03833533048827613,0.019087523277467412,0.6118423768474066,77.9510022271715,1.0,0.011299435028248483,0.04888888888888898,0.010479041916167775,0.10380267214799588,0.1323141802846599,-0.049348230912476726
13441,2026-02-28,0.01582867783985109,0.07753086419753097,0.11383358856559478,0.12012320328542092,0.04831846259437193,0.1213704496788009,0.19908410929629067,0.026626513839638433,0.1138335885655947,0.17691477885652643,0.03929161449867682,0.016498625114573784,0.6280193519904302,77.08333333333333,1.0,0.01582867783985109,0.011299435028248483,0.04888888888888898,0.11383358856559478,0.12012320328542092,-0.07241063244729606
13441,2026-03-01,0.04674610449129246,0.07532956685499048,0.11143552311435534,0.16888433981576245,0.08034326643692132,0.16508816377888497,0.24912647435936383,0.03353654091641492,0.11143552311435523,0.23593073593073594,0.1544974780252237,0.020577933450087564,0.6005282417761683,81.25,1.0,0.04674610449129246,0.01582867783985109,0.011299435028248483,0.11143552311435534,0.16888433981576245,-0.11471103327495621
13441,2026-03-02,-0.016199649737302924,0.0460893854748603,0.10580708661417315,0.1268806419257773,0.04762221926202221,0.1384516652029994,0.22325657357504486,0.034705355724129985,0.10580708661417323,0.2172264355362947,-0.09572232758728848,0.009790832220738763,0.5970524745143863,74.0952380952381,0.8678571428571429,-0.016199649737302924,0.04674610449129246,0.01582867783985109,0.10580708661417315,0.1268806419257773,-0.07254116599910992
13441,2026-03-03,-0.04761904761904767,-0.019248395967002785,0.06786427145708585,0.0764587525150906,-0.011221122112211192,0.07946329488515988,0.16030387189666911,0.028508304599490504,0.06786427145708583,0.1395101171458999,0.0008260243517884631,0.017289719626168223,0.6675092200784192,62.14057507987221,0.444015444015444,-0.04761904761904767,-0.016199649737302924,0.04674610449129246,0.06786427145708585,0.0764587525150906,-0.014953271028037384
13441,2026-03-04,-0.011682242990654235,-0.07399299474605958,0.04444444444444451,0.06656580937972767,-0.02854330708661426,0.06268946689667877,0.14222792952810717,0.02218608484264478,0.044444444444444446,0.12380446333687567,-0.10061788701387356,0.01702127659574468,0.6728800426785896,60.21671826625387,0.0,-0.011682242990654235,-0.04761904761904767,-0.016199649737302924,0.04444444444444451,0.06656580937972767,0.0070921985815602835
13441,2026-03-05,-0.020803782505910196,-0.07832665776591008,-0.024952919020715614,0.05663265306122445,-0.04543359452163028,0.03719408366999431,0.11441947229646111,0.014942085621504977,-0.02495291902071563,0.10394456289978678,-0.04850374580395755,0.01545147271849348,0.6679216958486133,58.32083958020989,0.0,-0.020803782505910196,-0.011682242990654235,-0.04761904761904767,-0.024952919020715614,0.05663265306122445,0.0294543698696282
13441,2026-03-06,-0.014002897151134674,-0.04579439252336448,-0.049348230912476754,0.04933196300102782,-0.05218486837742861,0.019912093766648854,0.09522589257513366,0.008123119918738621,-0.049348230912476726,0.08617021276595745,-0.020103666632225063,0.01811949069539667,0.7084551132915334,57.038123167155426,0.0,-0.014002897151134674,-0.020803782505910196,-0.011682242990654235,-0.049348230912476754,0.04933196300102782,0.03819784524975514
13441,2026-03-07,-0.008814887365328095,-0.04302600472813234,-0.07241063244729606,0.03318019397651861,-0.05059304429404267,0.008537355080889002,0.08265528697853822,0.002390951878018451,-0.07241063244729606,0.07545164718384698,0.06623283139601438,0.0133399209486166,0.6959946107614446,54.73071324599709,0.0,-0.008814887365328095,-0.014002897151134674,-0.020803782505910196,-0.07241063244729606,0.03318019397651861,0.058300395256917
13441,2026-03-08,-0.0009881422924901129,-0.023660067600193124,-0.11471103327495624,-0.016058394160583966,-0.034581542868835746,0.00533660379860122,0.07907142221826918,-0.001555179612658071,-0.11471103327495621,0.06984126984126984,0.041598326553359224,0.016320474777448073,0.6453617091303042,47.21753794266442,0.0,-0.0009881422924901129,-0.008814887365328095,-0.014002897151134674,-0.11471103327495624,-0.016058394160583966,0.09495548961424333
13441,2026-03-09,0.03066271018793265,0.020568070519098924,-0.07254116599910987,0.025590551181102317,0.006207752793488662,0.03311520920087247,0.10967146483023023,-0.0005857446627145924,-0.07254116599910992,0.09338929695697797,-0.1127452741250915,0.021593090211132437,0.6277249983468159,54.11392405063291,0.5254237288135594,0.03066271018793265,-0.0009881422924901129,-0.008814887365328095,-0.07254116599910987,0.025590551181102317,0.07293666026871401
13441,2026-03-10,0.011516314779270731,0.04150197628458496,-0.01495327102803734,0.05189620758483038,0.020047006774505802,0.04115903852486002,0.12009162883238186,0.0014096171597163087,-0.014953271028037384,0.11889596602972399,-0.05109069321382337,0.022296015180265655,0.5929288929936322,58.28025477707007,0.9247311827956989,0.011516314779270731,0.03066271018793265,-0.0009881422924901129,-0.01495327102803734,0.05189620758483038,0.05787476280834915
13441,2026-03-11,0.010436432637571214,0.05341246290801194,0.007092198581560183,0.051851851851851816,0.029625025896001626,0.04754098360655742,0.12907500662602703,0.0038805328708019886,0.0070921985815602835,0.13903743315508021,-0.08627514283819575,0.01784037558685446,0.6537915968678433,58.34658187599364,1.0,0.010436432637571214,0.011516314779270731,0.03066271018793265,0.007092198581560183,0.051851851851851816,0.0431924882629108
13441,2026-03-12,0.0009389671361501595,0.02303262955854124,0.029454369869628128,0.0037664783427495685,0.026268738825470987,0.04356338717572198,0.1275186715164621,0.005456109951082149,0.0294543698696282,0.15743756786102062,-0.17164165774240064,0.013602251407129456,0.715070114050568,50.751879699248114,1.0,0.0009389671361501595,0.010436432637571214,0.011516314779270731,0.029454369869628128,0.0037664783427495685,0.06050656660412758
13441,2026-03-13,-0.0056285178236398226,0.005692599620493288,0.038197845249755114,-0.013035381750465591,0.015047879616963128,0.032802858070802285,0.11864824141226413,0.0056266756809680895,0.03819784524975514,0.15846994535519127,0.010654227258398676,0.012735849056603774,0.6914137275564756,47.30769230769231,0.8909090909090909,-0.0056285178236398226,0.0009389671361501595,0.010436432637571214,0.038197845249755114,-0.013035381750465591,0.09150943396226414
13441,2026-03-14,0.01037735849056598,0.005633802816901401,0.05830039525691699,-0.018331805682859748,0.017370063780702882,0.038797284190106696,0.12752007579966892,0.006761008141493844,0.058300395256917,0.15037593984962405,0.008716877082526657,0.014472455648926238,0.6969975122354894,46.06299212598425,1.0,0.01037735849056598,-0.0056285178236398226,0.0009389671361501595,0.05830039525691699,-0.018331805682859748,0.06816059757236227
13441,2026-03-15,0.03361344537815136,0.03846153846153855,0.09495548961424327,-0.030647985989492144,0.03804420629604832,0.06824066777104076,0.16214371948979062,0.011200106913472872,0.09495548961424333,0.16710595677385345,0.26507182794112016,0.018518518518518517,0.6328589637517259,42.67782426778243,1.0,0.03361344537815136,0.01037735849056598,-0.0056285178236398226,0.09495548961424327,-0.030647985989492144,0.04787714543812105
13441,2026-03-16,0.009936766034327027,0.05471698113207557,0.07293666026871404,-0.004895416110369366,0.03779339610131289,0.07388137356919883,0.1702177149237068,0.014844317503533933,0.07293666026871401,0.14784394250513347,-0.07142417345951527,0.018336314847942754,0.5827418673523161,48.81209503239741,1.0,0.009936766034327027,0.03361344537815136,0.01037735849056598,0.07293666026871404,-0.004895416110369366,0.038461538461538464
13441,2026-03-17,-0.0026833631484793896,0.041083099906629394,0.057874762808349134,0.0420560747663552,0.026703499079189688,0.06628839196059987,0.16347826086956518,0.016344980734676762,0.05787476280834915,0.14124872057318322,-0.08250861555769197,0.01569506726457399,0.6713170992442556,62.43093922651934,0.9482758620689655,-0.0026833631484793896,0.009936766034327027,0.03361344537815136,0.057874762808349134,0.0420560747663552,0.036771300448430494
13441,2026-03-18,-0.0035874439461883734,0.0036133694670279493,0.04319248826291089,0.05059101654846332,0.01686715481171539,0.058616144452031935,0.1560473101869516,0.016321616331817376,0.0431924882629108,0.11434302908726178,-0.1145726342146218,0.01665166516651665,0.6781021731845066,65.5072463768116,0.8793103448275862,-0.0035874439461883734,-0.0026833631484793896,0.009936766034327027,0.04319248826291089,0.05059101654846332,0.036453645364536456
13441,2026-03-19,0.017551755175517547,0.011180679785330883,0.060506566604127565,0.09174311926605494,0.02606158833063215,0.07254672527750548,0.17303557325923913,0.017807167373887496,0.06050656660412758,0.13732394366197184,-0.020853950506514604,0.014153029632905795,0.6204368453208271,77.94117647058823,1.0,0.017551755175517547,-0.0035874439461883734,-0.0026833631484793896,0.060506566604127565,0.09174311926605494,0.013710747456877488
13441,2026-03-20,0.0234409553295003,0.03766816143497764,0.09150943396226419,0.13320274240940244,0.0370702349702286,0.09197300740880567,0.1969859817112773,0.020912079987903752,0.09150943396226414,0.1669188098840141,-0.00750151228972535,0.013828867761452032,0.6105708773282533,87.36263736263736,1.0,0.0234409553295003,0.017551755175517547,-0.0035874439461883734,0.09150943396226419,0.13320274240940244,-0.020743301642178046
13441,2026-03-21,-0.011235955056179803,0.02970297029702973,0.06816059757236226,0.13043478260869557,0.015921344751030676,0.07416159371527833,0.18019933630981377,0.020823825298398713,0.06816059757236227,0.1673469387755102,0.0655753999993651,0.018793706293706292,0.6303413626912414,85.48387096774194,0.74,-0.011235955056179803,0.0234409553295003,0.017551755175517547,0.06816059757236226,0.13043478260869557,-0.024912587412587412
13441,2026-03-22,0.013986013986013957,0.026094648385670105,0.04787714543812105,0.1473788328387735,0.023249952743998516,0.08284714119019837,0.19303377976870684,0.021694287363970045,0.04787714543812105,0.19218910585817062,0.2086021189367111,0.01939655172413793,0.6439659913619546,87.06467661691542,1.0,0.013986013986013957,-0.011235955056179803,0.0234409553295003,0.04787714543812105,0.1473788328387735,-0.04008620689655172
13441,2026-03-23,0.0008620689655172153,0.0034572169403630504,0.03846153846153855,0.11420345489443373,0.018612521150592275,0.07769423558897248,0.19030802879795866,0.021602869022996976,0.038461538461538464,0.18529862174578868,0.019649489594555675,0.01808785529715762,0.6159848320638989,84.7953216374269,1.0,0.0008620689655172153,0.013986013986013957,-0.011235955056179803,0.03846153846153855,0.11420345489443373,-0.031438415159345395
13441,2026-03-24,-0.004306632213608941,0.010489510489510412,0.036771300448430466,0.09677419354838701,0.009040463869318565,0.06880345172971732,0.18153426835500536,0.02029111837434785,0.036771300448430494,0.12506082725060827,-0.15382021832105472,0.01124567474048443,0.6612575827327578,81.09756097560975,0.9,-0.004306632213608941,0.0008620689655172153,0.013986013986013957,0.036771300448430466,0.09677419354838701,0.00865051903114187
13441,2026-03-25,-0.0038927335640138727,-0.0073275862068965525,0.03645364536453655,0.08122065727699534,6.203473945417893e-05,0.060215449774422336,0.17364937175472675,0.018295055730539488,0.036453645364536456,0.13336614173228348,-0.033778224359852026,0.013894919669995658,0.6615409408185705,77.46031746031746,0.6885245901639344,-0.0038927335640138727,-0.004306632213608941,0.0008620689655172153,0.03645364536453655,0.08122065727699534,0.054277029960920535
13441,2026-03-26,-0.004776378636560996,-0.012919896640826822,0.013710747456877392,0.0750469043151969,-0.006624976781623401,0.05050875423961858,0.16483801930102943,0.015826002707858656,0.013710747456877488,0.1437125748502994,-0.15121241155227644,0.01788830715532286,0.6672813502651651,74.69135802469135,0.11764705882352941,-0.004776378636560996,-0.0038927335640138727,-0.004306632213608941,0.013710747456877392,0.0750469043151969,0.056282722513089
13441,2026-03-27,-0.011343804537521818,-0.019896193771626325,-0.02074330164217808,0.06886792452830193,-0.014966155374774942,0.034781946875713454,0.1486665352445859,0.012370987465069478,-0.020743301642178046,0.11901234567901235,-0.12437504108306655,0.013680494263018535,0.7213593964597329,71.59763313609467,0.0,-0.011343804537521818,-0.004776378636560996,-0.0038927335640138727,-0.02074330164217808,0.06886792452830193,0.06619593998234775
13441,2026-03-28,-0.015445719329214458,-0.03126356925749019,-0.024912587412587395,0.04154995331465927,-0.026735635049233427,0.017142336099206668,0.12836968310789168,0.007922420169223489,-0.024912587412587412,0.05037664783427495,0.1266368622835486,0.020618556701030927,0.717146943340125,62.67806267806267,0.0,-0.015445719329214458,-0.011343804537521818,-0.004776378636560996,-0.024912587412587395,0.04154995331465927,0.07754370237561632
13441,2026-03-29,-0.0017929179740027168,-0.028359511343804544,-0.040086206896551735,0.005871725383920445,-0.022817025010969723,0.014101182434996447,0.12406622249141931,0.004554392317837377,-0.04008620689655172,0.03677839851024209,0.060583218791198164,0.015267175572519083,0.6695210594019623,52.296819787985875,0.0,-0.0017929179740027168,-0.015445719329214458,-0.011343804537521818,-0.040086206896551735,0.005871725383920445,0.08486753480017961
13441,2026-03-30,0.009878760664571162,-0.007502206531332711,-0.03143841515934542,0.005813953488372103,-0.008627204030226644,0.023078789349184108,0.13241431784359586,0.0033459703563602458,-0.031438415159345395,0.0307057745187901,-0.11559301043339826,0.018674966651845263,0.6632754106667793,52.296819787985875,0.25882352941176473,0.009878760664571162,-0.0017929179740027168,-0.015445719329214458,-0.03143841515934542,0.005813953488372103,0.08048021342819031
13441,2026-03-31,0.03690529124055142,0.045271178843568016,0.00865051903114189,0.045739910313901344,0.02666666666666661,0.060064246317958606,0.17047381101097525,0.006719520819351583,0.00865051903114187,0.021015761821366025,-0.12990191268912188,0.015437392795883362,0.6697371458600162,64.16666666666666,1.0,0.03690529124055142,0.009878760664571162,-0.0017929179740027168,0.00865051903114189,0.045739910313901344,0.029159519725557463
13441,2026-04-01,0.04116638078902235,0.09025594970812745,0.05427702996092054,0.09270927092709269,0.06059282371294855,0.10068452785711043,0.21425634300574564,0.013519151172117915,0.054277029960920535,0.08055184690698709,-0.022799709642891172,0.018533772652388796,0.5996733312631273,72.99107142857143,1.0,0.04116638078902235,0.03690529124055142,0.009878760664571162,0.05427702996092054,0.09270927092709269,-0.01070840197693575
13441,2026-04-02,-0.002883031301482708,0.07647843485993766,0.05628272251308908,0.07076514816452906,0.0490900086665841,0.09287068524481618,0.20639156649853552,0.017036232613512815,0.056282722513089,0.13130841121495326,-0.0709387538793093,0.01486988847583643,0.6823448815815228,69.23076923076923,0.9651741293532339,-0.002883031301482708,0.04116638078902235,0.03690529124055142,0.05628272251308908,0.07076514816452906,-0.0107393638992152
13441,2026-04-03,-0.0020652622883106098,0.036020583190394584,0.06619593998234774,0.04407951598962834,0.03729146221786056,0.08569631060980533,0.1994836659716016,0.018448938330045118,0.06619593998234775,0.14231678486997637,0.05846451952396803,0.015314569536423841,0.6633865670574873,63.858695652173914,0.9402985074626866,-0.0020652622883106098,-0.002883031301482708,0.04116638078902235,0.06619593998234774,0.04407951598962834,-0.01903973509933775
13441,2026-04-04,-0.004966887417218513,-0.009884678747940745,0.07754370237561625,0.05069930069930062,0.021302421557322412,0.07494187086388834,0.1891832472243596,0.01812998917120498,0.07754370237561632,0.16079188797682278,0.08235644523991772,0.012895174708818636,0.6451381030256376,66.38418079096044,0.8805970149253731,-0.004966887417218513,-0.0020652622883106098,-0.002883031301482708,0.07754370237561625,0.05069930069930062,-0.016638935108153077
13441,2026-04-05,0.004991680532445919,-0.0020652622883106098,0.08486753480017972,0.04137931034482767,0.014760590423617027,0.074318916194824,0.19066262916093984,0.01788976900335621,0.08486753480017961,0.1831537708129285,0.07845899659437446,0.014486754966887417,0.6685787457269856,64.37125748502993,0.9329608938547486,0.004991680532445919,-0.004966887417218513,-0.0020652622883106098,0.08486753480017972,0.04137931034482767,-0.014900662251655629
13441,2026-04-06,0.005794701986755024,0.005794701986755024,0.08048021342819034,0.04651162790697683,0.00967531311212676,0.07408062234794904,0.1930153777336526,0.01780288372094433,0.08048021342819031,0.20059288537549408,0.016093987461602455,0.011934156378600824,0.6845350712545514,65.60693641618496,1.0,0.005794701986755024,0.004991680532445919,-0.004966887417218513,0.08048021342819034,0.04651162790697683,-0.013991769547325103
13441,2026-04-07,-0.012345679012345734,-0.0016638935108153063,0.029159519725557415,0.03806228373702414,-0.006798699379249241,0.054945054945054944,0.17397684656774828,0.015681673713357915,0.029159519725557463,0.18694362017804153,0.00171881631338636,0.015833333333333335,0.6777326230703814,62.021857923497265,0.0,-0.012345679012345734,0.005794701986755024,0.004991680532445919,0.029159519725557415,0.03806228373702414,-0.03916666666666667
13441,2026-04-08,0.0008333333333332416,-0.005794701986754913,-0.010708401976935789,0.042987407729049076,-0.004440760258156223,0.05092754637731891,0.17065404568247539,0.013876298472120524,-0.01070840197693575,0.15259117082533588,-0.12406482460583972,0.014571190674437969,0.6901162417452824,63.788300835654596,0.06666666666666667,0.0008333333333332416,-0.012345679012345734,0.005794701986755024,-0.010708401976935789,0.042987407729049076,-0.059117402164862616
13441,2026-04-09,-0.002914238134887559,-0.014403292181069949,-0.010739363899215149,0.04493891797556726,-0.005811540058115401,0.04349720426984249,0.16307931386144492,0.011899256378485363,-0.0107393638992152,0.13614800759013282,-0.12126119183155262,0.010855949895615866,0.6815929040707428,64.50704225352112,0.0,-0.002914238134887559,0.0008333333333332416,-0.012345679012345734,-0.010739363899215149,0.04493891797556726,-0.060542797494780795
13441,2026-04-10,-0.01043841336116913,-0.012499999999999956,-0.019039735099337762,0.04589585172109434,-0.013498245822679484,0.029018018669947243,0.14707638033675535,0.009000833100936504,-0.01903973509933775,0.11267605633802817,-0.0883116616750311,0.0189873417721519,0.6817910588467195,64.68926553672316,0.0,-0.01043841336116913,-0.002914238134887559,0.0008333333333332416,-0.019039735099337762,0.04589585172109434,-0.05569620253164557
13441,2026-04-11,-0.0025316455696202667,-0.01582014987510405,-0.016638935108153063,0.05961452263558953,-0.01364963938725639,0.022978060495910644,0.14060246712377966,0.0065236890873681735,-0.016638935108153077,0.10881801125703565,-0.03682720193956873,0.015651438240270727,0.7048802736365392,70.46153846153847,0.0,-0.0025316455696202667,-0.01043841336116913,-0.002914238134887559,-0.016638935108153063,0.05961452263558953,-0.05414551607445008
13441,2026-04-12,0.006768189509306355,-0.006263048016701411,-0.01490066225165565,0.06870229007633588,-0.004838420643928027,0.026053716929886356,0.1450075638921704,0.005479145646590503,-0.014900662251655629,0.12264150943396226,0.08706508910369587,0.011764705882352941,0.674890636488249,72.70029673590504,0.24242424242424243,0.006768189509306355,-0.0025316455696202667,-0.01043841336116913,-0.01490066225165565,0.06870229007633588,-0.06554621848739496
13441,2026-04-13,0.006722689075630228,0.010970464135021007,-0.013991769547325061,0.06536238328145849,0.0038905847848207066,0.02919488552569409,0.14927091327705286,0.005400145585675332,-0.013991769547325103,0.11858076563958916,-0.034767020667114575,0.017111853088480802,0.6633861790641106,72.20543806646526,0.8421052631578947,0.006722689075630228,0.006768189509306355,-0.0025316455696202667,-0.013991769547325061,0.06536238328145849,-0.0830550918196995
13441,2026-04-14,-0.037562604340567574,-0.024534686971235176,-0.03916666666666668,-0.011149228130360234,-0.02835129115752721,-0.010767448843893402,0.10334341656875835,0.0007523846122370582,-0.03916666666666667,0.04155374887082204,0.06530828660433396,0.0199479618386817,0.6785634353915404,46.15384615384615,0.0,-0.037562604340567574,0.006722689075630228,0.006768189509306355,-0.03916666666666668,-0.011149228130360234,-0.05724197745013009
13441,2026-04-15,-0.01994796183868175,-0.050420168067226934,-0.05911740216486261,-0.06919275123558488,-0.039524011899702505,-0.03083322612461945,0.07876467125256556,-0.00460406770128687,-0.059117402164862616,0.01073345259391771,-0.082582357315541,0.017256637168141593,0.63765145693857,20.83333333333333,0.0,-0.01994796183868175,-0.037562604340567574,0.006722689075630228,-0.05911740216486261,-0.06919275123558488,-0.036283185840707964
13441,2026-04-16,-0.004424778761061954,-0.06093489148580966,-0.06054279749478075,-0.07063197026022305,-0.035281146637265684,-0.03539734484187659,0.07162702087688186,-0.008479823063566759,-0.060542797494780795,0.008968609865470852,-0.39885362858050566,0.01911111111111111,0.6383339263921487,20.61855670103094,0.0,-0.004424778761061954,-0.01994796183868175,-0.037562604340567574,-0.06054279749478075,-0.07063197026022305,-0.023555555555555555
13441,2026-04-17,-0.005333333333333301,-0.02948829141370335,-0.05569620253164553,-0.07367549668874174,-0.03260466839570217,-0.040761218979040725,0.06368821292775666,-0.011362486912676096,-0.05569620253164557,0.0072007200720072,-0.258327532272483,0.01831992850759607,0.6987526851166935,20.13422818791946,0.0,-0.005333333333333301,-0.004424778761061954,-0.01994796183868175,-0.05569620253164553,-0.07367549668874174,-0.0290437890974084
13441,2026-04-18,-0.0008936550491510653,-0.010619469026548645,-0.05414551607445006,-0.06988352745424298,-0.02576870409560571,-0.04127601189115033,0.060570127590949964,-0.01299199787941377,-0.05414551607445008,-0.011057054400707651,-0.26201087690318436,0.016547406082289804,0.6645080207513505,20.83333333333333,0.0,-0.0008936550491510653,-0.005333333333333301,-0.004424778761061954,-0.05414551607445006,-0.06988352745424298,-0.03130590339892665
13441,2026-04-19,-0.00536672629695889,-0.011555555555555541,-0.06554621848739495,-0.07947019867549665,-0.02149591451917025,-0.04519305074558525,0.052803214794788486,-0.014258663169407418,-0.06554621848739496,-0.03889369057908384,-0.20602736159615379,0.017985611510791366,0.668823705567536,16.666666666666657,0.0,-0.00536672629695889,-0.0008936550491510653,-0.005333333333333301,-0.06554621848739495,-0.07947019867549665,-0.0341726618705036
13441,2026-04-20,-0.012140287769784153,-0.018319928507596117,-0.0830550918196995,-0.09588477366255144,-0.02113169117179052,-0.055554759482425005,0.038067188508969466,-0.016028975879661067,-0.0830550918196995,-0.03977272727272727,-0.14470736678046378,0.009103322712790168,0.6540429394408223,11.295681063122913,0.0,-0.012140287769784153,-0.00536672629695889,-0.0008936550491510653,-0.0830550918196995,-0.09588477366255144,-0.013199817933545745
13441,2026-04-21,-0.010468821119708704,-0.027728085867620766,-0.057241977450130044,-0.09416666666666662,-0.023172219012773547,-0.06348271851351939,0.025315858700721658,-0.017880419538128106,-0.05724197745013009,-0.06293103448275862,-0.10889470260324137,0.015639374425023,0.7018464194790207,11.564625850340136,0.0,-0.010468821119708704,-0.012140287769784153,-0.00536672629695889,-0.057241977450130044,-0.09416666666666662,-0.014259429622815088
13441,2026-04-22,0.0018399264029438367,-0.020683453237410054,-0.036283185840708,-0.093255620316403,-0.01619668322901198,-0.059815531605680795,0.0251931193548219,-0.01831412069135829,-0.036283185840707964,-0.06201550387596899,-0.14388248467929882,0.017447199265381085,0.5986652184092145,12.162162162162161,0.05263157894736842,0.0018399264029438367,-0.010468821119708704,-0.012140287769784153,-0.036283185840708,-0.093255620316403,-0.03810835629017447
13441,2026-04-23,0.008723599632690648,0.0,-0.023555555555555552,-0.0826722338204593,-0.004208754208754179,-0.050041797584387794,0.03212302167286088,-0.017002434973502248,-0.023555555555555555,-0.04974048442906574,-0.11918111074114034,0.016385980883022302,0.6851554650132161,17.85714285714286,0.359375,0.008723599632690648,0.0018399264029438367,-0.010468821119708704,-0.023555555555555552,-0.0826722338204593,-0.07146108329540282
13441,2026-04-24,-0.010923987255348155,-0.0004599816007360147,-0.029043789097408346,-0.08312236286919827,-0.010923987255348202,-0.05865534569398721,0.019469856908280552,-0.016861034559822793,-0.0290437890974084,-0.05644811115935736,0.16382556418440142,0.011965025310630465,0.6319266422734661,17.915309446254085,0.0,-0.010923987255348155,0.008723599632690648,0.0018399264029438367,-0.029043789097408346,-0.08312236286919827,-0.05568338702254947
13441,2026-04-25,-0.00322135296824666,-0.0055096418732781816,-0.03130590339892669,-0.08375634517766495,-0.009602194787379973,-0.059977432514538596,0.0149794598647319,-0.016593932772722746,-0.03130590339892665,-0.0549738219895288,0.2686786864075785,0.012003693444136657,0.6725280964438052,17.85714285714286,0.0,-0.00322135296824666,-0.010923987255348155,0.008723599632690648,-0.03130590339892669,-0.08375634517766495,-0.025392428439519853
13441,2026-04-26,-0.008310249307479256,-0.022303140646335873,-0.03417266187050361,-0.09747899159663864,-0.012932449287730673,-0.0661952237421749,0.005398321215714405,-0.016842986851815477,-0.0341726618705036,-0.05207413945278023,0.22121876650713107,0.011638733705772812,0.6964991637524708,12.58064516129032,0.0,-0.008310249307479256,-0.00322135296824666,-0.010923987255348155,-0.03417266187050361,-0.09747899159663864,-0.0186219739292365
13441,2026-04-27,0.009310986964618184,-0.0023009664058905033,-0.013199817933545743,-0.09515859766277124,-0.001841620626151013,-0.05663935020668643,0.013420866746998017,-0.015386289024530122,-0.013199817933545745,-0.02823845809054236,-0.010613840834625698,0.01522140221402214,0.640047459789669,13.69426751592357,0.40816326530612246,0.009310986964618184,-0.008310249307479256,-0.00322135296824666,-0.013199817933545743,-0.09515859766277124,-0.02859778597785978
13441,2026-04-28,-0.011531365313653175,-0.01061865189289013,-0.014259429622815123,-0.07068516912402434,-0.011335925657417723,-0.06638009904009531,0.0004201484524532426,-0.015274870976838927,-0.014259429622815088,-0.03771890435563539,-0.040617784681817495,0.021465235650956604,0.5998936386529649,17.269076305220892,0.0,-0.011531365313653175,0.009310986964618184,-0.008310249307479256,-0.014259429622815123,-0.07068516912402434,-0.0018665422305179655
13441,2026-04-29,-0.022398506766215576,-0.02467411545623832,-0.038108356290174505,-0.07300884955752207,-0.028164347249834357,-0.0852460447989287,-0.02320882764337152,-0.017306207761736216,-0.03810835629017447,-0.06847487772343264,0.039277718480300074,0.01909307875894988,0.6774260331521355,17.131474103585646,0.0,-0.022398506766215576,-0.011531365313653175,0.009310986964618184,-0.038108356290174505,-0.07300884955752207,0.04630071599045346
13441,2026-04-30,-0.026252983293556076,-0.059040590405904037,-0.0714610832954028,-0.09333333333333338,-0.04372865465747,-0.10545932909449682,-0.049797642090445154,-0.02110707937556547,-0.07146108329540282,-0.12521440823327615,0.019216001272896556,0.020098039215686276,0.6193154826017425,14.527027027027017,0.0,-0.026252983293556076,-0.022398506766215576,-0.011531365313653175,-0.0714610832954028,-0.09333333333333338,0.08431372549019608
13441,2026-05-01,0.00588235294117645,-0.042463835744283696,-0.05568338702254949,-0.08310991957104563,-0.030245746691871456,-0.09522479754258588,-0.04522613065326625,-0.02228601233826786,-0.05568338702254947,-0.15485996705107083,0.014237386775869663,0.018031189083820662,0.5841185270073128,18.58108108108108,0.09375,0.00588235294117645,-0.026252983293556076,-0.022398506766215576,-0.05568338702254949,-0.08310991957104563,0.0682261208576998
13441,2026-05-02,0.02875243664717342,0.007637231503579978,-0.025392428439519832,-0.055903398926654746,0.0013552890153824377,-0.06495002140884992,-0.0189558042145811,-0.019063676702476856,-0.025392428439519853,-0.12804626187525817,0.11840464047368655,0.02179062055897679,0.5305569180810971,32.294617563739365,0.5546875,0.02875243664717342,0.00588235294117645,-0.026252983293556076,-0.025392428439519832,-0.055903398926654746,0.030791094268119375
13441,2026-05-03,-0.00142112742775935,0.03333333333333344,-0.01862197392923648,-0.05215827338129497,0.002649996602568396,-0.06201331929220871,-0.021491899921088138,-0.01649924305539273,-0.0186219739292365,-0.12748344370860928,0.2149747315150903,0.016603415559772294,0.6778568390948032,33.13953488372093,0.53125,-0.00142112742775935,0.02875243664717342,0.00588235294117645,-0.01862197392923648,-0.05215827338129497,0.015654648956356737
13441,2026-05-04,-0.000948766603415585,0.026315789473684292,-0.02859778597785978,-0.041420118343195256,0.0059365404298874725,-0.05874290481653087,-0.02357856344369625,-0.014393291202749868,-0.02859778597785978,-0.12396006655574043,-0.07354681737228119,0.014245014245014245,0.6975165917524478,35.73667711598746,0.6407766990291263,-0.000948766603415585,-0.00142112742775935,0.02875243664717342,-0.02859778597785978,-0.041420118343195256,0.015194681861348529
13441,2026-05-05,0.015669515669515688,0.013263855992420748,-0.0018665422305179646,-0.01609935602575896,0.02197802197802198,-0.04003231307782058,-0.009599950611186469,-0.01071824251984978,-0.0018665422305179655,-0.1146523178807947,-0.025283429082554817,0.02337540906965872,0.5685109922840758,44.680851063829785,1.0,0.015669515669515688,-0.000948766603415585,-0.00142112742775935,-0.0018665422305179646,-0.01609935602575896,-0.009817671809256662
13441,2026-05-06,0.024777933613838288,0.03984819734345346,0.04630071599045338,0.006427915518824712,0.04041225928939527,-0.012731203459044053,0.013324019189874912,-0.005063492110399225,0.04630071599045346,-0.09794238683127572,-0.005925178284825543,0.018704379562043797,0.566622048868483,51.85185185185185,1.0,0.024777933613838288,0.015669515669515688,-0.000948766603415585,0.04630071599045338,0.006427915518824712,-0.0364963503649635
13441,2026-05-07,0.009124087591240837,0.05033238366571702,0.084313725490196,0.006827492034592542,0.03780160857908841,-0.0009033423667570009,0.02088119461765675,-0.00015416348130467452,0.08431372549019608,-0.07833333333333334,-0.09425309981633813,0.01763110307414105,0.6306790562087121,51.978891820580465,1.0,0.009124087591240837,0.024777933613838288,0.015669515669515688,0.084313725490196,0.006827492034592542,-0.04430379746835443
13441,2026-05-08,-0.009041591320072317,0.024777933613838288,0.06822612085769975,0.008743672342383713,0.01885790172642756,-0.006796556411418215,0.010169283234507944,0.0019405439945597933,0.0682261208576998,-0.08742714404662781,-0.09165786314192946,0.013686131386861315,0.5953869799401394,52.53333333333334,0.8113207547169812,-0.009041591320072317,0.009124087591240837,0.024777933613838288,0.06822612085769975,0.008743672342383713,-0.021897810218978103
13441,2026-05-09,-0.007299270072992692,-0.007299270072992692,0.030791094268119323,0.004616805170821747,0.007074380165289226,-0.010774196481338283,0.0012986614583865269,0.0023701120521958077,0.030791094268119375,-0.09144050104384134,0.076431152783691,0.017003676470588234,0.698788439535619,51.302083333333336,0.660377358490566,-0.007299270072992692,-0.009041591320072317,0.009124087591240837,0.030791094268119323,0.004616805170821747,-0.009191176470588236
13441,2026-05-10,-0.016084558823529438,-0.032097649186256794,0.01565464895635671,-0.0032588454376163423,-0.011281171658530209,-0.023296128463246225,-0.0161699607366599,0.000683199466148413,0.015654648956356737,-0.09662447257383966,0.18534342846772786,0.017748715553479684,0.6474439566871525,49.12718204488778,0.330188679245283,-0.016084558823529438,-0.007299270072992692,-0.009041591320072317,0.01565464895635671,-0.0032588454376163423,0.004203643157403083
13441,2026-05-11,-0.0014012143858009862,-0.02463503649635035,0.015194681861348425,-0.013837638376383743,-0.014746543778801843,-0.021301269531249986,-0.01903106248693616,-0.0006009051230763708,0.015194681861348529,-0.09560067681895093,-0.04839596259489581,0.015434985968194575,0.6668058461168208,46.09374999999999,0.0,-0.0014012143858009862,-0.016084558823529438,-0.007299270072992692,0.015194681861348425,-0.013837638376383743,-0.011693171188026192
13441,2026-05-12,-0.009354536950420989,-0.026654411764705843,-0.009817671809256634,-0.011665888940737279,-0.022611905860636824,-0.026564941630664664,-0.02963230690130885,-0.0025043005993648972,-0.009817671809256662,-0.11008403361344538,0.06282979972895068,0.0169971671388102,0.6819160638943942,46.701846965699204,0.0,-0.009354536950420989,-0.0014012143858009862,-0.016084558823529438,-0.009817671809256634,-0.011665888940737279,-0.01794145420207743
13441,2026-05-13,-0.0028328611898017497,-0.013545072396076607,-0.03649635036496346,0.008114558472553712,-0.020213400490423427,-0.025080781658716793,-0.03361109557631013,-0.003992176933928167,-0.0364963503649635,-0.11853088480801335,-0.09316620283502304,0.017518939393939392,0.636720684453512,52.52225519287834,0.0,-0.0028328611898017497,-0.009354536950420989,-0.0014012143858009862,-0.03649635036496346,0.008114558472553712,-0.03361742424242424
13441,2026-05-14,0.0009469696969697239,-0.011225444340505097,-0.044303797468354444,0.03627450980392166,-0.012874391301447475,-0.021266088459520383,-0.0337619599000549,-0.004722831766928096,-0.04430379746835443,-0.08326105810928014,0.12960501175056494,0.02128666035950804,0.6194720217934636,63.02816901408451,0.025,0.0009469696969697239,-0.0028328611898017497,-0.009354536950420989,-0.044303797468354444,0.03627450980392166,-0.054399243140964997
13441,2026-05-15,0.014191106906338735,0.01227573182247399,-0.021897810218978075,0.04483430799220267,0.004349862812018975,-0.005596611112828889,-0.021024433801444836,-0.0034002308029147665,-0.021897810218978103,-0.05132743362831858,0.0394831861736097,0.01912313432835821,0.588060334745109,65.23178807947019,0.5,0.014191106906338735,0.0009469696969697239,-0.0028328611898017497,-0.021897810218978075,0.04483430799220267,-0.07555970149253731
13441,2026-05-16,0.005597014925373234,0.02083333333333326,-0.009191176470588203,0.02131691141639025,0.011324800643302378,0.00142441320369106,-0.01655296848549963,-0.0017724521586407794,-0.009191176470588236,-0.041777777777777775,0.09443271986051706,0.01855287569573284,0.6560393710456828,58.8235294117647,1.0,0.005597014925373234,0.014191106906338735,0.0009469696969697239,-0.009191176470588203,0.02131691141639025,-0.07050092764378478
13441,2026-05-17,-0.002782931354359919,0.017029328287606393,0.00420364315740307,0.019924098671726842,0.007902491293865431,0.0,-0.020064620028157374,-0.0009834303278059195,0.004203643157403083,-0.03932082216264522,0.0682547018560545,0.012558139534883722,0.7247764987283626,58.13953488372093,0.8636363636363636,-0.002782931354359919,0.005597014925373234,0.014191106906338735,0.00420364315740307,0.019924098671726842,-0.06976744186046512
13441,2026-05-18,-0.017209302325581377,-0.014458955223880632,-0.011693171188026152,0.003323836657169954,-0.007781579123901462,-0.015331562514562696,-0.03753789469955004,-0.002455952789180829,-0.011693171188026192,-0.055008944543828264,0.04994925181161394,0.01609086606720303,0.6602925846317593,51.194539249146764,0.022727272727272728,-0.017209302325581377,-0.002782931354359919,0.005597014925373234,-0.011693171188026152,0.003323836657169954,-0.06389020350212968
13441,2026-05-19,-0.015617605300520587,-0.03525046382189234,-0.017941454202077378,-0.02758298270219728,-0.020781491694128813,-0.028536733454766202,-0.05303413528661912,-0.005148126080985287,-0.01794145420207743,-0.06474820143884892,-0.05640169757046622,0.022596153846153846,0.684996734493476,39.93174061433447,0.0,-0.015617605300520587,-0.017209302325581377,-0.002782931354359919,-0.017941454202077378,-0.02758298270219728,-0.047115384615384615
13441,2026-05-20,-0.018750000000000044,-0.05069767441860462,-0.0336174242424242,-0.06888686131386856,-0.03453169347209082,-0.04443091905051739,-0.07117032842009448,-0.008905120373460338,-0.03361742424242424,-0.07100591715976332,0.0827189037711056,0.017638412542871143,0.6158252992287481,22.939068100358426,0.0,-0.018750000000000044,-0.015617605300520587,-0.017209302325581377,-0.0336174242424242,-0.06888686131386856,-0.018618324350808426
13441,2026-05-21,-0.020578147966683003,-0.05395172740179843,-0.054399243140965,-0.09629294755877038,-0.04699312129673767,-0.06153172044693434,-0.09052765673497856,-0.01344473357079566,-0.054399243140964997,-0.08049678012879485,-0.09868134588690326,0.026013006503251626,0.6426223545510106,14.61794019933555,0.0,-0.020578147966683003,-0.018750000000000044,-0.015617605300520587,-0.054399243140965,-0.09629294755877038,0.015007503751875938
13441,2026-05-22,-0.008504252126062983,-0.04711538461538467,-0.07555970149253732,-0.09580291970802923,-0.04455616004407416,-0.06664992308416788,-0.09836687036559653,-0.016976776022119895,-0.07555970149253731,-0.08999081726354453,-0.09032189321183456,0.01564076690211907,0.6769608673555819,14.765100671140928,0.0,-0.008504252126062983,-0.020578147966683003,-0.018750000000000044,-0.07555970149253732,-0.09580291970802923,0.039354187689202826
13441,2026-05-23,0.011099899091826515,-0.018128368446839738,-0.0705009276437848,-0.07904411764705888,-0.0237316445124922,-0.053422134051296546,-0.08812376763233727,-0.01750276524093422,-0.07050092764378478,-0.08784706417842512,0.08144679474278826,0.011477045908183632,0.645520008585938,21.710526315789465,0.13095238095238096,0.011099899091826515,-0.008504252126062983,-0.020578147966683003,-0.0705009276437848,-0.07904411764705888,0.06387225548902195
13441,2026-05-24,-0.001996007984031989,0.0005002501250626068,-0.06976744186046513,-0.06585707613264824,-0.0154019269990857,-0.05273129144300607,-0.08979662011144936,-0.01751272588102213,-0.06976744186046512,-0.0796134376438104,0.045330519019921356,0.0115,0.7776041752068981,24.175824175824175,0.13740458015267176,-0.001996007984031989,0.011099899091826515,-0.008504252126062983,-0.06976744186046513,-0.06585707613264824,0.079
13441,2026-05-25,-0.01100000000000001,-0.0020181634712411745,-0.0638902035021297,-0.07483629560336769,-0.016898608349900597,-0.06036230048137824,-0.09969049015839626,-0.018225275280354232,-0.06389020350212968,-0.08679593721144968,0.19662908492297837,0.01870576339737108,0.6379193400139438,22.602739726027394,0.0,-0.01100000000000001,-0.001996007984031989,0.011099899091826515,-0.0638902035021297,-0.07483629560336769,0.08190091001011122
13441,2026-05-26,0.002022244691607611,-0.010978043912175606,-0.04711538461538467,-0.06421152030217181,-0.008008008008008008,-0.0559806941225034,-0.09767361866365849,-0.017872682830862893,-0.047115384615384615,-0.07728119180633147,-0.1443849030179671,0.013622603430877902,0.753767692275337,25.362318840579718,0.06349206349206349,0.002022244691607611,-0.01100000000000001,-0.001996007984031989,-0.04711538461538467,-0.06421152030217181,0.08879919273461151
13441,2026-05-27,0.010595358224016138,0.0015000000000000568,-0.018618324350808457,-0.05160984848484851,0.005233725265270958,-0.04347272408907848,-0.087554664723032,-0.01583682659641223,-0.018618324350808426,-0.0761070110701107,-0.046272083692774746,0.016974538192710935,0.7067721096155714,31.271477663230243,0.9615384615384616,0.010595358224016138,0.002022244691607611,-0.01100000000000001,-0.018618324350808457,-0.05160984848484851,0.07388916625062407
13441,2026-05-28,0.012980529206190639,0.025783619817997927,0.015007503751875984,-0.04020813623462627,0.016096723422521088,-0.029294975042658617,-0.07515358396345384,-0.01247476850410217,0.015007503751875938,-0.05319645356976201,-0.13861277688406318,0.016757023164120255,0.6817230138037635,36.507936507936506,1.0,0.012980529206190639,0.010595358224016138,0.002022244691607611,0.015007503751875984,-0.04020813623462627,0.04879250862493839
13441,2026-05-29,0.015278462296697937,0.039354187689202735,0.039354187689202735,-0.03917910447761197,0.025896414342629483,-0.01391370947153431,-0.06044281826612684,-0.0080803145297485,0.039354187689202826,-0.016706443914081145,-0.13181047500546045,0.01699029126213592,0.6342989023118466,36.708860759493675,1.0,0.015278462296697937,0.012980529206190639,0.010595358224016138,0.039354187689202735,-0.03917910447761197,0.018446601941747572
13441,2026-05-30,0.03495145631067964,0.06440339490763858,0.06387225548902187,-0.011131725417439675,0.05217146080090246,0.019055509527754824,-0.026854317230886337,-0.000845334266757687,0.06387225548902195,0.045098039215686274,0.06356167282933603,0.020168855534709193,0.5475941019539557,46.80851063829787,1.0,0.03495145631067964,0.015278462296697937,0.012980529206190639,0.06387225548902187,-0.011131725417439675,0.001876172607879925
13441,2026-05-31,0.012195121951219523,0.06357811729916207,0.07899999999999996,0.0037209302325580396,0.053270115743968866,0.02974391601717838,-0.014541875120505764,0.005295886591739748,0.079,0.05165692007797271,0.06396625390450195,0.014365152919369786,0.7037999981168318,51.010101010101,1.0,0.012195121951219523,0.03495145631067964,0.015278462296697937,0.07899999999999996,0.0037209302325580396,0.0037071362372567192
13441,2026-06-01,-0.008341056533827662,0.03883495145631066,0.08190091001011113,0.012778040700425874,0.032818532818532815,0.02068395363996254,-0.022761637051845383,0.008053554020348163,0.08190091001011122,0.013737565135007106,-0.039529671574914105,0.011682242990654205,0.6358856979854589,53.58090185676393,0.8977272727272727,-0.008341056533827662,0.012195121951219523,0.03495145631067964,0.08190091001011113,0.012778040700425874,0.014953271028037384
13441,2026-06-02,0.008411214953271129,0.012195121951219523,0.08879919273461145,0.03750000000000009,0.029019073569482193,0.028451603679168762,-0.014756834357197508,0.010549877692663745,0.08879919273461151,0.023719165085388995,-0.02419367434011581,0.013901760889712697,0.7001820782413147,60.773480662983424,1.0,0.008411214953271129,-0.008341056533827662,0.012195121951219523,0.08879919273461145,0.03750000000000009,-0.008804448563484708
13441,2026-06-03,-0.0032437442075996525,-0.0032437442075996525,0.07388916625062403,0.053895149436550716,0.015443755057998413,0.024383274597580634,-0.018351089453321145,0.011410569114030536,0.07388916625062407,0.021367521367521368,-0.08382494817843865,0.016736401673640166,0.588018258362663,66.66666666666666,0.9457364341085271,-0.0032437442075996525,0.008411214953271129,-0.008341056533827662,0.07388916625062403,0.053895149436550716,-0.00604370060437006
13441,2026-06-04,-0.010692701069270116,-0.005607476635513975,0.048792508624938336,0.06453226613306651,-0.0020767736316742082,0.013606846291856503,-0.029270888770622606,0.010316159881818858,0.04879250862493839,-0.005142589995324918,0.0008961759151218941,0.01738721804511278,0.6384678784755815,70.73954983922829,0.6938775510204082,-0.010692701069270116,-0.0032437442075996525,0.008411214953271129,0.048792508624938336,0.06453226613306651,0.002349624060150376
13441,2026-06-05,-0.014097744360902276,-0.027803521779425355,0.01844660194174752,0.05852674066599395,-0.018643501503508096,0.0008109526308256537,-0.04331480627656833,0.007610651084091866,0.018446601941747572,-0.04288321167883212,0.135690047662796,0.017159199237368923,0.6820874299360852,67.90123456790124,0.0,-0.014097744360902276,-0.010692701069270116,-0.0032437442075996525,0.01844660194174752,0.05852674066599395,0.01811248808388942
13441,2026-06-06,0.018112488083889433,-0.006973500697350032,0.0018761726078799779,0.06586826347305386,-0.0011356804061728176,0.020170983713562376,-0.02654912068380566,0.0076909408110274686,0.001876172607879925,-0.034358047016274866,0.047985656871096335,0.019194756554307114,0.6315717114448138,69.41176470588235,0.6333333333333333,0.018112488083889433,-0.014097744360902276,-0.010692701069270116,0.0018761726078799779,0.06586826347305386,0.0018726591760299626
13441,2026-06-07,0.014044943820224809,0.017857142857142794,0.003707136237256714,0.08299999999999996,0.012352273486011946,0.03492761240384151,-0.01328676638068477,0.009125537993801525,0.0037071362372567192,-0.011861313868613138,0.28954844310320865,0.019852262234533704,0.7019013210192164,72.6775956284153,1.0,0.014044943820224809,0.018112488083889433,-0.014097744360902276,0.003707136237256714,0.08299999999999996,0.003693444136657433
13441,2026-06-08,0.0027700831024930483,0.035271687321258405,0.01495327102803734,0.09807886754297268,0.012992204677193591,0.03786056735103441,-0.01087391020548602,0.010066930319776466,0.014953271028037384,-0.001838235294117647,0.07853973734172363,0.01427255985267035,0.6548009038402138,77.71428571428572,1.0,0.0027700831024930483,0.014044943820224809,0.018112488083889433,0.01495327102803734,0.09807886754297268,0.001841620626151013
13441,2026-06-09,-0.015193370165745845,0.001404494382022392,-0.008804448563484724,0.07921291624621585,-0.0011340893929286796,0.02212452812156553,-0.025946427306489585,0.008540201827296815,-0.008804448563484708,-0.0009341429238673517,0.05984236351249974,0.019635343618513323,0.6469008422874292,70.71240105540898,0.5540540540540541,-0.015193370165745845,0.0027700831024930483,0.014044943820224809,-0.008804448563484724,0.07921291624621585,0.025712949976624593
13441,2026-06-10,-0.0004675081813931836,-0.012927054478301003,-0.006043700604370095,0.06739890164752871,-0.0007344595045736189,0.021646676542266062,-0.02643136143773645,0.007208997863373041,-0.00604370060437006,0.0,-0.15094973523542185,0.019176800748362956,0.691086866604737,68.80222841225627,0.5405405405405406,-0.0004675081813931836,-0.015193370165745845,0.0027700831024930483,-0.006043700604370095,0.06739890164752871,0.03086997193638915
13441,2026-06-11,-0.002338634237605275,-0.017955801104972413,0.0023496240601503793,0.05125677673730911,-0.0034040849018822286,0.019013949933116846,-0.028772064738410468,0.005831222977123187,0.002349624060150376,0.007082152974504249,-0.05818533260825918,0.014064697609001406,0.651659024268419,65.38461538461539,0.47297297297297297,-0.002338634237605275,-0.0004675081813931836,-0.015193370165745845,0.0023496240601503793,0.05125677673730911,0.03187998124706985
13441,2026-06-12,0.0014064697609001975,-0.0014025245441795509,0.018112488083889433,0.03689320388349504,-0.0045272969374168075,0.02005730659025788,-0.027376537432140507,0.00490519336164,0.01811248808388942,0.011363636363636364,0.12773567717289733,0.01544943820224719,0.6799390654822917,62.25806451612903,0.07692307692307693,0.0014064697609001975,-0.002338634237605275,-0.0004675081813931836,0.018112488083889433,0.03689320388349504,0.05383895131086142
13441,2026-06-13,0.001872659176029856,0.00093545369504211,0.001872659176029856,0.0037523452157599557,-0.002928647497337563,0.021544728383667954,-0.025190179018813,0.004358027642568302,0.0018726591760299626,0.01229895931882687,0.13378095566787823,0.02102803738317757,0.6520243327248884,51.652892561983464,0.1794871794871795,0.001872659176029856,0.0014064697609001975,-0.002338634237605275,0.001872659176029856,0.0037523452157599557,0.11355140186915888
13441,2026-06-14,0.015887850467289688,0.0192217533989687,0.003693444136657398,0.007414272474513428,0.012373602980308613,0.03727972517335702,-0.009391691770245389,0.005706556077194636,0.003693444136657433,0.013992537313432836,0.25571165805444007,0.01701931922723091,0.6506947495894996,53.199999999999996,1.0,0.015887850467289688,0.001872659176029856,0.0014064697609001975,0.003693444136657398,0.007414272474513428,0.09383624655013799
13441,2026-06-15,0.0009199632014720294,0.01872659176029967,0.0018416206261511192,0.016822429906542036,0.01303538175046555,0.03790384126176547,-0.008209215997082896,0.006493533201825324,0.001841620626151013,0.00927643784786642,-0.16297668712467775,0.015625,0.6402666430039327,57.692307692307686,1.0,0.0009199632014720294,0.015887850467289688,0.001872659176029856,0.0018416206261511192,0.016822429906542036,0.0859375
13441,2026-06-16,0.008272058823529438,0.025233644859813165,0.025712949976624655,0.016682113067655324,0.017692664502021165,0.04575786463298379,0.00013675525368107852,0.007753292771096304,0.025712949976624593,0.020465116279069766,-0.02771986390889072,0.022333637192342753,0.6286836956955714,57.692307692307686,1.0,0.008272058823529438,0.0009199632014720294,0.015887850467289688,0.025712949976624655,0.016682113067655324,0.06198723792160438
13441,2026-06-17,0.004557885141294404,0.013799448022079108,0.030869971936389184,0.02463970246397018,0.017879527611004847,0.04900763116561693,0.0049854085603113114,0.008840011244088848,0.03086997193638915,0.043066729768102226,-0.060485467773803654,0.010435571687840291,0.6840220773244444,61.18143459915612,1.0,0.004557885141294404,0.008272058823529438,0.0009199632014720294,0.030869971936389184,0.02463970246397018,0.0544464609800363
13441,2026-06-18,-0.0013611615245009423,0.011488970588235281,0.03187998124706981,0.03430451127819545,0.011954022988505748,0.045572586774765673,0.004192372619295044,0.00908115029703779,0.03187998124706985,0.058173076923076925,-0.025151357855621875,0.015447523852794184,0.6432988059317885,66.82027649769586,0.9558823529411765,-0.0013611615245009423,0.004557885141294404,0.008272058823529438,0.03187998124706981,0.03430451127819545,0.05542935029532031
13441,2026-06-19,0.022716946842344488,0.025979945305378394,0.05383895131086147,0.07292659675881796,0.027183833116036445,0.06578075187020614,0.027197225517933698,0.011586260258392078,0.05383895131086142,0.102890739833415,-0.02402038301628733,0.016881386050644157,0.644567234960248,82.27848101265823,1.0,0.022716946842344488,-0.0013611615245009423,0.004557885141294404,0.05383895131086147,0.07292659675881796,0.03154153709462461
13441,2026-06-20,0.05864060417592176,0.08121597096188737,0.1135514018691588,0.11563670411985028,0.07046140024385539,0.12148213221221717,0.08708544318233662,0.019693480146652845,0.11355140186915888,0.192096048024012,0.08882698646090477,0.02853545950482585,0.6194064223940642,87.31117824773413,1.0,0.05864060417592176,0.022716946842344488,-0.0013611615245009423,0.1135514018691588,0.11563670411985028,-0.01888375996642887
13441,2026-06-21,-0.0020981955518254436,0.08041799182189924,0.09383624655013789,0.09787626962142193,0.054411857857731075,0.11221976240217021,0.08449669360764146,0.023881718089660785,0.09383624655013799,0.19979818365287588,0.2371433421503083,0.015559293523969722,0.6504933309204171,84.640522875817,0.9758454106280193,-0.0020981955518254436,0.05864060417592176,0.022716946842344488,0.09383624655013789,0.09787626962142193,-0.010933557611438183
13441,2026-06-22,-0.006307821698906646,0.04975566414926691,0.0859375,0.08793738489871084,0.03549517966695881,0.09905272786468429,0.07737745445703059,0.02495041265213566,0.0859375,0.17914171656686625,0.11490362303190789,0.017774016081252644,0.653609258611971,80.31746031746032,0.8941798941798942,-0.006307821698906646,-0.0020981955518254436,0.05864060417592176,0.0859375,0.08793738489871084,0.028353787558188744
13441,2026-06-23,-0.013965298349555622,-0.022240872849349613,0.06198723792160443,0.0892940626460963,0.01241464928615761,0.078187903934846,0.062186270090111045,0.023105471087436973,0.06198723792160438,0.165,-0.0311106889000379,0.018454935622317595,0.6668171428454704,80.31746031746032,0.7087912087912088,-0.013965298349555622,-0.006307821698906646,-0.0020981955518254436,0.06198723792160443,0.0892940626460963,0.02832618025751073
13441,2026-06-24,-0.0025751072961373023,-0.02270815811606397,0.05444646098003636,0.0869971936389149,0.002341343191620512,0.06970250241649664,0.05927932946747365,0.020823633535074333,0.0544464609800363,0.17492416582406473,-0.0429244289020136,0.01333907056798623,0.7017341376984081,79.0625,0.6758241758241759,-0.0025751072961373023,-0.013965298349555622,-0.006307821698906646,0.05444646098003636,0.0869971936389149,0.08476764199655766
13441,2026-06-25,-0.000430292598967319,-0.016927634363097743,0.05542935029532026,0.08907641819034229,-0.005565068493150685,0.0636771574223877,0.058517963465511066,0.018591425086476432,0.05542935029532031,0.1720484359233098,-0.13503783870012206,0.014636246233318984,0.6937905858041207,80.0632911392405,0.5454545454545454,-0.000430292598967319,-0.0025751072961373023,-0.013965298349555622,0.05542935029532026,0.08907641819034229,0.08092983211364614
13441,2026-06-26,-0.00043047783039174004,-0.0034334763948498104,0.031541537094624594,0.0870786516853932,-0.01029044632527561,0.05806765192824706,0.05757503681624263,0.016467840468438383,0.03154153709462461,0.15926110833749377,0.03207374230496704,0.018518518518518517,0.6542912007144418,79.61783439490446,0.0,-0.00043047783039174004,-0.000430292598967319,-0.0025751072961373023,0.031541537094624594,0.0870786516853932,0.1339362618432386
13441,2026-06-27,0.006890611541774394,0.006024096385542244,-0.01888375996642888,0.09252336448598131,-0.0007326901941629291,0.06038158014090037,0.06426454373488986,0.015339896113878924,-0.01888375996642887,0.15229176934450467,0.12976608448877697,0.015825491873396064,0.6502903887471057,80.3680981595092,0.2857142857142857,0.006890611541774394,-0.00043047783039174004,-0.000430292598967319,-0.01888375996642888,0.09252336448598131,0.21000855431993157
13441,2026-06-28,0.0059880239520957446,0.01248385708136035,-0.010933557611438216,0.08187672493100284,0.00684931506849315,0.062042806827418084,0.07007992235247727,0.014790339007341101,-0.010933557611438183,0.141747572815534,0.12762418894971364,0.018282312925170068,0.6651167688069493,79.08496732026144,0.7317073170731707,0.0059880239520957446,0.006890611541774394,-0.00043047783039174004,-0.010933557611438216,0.08187672493100284,0.19727891156462585
13441,2026-06-29,0.03316326530612246,0.04651162790697683,0.028353787558188737,0.11672794117647056,0.03599488397588166,0.09236394150083914,0.10501983174595149,0.017803410503653687,0.028353787558188744,0.1397748592870544,0.03336983277820132,0.022222222222222223,0.5427076261025909,83.24607329842932,1.0,0.03316326530612246,0.0059880239520957446,0.006890611541774394,0.028353787558188737,0.11672794117647056,0.16296296296296298
13441,2026-06-30,-0.013991769547325061,0.02480752780153983,0.02832618025751077,0.09206927985414759,0.01740976645435244,0.07325230686535072,0.0897348433165053,0.01744509095287696,0.02832618025751073,0.1102873030583874,0.024492245614149824,0.021285475792988316,0.7181633420053053,75.37688442211055,0.6851851851851852,-0.013991769547325061,0.03316326530612246,0.0059880239520957446,0.02832618025751077,0.09206927985414759,0.16026711185308848
13441,2026-07-01,0.05217028380634381,0.07185374149659873,0.08476764199655773,0.14382940108892917,0.05784678096151532,0.12285650656966825,0.14600748549117853,0.02270382395983157,0.08476764199655766,0.1780373831775701,0.52546580866787,0.013486711622372074,0.7381670469702482,80.89668615984405,1.0,0.05217028380634381,-0.013991769547325061,0.03316326530612246,0.08476764199655773,0.14382940108892917,0.04839349464498215
13441,2026-07-02,-0.003966679888932956,0.03333333333333344,0.08092983211364624,0.14084507042253525,0.041908713692946055,0.11257163112187626,0.1409141853209341,0.024769864908378028,0.08092983211364614,0.16357738646895273,0.3841790786446555,0.013540422142572681,0.7542987927513336,79.8076923076923,0.949748743718593,-0.003966679888932956,0.05217028380634381,-0.013991769547325061,0.08092983211364624,0.14084507042253525,0.06969334926324174
13441,2026-07-03,0.04858622062923135,0.09891485809682798,0.13393626184323848,0.16970235450910698,0.07275478726500198,0.1583809942806863,0.19496538195827684,0.030966611927919264,0.1339362618432386,0.22408182240818225,0.13513961925468976,0.01139384732244588,0.622359958723055,82.26351351351352,1.0,0.04858622062923135,-0.003966679888932956,0.05217028380634381,0.13393626184323848,0.16970235450910698,0.02164830991264717
13441,2026-07-04,0.07443980250664639,0.12217374057913521,0.21000855431993148,0.18715904322282828,0.12058623811679499,0.2319461177802615,0.28125,0.04269750429622236,0.21000855431993157,0.3294172932330827,0.023106004835542582,0.02545068928950159,0.5774213743319695,83.9939024390244,1.0,0.07443980250664639,0.04858622062923135,-0.003966679888932956,0.21000855431993148,0.18715904322282828,-0.018027571580063628
13441,2026-07-05,-0.004595263343937783,0.12146555157307848,0.19727891156462585,0.18418839360807393,0.08689898544331724,0.21363616773693048,0.27288981748415425,0.047829721259994504,0.19727891156462585,0.342230695900858,0.0519032071752132,0.019176136363636364,0.6286973334760613,82.98192771084337,0.9699769053117783,-0.004595263343937783,0.07443980250664639,0.04858622062923135,0.19727891156462585,0.18418839360807393,-0.0007102272727272727
13441,2026-07-06,0.0035511363636364646,0.07330041777440188,0.16296296296296298,0.19593736775285664,0.06745089574789548,0.20599155037767242,0.2746827576529077,0.04972209822980024,0.16296296296296298,0.32303370786516855,-0.14329331531761405,0.013800424628450107,0.6346302302511835,85.12898330804249,0.9930715935334873,0.0035511363636364646,-0.004595263343937783,0.07443980250664639,0.16296296296296298,0.19593736775285664,-0.012031139419674451
13441,2026-07-07,-0.016277423920736056,-0.01732060798868862,0.1602671118530885,0.19313304721030033,0.02875872277437093,0.1760890104776274,0.2515632034415487,0.04714403402442974,0.16026711185308848,0.283471837488458,-0.2484137670213905,0.016906474820143885,0.7207215087698634,83.48214285714286,0.8459119496855346,-0.016277423920736056,0.0035511363636364646,-0.004595263343937783,0.1602671118530885,0.19313304721030033,-0.008633093525179856
13441,2026-07-08,-0.04928057553956833,-0.06143465909090906,0.048393494644982216,0.13726333907056798,-0.028206744405925015,0.11075310994060292,0.18841115518740204,0.03796954518585314,0.04839349464498215,0.21685082872928177,-0.09412437990916654,0.0007567158531971245,0.7058568551724969,69.86301369863014,0.41509433962264153,-0.04928057553956833,-0.016277423920736056,0.0035511363636364646,0.048393494644982216,0.13726333907056798,0.025728339008702233
13441,2026-07-09,0.01626939084373813,-0.04953998584571828,0.06969334926324167,0.15626345243219975,-0.021391765991776425,0.12024023022062819,0.20584215409479525,0.03261217236942258,0.06969334926324174,0.2557269752220664,-0.20619775264241547,0.016381236038719285,0.6753833522863452,71.47928994082841,0.27040816326530615,0.01626939084373813,-0.04928057553956833,-0.016277423920736056,0.06969334926324167,0.15626345243219975,-0.008562918838421444
13441,2026-07-10,0.0014892032762472418,-0.03237410071942448,0.021648309912647212,0.15848406546080973,-0.02283341982355987,0.11336451305823439,0.2056772908366533,0.02821738335234617,0.02164830991264717,0.25818521983161835,-0.10242778576056606,0.015241635687732341,0.6632082699360698,71.69811320754718,0.25268817204301075,0.0014892032762472418,0.01626939084373813,-0.04928057553956833,0.021648309912647212,0.15848406546080973,-0.020446096654275093
13441,2026-07-11,0.03271375464684012,0.05107832009080582,-0.018027571580063628,0.18819503849443975,0.011811228471824805,0.13964555300295375,0.24265648763904216,0.028205505627060853,-0.018027571580063628,0.30239099859353025,0.0638481787002392,0.01907847372210223,0.5739493031771485,73.91304347826087,0.7377049180327869,0.03271375464684012,0.0014892032762472418,0.01626939084373813,-0.018027571580063628,0.18819503849443975,-0.05435565154787617
13441,2026-07-12,0.012958963282937441,0.04765450483991063,-0.0007102272727272929,0.1964285714285714,0.025029921423739422,0.14380944638647272,0.25615030553130697,0.028744016343584613,-0.0007102272727272727,0.31741573033707865,0.16319990976348805,0.02203269367448472,0.6780195174413992,74.52229299363057,0.9344262295081968,0.012958963282937441,0.03271375464684012,0.0014892032762472418,-0.0007102272727272929,0.1964285714285714,-0.03837953091684435
13441,2026-07-13,-0.00781805259417201,0.03791821561338282,-0.012031139419674486,0.14897119341563791,0.01881874576447892,0.12492949045099248,0.24333257464052818,0.027154821259525556,-0.012031139419674451,0.30467289719626167,0.056500732888480724,0.01969914040114613,0.6568678226838789,70.42889390519187,0.8713450292397661,-0.00781805259417201,0.012958963282937441,0.03271375464684012,-0.012031139419674486,0.14897119341563791,-0.022206303724928367
13441,2026-07-14,-0.012893982808022897,-0.007919366450683918,-0.008633093525179825,0.15025041736227052,0.006941907197661673,0.1018123667377398,0.22429638989526052,0.02367865356879275,-0.008633093525179856,0.26770929162833484,-0.060626427255409544,0.018505079825834544,0.6539890932217173,70.27027027027026,0.6608187134502924,-0.012893982808022897,-0.00781805259417201,0.012958963282937441,-0.008633093525179825,0.15025041736227052,-0.027576197387518143
13441,2026-07-15,-0.01632801161103048,-0.036602700781805275,0.025728339008702195,0.07536691788972627,-0.013002548499505927,0.07614952034402918,0.201571956918925,0.018724235146522817,0.025728339008702233,0.24586397058823528,-0.065201377170114,0.014754703061600885,0.685125777551739,61.757425742574256,0.1953125,-0.01632801161103048,-0.012893982808022897,-0.00781805259417201,0.025728339008702195,0.07536691788972627,-0.02250092216894135
13441,2026-07-16,-0.017705643673921023,-0.04620343839541552,-0.008562918838421418,0.0605336519315014,-0.029316808998125436,0.0505759823260217,0.17783216370820307,0.012834271267597957,-0.008562918838421444,0.2137648131267092,-0.1912637210893017,0.01952684941794968,0.6695883515732213,58.98345153664303,0.0,-0.017705643673921023,-0.01632801161103048,-0.012893982808022897,-0.008562918838421418,0.0605336519315014,-0.01915133308298911
13441,2026-07-17,-0.010514457378896003,-0.04390420899854863,-0.020446096654275103,0.0007595898214964869,-0.03676432189670474,0.033671134357633276,0.16316711054869698,0.0073645979687992375,-0.020446096654275093,0.1955535390199637,-0.03201699195306717,0.018975332068311195,0.6883748400027987,50.132978723404264,0.0,-0.010514457378896003,-0.017705643673921023,-0.01632801161103048,-0.020446096654275103,0.0007595898214964869,-0.02922201138519924
13441,2026-07-18,-0.0030360531309298056,-0.030984876429361874,-0.05435565154787614,-0.0714033227288795,-0.032056005895357405,0.024824124523738264,0.15734803168107458,0.0032023620089348093,-0.05435565154787617,0.1935483870967742,0.048097541035068615,0.018271792919680244,0.6703943572737026,32.09219858156028,0.0,-0.0030360531309298056,-0.010514457378896003,-0.017705643673921023,-0.05435565154787614,-0.0714033227288795,-0.02702702702702703
13441,2026-07-19,0.030072325846973724,0.016147202403304473,-0.03837953091684432,-0.0390625,0.0027527792482795613,0.0494337866487409,0.1891891891891892,0.003818733142525386,-0.03837953091684435,0.20213238560639715,0.06699652497832502,0.02032520325203252,0.6022987122397401,41.26984126984127,0.47878787878787876,0.030072325846973724,-0.0030360531309298056,-0.010514457378896003,-0.03837953091684432,-0.0390625,-0.04730229120473023
13441,2026-07-20,0.008869179600886845,0.036053130929791344,-0.022206303724928378,-0.03397027600849256,0.01497769279796046,0.054013358557584684,0.196487964509547,0.005127778236252613,-0.022206303724928367,0.14561477129668485,-0.007191727856323644,0.01575091575091575,0.6436195354896183,42.546583850931675,0.7984496124031008,0.008869179600886845,0.030072325846973724,-0.0030360531309298056,-0.022206303724928378,-0.03397027600849256,-0.07545787545787545
13441,2026-07-21,-0.01831501831501836,0.020175104682147005,-0.027576197387518153,-0.03597122302158273,0.0004266211604096291,0.030703160053842764,0.1717099094985257,0.003642223125548515,-0.027576197387518143,0.12699747687132043,-0.06400018231357492,0.02126865671641791,0.6811589380148937,42.28395061728395,0.5145631067961165,-0.01831501831501836,0.008869179600886845,0.030072325846973724,-0.027576197387518153,-0.03597122302158273,-0.07835820895522388
13441,2026-07-22,-0.011194029850746245,-0.020694752402069527,-0.022500922168941395,0.0026485054861900004,-0.007543737627735346,0.015429418075920994,0.1560497513402422,0.0012525601180521785,-0.02250092216894135,0.12145577655522641,-0.08575954480732845,0.02150943396226415,0.6227936250723163,50.64695009242145,0.22330097087378642,-0.011194029850746245,-0.01831501831501836,0.008869179600886845,-0.022500922168941395,0.0026485054861900004,-0.0890566037735849
13441,2026-07-23,-0.014339622641509453,-0.04322344322344318,-0.019151333082989108,-0.027550260610573307,-0.01909871244635186,-0.0027235472293633566,0.13705289124283546,-0.0020077508858206677,-0.01915133308298911,0.12103004291845494,0.0013543964345965683,0.024885145482388973,0.6480727262444568,43.09701492537313,0.0,-0.014339622641509453,-0.011194029850746245,-0.01831501831501836,-0.019151333082989108,-0.027550260610573307,-0.08116385911179173
13441,2026-07-24,-0.020673813169984734,-0.045522388059701546,-0.029222011385199198,-0.04907063197026018,-0.0353929860475138,-0.026240990762359175,0.1114383234284555,-0.00645813996668242,-0.02922201138519924,0.10068846815834767,0.11636984031519644,0.018764659890539485,0.6598075217509217,38.737201365187715,0.0,-0.020673813169984734,-0.014339622641509453,-0.011194029850746245,-0.029222011385199198,-0.04907063197026018,-0.06958561376075059
13441,2026-07-25,-0.0007818608287725182,-0.035471698113207495,-0.027027027027026973,-0.07991360691144711,-0.03244646333549645,-0.029870573499829134,0.10838613312775537,-0.009262400717850741,-0.02702702702702703,0.10030133448127422,0.008730920743459146,0.022300469483568074,0.6705398040048824,27.80000000000001,0.0,-0.0007818608287725182,-0.020673813169984734,-0.014339622641509453,-0.027027027027026973,-0.07991360691144711,-0.062206572769953054
13441,2026-07-26,0.008607198748043832,-0.013016845329249627,-0.047302291204730285,-0.08386638237384503,-0.017316488782400396,-0.02467936996355466,0.11572215142699131,-0.009815776046829157,-0.04730229120473023,0.11024978466838932,-0.0004909179873187639,0.016291698991466253,0.6908530251420186,25.720164609053498,0.12643678160919541,0.008607198748043832,-0.0007818608287725182,-0.020673813169984734,-0.047302291204730285,-0.08386638237384503,-0.05702094647013189
13441,2026-07-27,-0.02094647013188522,-0.013291634089132143,-0.07545787545787541,-0.09598853868194845,-0.026985350809560524,-0.04734345709145354,0.0903540434682436,-0.012289017276291444,-0.07545787545787545,0.07955517536355859,-0.023332581904628048,0.017432646592709985,0.6728476969407171,24.131274131274125,0.0,-0.02094647013188522,0.008607198748043832,-0.0007818608287725182,-0.07545787545787541,-0.09598853868194845,-0.044770206022187
13441,2026-07-28,-0.021394611727416746,-0.033646322378716786,-0.07835820895522383,-0.10377358490566035,-0.036661466458658344,-0.06910717202045205,0.06510917009644923,-0.01597805402705873,-0.07835820895522388,0.050170068027210885,0.016125453688345646,0.027935222672064778,0.6346129750701068,23.320895522388057,0.0,-0.021394611727416746,-0.02094647013188522,0.008607198748043832,-0.07835820895522383,-0.10377358490566035,-0.015789473684210527
13441,2026-07-29,-0.02267206477732797,-0.06361520558572542,-0.08905660377358493,-0.1095536702323866,-0.045957542908762396,-0.09002952817742042,0.039098931056747326,-0.020490506768499832,-0.0890566037735849,-0.006584362139917695,-0.09745505718978248,0.018641259320629662,0.6980671134169519,22.85191956124315,0.0,-0.02267206477732797,-0.021394611727416746,-0.02094647013188522,-0.08905660377358493,-0.1095536702323866,-0.0016570008285004142
13441,2026-07-30,-0.0057995028997513964,-0.04912836767036455,-0.08116385911179169,-0.09876079609463007,-0.04,-0.09535237281533882,0.031356090014467645,-0.023487666028263177,-0.08116385911179173,0.001669449081803005,-0.03530906191470273,0.017916666666666668,0.661385413756351,24.366471734892784,0.0,-0.0057995028997513964,-0.02267206477732797,-0.021394611727416746,-0.08116385911179169,-0.09876079609463007,-0.03166666666666667
13441,2026-07-31,-0.008333333333333304,-0.036437246963562764,-0.06958561376075056,-0.09677419354838712,-0.03821729592425812,-0.10129896284362105,0.021449485460319825,-0.025675796483136545,-0.06958561376075059,-0.05593018643395478,-0.05676826795510489,0.020168067226890758,0.66213655013502,24.752475247524757,0.0,-0.008333333333333304,-0.0057995028997513964,-0.02267206477732797,-0.06958561376075056,-0.09677419354838712,-0.0773109243697479
13441,2026-08-01,0.0071428571428571175,-0.007042253521126751,-0.062206572769953006,-0.08755234107346788,-0.02237371088970452,-0.09357904555423906,0.027329742703258806,-0.02549661519014367,-0.062206572769953054,-0.04540023894862605,0.09662898056288559,0.01835627868168544,0.6837482318396676,27.62645914396886,0.08585858585858586,0.0071428571428571175,-0.008333333333333304,-0.0057995028997513964,-0.062206572769953006,-0.08755234107346788,-0.06633291614518148
13441,2026-08-02,0.014184397163120588,0.012916666666666687,-0.057020946470131895,-0.10162601626016265,5.8768218147705944e-05,-0.07837537279482376,0.04029175145970825,-0.022931286794510706,-0.05702094647013189,-0.07671857197113559,0.11634313816966341,0.01974496092143151,0.6380528665276858,20.682302771855007,0.3541666666666667,0.014184397163120588,0.0071428571428571175,-0.008333333333333304,-0.057020946470131895,-0.10162601626016265,-0.0711641299876594
13441,2026-08-03,-0.008227067050596504,0.013025210084033567,-0.044770206022186954,-0.11684981684981688,-0.0015381884872508107,-0.08110374266331281,0.030400592626360422,-0.021464233611412326,-0.044770206022187,-0.14775539059738424,-0.0911527699290939,0.01493156366652841,0.7072066993296571,15.6989247311828,0.34444444444444444,-0.008227067050596504,0.014184397163120588,0.0071428571428571175,-0.044770206022186954,-0.11684981684981688,-0.08627125673994193
13441,2026-08-04,0.008295313148071415,0.014184397163120588,-0.015789473684210575,-0.09291044776119406,0.00907258064516121,-0.06892721725031599,0.03777030456250854,-0.018844089004044363,-0.015789473684210527,-0.13671875,-0.10497783053096486,0.01727684080625257,0.6928857746980336,21.379310344827587,1.0,0.008295313148071415,-0.008227067050596504,0.014184397163120588,-0.015789473684210575,-0.09291044776119406,-0.10736322501028384
13441,2026-08-05,-0.008638420403126235,-0.008638420403126235,-0.001657000828500399,-0.09056603773584904,0.0005931198102017147,-0.07204189288052054,0.02784030328160173,-0.017524075979490746,-0.0016570008285004142,-0.14720452937013448,-0.060861739500289495,0.015352697095435684,0.6360255600326641,21.83098591549296,0.5882352941176471,-0.008638420403126235,0.008295313148071415,-0.008227067050596504,-0.001657000828500399,-0.09056603773584904,-0.053112033195020746
13441,2026-08-06,-0.03568464730290455,-0.0360846121941103,-0.03166666666666662,-0.11026033690658499,-0.030743565300286012,-0.09988767961578686,-0.009457417940205621,-0.020256162272818866,-0.03166666666666667,-0.16402877697841728,-0.019485276008406025,0.018072289156626505,0.7156811445627534,19.620253164556956,0.0,-0.03568464730290455,-0.008638420403126235,0.008295313148071415,-0.03166666666666662,-0.11026033690658499,-0.11962134251290878
13441,2026-08-07,-0.055077452667814164,-0.09666803784450839,-0.07731092436974785,-0.14151681000781857,-0.07397590361445788,-0.14452668484612388,-0.06410262481236116,-0.02774246617977727,-0.0773109243697479,-0.16912599318955732,0.05870115961419103,0.017759562841530054,0.6671944180073993,16.97080291970802,0.0,-0.055077452667814164,-0.03568464730290455,-0.008638420403126235,-0.07731092436974785,-0.14151681000781857,-0.07832422586520947
13441,2026-08-08,0.0191256830601092,-0.0713692946058091,-0.06633291614518144,-0.12441314553990612,-0.04713825193114777,-0.1230636608239074,-0.046640855003455294,-0.029766088621346377,-0.06633291614518148,-0.16679076693968728,0.17074889781453703,0.01742627345844504,0.6583500130820376,22.959183673469383,0.17872340425531916,0.0191256830601092,-0.055077452667814164,-0.03568464730290455,-0.06633291614518144,-0.12441314553990612,-0.11081322609472744
13441,2026-08-09,0.008936550491510209,-0.02839931153184161,-0.07116412998765942,-0.12412723041117146,-0.028399311531841654,-0.11020622619203987,-0.03866713340965206,-0.029154294153626265,-0.0711641299876594,-0.16059479553903347,0.1284041949113121,0.01904340124003543,0.5947890913897258,22.696245733788388,0.26382978723404255,0.008936550491510209,0.0191256830601092,-0.055077452667814164,-0.07116412998765942,-0.12412723041117146,-0.12400354295837024
13441,2026-08-10,-0.024357838795394104,0.0031876138433515333,-0.08627125673994196,-0.1271790808240888,-0.03978829389788291,-0.12527297994838196,-0.062460102421517116,-0.03063537016432971,-0.08627125673994193,-0.206983441324694,-0.09716607261549216,0.018157058556513846,0.6636059362884479,22.65758091993186,0.029787234042553193,-0.024357838795394104,0.008936550491510209,0.0191256830601092,-0.08627125673994196,-0.1271790808240888,-0.10440308669995461
13441,2026-08-11,-0.014979573309123917,-0.030384271671134888,-0.10736322501028384,-0.12145748987854255,-0.038546743464776254,-0.1309687495828383,-0.0767572575955979,-0.03236291945752518,-0.10736322501028384,-0.22885572139303484,-0.040800837772739504,0.017511520737327188,0.6822496638136077,23.4982332155477,0.0,-0.014979573309123917,-0.024357838795394104,0.008936550491510209,-0.10736322501028384,-0.12145748987854255,-0.10783410138248847
13441,2026-08-12,0.05161290322580636,0.010628875110717528,-0.05311203319502078,-0.05468102734051372,0.019335077531746507,-0.07985107727046678,-0.029876479062846906,-0.02665703832065586,-0.053112033195020746,-0.1826647564469914,-0.1448016786707017,-0.11875547765118318,0.7093194802939956,39.38906752411575,0.7272727272727273,0.05161290322580636,-0.014979573309123917,-0.024357838795394104,-0.05311203319502078,-0.05468102734051372,-0.16476774758983348
13441,2026-08-13,-0.10341805433829976,-0.07126645483431682,-0.11962134251290879,-0.14749999999999996,-0.06957708049113233,-0.1670624635301462,-0.1298019441700889,-0.034406655617077835,-0.11962134251290878,-0.2576197387518142,-0.12009587737993029,0.021994134897360705,0.7161116304508041,29.02843601895735,0.0,-0.10341805433829976,0.05161290322580636,-0.014979573309123917,-0.11962134251290879,-0.14749999999999996,-0.08895405669599218
13441,2026-08-14,-0.010752688172043001,-0.06728110599078341,-0.07832422586520948,-0.14957983193277313,-0.06918073713947841,-0.168264752616295,-0.13862158647594278,-0.03974691787131767,-0.07832422586520947,-0.2534120250829952,-0.003507213031731621,0.009387351778656126,0.633364312267658,28.9598108747045,0.0,-0.010752688172043001,-0.10341805433829976,0.05161290322580636,-0.07832422586520948,-0.14957983193277313,-0.10276679841897234
13441,2026-08-15,-0.01679841897233203,-0.12795793163891322,-0.11081322609472744,-0.1697955778055903,-0.06965871902758299,-0.17462775296898977,-0.15245013368667626,-0.04398836249377113,-0.11081322609472744,-0.25272249342846415,0.08022684838179797,0.0185929648241206,0.74226483262784,26.419466975666282,0.0,-0.01679841897233203,-0.010752688172043001,-0.10341805433829976,-0.11081322609472744,-0.1697955778055903,-0.09547738693467336
13441,2026-08-16,-0.0060301507537688925,-0.03323558162267837,-0.12400354295837024,-0.18634306869600992,-0.057646498332539306,-0.17208471691268795,-0.15702244530732073,-0.04616634695312571,-0.12400354295837024,-0.2493358633776091,0.165887788613245,0.021739130434782608,0.7025429308375845,23.06777645659929,0.0,-0.0060301507537688925,-0.01679841897233203,-0.010752688172043001,-0.12400354295837024,-0.18634306869600992,-0.0717896865520728
13441,2026-08-17,-0.0025278058645096246,-0.025197628458498045,-0.10440308669995457,-0.18166735794276234,-0.04508055036990952,-0.16657279639538164,-0.1587270754667816,-0.04649425309106987,-0.10440308669995461,-0.24895317853064333,-0.09262280872394851,0.017232640648758235,0.684867709434742,23.486682808716694,0.0,-0.0025278058645096246,-0.0060301507537688925,-0.01679841897233203,-0.10440308669995457,-0.18166735794276234,-0.06690319310694375
13441,2026-08-18,-0.018753167764825163,-0.02713567839195985,-0.1078341013824885,-0.2036199095022625,-0.047578888186098844,-0.17323843416370102,-0.17409275340335978,-0.04741300329563684,-0.10783410138248847,-0.2845528455284553,-0.0320485820461828,0.021177685950413222,0.6432357650134767,20.640569395017792,0.0,-0.018753167764825163,-0.0025278058645096246,-0.0060301507537688925,-0.1078341013824885,-0.2036199095022625,-0.06353305785123967
13441,2026-08-19,-0.015495867768595017,-0.03640040444893833,-0.16476774758983348,-0.20912863070539423,-0.036887316826680144,-0.17638924898453023,-0.1865323058684055,-0.048327289925099576,-0.16476774758983348,-0.3018315018315018,-0.041933357247118705,0.018363064008394544,0.7266902979452181,20.4225352112676,0.0,-0.015495867768595017,-0.018753167764825163,-0.0025278058645096246,-0.16476774758983348,-0.20912863070539423,-0.04931794333683106
13441,2026-08-20,-0.022035676810073457,-0.05524581855043087,-0.08895405669599221,-0.19793459552495696,-0.045570916538658475,-0.184958460865763,-0.20401220362787478,-0.0499555239584284,-0.08895405669599218,-0.3044776119402985,0.05109465836971737,0.017703862660944206,0.6201752800645708,21.534653465346537,0.0,-0.022035676810073457,-0.015495867768595017,-0.018753167764825163,-0.08895405669599221,-0.19793459552495696,-0.033261802575107295
13441,2026-08-21,-0.025751072961373356,-0.06198347107438018,-0.1027667984189723,-0.1730418943533698,-0.055782515041224064,-0.19617563739376764,-0.22381737102802407,-0.05243266992910858,-0.10276679841897234,-0.31471698113207547,0.16890444838286758,0.015969162995594713,0.6394761811946993,23.901098901098905,0.0,-0.025751072961373356,-0.022035676810073457,-0.015495867768595017,-0.1027667984189723,-0.1730418943533698,-0.007709251101321586
13441,2026-08-22,-0.008810572687224627,-0.05561385099685201,-0.09547738693467334,-0.1957104557640751,-0.05070443758004971,-0.19359655934531983,-0.22992456112830315,-0.0534973936149662,-0.09547738693467336,-0.3108728943338438,-0.2214874488489798,0.017777777777777778,0.7122086434158297,18.803418803418808,0.0,-0.008810572687224627,-0.025751072961373356,-0.022035676810073457,-0.09547738693467334,-0.1957104557640751,-0.0005555555555555556
13441,2026-08-23,0.020000000000000018,-0.015021459227467782,-0.07178968655207285,-0.1868910540301152,-0.02124742974640166,-0.16850336644424985,-0.21399249382810004,-0.050335198198349945,-0.0717896865520728,-0.28225175918686474,-0.015692003014692466,0.020152505446623094,0.5588191861128188,20.612813370473532,0.20809248554913296,0.020000000000000018,-0.008810572687224627,-0.025751072961373356,-0.07178968655207285,-0.1868910540301152,-0.0016339869281045752
13441,2026-08-24,0.002723311546841023,0.013766519823788625,-0.0669031931069437,-0.16432137993645024,-0.008616047388260635,-0.15714133105437444,-0.2113229820168883,-0.04635188934219216,-0.06690319310694375,-0.2797339593114241,0.0035402078981275694,0.01955458989679522,0.5369986338965946,22.904191616766468,0.3014705882352941,0.002723311546841023,0.020000000000000018,-0.008810572687224627,-0.0669031931069437,-0.16432137993645024,0.012493210211841391
13441,2026-08-25,-0.01520912547528519,0.007222222222222241,-0.06353305785123964,-0.1645161290322581,-0.01436781609195397,-0.16015564682993105,-0.2226150093379579,-0.04401837187473176,-0.06353305785123967,-0.2967416602017067,-0.18671825847124834,0.019856591285162713,0.5951527523651988,23.07692307692308,0.12264150943396226,-0.01520912547528519,0.002723311546841023,0.020000000000000018,-0.06353305785123964,-0.1645161290322581,0.043574186431329286
13441,2026-08-26,-0.0005515719801434393,-0.013071895424836555,-0.04931794333683104,-0.20595968448729185,-0.007667031763417305,-0.15128805620608898,-0.22223970926988404,-0.04115355953874171,-0.04931794333683106,-0.2820919175911252,-0.1746974684933134,0.018763796909492272,0.5683425624864429,7.427536231884048,0.1875,-0.0005515719801434393,-0.01520912547528519,0.002723311546841023,-0.04931794333683104,-0.20595968448729185,0.03090507726269316
13441,2026-08-27,-0.0055187637969095205,-0.021184139054861495,-0.03326180257510725,-0.11925708699902249,-0.008333333333333316,-0.14707645703827577,-0.22557909665219825,-0.038596100790931655,-0.033261802575107295,-0.2704453441295547,-0.13685710033616622,0.01609322974472808,0.6174312416555408,12.576687116564415,0.04878048780487805,-0.0055187637969095205,-0.0005515719801434393,-0.01520912547528519,-0.03326180257510725,-0.11925708699902249,0.025527192008879023
13441,2026-08-28,0.0,-0.0060672917815775,-0.00770925110132159,-0.1096837944664032,-0.007240673697465746,-0.1387605544049706,-0.22435685897527863,-0.035682849393879036,-0.007709251101321586,-0.2535211267605634,-0.16373409739220823,0.011653718091009988,0.5742835332799917,13.486842105263165,0.04878048780487805,0.0,-0.0055187637969095205,-0.0005515719801434393,-0.00770925110132159,-0.1096837944664032,0.011653718091009988
