item_id,date,pct_change_1d,pct_change_3d,pct_change_7d,pct_change_14d,pct_vs_7ma,pct_vs_30ma,pct_vs_90ma,ema_crossover,slope_7d_pct,slope_30d_pct,vol_pct_7d,spread_pct,volume_ratio,rsi_14,range_position_7d,lag_return_1d,lag_return_2d,lag_return_3d,lag_return_7d,lag_return_14d,target_pct_7d
13576,2025-11-08,0.03022768314224966,0.055754788982675274,-0.00738742935751624,-0.05269984962686047,0.01175455136477456,-0.013267899581361613,-0.11767989893543769,-0.007853915064552186,-0.007387429357516214,-0.032707698012212426,0.15874415733309813,0.019160578647946208,0.4800213106020245,42.67587081482376,0.7343865155909503,0.03022768314224966,0.029030673575189514,-0.004132581296306115,-0.00738742935751624,-0.05269984962686047,-0.04754289223089155
13576,2025-11-09,0.010717793396360475,0.07149820412560492,-0.009601453273912819,-0.032810907071056494,0.02404861674345538,-0.001887974711730979,-0.10658711269128585,-0.003391410718785415,-0.009601453273912836,-0.023667214234350968,0.11065755612742921,0.018731565951836088,0.5123042505592841,45.48698968655004,0.8841516558839584,0.010717793396360475,0.03022768314224966,0.029030673575189514,-0.009601453273912819,-0.032810907071056494,-0.033322532513551564
13576,2025-11-10,-0.026503563932861685,0.013672099146029959,-0.03297256633214307,-0.029648919633622928,0.0017721969434319,-0.026383324145536454,-0.12851939183693697,-0.003545361924642205,-0.03297256633214312,-0.05846651252106439,-0.07854957710995145,0.019627381518752672,0.543403964456596,45.99843662384886,0.5329736114466725,-0.026503563932861685,0.010717793396360475,0.03022768314224966,-0.03297256633214307,-0.029648919633622928,-0.02828499016237595
13576,2025-11-11,-0.005768547989998818,-0.021745678661959422,-0.04050818297832859,0.017301182481471944,0.002012547027181409,-0.029473775332611765,-0.13192267834081658,-0.004200100287167211,-0.040508182978328554,-0.0746390928256584,-0.045769889179205395,0.01861182234442969,0.5261070720423001,52.528820683247005,0.5186495638955293,-0.005768547989998818,-0.026503563932861685,0.010717793396360475,-0.04050818297832859,0.017301182481471944,-0.0973680971527037
13576,2025-11-12,-0.02499638568810636,-0.056312745998350344,0.00698050033008335,0.004521677670374258,-0.023978436929432533,-0.050975525148652875,-0.15190642631268034,-0.007400235268504974,0.0069805003300833285,-0.08435941829026278,-0.05928853754940708,0.020130937722427314,0.5401069518716578,50.62898440118685,0.1560766183635506,-0.02499638568810636,-0.005768547989998818,-0.026503563932861685,0.00698050033008335,0.004521677670374258,-0.06627194323951925
13576,2025-11-13,-0.005709740020979459,-0.03615564437929042,0.0053857417790517115,-0.0032308112382356535,-0.030271440493475632,-0.05400141418954434,-0.1547391110584582,-0.009914513048646491,0.0053857417790517306,-0.0744310673019799,-0.5079062678605449,0.018338937719341177,0.5067750677506775,49.55427433042174,0.0,-0.005709740020979459,-0.02499638568810636,-0.005768547989998818,0.0053857417790517115,-0.0032308112382356535,-0.10708628547245262
13576,2025-11-14,-0.002208382395702313,-0.03270428956024851,-0.025135507262682988,0.02948252585365707,-0.028952175826273015,-0.053725076650387685,-0.15425713038814473,-0.011496472611714588,-0.025135507262682974,-0.07360167830545357,-0.7829457364341085,0.014491174005534221,0.4647887323943662,54.30631117655749,0.0,-0.002208382395702313,-0.005709740020979459,-0.02499638568810636,-0.025135507262682988,0.02948252585365707,-0.09312837435693945
13576,2025-11-15,0.006547768166318413,-0.0014095084282106374,-0.04754289223089159,-0.054579101830599996,-0.015733892034548506,-0.044957794764068706,-0.1461737454947933,-0.011406647814130413,-0.04754289223089155,-0.0781715386799499,-0.7390269698572184,0.015090615788911686,0.5460992907801419,38.17829775893626,0.0961251523581494,0.006547768166318413,-0.002208382395702313,-0.005709740020979459,-0.04754289223089159,-0.054579101830599996,-0.10674610881347746
13576,2025-11-16,0.02580799586067628,0.030244539322349162,-0.03332253251355155,-0.042604041048567076,0.014713265989024222,-0.018980772080866893,-0.12145698816013019,-0.007990117709317672,-0.033322532513551564,-0.03984013449930883,-0.7623348386017729,0.0181729280246448,0.4236453201970443,41.09303362289756,0.817036289409262,0.02580799586067628,0.006547768166318413,-0.002208382395702313,-0.03332253251355155,-0.042604041048567076,-0.1484682858726511
13576,2025-11-17,-0.021430486623882694,0.010397240982725764,-0.028284990162375956,-0.060324927780186166,-0.0029154837361792065,-0.03777044305272415,-0.1376408616707889,-0.008036996421448917,-0.02828499016237595,-0.06764667805095105,-0.6175423906217291,0.014858285686871508,0.46360153256704983,38.28500930176812,0.30751949478894425,-0.021430486623882694,0.02580799586067628,0.006547768166318413,-0.028284990162375956,-0.060324927780186166,-0.15725131459686553
13576,2025-11-18,-0.07645243892200482,-0.07292039469770972,-0.09736809715270367,-0.13393207543531882,-0.06588948567741909,-0.10645888844862123,-0.20068893591034745,-0.016774579788790593,-0.0973680971527037,-0.15557046007308217,-0.4633663366336634,0.006951989345446712,0.5387453874538746,29.49621264220913,0.0,-0.07645243892200482,-0.021430486623882694,0.02580799586067628,-0.09736809715270367,-0.13393207543531882,-0.08474193172604429
13576,2025-11-19,0.008593012560409674,-0.08847853032123443,-0.06627194323951924,-0.0597540542310947,-0.04877591796128587,-0.09388505870630066,-0.19102704038430476,-0.021108991244997842,-0.06627194323951925,-0.1524360311105952,0.133579942457871,0.018808740669934494,0.5101522842639594,39.44896062982908,0.08069013024324703,0.008593012560409674,-0.07645243892200482,-0.021430486623882694,-0.06627194323951924,-0.0597540542310947,-0.07130351289018275
13576,2025-11-20,-0.049171326781530134,-0.11431866844630556,-0.10708628547245258,-0.10227728277503334,-0.08131316509049238,-0.13202958466873266,-0.227955339751596,-0.0289148532295958,-0.10708628547245262,-0.2045596565061843,-0.9794117647058823,0.015148190767784326,0.2,34.342933507736944,0.0,-0.049171326781530134,0.008593012560409674,-0.07645243892200482,-0.10708628547245258,-0.10227728277503334,-0.05651482874948936
13576,2025-11-21,0.013388966467613006,-0.028160836508279163,-0.09312837435693944,-0.11592305268961167,-0.0561215627756097,-0.11485094807229627,-0.21433999600496045,-0.03176339499936311,-0.09312837435693945,-0.17637121005261416,1.110014800197336,0.018574323862126894,0.4909983633387889,30.735448924223533,0.08705395747927998,0.013388966467613006,-0.049171326781530134,0.008593012560409674,-0.09312837435693944,-0.11592305268961167,-0.08143020997220839
13576,2025-11-22,-0.008566719746996188,-0.04469525592591561,-0.10674610881347746,-0.1492139822969828,-0.04901489555820607,-0.11703888597231366,-0.21769508849175453,-0.03363459754534965,-0.10674610881347746,-0.17278315966748167,1.160459587955626,0.016699108295135327,0.4852374839537869,22.373332113377998,0.030608084240625808,-0.008566719746996188,0.013388966467613006,-0.049171326781530134,-0.10674610881347746,-0.1492139822969828,-0.07404649932873027
13576,2025-11-23,-0.022105529346770347,-0.017502044972302233,-0.14846828587265115,-0.17684347910298004,-0.04798511317977887,-0.13005299081307908,-0.2312486418320572,-0.036343687470983196,-0.1484682858726511,-0.20620467666248307,0.9354738154613467,0.01945031157433748,0.5219842164599775,17.869313936079067,0.0,-0.022105529346770347,-0.008566719746996188,0.013388966467613006,-0.14846828587265115,-0.17684347910298004,-0.07827913992274121
13576,2025-11-24,-0.03152383253458779,-0.06104577263695754,-0.15725131459686548,-0.18108845287284847,-0.054765128272143145,-0.15007467735872032,-0.25172198167596577,-0.040597149205647616,-0.15725131459686553,-0.23671121994670988,0.916461310990636,0.017779582714086566,0.5337533753375338,17.905393276662096,0.0,-0.03152383253458779,-0.022105529346770347,-0.008566719746996188,-0.15725131459686548,-0.18108845287284847,-0.047715208158402474
13576,2025-11-25,0.003008810754799862,-0.05008296402934498,-0.08474193172604427,-0.1738588682375387,-0.03988110185248776,-0.1403591008982695,-0.24554314811003533,-0.04186332978227735,-0.08474193172604429,-0.2266296830641297,0.47844199125182246,0.016319259281656312,0.5059171597633136,19.001347069762488,0.028575796096352198,0.003008810754799862,-0.03152383253458779,-0.022105529346770347,-0.08474193172604427,-0.1738588682375387,-0.0506794574610424
13576,2025-11-26,0.023401836221774275,-0.005877558320456222,-0.07130351289018277,-0.1328500337706655,-0.006707537865617521,-0.11437295766595436,-0.22380281006954986,-0.038764254337495314,-0.07130351289018275,-0.1843256067308601,0.5030292230933714,0.01562654737901229,0.4879668049792531,26.429215349180907,0.4073091536412865,0.023401836221774275,0.003008810754799862,-0.03152383253458779,-0.07130351289018277,-0.1328500337706655,-0.06646426123917082
13576,2025-11-27,-0.03403020681896507,-0.008450304049314794,-0.05651482874948932,-0.15754915113704737,-0.03256636502328477,-0.1395148306843184,-0.24587389807250457,-0.03944436297022373,-0.05651482874948936,-0.1691673936359371,0.2559637055466121,0.015338348151472489,0.566068515497553,24.37102754082254,0.0,-0.03403020681896507,0.023401836221774275,0.003008810754799862,-0.05651482874948932,-0.15754915113704737,-0.00019248330892904697
13576,2025-11-28,-0.013372421199956186,-0.024644384689356924,-0.0814302099722084,-0.16697512125089187,-0.03382428842729714,-0.14607824939559283,-0.25155242350016244,-0.04019227198519501,-0.08143020997220839,-0.16982371783121072,0.1357210179076343,0.018916146565217586,0.5012448132780083,23.67343540770419,0.0,-0.013372421199956186,-0.03403020681896507,0.023401836221774275,-0.0814302099722084,-0.16697512125089187,0.03758299426725185
13576,2025-11-29,-0.0005973128024447938,-0.04751683218257852,-0.07404649932873031,-0.172888432467606,-0.023631095541714785,-0.14151544883766823,-0.24737941543606737,-0.03950681711299797,-0.07404649932873027,-0.17199503490731058,0.2284509487783703,0.017831233228985166,0.5265017667844523,22.02897092194668,0.0,-0.0005973128024447938,-0.013372421199956186,-0.03403020681896507,-0.07404649932873031,-0.172888432467606,0.07669642307882257
13576,2025-11-30,-0.026575598124678912,-0.04016630284501954,-0.07827913992274116,-0.21512545607147748,-0.03849158619055893,-0.15968104229407037,-0.2628502207204626,-0.0408676097825395,-0.07827913992274121,-0.16570489923645756,0.31700418599389063,0.017829918695250316,0.5460012026458209,13.849699229407435,0.0,-0.026575598124678912,-0.0005973128024447938,-0.013372421199956186,-0.07827913992274116,-0.21512545607147748,0.0949684052220749
13576,2025-12-01,0.0005904883839167319,-0.02658258451309392,-0.04771520815840247,-0.19746324354609612,-0.03125250335766158,-0.151744424520638,-0.25800065085967666,-0.04043999490642763,-0.047715208158402474,-0.23836324891602254,0.08592981305346009,0.019462163171462064,0.5214940098661028,15.067204925767939,0.0075173145260715064,0.0005904883839167319,-0.026575598124678912,-0.0005973128024447938,-0.04771520815840247,-0.19746324354609612,0.0682952179808177
13576,2025-12-02,-0.00011333105959554501,-0.02611118668386836,-0.05067945746104241,-0.13112671406301002,-0.024153476734256843,-0.14384922184498977,-0.2533704912250465,-0.038904202926289884,-0.0506794574610424,-0.24820578058961668,-0.14274924471299094,0.01580275598285002,0.46960352422907486,20.64506639116884,0.0060736819203713105,-0.00011333105959554501,0.0005904883839167319,-0.026575598124678912,-0.05067945746104241,-0.13112671406301002,0.03502780395383398
13576,2025-12-03,0.006385247570134478,0.006865384314121981,-0.06646426123917082,-0.13302863882134985,-0.008013894644332172,-0.1304462653106184,-0.2434211986457716,-0.03592728326419152,-0.06646426123917082,-0.24114695972394462,-0.6746688741721855,0.018253345437401803,0.4961832061068702,19.548212355211007,0.16405859493813585,0.006385247570134478,-0.00011333105959554501,0.0005904883839167319,-0.06646426123917082,-0.13302863882134985,-0.0024281511000054014
13576,2025-12-04,0.03454406726934178,0.04103189264114926,-0.00019248330892907006,-0.056696433897177156,0.026282306878840686,-0.09289068046930415,-0.212199636948706,-0.02883151068695551,-0.00019248330892904697,-0.21653129126084505,-0.6286836935166994,0.013291766708041882,0.4567901234567901,36.46888901371776,1.0,0.03454406726934178,0.006385247570134478,-0.00011333105959554501,-0.00019248330892907006,-0.056696433897177156,-0.04363914591027098
13576,2025-12-05,0.02390508207622566,0.06603866076969944,0.03758299426725187,-0.04690760681952322,0.04513278938883067,-0.06663766365064777,-0.18803410466556622,-0.020431147503801074,0.03758299426725185,-0.13651476828337716,-0.12380952380952381,0.019008027683243382,0.4815217391304348,39.13047324812378,1.0,0.02390508207622566,0.03454406726934178,0.006385247570134478,0.03758299426725187,-0.04690760681952322,-0.06773010874021931
13576,2025-12-06,0.03707684538612477,0.09854950083977942,0.07669642307882252,-0.003029177889929735,0.07205846461792735,-0.028518363011759126,-0.15294244400810597,-0.009891050469298904,0.07669642307882257,-0.10078337404406484,-0.4460822342901474,0.01761661058169917,0.5196078431372549,49.38089699019228,1.0,0.03707684538612477,0.02390508207622566,0.03454406726934178,0.07669642307882252,-0.003029177889929735,-0.10113456682439985
13576,2025-12-07,-0.010056184752791242,0.05118990916422583,0.09496840522207495,0.009255220218715277,0.04750352145036002,-0.033454522974962236,-0.15655617368054317,-0.003995508035993442,0.0949684052220749,-0.13493935575332755,0.7688701359587437,0.016595245736448477,0.5374149659863946,51.94584724587694,0.8946823277173459,-0.010056184752791242,0.03707684538612477,0.02390508207622566,0.09496840522207495,0.009255220218715277,-0.062182544288943105
13576,2025-12-08,-0.02378367375738477,0.002230352472469832,0.06829521798081761,0.017321289280237018,0.013128386509567836,-0.04986978864379586,-0.171994042726977,-0.0028995600951239437,0.0682952179808177,-0.18029156280500244,0.39549839228295824,0.01669204179218222,0.5548387096774193,53.642047919883204,0.6481025289220119,-0.02378367375738477,-0.010056184752791242,0.03707684538612477,0.06829521798081761,0.017321289280237018,-0.04799637542617554
13576,2025-12-09,-0.03125045798465431,-0.06380110666717842,0.03502780395383387,-0.017426843607640463,-0.023167438154524524,-0.07179293537727921,-0.1940044540588068,-0.0057628130432297005,0.03502780395383398,-0.2143284917837007,0.37055195318677836,0.018573223212102277,0.5662358642972536,46.721557100297915,0.28879727157417323,-0.03125045798465431,-0.02378367375738477,-0.010056184752791242,0.03502780395383387,-0.017426843607640463,-0.019409748023976596
13576,2025-12-10,-0.03003418044507211,-0.08269447937182095,-0.0024281511000053824,-0.06873102707013734,-0.052193533979885125,-0.0921118627907539,-0.21445217398953081,-0.010916197283244448,-0.0024281511000054014,-0.21717791649375728,0.2736929231618153,0.01987313140794326,0.5602729340409401,37.0646364351955,0.0,-0.03003418044507211,-0.03125045798465431,-0.02378367375738477,-0.0024281511000053824,-0.06873102707013734,-0.01269518926606142
13576,2025-12-11,-0.008194298126835253,-0.06804586108442767,-0.04363914591027096,-0.043823229411996345,-0.05416427598224001,-0.09190446944929463,-0.2168270161387631,-0.014895626529673654,-0.04363914591027098,-0.2190878648989751,-0.6217000691085004,0.021752482406126396,0.5396419437340153,41.15401502627684,0.0,-0.008194298126835253,-0.03003418044507211,-0.03125045798465431,-0.04363914591027096,-0.043823229411996345,0.008140304954519154
13576,2025-12-12,-0.0018873363066571613,-0.03979802034495039,-0.06773010874021934,-0.03269261476147145,-0.04660805354979476,-0.08669500900265338,-0.21422946671436688,-0.01725890057648057,-0.06773010874021931,-0.2005790749542747,-0.22517955217574992,0.014082735579174388,0.44529262086513993,43.17008337068968,0.0,-0.0018873363066571613,-0.008194298126835253,-0.03003418044507211,-0.06773010874021934,-0.03269261476147145,0.015082033662461044
13576,2025-12-13,-8.29839042557623e-05,-0.010148317611378244,-0.10113456682439981,-0.03219480327063495,-0.031852292433922444,-0.07994071214207966,-0.21026368913972868,-0.018271440396474055,-0.10113456682439985,-0.19605509764011206,0.04453336775526004,0.017525202074071475,0.5147058823529411,43.263547199912985,0.0,-8.29839042557623e-05,-0.0018873363066571613,-0.008194298126835253,-0.10113456682439981,-0.03219480327063495,0.04005062169681879
13576,2025-12-14,0.03284268795623668,0.03080781889577211,-0.0621825442889431,0.026880483869359928,0.00950601883353074,-0.04361451836952306,-0.18050200328395488,-0.014585474050787186,-0.062182544288943105,-0.16781360028282077,0.17379497623896814,0.018285110105398707,0.5004048582995951,55.35819093722743,0.43713105709812183,0.03284268795623668,-8.29839042557623e-05,-0.0018873363066571613,-0.0621825442889431,0.026880483869359928,-0.021971932510710977
13576,2025-12-15,-0.009016653196684987,0.023444967124677474,-0.04799637542617552,0.01702091963262231,0.007664091668220597,-0.04558861937416411,-0.18436300380758128,-0.012763007155782848,-0.04799637542617554,-0.18068184179842725,0.038515016685205884,0.018321240724337235,0.5313964386129335,53.28144684882388,0.5665217456906307,-0.009016653196684987,0.03284268795623668,-8.29839042557623e-05,-0.04799637542617552,0.01702091963262231,-0.01244627163337296
13576,2025-12-16,-0.00216098659105457,0.021318069234910864,-0.019409748023976547,0.014938175081280258,0.008353514505157951,-0.03988699585406047,-0.18265373291813872,-0.011405786532554085,-0.019409748023976596,-0.20302081291348234,0.07562189054726368,0.01866456405507171,0.49121184088806663,52.856631003651366,0.6490963609104539,-0.00216098659105457,-0.009016653196684987,0.03284268795623668,-0.019409748023976547,0.014938175081280258,-0.006481571979749361
13576,2025-12-17,-0.02339237213069556,-0.03428951133957492,-0.01269518926606139,-0.015092514528285639,-0.01344966131100994,-0.054745861860625473,-0.198284802582289,-0.012881320457617428,-0.01269518926606142,-0.20461863697708116,0.35655853314527497,0.019022681092674795,0.5662299854439592,47.276234855961526,0.0,-0.02339237213069556,-0.00216098659105457,-0.009016653196684987,-0.01269518926606139,-0.015092514528285639,0.0272684009782093
13576,2025-12-18,0.012736180226608163,-0.013091436253126032,0.008140304954519229,-0.03585407691141618,-0.002034923342552859,-0.0382096841668011,-0.18479294169019694,-0.011967261358839718,0.008140304954519154,-0.12780725394256426,0.2050173010380623,0.017355914657978724,0.49246231155778897,42.72842849844339,0.35869460805379305,0.012736180226608163,-0.02339237213069556,-0.00216098659105457,0.008140304954519229,-0.03585407691141618,-0.009396201565708624
13576,2025-12-19,0.004985345300525523,-0.006023386148447107,0.01508203366246108,-0.05366958285774037,0.0008097487791670543,-0.028700223286999702,-0.17753747316957044,-0.010397315854650714,0.015082033662461044,-0.130927026908542,0.08421052631578947,0.01709167745508549,0.5242718446601942,37.919194416339195,0.5008872822872166,0.004985345300525523,0.012736180226608163,-0.02339237213069556,0.01508203366246108,-0.05366958285774037,-0.024243781814077034
13576,2025-12-20,0.024512581001329803,0.042733557522752985,0.04005062169681883,-0.0651344474039367,0.019591069928952945,-0.0026450041115054397,-0.15426565981872434,-0.006176495131251234,0.04005062169681879,-0.06357872893485074,0.2246336895450038,0.019331812380113892,0.5012594458438288,33.78146754570277,1.0,0.024512581001329803,0.004985345300525523,0.012736180226608163,0.04005062169681883,-0.0651344474039367,-0.05821605684499533
13576,2025-12-21,-0.028750027114790022,1.8523327427688585e-05,-0.021971932510710945,-0.08278820613319315,-0.00656490395968708,-0.02773294125821941,-0.1751720456849509,-0.006648914634277624,-0.021971932510710977,-0.10251723254752174,0.21010441936504598,0.01994668393824171,0.5363026235509457,31.170329481378275,0.29847595683277955,-0.028750027114790022,0.024512581001329803,0.004985345300525523,-0.021971932510710945,-0.08278820613319315,-0.04513608145291807
13576,2025-12-22,0.0006351876967678471,-0.0043101349992769045,-0.012446271633372974,-0.05984527113357696,-0.004151552494499905,-0.023823652809387332,-0.17137810650785376,-0.006664837944233255,-0.01244627163337296,-0.09418731915550464,-0.5719705422896675,0.01985492867155115,0.5784671532846716,35.14445241859204,0.31352945377251096,0.0006351876967678471,-0.028750027114790022,0.024512581001329803,-0.012446271633372974,-0.05984527113357696,-0.027925911872746213
13576,2025-12-23,0.003865834883759245,-0.02437602412131723,-0.006481571979749412,-0.025765514324799788,0.0006305189324807895,-0.01762976931459761,-0.16503344034259657,-0.006006230912961557,-0.006481571979749361,-0.07013033574385887,-0.21529968454258674,0.018130961162926756,0.5055276381909548,42.81956839605918,0.4052051871237676,0.003865834883759245,0.0006351876967678471,-0.028750027114790022,-0.006481571979749412,-0.025765514324799788,0.007671103457506481
13576,2025-12-24,0.009783138359637622,0.014330674620383066,0.027268400978209373,0.014227034200746669,0.006563083990619165,-0.006987180815337399,-0.15388946517429455,-0.004238815126419003,0.0272684009782093,-0.030469990505447676,-0.6080281867371334,0.018046258899974976,0.5483146067415731,54.341951389963185,0.48444971065749864,0.009783138359637622,0.003865834883759245,0.0006351876967678471,0.027268400978209373,0.014227034200746669,0.028444096344107668
13576,2025-12-25,-0.023409747648225787,-0.01004335878316942,-0.00939620156570864,-0.0013323845573485205,-0.015689191371781368,-0.028369907739238923,-0.17066835003453015,-0.00570272550079842,-0.009396201565708624,-0.056006740436929096,-0.6470588235294118,0.021307049479594442,0.5890804597701149,49.6316587705821,0.0,-0.023409747648225787,0.009783138359637622,0.003865834883759245,-0.00939620156570864,-0.0013323845573485205,0.09113261708006727
13576,2025-12-26,-0.010077791532149938,-0.023793787469363448,-0.024243781814077048,-0.009527393685041297,-0.022227192317724888,-0.0352183967444054,-0.17601709209356625,-0.0076391379202536865,-0.024243781814077034,-0.08688859135197516,-0.5075200534759359,0.01627605696534077,0.5415676959619953,47.48481254906706,0.0,-0.010077791532149938,-0.023409747648225787,0.009783138359637622,-0.024243781814077048,-0.009527393685041297,0.15952054207670502
13576,2025-12-27,-0.011157212873128763,-0.044037838087209624,-0.05821605684499531,-0.020497024417555965,-0.024810192807502393,-0.043859600444557376,-0.18190447193976947,-0.009945704001002835,-0.05821605684499533,-0.06526721988744724,-0.3005733005733005,0.014087606905570661,0.5594262295081968,44.88550866570639,0.0,-0.011157212873128763,-0.010077791532149938,-0.023409747648225787,-0.05821605684499531,-0.020497024417555965,0.22555708985058354
13576,2025-12-28,-0.015260812484164998,-0.03606102933045319,-0.04513608145291803,-0.06611628702814754,-0.03342435904552205,-0.05632230669879184,-0.19117877082162826,-0.01289361771774609,-0.04513608145291807,-0.06705628525816763,-0.026797559034226613,0.015073608714909491,0.5286259541984732,31.289719314392016,0.0,-0.015260812484164998,-0.011157212873128763,-0.010077791532149938,-0.04513608145291803,-0.06611628702814754,0.21755642010633752
13576,2025-12-29,0.018670324362474178,-0.008067487002472395,-0.02792591187274618,-0.04002461002134139,-0.011383164079597228,-0.03711140668795527,-0.1733774639433642,-0.012285357851177021,-0.027925911872746213,-0.049069920781458894,0.07593273778244886,0.01744677749279053,0.48717948717948717,39.28607719889094,0.29979134996572177,0.018670324362474178,-0.015260812484164998,-0.011157212873128763,-0.02792591187274618,-0.04002461002134139,0.14432750349653536
13576,2025-12-30,0.040627052933217334,0.043878583276574235,0.007671103457506545,0.0011398106685331921,0.02763167927519802,0.0014623850906991898,-0.13760671298010863,-0.006788278738904081,0.007671103457506481,0.01657978162076867,-0.0825347758887172,0.015629227395968736,0.46226415094339623,50.254294731563874,0.9643238248531998,0.040627052933217334,0.018670324362474178,-0.015260812484164998,0.007671103457506545,0.0011398106685331921,0.05259171714514915
13576,2025-12-31,0.030599670537826862,0.09249325876861292,0.028444096344107717,0.056488122346890934,0.05466365722929936,0.03051308342505381,-0.10947123201335464,0.0006187717465571192,0.028444096344107668,0.04706850622368989,0.09613059250302301,0.01877929246614295,0.49613899613899615,61.92256425761699,1.0,0.030599670537826862,0.040627052933217334,0.018670324362474178,0.028444096344107717,0.056488122346890934,-0.0020677084899746977
13576,2026-01-01,0.03611803660637536,0.11120540493751796,0.09113261708006726,0.08088011507506376,0.07869171513119937,0.06476406457943676,-0.0756753886517423,0.009672640637389486,0.09113261708006727,0.08500953014058203,-0.9181969949916527,0.021751123310729092,0.5142857142857142,65.61277386374135,1.0,0.03611803660637536,0.030599670537826862,0.040627052933217334,0.09113261708006726,0.08088011507506376,-0.04666189884488284
13576,2026-01-02,0.05196666088864821,0.12331409807059579,0.15952054207670496,0.13140937904565697,0.10999290850049862,0.11517134986130752,-0.025461933631559207,0.0213640763982453,0.15952054207670502,0.1341520110814285,0.18774193548387103,0.020657687144376755,0.4467680608365019,71.2867570064059,1.0,0.05196666088864821,0.03611803660637536,0.030599670537826862,0.15952054207670496,0.13140937904565697,-0.07851731018402791
13576,2026-01-03,0.04515896401495523,0.13918316933885144,0.22555708985058365,0.15420998864105484,0.12578054856244653,0.159798028410749,0.020252761870431662,0.033484200011267354,0.22555708985058354,0.145788931027464,2.1796907647304637,0.01645743056636937,0.5266789328426863,73.56335233834211,1.0,0.04515896401495523,0.05196666088864821,0.03611803660637536,0.22555708985058365,0.15420998864105484,-0.08233577770260313
13576,2026-01-04,-0.02168937716611863,0.07562551422040298,0.21755642010633758,0.16260069435489455,0.07124655452104384,0.13094007983616823,-6.074683416347269e-05,0.037131064032283174,0.21755642010633752,0.09476698804606185,-0.17042399172699063,0.01641529605087625,0.5654450261780105,74.4083272024341,0.8804960170543872,-0.02168937716611863,0.04515896401495523,0.05196666088864821,0.21755642010633758,0.16260069435489455,-0.05471922895257703
13576,2026-01-05,-0.04259675369958782,-0.021064642630181152,0.14432750349653545,0.11237111448033144,0.007006179261408321,0.08235361737133884,-0.04078834144866227,0.032945751121220154,0.14432750349653536,0.010661334269383756,-0.15050651230101303,0.018376936812524017,0.5792163543441227,64.71867096684377,0.5725744539773351,-0.04259675369958782,-0.02168937716611863,0.04515896401495523,0.14432750349653545,0.11237111448033144,-0.05734329811390342
13576,2026-01-06,-0.04279551683607019,-0.10344613110100431,0.0525917171451491,0.060666257105884025,-0.04267568000999093,0.03686781714735686,-0.07963812201678061,0.024101461707330504,0.05259171714514915,-0.022763165724196528,0.8626309662398137,0.01961030437484247,0.5325,57.156908726533075,0.15331651058624465,-0.04279551683607019,-0.04259675369958782,-0.02168937716611863,0.0525917171451491,0.060666257105884025,-0.013124277867754034
13576,2026-01-07,-0.022917742846471634,-0.10457184309619161,-0.002067708489974729,0.026317573754632617,-0.06435633824346229,0.013871630402676909,-0.09812254888044525,0.014927319815626323,-0.0020677084899746977,-0.021896329594402127,-0.7553565156304882,0.019476800117144467,0.6130653266331658,53.03122401051776,0.0,-0.022917742846471634,-0.04279551683607019,-0.04259675369958782,-0.002067708489974729,0.026317573754632617,0.024425813328247992
13576,2026-01-08,-0.010182544452749798,-0.07425588609944322,-0.04666189884488281,0.04021829727552495,-0.06784728170154931,0.0035688319972333672,-0.10460190719482651,0.007282237327624493,-0.04666189884488284,-0.0006249868379714531,-0.39951534733441035,0.01969462371288395,0.5969868173258004,54.66305452363654,0.0,-0.010182544452749798,-0.022917742846471634,-0.04279551683607019,-0.04666189884488281,0.04021829727552495,0.052135908652024235
13576,2026-01-09,0.016815615674918405,-0.016603988291163718,-0.07851731018402786,0.0684781080097161,-0.041109416913658554,0.018868330403774416,-0.08681958973491367,0.003937179977465915,-0.07851731018402791,0.04764528688727975,-0.39071566731141205,0.01771921392526291,0.4666666666666667,57.72674409829598,0.1097002472222565,0.016815615674918405,-0.010182544452749798,-0.022917742846471634,-0.07851731018402786,0.0684781080097161,0.05861226474321528
13576,2026-01-10,0.04082800305394607,0.04755367276850864,-0.08233577770260314,0.12464989373879676,0.010973023740330063,0.057087388164705176,-0.04693248776689999,0.006307976617924791,-0.08233577770260313,0.09942758929531939,-0.1047392339320493,0.019194207377083685,0.5313028764805414,62.958535802042135,0.4547350295767527,0.04082800305394607,0.016815615674918405,-0.010182544452749798,-0.08233577770260314,0.12464989373879676,0.044941654258183465
13576,2026-01-11,0.007752288261918983,0.06653464726582392,-0.05471922895257708,0.15093267159185886,0.027466877302821845,0.06154531106028258,-0.037173398375161495,0.008538110843374993,-0.05471922895257703,0.11004569843935653,0.321442885771543,0.01987743045564632,0.5031847133757962,65.66449965244544,0.8294838471700379,0.007752288261918983,0.04082800305394607,0.016815615674918405,-0.05471922895257708,0.15093267159185886,0.1274623907593331
13576,2026-01-12,-0.04525447446416753,0.001429528233690247,-0.057343298113903374,0.07870799032359477,-0.010596080444022658,0.011574296499732567,-0.07822291513322222,0.004301597882938471,-0.05734329811390342,0.05989911829222678,0.9965909090909091,0.017394654371465385,0.5680136596471258,57.78148511141218,0.27458148583838565,-0.04525447446416753,0.007752288261918983,0.04082800305394607,-0.057343298113903374,0.07870799032359477,0.20878501208972192
13576,2026-01-13,0.002105924310046303,-0.03582680320142928,-0.013124277867754053,0.038777210968039766,-0.0066413221689317,0.012760934338375891,-0.0737972428667318,0.0016358528037242583,-0.013124277867754034,0.02835717190713098,0.8780487804878048,0.01861046868680943,0.49521531100478466,54.316863445989206,0.3068112775831534,0.002105924310046303,-0.04525447446416753,0.007752288261918983,-0.013124277867754053,0.038777210968039766,0.20999730780246723
13576,2026-01-14,0.014259712266963431,-0.029600785281203135,0.024425813328248003,0.02230759937667992,0.0040778623890415895,0.02545084687732742,-0.05805350760364982,0.0014869528738754264,0.024425813328247992,0.052511379379625585,0.5175905491367001,0.016697290554628944,0.5251497005988024,52.6526175418746,0.5255064182944013,0.014259712266963431,0.002105924310046303,-0.04525447446416753,0.024425813328248003,0.02230759937667992,0.1798826402860778
13576,2026-01-15,0.016591415837494683,0.033259109609255155,0.05213590865202433,0.0030412493114346795,0.0134142917707223,0.04002807544099511,-0.04019190069130223,0.003272232371896228,0.052135908652024235,0.07229124034068969,-0.051591128254580496,0.014835928773415857,0.4804270462633452,50.39258498104711,0.7103978465977698,0.016591415837494683,0.014259712266963431,0.002105924310046303,0.05213590865202433,0.0030412493114346795,0.14726640058282955
13576,2026-01-16,0.023074559934915584,0.0548796122426376,0.05861226474321524,-0.024507122812243987,0.028365126370574773,0.05989962174078347,-0.015892474226430465,0.007024214593044455,0.05861226474321528,0.123310792920028,0.28685678206882026,0.014961085500512545,0.522610188895249,46.40451422083857,1.0,0.023074559934915584,0.016591415837494683,0.014259712266963431,0.05861226474321524,-0.024507122812243987,0.1394117347653428
13576,2026-01-17,0.027387053345021783,0.0685326877801129,0.04494165425818353,-0.041094429499008656,0.04971486600258537,0.084107921779005,0.013238883341197551,0.012440491103793163,0.044941654258183465,0.13956130733922595,0.36255196096150366,0.01811390017693609,0.5083565459610028,43.33818055556227,1.0,0.027387053345021783,0.023074559934915584,0.016591415837494683,0.04494165425818353,-0.041094429499008656,0.1155713869067294
13576,2026-01-18,0.08733612023876658,0.14289199080238468,0.12746239075933308,0.06576851806395334,0.1207334073435579,0.17010328384213955,0.10309653449413914,0.02581813839171658,0.1274623907593331,0.23293954134815845,0.3087054288467716,0.018302522277860844,0.4879725085910653,58.68336614450603,1.0,0.08733612023876658,0.027387053345021783,0.023074559934915584,0.12746239075933308,0.06576851806395334,0.010357066629586967
13576,2026-01-19,0.023610269474423795,0.14349043999277344,0.2087850120897219,0.13946929278584252,0.11561485570116944,0.18879668273840228,0.13041504308996651,0.036177404145344684,0.20878501208972192,0.23185366345776756,0.03323503626364874,0.01959480347128431,0.4605831533477322,68.48039068807202,1.0,0.023610269474423795,0.08733612023876658,0.027387053345021783,0.2087850120897219,0.13946929278584252,-0.02699796181676699
13576,2026-01-20,0.0031109406724327826,0.11647092220645128,0.20999730780246728,0.1941169669156333,0.08887397644790056,0.18243663688535242,0.1348370980082272,0.04171415982589145,0.20999730780246723,0.27226349716248266,-0.24794812869336838,0.01671772328889726,0.5416348357524828,77.4790458224706,1.0,0.0031109406724327826,0.023610269474423795,0.08733612023876658,0.20999730780246728,0.1941169669156333,-0.08829802559388503
13576,2026-01-21,-0.010983396798841749,0.015516967109505897,0.1798826402860778,0.20870223340694594,0.05223438816587485,0.16018871985351568,0.12323137032704398,0.04234022669706513,0.1798826402860778,0.25749097954146366,-0.6532272645091304,0.015938500738925936,0.5346715328467153,79.69062550716633,0.9257173386200113,-0.010983396798841749,0.0031109406724327826,0.023610269474423795,0.1798826402860778,0.20870223340694594,-0.07000821404467815
13576,2026-01-22,-0.011510861598488908,-0.019326474356681,0.14726640058282947,0.2070801768431525,0.020655008609954874,0.13846074606064987,0.11159282708721305,0.03984766548712882,0.14726640058282955,0.23822938456566398,-0.5833254471467777,0.01579355356522816,0.5119236883942766,78.85361771421984,0.8255194932573603,-0.011510861598488908,-0.010983396798841749,0.0031109406724327826,0.14726640058282947,0.2070801768431525,-0.03712008808192725
13576,2026-01-23,0.0160701634228424,-0.006657121298162649,0.13941173476534274,0.20619523701493536,0.018593176051858604,0.14801824754463708,0.13065612854488434,0.03874471954585575,0.1394117347653428,0.24593874202969057,-0.5856,0.019445517200560262,0.4918918918918919,79.0047058963513,0.9361859405403745,0.0160701634228424,-0.011510861598488908,-0.010983396798841749,0.13941173476534274,0.20619523701493536,-0.037162391261158424
13576,2026-01-24,0.005890640775402689,0.010290728722827991,0.11557138690672941,0.16570701047741387,0.009288746230955248,0.1450500801717339,0.13828526228875582,0.037371027014959916,0.1155713869067294,0.28332032453638045,-0.3685271513166184,0.017725993043096577,0.5446927374301676,76.80403480792175,0.9691250587280571,0.005890640775402689,0.0160701634228424,-0.011510861598488908,0.11557138690672941,0.16570701047741387,-0.014052125045786531
13576,2026-01-25,-0.015215210986145977,0.006504678176686429,0.010357066629586908,0.13913959386278085,-0.007512388646917801,0.11851705783262201,0.12168803929907751,0.033379186071521544,0.010357066629586967,0.27666025090171986,-0.19094922737306844,0.018057986640468173,0.5620736698499318,71.97140859652274,0.28430038275038383,-0.015215210986145977,0.005890640775402689,0.0160701634228424,0.010357066629586908,0.13913959386278085,0.021889427591741034
13576,2026-01-26,-0.014234757790788977,-0.023514946521812186,-0.026997961816766947,0.17615028048864345,-0.01783127155325098,0.09398039972426932,0.10588085726610323,0.027998416279050448,-0.02699796181676699,0.27268694056574905,0.02130492676431425,0.02171616171931589,0.5488917861799217,79.23842472771241,0.0,-0.014234757790788977,-0.015215210986145977,0.005890640775402689,-0.026997961816766947,0.17615028048864345,0.04138900702664714
13576,2026-01-27,-0.06008601290595761,-0.08756287935543716,-0.088298025593885,0.10315693454959307,-0.06490238524301911,0.022054437531329643,0.04018833308379468,0.01655999302528666,-0.08829802559388503,0.21475439567640456,0.058052031821113716,0.016752447840764795,0.5362731152204836,63.97722520138775,0.0,-0.06008601290595761,-0.014234757790788977,-0.015215210986145977,-0.088298025593885,0.10315693454959307,0.08317642462701216
13576,2026-01-28,0.0088574369378287,-0.06525873960523154,-0.07000821404467816,0.0972811638573301,-0.04695098919464487,0.02516021534502658,0.050083527545039856,0.009508864904788776,-0.07000821404467815,0.20305262342655908,-0.1712505371723249,0.020689227392084467,0.5190562613430127,63.533664990652625,0.09229772153833782,0.0088574369378287,-0.06008601290595761,-0.014234757790788977,-0.07000821404467816,0.0972811638573301,0.05872725057092025
13576,2026-01-29,0.023445958222414243,-0.029528406995995904,-0.03712008808192724,0.10467977073975931,-0.019337931751749804,0.043545489928246944,0.07465903702099629,0.007246737219601876,-0.03712008808192725,0.18318982915563367,1.3909700637984623,0.019804479394159333,0.5114942528735632,64.43759538473195,0.3387771610831073,0.023445958222414243,0.0088574369378287,-0.06008601290595761,-0.03712008808192724,0.10467977073975931,0.05058736399280825
13576,2026-01-30,0.01602552338237362,0.0490575964915001,-0.03716239126115839,0.09706847007043784,0.0018818769035988672,0.054948246438529254,0.09287540240320759,0.007390218010146431,-0.037162391261158424,0.1664578398333871,-0.20114759324195094,0.02173693115849429,0.5335195530726257,63.90274673812831,0.5111980375468061,0.01602552338237362,0.023445958222414243,0.0088574369378287,-0.03716239126115839,0.09706847007043784,0.029690062056926775
13576,2026-01-31,0.030034276504712798,0.07107827414517609,-0.014052125045786568,0.09989523828041458,0.03414557495123138,0.08124234359011798,0.12650503563530768,0.010738383898316668,-0.014052125045786531,0.15960876529213786,0.4657183499288762,0.018781194806061698,0.48845108695652173,64.46890672242023,1.0,0.030034276504712798,0.01602552338237362,0.023445958222414243,-0.014052125045786568,0.09989523828041458,0.01060345867517719
13576,2026-02-01,0.020683942742058647,0.06818771138502822,0.02188942759174095,0.032473204481379137,0.052137356478659164,0.09911016535406492,0.15028601095791272,0.014971876449564213,0.021889427591741034,0.12512505443546015,0.9012145748987854,0.01925160311676853,0.5097955706984668,56.291285007552354,1.0,0.020683942742058647,0.030034276504712798,0.01602552338237362,0.02188942759174095,0.032473204481379137,0.026680717997901445
13576,2026-02-02,0.004575503990593699,0.056149854335233895,0.04138900702664716,0.013273626378540904,0.05064640800823729,0.1010874435148503,0.1559956676627212,0.01770795075218542,0.04138900702664714,0.08143651590570236,-0.494641384995878,0.018354580524855973,0.47471451876019577,52.84015946853391,1.0,0.004575503990593699,0.020683942742058647,0.030034276504712798,0.04138900702664716,0.013273626378540904,0.026680983177410255
13576,2026-02-03,-0.022370444542830215,0.0024164594732154487,0.08317642462701214,-0.01246591503739658,0.015698431524288875,0.07357958009040666,0.12983574388167163,0.01617743823570318,0.08317642462701216,0.08068365570590766,-0.15165876777251186,0.018415527492545332,0.48324022346368717,47.53099910153931,0.7499045917026006,-0.022370444542830215,0.004575503990593699,0.020683942742058647,0.08317642462701214,-0.01246591503739658,0.027622762188749265
13576,2026-02-04,-0.013914228427736597,-0.03156249796497246,0.05872725057092021,-0.015392353401982306,-0.006320709265875658,0.05486050758963704,0.11395746680359468,0.013010016812707465,0.05872725057092025,0.11305949774053468,-0.17197114364523663,0.02060790899327632,0.5327354260089686,47.01744942554494,0.4717473903374637,-0.013914228427736597,-0.022370444542830215,0.004575503990593699,0.05872725057092021,-0.015392353401982306,0.05151354890612049
13576,2026-02-05,0.015577327265512642,-0.020956447739908457,0.050587363992808276,0.011589468503635514,0.0022010950977560126,0.06546299455961188,0.13133377125646276,0.012320961063356803,0.05058736399280825,0.18093679008525423,0.15697872824479578,0.015842944381488408,0.5258086717136958,52.18738375459837,0.6058200063040988,0.015577327265512642,-0.013914228427736597,-0.022370444542830215,0.050587363992808276,0.011589468503635514,0.05227270037816824
13576,2026-02-06,-0.004184306722558873,-0.002744006356501294,0.029690062056926703,-0.008575682906959203,-0.006078366777405477,0.05469547318913603,0.12711193390406628,0.010967935054992814,0.029690062056926775,0.20357869537160167,-0.7897897897897898,0.015647798485894062,0.58,48.27850184739345,0.3035670125622794,-0.004184306722558873,0.015577327265512642,-0.013914228427736597,0.029690062056926703,-0.008575682906959203,0.040337042346810445
13576,2026-02-07,0.010941292674238712,0.02239307411729463,0.010603458675177091,-0.0035976674978307477,0.0032853969300640825,0.05921407704543648,0.1399644413977929,0.01099662117624456,0.01060345867517719,0.22926444195856835,-0.8874371859296483,0.018402500284422186,0.48214285714285715,49.2877184574834,0.6000966181722679,0.010941292674238712,-0.004184306722558873,0.015577327265512642,0.010603458675177091,-0.0035976674978307477,0.02554398104579764
13576,2026-02-08,0.0369215681856887,0.04388056059736045,0.026680717997901393,0.04915417123435328,0.03632577242985697,0.09024799756605457,0.181629852315225,0.014951959371573825,0.026680717997901445,0.2535712406664071,-0.8443456162642948,0.02110936285199647,0.5238095238095238,58.82943287564832,1.0,0.0369215681856887,0.010941292674238712,-0.004184306722558873,0.026680717997901393,0.04915417123435328,-0.020923733092070875
13576,2026-02-09,0.004575763460586746,0.05306345160358461,0.02668098317741019,0.06917428960426508,0.03705953951398373,0.08834335049386079,0.1864525885168192,0.01751188209337054,0.026680983177410255,0.20990911317690708,-0.5834287022201876,0.018607187683415644,0.5807692307692308,62.67841968205362,1.0,0.004575763460586746,0.0369215681856887,0.010941292674238712,0.02668098317741019,0.06917428960426508,-0.021992749150066424
13576,2026-02-10,-0.02147366062330658,0.019297887915128653,0.02762276218874926,0.11309674941294379,0.010850959664441646,0.059376500343942464,0.16036449701047686,0.0159858989030132,0.027622762188749265,0.17482038918257722,-0.47347740667976423,0.019743694751118587,0.6194029850746269,72.55237217052239,0.6481236275982764,-0.02147366062330658,0.004575763460586746,0.0369215681856887,0.02762276218874926,0.11309674941294379,-0.01155345072076756
13576,2026-02-11,0.00901088156446539,-0.008138424334651284,0.05151354890612048,0.11326604857144784,0.012730498105472372,0.06156242402560973,0.16998651259573927,0.015509181571772328,0.05151354890612049,0.24159425193821563,1.6363636363636365,0.014339884342099428,0.5070993914807302,72.6801279828984,0.7488316168609751,0.00901088156446539,-0.02147366062330658,0.004575763460586746,0.05151354890612048,0.11326604857144784,-0.03717763918229086
13576,2026-02-12,0.016310534197343296,0.0034478279087193364,0.052272700378168224,0.10550440249189386,0.0217854129186552,0.070949299135033,0.18793941371930173,0.016582430822613677,0.05227270037816824,0.2591935511332938,-0.1717747683535281,0.02030944046722383,0.49096385542168675,72.08905478525847,1.0,0.016310534197343296,0.00901088156446539,-0.02147366062330658,0.052272700378168224,0.10550440249189386,-0.05662065990653702
13576,2026-02-13,-0.015479587473401724,0.009594560439628363,0.04033704234681035,0.0712247136942068,0.00039433145664588115,0.047675424396015735,0.1687722324724434,0.014869777444433206,0.040337042346810445,0.2222725002472349,1.6614936954413193,0.015826387715562888,0.5082908163265306,65.082356686287,0.6424887528407773,-0.015479587473401724,0.016310534197343296,0.00901088156446539,0.04033704234681035,0.0712247136942068,-0.032705624225109066
13576,2026-02-14,-0.00343377608282458,-0.0028572960237596146,0.02554398104579758,0.03641829426839349,-0.0065649384279889604,0.03810183759923839,0.16440616153521406,0.012857906972605096,0.02554398104579764,0.19819572661422596,1.2140422631220176,0.01564840571317383,0.5037715517241379,58.94152524364482,0.24060567836947674,-0.00343377608282458,-0.015479587473401724,0.016310534197343296,0.02554398104579758,0.03641829426839349,-0.010251130979070235
13576,2026-02-15,-0.010061667935211682,-0.028732112882794314,-0.02092373309207085,0.005198724683737721,-0.01359895653438966,0.02283998359271843,0.15217934112882706,0.009948245968946813,-0.020923733092070875,0.15938752222233143,-0.3289927831816755,0.019782234494135523,0.546644844517185,51.37189704318728,0.0,-0.010061667935211682,-0.00343377608282458,-0.015479587473401724,-0.02092373309207085,0.005198724683737721,0.026383112690678865
13576,2026-02-16,0.0034789054742276893,-0.01002881820867485,-0.021992749150066437,0.004101445857245922,-0.0070098404638419395,0.02230868987576287,0.15453360909611727,0.008128842838829774,-0.021992749150066424,0.13240761408489043,0.18031003535490878,0.015215847789050354,0.532258064516129,51.09351166652693,0.11760183399032682,0.0034789054742276893,-0.010061667935211682,-0.00343377608282458,-0.021992749150066437,0.004101445857245922,0.03794923618567694
13576,2026-02-17,-0.011028821417047863,-0.01757360130971697,-0.011553450720767522,0.0157501732462626,-0.016348366396371872,0.010043497933433235,0.14044197802076128,0.005391485325823276,-0.01155345072076756,0.029965317892614217,-0.48222686879247256,0.018626656570112348,0.5247349823321554,54.36844918488745,0.0,-0.011028821417047863,0.0034789054742276893,-0.010061667935211682,-0.011553450720767522,0.0157501732462626,0.04339916464531871
13576,2026-02-18,-0.017146410408266033,-0.024604582743614323,-0.03717763918229089,0.012420757589598486,-0.028030996111961567,-0.006908125551849099,0.11916724362367405,0.0014426318028613802,-0.03717763918229086,-0.01104439840612506,-0.40447606343560105,0.02085753066722816,0.5226480836236934,53.3323327884074,0.0,-0.017146410408266033,-0.011028821417047863,0.0034789054742276893,-0.03717763918229089,0.012420757589598486,0.07407857000027557
13576,2026-02-19,-0.0042126148100049,-0.03208084716337278,-0.056620659906536974,-0.007307674318877355,-0.024026222940722083,-0.010484800527168095,0.11296526852342498,-0.001669849484810408,-0.05662065990653702,-0.018264607980437057,-0.5042004634994206,0.014245755550052473,0.50920245398773,47.88023423548594,0.0,-0.0042126148100049,-0.017146410408266033,-0.011028821417047863,-0.056620659906536974,-0.007307674318877355,0.06392627319307094
13576,2026-02-20,0.009478390504296108,-0.012010168037627666,-0.03270562422510903,0.006312169972354287,-0.010064620314943666,-0.0011737125734166691,0.12177975389340283,-0.0025608927444644115,-0.032705624225109066,0.002046538176713106,-0.20568200697790334,0.01571040066241691,0.4992679355783309,51.76969213330022,0.23680114589205498,0.009478390504296108,-0.0042126148100049,-0.017146410408266033,-0.03270562422510903,0.006312169972354287,0.047282396678355966
13576,2026-02-21,0.019700225421373396,0.025029022669124545,-0.010251130979070266,0.015030995371300149,0.010947259034381731,0.017377799807843854,0.1415606924388205,-0.0007760219204414972,-0.010251130979070235,0.033685693819394284,-0.4729009329187028,0.019626718459740598,0.56047197640118,54.05809043350399,0.8859889874631773,0.019700225421373396,0.009478390504296108,-0.0042126148100049,-0.010251130979070266,0.015030995371300149,0.029975338042935118
13576,2026-02-22,0.02657958845820141,0.05672544952817371,0.026383112690678834,0.004907346390530254,0.03387770711373106,0.042876552168025404,0.16874745246772202,0.0035185449324274315,0.026383112690678865,0.04437731994954466,0.911825144778629,0.019531110458734128,0.49726402188782487,51.4517477425109,1.0,0.02657958845820141,0.019700225421373396,0.009478390504296108,0.026383112690678834,0.004907346390530254,-0.003138348118804116
13576,2026-02-23,0.01478692564898898,0.06228244236712821,0.03794923618567703,0.0151218790037424,0.043447587692753475,0.056401168696866386,0.1826547602673202,0.007919787923660784,0.03794923618567694,0.053613988208652444,-0.12183712523920906,0.019721608815012847,0.4745762711864407,54.236243953639516,1.0,0.01478692564898898,0.02657958845820141,0.019700225421373396,0.03794923618567703,0.0151218790037424,-0.022235642813957977
13576,2026-02-24,-0.005836060553586431,0.0356797727214917,0.04339916464531868,0.03134430381449893,0.031002879304296044,0.04804044058410757,0.17278801399302413,0.009779385467502828,0.04339916464531871,0.0636486721350296,-0.635884509624198,0.014228765640054514,0.5770925110132159,59.412231766380124,0.9135009655245461,-0.005836060553586431,0.01478692564898898,0.02657958845820141,0.04339916464531868,0.03134430381449893,-0.012110301503591053
13576,2026-02-25,0.011752753690556395,0.020721504473243835,0.07407857000027551,0.034146864471374494,0.03250826929336666,0.05721934352421806,0.1829843117933702,0.01202996316204638,0.07407857000027557,0.09168940728742636,0.22004357298474955,0.015112612577053411,0.56,60.15647953819394,1.0,0.011752753690556395,-0.005836060553586431,0.01478692564898898,0.07407857000027551,0.034146864471374494,-0.013550427520455039
13576,2026-02-26,-0.013624895599962716,-0.007856472042868656,0.06392627319307098,0.0036860655129766773,0.009614510562646752,0.038226618866884506,0.1634000277004625,0.011448590057847128,0.06392627319307094,0.14565297236906638,0.04666113645790124,0.018125880767212017,0.4812760055478502,51.12916243567387,0.7874563601770838,-0.013624895599962716,0.011752753690556395,-0.005836060553586431,0.06392627319307098,0.0036860655129766773,0.020934465250503034
13576,2026-02-27,-0.006313712857717424,-0.008333153627619438,0.04728239667835599,0.013030372155022008,-0.0032097066109331865,0.027649562020797557,0.15271766119013816,0.009945348239259967,0.047282396678355966,0.1284246978664968,0.7446036640667514,0.018031443225555565,0.5167394468704513,54.16302636009167,0.5652715054344303,-0.006313712857717424,-0.013624895599962716,0.011752753690556395,0.04728239667835599,0.013030372155022008,0.052016052767897045
13576,2026-02-28,0.002848981050329602,-0.017060163366651837,0.029975338042935062,0.01941692594744482,-0.004507166960920823,0.027203594045600042,0.15232961087095662,0.008968538179395908,0.029975338042935118,0.10571501050524018,1.0977260422306445,0.014893041739923075,0.501806684733514,56.20385225746822,0.1596326588808669,0.002848981050329602,-0.006313712857717424,-0.013624895599962716,0.029975338042935062,0.01941692594744482,0.09107397296579196
13576,2026-03-01,-0.006424924423480194,-0.009885267669865971,-0.0031383481188040907,0.023161965179793853,-0.010462944290060904,0.01800047555754105,0.1414006236136733,0.007283183034141031,-0.003138348118804116,0.08128275308629476,0.9083098072910273,0.015711840579934674,0.48986942818550205,57.49414425905477,0.0,-0.006424924423480194,0.002848981050329602,-0.006313712857717424,-0.0031383481188040907,0.023161965179793853,0.1828647274887662
13576,2026-03-02,-0.004653770996665085,-0.008231292051297245,-0.022235642813957956,0.014869767710831816,-0.011906314772362118,0.011795439560975434,0.1326668147505903,0.005403828521517709,-0.022235642813957977,0.04486883137802395,0.30948795180722893,0.016909705475253948,0.4928119608970673,54.78816642376446,0.0,-0.004653770996665085,-0.006424924423480194,0.002848981050329602,-0.022235642813957956,0.014869767710831816,0.15171884208952716
13576,2026-03-03,0.0044591083502218964,-0.006638954718337309,-0.012110301503591048,0.03076328617286883,-0.005772214403567068,0.015361807126657991,0.13430655587712156,0.0045193812021797905,-0.012110301503591053,0.02825955299087047,0.16730981256890848,0.015180885951879629,0.509641873278237,60.224987581734354,0.1552484196191064,0.0044591083502218964,-0.004653770996665085,-0.006424924423480194,-0.012110301503591048,0.03076328617286883,0.12891518015831716
13576,2026-03-04,0.010277840584932196,0.010060212275382785,-0.013550427520454988,0.05952434618621294,0.006430066062193786,0.024642328241376465,0.1427698380403774,0.00498980389297566,-0.013550427520455039,0.03409632887700904,0.0707265854682906,0.015747945904152287,0.500274574409665,70.33080221564505,1.0,0.010277840584932196,0.0044591083502218964,-0.004653770996665085,-0.013550427520454988,0.05952434618621294,0.09710732034772282
13576,2026-03-05,0.020857393871436702,0.0359485030542297,0.02093446525050302,0.08619900078832843,0.024338682989661433,0.043324635183645446,0.16332917283049256,0.007563726475857315,0.020934465250503034,0.07982095817033888,-0.12821917808219177,0.019133557121600177,0.5135135135135135,76.12552861306384,1.0,0.020857393871436702,0.010277840584932196,0.0044591083502218964,0.02093446525050302,0.08619900078832843,0.09478562799052674
13576,2026-03-06,0.023938324221929097,0.05603838461855637,0.052016052767897,0.101757893086867,0.04114623031747439,0.06420139480842958,0.18791966859488374,0.011787797979413496,0.052016052767897045,0.12127169283227768,-0.6290389567239804,0.017086239138956034,0.4482758620689655,78.29908148273255,1.0,0.023938324221929097,0.020857393871436702,0.010277840584932196,0.052016052767897,0.101757893086867,0.06240009166557784
13576,2026-03-07,0.04008148845299542,0.08719198898951541,0.0910739729657919,0.12377928413528982,0.06907218276716194,0.10160629965641221,0.23138461108504882,0.0188448799618921,0.09107397296579196,0.1483260800842102,-0.7558939096267191,0.018729014109388552,0.5802816901408451,80.89786602730194,1.0,0.04008148845299542,0.023938324221929097,0.020857393871436702,0.0910739729657919,0.12377928413528982,0.031051818664729964
13576,2026-03-08,0.07716336392555312,0.1471566813575349,0.18286472748876625,0.1791524861964522,0.1230048075100317,0.1775308263579045,0.3202512339364196,0.03189843285041073,0.1828647274887662,0.24213224561257574,-0.36865569272976684,0.019307329454001675,0.47655259822560203,85.30852313165846,1.0,0.07716336392555312,0.04008148845299542,0.023938324221929097,0.18286472748876625,0.1791524861964522,-0.050249635760995434
13576,2026-03-09,-0.030862126745777596,0.08576167153916514,0.15171884208952724,0.12610963329471914,0.06650289027768262,0.1342772102531704,0.2737757152217036,0.035026232534213074,0.15171884208952716,0.1907688522931565,-0.792606950020767,0.016627779865686,0.43457943925233644,73.24271528291169,0.800602507824765,-0.030862126745777596,0.07716336392555312,0.04008148845299542,0.15171884208952724,0.12610963329471914,-0.015750270820891085
13576,2026-03-10,-0.015428858307496962,0.027813320803649955,0.12891518015831704,0.11524367695461901,0.03236372097129313,0.11199325902442345,0.24844200298081562,0.03390194244798856,0.12891518015831716,0.1306512318434054,-0.1694915254237288,0.020359989376971303,0.5260989010989011,70.25462426812543,0.6863928482749239,-0.015428858307496962,-0.030862126745777596,0.07716336392555312,0.12891518015831704,0.11524367695461901,-0.018917346271943566
13576,2026-03-11,-0.018187341288668835,-0.0631689092362242,0.09710732034772285,0.08224104712119029,0.0007616049068632727,0.08800561861156879,0.22042248097862457,0.02984395131971382,0.09710732034772282,0.10503133002866674,-0.051893408134642355,0.020212442759849646,0.4911242603550296,64.19838336059836,0.5075681537806587,-0.018187341288668835,-0.015428858307496962,-0.030862126745777596,0.09710732034772285,0.08224104712119029,-0.00260338057133715
13576,2026-03-12,0.018697061180932728,-0.015261806063332495,0.09478562799052681,0.11770437967644454,0.006778136119799597,0.10302059633442837,0.2375406311758431,0.028380055430149334,0.09478562799052674,0.1503953681309275,1.3214075093375273,0.016860660187996906,0.5121517486662714,69.59677259960874,0.5749736112016804,0.018697061180932728,-0.018187341288668835,-0.015428858307496962,0.09478562799052681,0.11770437967644454,-0.02071216756381224
13576,2026-03-13,-0.006351433832771702,-0.006182841421456753,0.062400091665577806,0.11766195089427312,-0.007943606857664409,0.09133821953439741,0.22417371346577272,0.02571012872542898,0.06240009166557784,0.13288045644895793,-0.29024439507170274,0.01766418755198184,0.4760956175298805,69.41525472908829,0.2780919977900816,-0.006351433832771702,0.018697061180932728,-0.018187341288668835,0.062400091665577806,0.11766195089427312,-0.013594756327147057
13576,2026-03-14,0.009391771180817132,0.021733477386774558,0.031051818664729947,0.12495380412413226,-0.0029221378295007493,0.09710632363284355,0.2303725163266591,0.024205841332623445,0.031051818664729964,0.12516811741429995,-0.5443449959316518,0.014215312580054573,0.584375,70.16818668704978,0.32231991295278123,0.009391771180817132,-0.006351433832771702,0.018697061180932728,0.031051818664729947,0.12495380412413226,-0.011175425130315312
13576,2026-03-15,-0.007774120840895349,-0.004816606920278077,-0.05024963576099539,0.12342620577792651,-0.0032199711586851265,0.08393044411606433,0.21562141323729433,0.02149238670892247,-0.050249635760995434,0.13397438011275034,0.2555179956253728,0.01717220568297293,0.49667405764966743,69.64645511586116,0.39989353563912106,-0.007774120840895349,0.009391771180817132,-0.006351433832771702,-0.05024963576099539,0.12342620577792651,0.009327940735951157
13576,2026-03-16,0.004341482987464174,0.005892826581073596,-0.015750270820891088,0.1335789584170941,0.0034038988383791567,0.08372163208571727,0.21563932093734292,0.019515382492034907,-0.015750270820891085,0.14282170442782707,0.14538822303282958,0.01837870688656751,0.5265392781316348,71.14852402971805,0.8370382386503479,0.004341482987464174,-0.007774120840895349,0.009391771180817132,-0.015750270820891088,0.1335789584170941,-0.002967479335043921
13576,2026-03-17,-0.018596967985586188,-0.02199889272588973,-0.018917346271943525,0.10755910078360875,-0.012577927244173802,0.059160767723411736,0.1879571092871283,0.015396043000186517,-0.018917346271943566,0.1329682359486072,-0.43447267409979895,0.02026465000757342,0.5067873303167421,66.24967072303318,0.0,-0.018596967985586188,0.004341482987464174,-0.007774120840895349,-0.018917346271943525,0.10755910078360875,0.007994247849787124
13576,2026-03-18,-0.0018612366757974064,-0.016170776989228752,-0.0026033805713371327,0.09425113246525774,-0.014053411260034204,0.053009589593813355,0.18088625453526633,0.011991897018045308,-0.00260338057133715,0.1269389996603072,0.7439711869715001,0.01802020212362235,0.49465744814582024,64.75172352606556,0.0,-0.0018612366757974064,-0.018596967985586188,0.004341482987464174,-0.0026033805713371327,0.09425113246525774,-9.744965299330413e-05
13576,2026-03-19,0.00020154221541512918,-0.020226165302932753,-0.020712167563812223,0.07211024461713356,-0.010907601040732266,0.04870785919523346,0.17635276755033702,0.009403767695662297,-0.02071216756381224,0.1397360710329264,-0.17013693490902268,0.0173021451664597,0.5031645569620253,62.31744624706977,0.008259797738608748,0.00020154221541512918,-0.0018612366757974064,-0.018596967985586188,-0.020712167563812223,0.07211024461713356,-0.010530850401358049
13576,2026-03-20,0.0008703504434011133,-0.0007911639770376011,-0.013594756327147017,0.04795702129744561,-0.008113464297007222,0.044562643380385694,0.17288470404534853,0.007509612610492311,-0.013594756327147057,0.16062865609673893,0.720755895673903,0.017347978188810172,0.4714104193138501,59.103279232496355,0.043936529186533554,0.0008703504434011133,0.00020154221541512918,-0.0018612366757974064,-0.013594756327147017,0.04795702129744561,-0.04984444234480031
13576,2026-03-21,0.011867480852381984,0.01295227167086166,-0.01117542513031533,0.019529376259766806,0.005286734912894535,0.051325512040518204,0.1817991815054907,0.007405448325499658,-0.011175425130315312,0.17937062862632874,0.057083042568039095,0.01874123097286565,0.5083179297597042,54.30779505514162,0.6212296152957992,0.011867480852381984,0.0008703504434011133,0.00020154221541512918,-0.01117542513031533,0.019529376259766806,-0.0593547921304374
13576,2026-03-22,0.012799771373563473,0.025711105072088403,0.009327940735951223,-0.041390420649425996,0.016787393626505633,0.05896135211236743,0.19170700661418025,0.008583936403110021,0.009327940735951157,0.18325098810756402,-0.5936231012182284,0.017522660584439173,0.5492227979274611,36.28693814066548,1.0,0.012799771373563473,0.011867480852381984,0.0008703504434011133,0.009327940735951223,-0.041390420649425996,-0.05533278542594058
13576,2026-03-23,-0.007893193107059604,0.016730057791081387,-0.002967479335043932,-0.018671011552752637,0.009194550755149267,0.04579168216895264,0.17733060929824532,0.008123074816014302,-0.002967479335043921,0.15123183294307235,0.08601036269430051,0.016788822955542505,0.5028625954198473,42.91070100294991,0.6875599616245602,-0.007893193107059604,0.012799771373563473,0.011867480852381984,-0.002967479335043932,-0.018671011552752637,-0.05829952721633175
13576,2026-03-24,-0.007807076911488409,-0.003039046988749128,0.007994247849787195,-0.011074328376914577,0.0001810171716426068,0.03400564275060557,0.16346811346899098,0.00663709482883435,0.007994247849787124,0.11266977282866572,0.3741565881604074,0.017555729197595148,0.5012970168612192,45.60049428705826,0.38096794522094096,-0.007807076911488409,-0.007893193107059604,0.012799771373563473,0.007994247849787195,-0.011074328376914577,-0.0499027548253256
13576,2026-03-25,-0.009873819045039589,-0.025358053124839408,-9.744965299329778e-05,-0.002700576525797138,-0.009680934922045534,0.02104763316204472,0.1472992221431328,0.004299989136501402,-9.744965299330413e-05,0.08563033774829923,0.45383253225398446,0.01773598066273929,0.5334957369062119,48.871103314323584,0.0,-0.009873819045039589,-0.007807076911488409,-0.007893193107059604,-9.744965299329778e-05,-0.002700576525797138,-0.04113714775892105
13576,2026-03-26,-0.010234978338957146,-0.027658614013770455,-0.010530850401358038,-0.031024901227067914,-0.01835389307348447,0.008057774483656504,0.13100941754837636,0.001449088484265897,-0.010530850401358049,0.08082670485479646,-0.8994579945799458,0.022067744527817377,0.5188679245283019,35.779103383576896,0.0,-0.010234978338957146,-0.009873819045039589,-0.007807076911488409,-0.010530850401358038,-0.031024901227067914,-0.011926386866145902
13576,2026-03-27,-0.03889623405454168,-0.05812574741311183,-0.049844442344800344,-0.0627615756240073,-0.04981798193388741,-0.031965469374791194,0.08310617207348903,-0.004970008809156707,-0.04984444234480031,0.02671983108639718,0.6523684210526315,0.01893099364426273,0.5239687848383501,27.794156766325884,0.0,-0.03889623405454168,-0.010234978338957146,-0.009873819045039589,-0.049844442344800344,-0.0627615756240073,0.034367472280307516
13576,2026-03-28,0.0017394406571893395,-0.04707843797666755,-0.05935479213043737,-0.06986690222517355,-0.039927658531848174,-0.03156392210050611,0.08093900930606435,-0.008840634703041897,-0.0593547921304374,0.04271259961464663,-0.4874164652353192,0.016819636413502887,0.5184466019417475,23.597978092100945,0.022135810552424966,0.0017394406571893395,-0.03889623405454168,-0.010234978338957146,-0.05935479213043737,-0.06986690222517355,0.03745193951004652
13576,2026-03-29,0.01713029624808371,-0.02073182071500923,-0.055332785425940556,-0.04652098563319773,-0.015436261045472976,-0.017009887097774727,0.09531002395494952,-0.00914613378863923,-0.05533278542594058,0.06731328495810761,-0.9581277104830268,0.020325126819809,0.575,33.57002219646306,0.2697353681609646,0.01713029624808371,0.0017394406571893395,-0.03889623405454168,-0.055332785425940556,-0.04652098563319773,0.021320581121444984
13576,2026-03-30,-0.011008919660423722,0.007682550926757736,-0.05829952721633169,-0.061094003909118344,-0.017816948688498587,-0.029402285175253492,0.0796936640177759,-0.010324398061673979,-0.05829952721633175,0.05256458220255779,-0.22013867002836432,0.019357330793363353,0.5134370579915134,29.232468263032672,0.12448866869053503,-0.011008919660423722,0.01713029624808371,0.0017394406571893395,-0.05829952721633169,-0.061094003909118344,0.039719670736468364
13576,2026-03-31,0.0010399167812238375,0.0069788769221637015,-0.04990275482532558,-0.04230744196599934,-0.009488176263806264,-0.030184036951084188,0.07755081310246445,-0.010639330861996425,-0.0499027548253256,0.060472618200017376,-0.4126620900076277,0.01483754483972033,0.4340909090909091,33.96509691791039,0.17041790589300587,0.0010399167812238375,-0.011008919660423722,0.01713029624808371,-0.04990275482532558,-0.04230744196599934,0.019426273892683206
13576,2026-04-01,-0.0007389046007657551,-0.010711981238924917,-0.04113714775892108,-0.04123058861114015,-0.004179200152670609,-0.03279771949436483,0.07386664796031825,-0.01058285412608891,-0.04113714775892105,0.06464363778675933,-0.3161322645290582,0.0156761956025518,0.4641025641025641,34.26472291597956,0.1973073013802297,-0.0007389046007657551,0.0010399167812238375,-0.011008919660423722,-0.04113714775892108,-0.04123058861114015,0.010963617841967635
13576,2026-04-02,0.0199171850493729,0.020223408841486323,-0.011926386866145888,-0.022331642271587793,0.017436612890406364,-0.01595910861786815,0.09259015065940877,-0.00789346254502577,-0.011926386866145902,0.0810279215006092,-0.09090909090909091,0.017555009018852773,0.47586206896551725,42.55003341794878,1.0,0.0199171850493729,-0.0007389046007657551,0.0010399167812238375,-0.011926386866145888,-0.022331642271587793,-0.01848132515996295
13576,2026-04-03,0.00613401650005696,0.02541512966400572,0.034367472280307565,-0.017189997555105085,0.01872769069032288,-0.012242197729344699,0.09702210460055975,-0.005162272776795402,0.034367472280307516,0.07659390408719825,0.5052878965922445,0.017117946939053625,0.49043715846994534,44.45016183850427,1.0,0.00613401650005696,0.0199171850493729,-0.0007389046007657551,0.034367472280307565,-0.017189997555105085,-0.020664655562231706
13576,2026-04-04,0.004726611619393362,0.03102369688370321,0.03745193951004655,-0.02412580470489145,0.018168372337297466,-0.009416137959487992,0.09963177066039856,-0.002661145440412032,0.03745193951004652,0.05958241752211698,0.0026690391459074565,0.016064483334006372,0.5631469979296067,41.73295844615615,1.0,0.004726611619393362,0.00613401650005696,0.0199171850493729,0.03745193951004655,-0.02412580470489145,-0.010706840102700338
13576,2026-04-05,0.001314919446695706,0.012218859654535175,0.02132058112144497,-0.03519193144484489,0.016416878670267532,-0.00925710013227672,0.09803210178179374,-0.0007954586345939211,0.021320581121444984,0.0361714743458875,0.01641867624422775,0.014950250696787019,0.5424028268551236,36.7400886184634,1.0,0.001314919446695706,0.004726611619393362,0.00613401650005696,0.02132058112144497,-0.03519193144484489,-0.0018545891522573916
13576,2026-04-06,0.006807754018712586,0.0128966717666954,0.039719670736468426,-0.020895494504987844,0.017652978478860378,-0.00261230925812058,0.1019228792384641,0.0012400830400100709,0.039719670736468364,0.003022827005720553,-0.1500550660792952,0.013936300980314214,0.43537414965986393,42.110184708309724,1.0,0.006807754018712586,0.001314919446695706,0.004726611619393362,0.039719670736468426,-0.020895494504987844,-0.028317932472679015
13576,2026-04-07,-0.018498523107406517,-0.010517321048914563,0.019426273892683144,-0.03144590551587856,-0.003880653824299823,-0.018045479316863896,0.07806532776602608,0.00033340521545448037,0.019426273892683206,-0.08605470717518807,-0.22048997772828502,0.019079886655051705,0.4875,39.06979319881089,0.5120863026205001,-0.018498523107406517,0.006807754018712586,0.001314919446695706,0.019426273892683144,-0.03144590551587856,-0.019450679009214916
13576,2026-04-08,-0.009034161621103376,-0.02074411010475552,0.010963617841967643,-0.030624541884090806,-0.014387046870114129,-0.02470038493083016,0.06492584023029326,-0.001319270635094552,0.010963617841967635,-0.06546984868580476,1.1242114422449425,0.018656196286554537,0.5003584229390681,39.37740933378604,0.0,-0.009034161621103376,-0.018498523107406517,0.006807754018712586,0.010963617841967643,-0.030624541884090806,-0.0321689799333154
13576,2026-04-09,-0.009788536156078886,-0.03688623340406927,-0.018481325159962925,-0.030187296592452117,-0.021465857037745277,-0.0322545262388617,0.051430190318704876,-0.00348852586895463,-0.01848132515996295,-0.06011619683636656,0.7831168831168831,0.01653014780865009,0.5382374362709396,39.58231503354757,0.0,-0.009788536156078886,-0.009034161621103376,-0.018498523107406517,-0.018481325159962925,-0.030187296592452117,-0.03322646764122082
13576,2026-04-10,0.0038959307220767236,-0.01491132324208222,-0.020664655562231737,0.012992624740858716,-0.014736021410697008,-0.027206605822237925,0.052788928368550495,-0.004342236744628086,-0.020664655562231706,-0.038976003236704304,0.5456674473067916,0.017615389558671875,0.4628787878787879,55.688078541374466,0.10172425227137077,0.0038959307220767236,-0.009788536156078886,-0.009034161621103376,-0.020664655562231737,0.012992624740858716,-0.045072844592468006
13576,2026-04-11,0.014942603764075857,0.008923242160151501,-0.010706840102700288,0.02634410747947613,0.0015348422274992055,-0.011225501545021343,0.06564547387312397,-0.0030261335662002025,-0.010706840102700338,-0.04251790377801207,-0.44736842105263164,0.018119708294851038,0.5180467091295117,60.34035015133592,0.4934014191922541,0.014942603764075857,0.0038959307220767236,-0.009788536156078886,-0.010706840102700288,0.02634410747947613,-0.057214916298669975
13576,2026-04-12,0.010274741779122243,0.029365650839368707,-0.0018545891522574465,0.01942645105071983,0.012097175505676024,-0.00015994189050727852,0.07313251831669143,-0.000868381835015604,-0.0018545891522573916,-0.0264968818402097,0.027492494864907607,0.02013032708473617,0.5016146393972013,58.17848245699959,0.766748458120565,0.010274741779122243,0.014942603764075857,0.0038959307220767236,-0.0018545891522574465,0.01942645105071983,-0.056212453455053206
13576,2026-04-13,-0.019885249788849868,0.004981120924249849,-0.028317932472678997,0.010276959310036915,-0.003914908086598665,-0.018185017920709864,0.048688446206061047,-0.0017863833549618066,-0.028317932472679015,-0.05473296620124903,0.36015325670498083,0.018042654823055768,0.5190140845070422,53.96936651437025,0.30295455724887127,-0.019885249788849868,0.010274741779122243,0.014942603764075857,-0.028317932472678997,0.010276959310036915,-0.01686963082534366
13576,2026-04-14,-0.009541660918400141,-0.01926283501409043,-0.019450679009214933,-0.0004022593343633307,-0.010653237859816774,-0.025664817052194696,0.035868340852476734,-0.0034348125464968983,-0.019450679009214916,-0.0564168543171278,-0.5862162898392809,0.02030425661624826,0.5299539170506913,49.85415852022368,0.0,-0.009541660918400141,-0.019885249788849868,0.010274741779122243,-0.019450679009214933,-0.0004022593343633307,-0.016973304471012137
13576,2026-04-15,-0.021887570897111464,-0.05048481260993931,-0.032168979933315356,-0.02155805049370252,-0.027840650363372597,-0.04431267379380614,0.010859450889978773,-0.006937195246185955,-0.0321689799333154,-0.08105916332449384,0.11687394007914072,0.017682302210021417,0.5004428697962799,43.227862508536305,0.0,-0.021887570897111464,-0.009541660918400141,-0.019885249788849868,-0.032168979933315356,-0.02155805049370252,-0.0026380529276300232
13576,2026-04-16,-0.010870477558587166,-0.04175148506675874,-0.033226467641220836,-0.05109372364878939,-0.03384708979290968,-0.052321239233751406,-0.002102679670201707,-0.010257229182348844,-0.03322646764122082,-0.07382443167405456,-0.05689576695493854,0.02011170102193923,0.4594594594594595,32.616355972707396,0.0,-0.010870477558587166,-0.021887570897111464,-0.009541660918400141,-0.033226467641220836,-0.05109372364878939,0.024528380578195806
13576,2026-04-17,-0.008405326208427821,-0.04065210409803699,-0.045072844592467964,-0.06480608534598631,-0.03573887624501261,-0.05772381197883078,-0.012101655316299477,-0.013070619937168725,-0.045072844592468006,-0.07989670946223942,0.02671199611461873,0.015668498538498783,0.48123620309050774,28.090338480302435,0.0,-0.008405326208427821,-0.010870477558587166,-0.021887570897111464,-0.045072844592467964,-0.06480608534598631,0.038036918719601735
13576,2026-04-18,0.0020374247639840526,-0.017186095933733103,-0.05721491629866993,-0.06730916544107102,-0.02561203284844796,-0.0532759685568991,-0.01091411130519307,-0.014266336000065454,-0.057214916298669975,-0.07820784826508764,-0.4746312206192252,0.014837803447193165,0.5118790496760259,26.691912797943985,0.02761910063732242,0.0020374247639840526,-0.008405326208427821,-0.010870477558587166,-0.05721491629866993,-0.06730916544107102,0.05457148050832052
13576,2026-04-19,0.011348966337811683,0.004891476220923341,-0.05621245345505321,-0.05796279160091111,-0.006221089654176347,-0.04027715399032997,-0.0004072837257473906,-0.013283149159598625,-0.056212453455053206,-0.06855714186916598,-0.603060306030603,0.019954130539074008,0.49523809523809526,31.114509035773565,0.25582606102421407,0.011348966337811683,0.0020374247639840526,-0.008405326208427821,-0.05621245345505321,-0.05796279160091111,0.04364265480779663
13576,2026-04-20,0.020971912308152874,0.03466264922182427,-0.01686963082534365,-0.04470985023147156,0.01715014795819409,-0.018096468886273552,0.019619403708875906,-0.009771818517392117,-0.01686963082534366,-0.06017634318031406,0.25352392297002185,0.0186656145658013,0.4523281596452328,36.474667856599744,0.8180029136290312,0.020971912308152874,0.011348966337811683,0.0020374247639840526,-0.01686963082534365,-0.04470985023147156,0.005743684594056556
13576,2026-04-21,-0.009646107317489161,0.022598714325847258,-0.016973304471012085,-0.036093841183235775,0.009847803711246043,-0.024781650779078773,0.008852989032216759,-0.008301682527521637,-0.016973304471012137,-0.08100491007794165,0.12132822477650064,0.01689798449644473,0.5216400911161732,38.645331175635576,0.7120685471003346,-0.009646107317489161,0.020971912308152874,0.011348966337811683,-0.016973304471012085,-0.036093841183235775,0.014535172912908484
13576,2026-04-22,-0.007623982967433607,0.0034147192734088616,-0.0026380529276299747,-0.03472216938925343,0.002528372132733866,-0.029466216750080442,0.00020632228148731248,-0.007961100444078504,-0.0026380529276300232,-0.080755538946976,-0.20448065173116092,0.01935502991919391,0.503584229390681,39.05951221522313,0.48669167372100003,-0.007623982967433607,-0.009646107317489161,0.020971912308152874,-0.0026380529276299747,-0.03472216938925343,0.016786731009299328
13576,2026-04-23,0.016071718781398125,-0.001401207837571028,0.02452838057819573,-0.009513078506597994,0.01510418682838356,-0.011844972127856368,0.015297097463437642,-0.005610392320329113,0.024528380578195806,-0.05863237099595377,-0.4885918414381194,0.01930954070477054,0.5110410094637224,47.1352528401953,0.9581746506432979,0.016071718781398125,-0.007623982967433607,-0.009646107317489161,0.02452838057819573,-0.009513078506597994,-0.006928107399223318
13576,2026-04-24,0.004668976783714696,0.01303305227771534,0.03803691871960169,-0.008750357999091185,0.014428050174702675,-0.005687853255409512,0.019058777165170612,-0.003348096551274094,0.038036918719601735,-0.04480573203646228,-0.30734908136482947,0.016538801788083427,0.48010610079575594,47.36622869475027,1.0,0.004668976783714696,0.016071718781398125,-0.007623982967433607,0.03803691871960169,-0.008750357999091185,-0.003910730593490759
13576,2026-04-25,0.017998561998683993,0.03918894932545425,0.05457148050832061,-0.005765738479927562,0.02486235421429156,0.012819076743240917,0.0360318032732634,0.0003424939662536629,0.05457148050832052,-0.017558339670976263,-0.16714924980257956,0.019911468230714133,0.4668141592920354,48.268843372042156,1.0,0.017998561998683993,0.004668976783714696,0.016071718781398125,0.05457148050832061,-0.005765738479927562,-0.0161097457468026
13576,2026-04-26,0.0008680679067416541,0.023639391468166293,0.04364265480779661,-0.01502305934929482,0.019504696512538028,0.012925853553307023,0.0354046483637898,0.0028180245321646033,0.04364265480779663,0.023088787335375283,-0.48789571694599626,0.01583969358084179,0.5745454545454546,45.170021617119176,1.0,0.0008680679067416541,0.017998561998683993,0.004668976783714696,0.04364265480779661,-0.01502305934929482,-0.006089742586113065
13576,2026-04-27,-0.01610378972010318,0.0024743883134443756,0.005743684594056608,-0.0112228400699661,0.0022665935918637107,-0.003546365192013156,0.016809273629199675,0.0024184608640247223,0.005743684594056556,0.004865277121108852,0.9662723382834131,0.01954313444549611,0.507168458781362,46.36963817313714,0.5822156510719189,-0.01610378972010318,0.0008680679067416541,0.017998561998683993,0.005743684594056608,-0.0112228400699661,0.011829008951321184
13576,2026-04-28,-0.0009891454966828306,-0.016223762320010993,0.0145351729129084,-0.002684841473493238,-0.0007725247949136309,-0.004095531506949585,0.01398687444247105,0.0019627718534296727,0.014535172912908484,-0.01303567216463896,-0.23094621800402648,0.01831272272234643,0.4424083769633508,49.089341598199894,0.5569672697141279,-0.0009891454966828306,-0.01610378972010318,0.0008680679067416541,0.0145351729129084,-0.002684841473493238,0.0042077758571365765
13576,2026-04-29,-0.00542160268977554,-0.02240602417259374,0.016786731009299283,0.014104393796784853,-0.008513896983966113,-0.009249074692250414,0.006973886981673037,0.0009687527232655398,0.016786731009299328,-0.007459805356572872,0.263615946097698,0.01787673436431167,0.4370139968895801,55.26827928339793,0.029768216320586634,-0.00542160268977554,-0.0009891454966828306,-0.01610378972010318,0.016786731009299283,0.014104393796784853,0.008832024398878199
13576,2026-04-30,-0.007626443170865027,-0.013982978295448922,-0.006928107399223338,0.01743033792399773,-0.015109612975483572,-0.016279007489846453,-0.0019655075111948174,-0.0005977098955588859,-0.006928107399223318,-0.016052580179533555,-0.2818030973451327,0.015563961951732798,0.444743935309973,56.59432379015645,0.0,-0.007626443170865027,-0.00542160268977554,-0.0009891454966828306,-0.006928107399223338,0.01743033792399773,0.009163344813228454
13576,2026-05-01,0.0077215904872875996,-0.005385540226530927,-0.0039107305934907854,0.03397743598439207,-0.006951902522090034,-0.008428142030919544,0.004684895419626708,-0.0007051648350221091,-0.003910730593490759,-0.007721742172708239,0.12159709618874773,0.016655302494531874,0.529126213592233,62.79963390692573,0.25085776603330395,0.0077215904872875996,-0.007626443170865027,-0.00542160268977554,-0.0039107305934907854,0.03397743598439207,0.0010770980286044028
13576,2026-05-02,0.005531225721413513,0.005567685323760507,-0.016109745746802573,0.03758260208550235,0.0008785838589446277,-0.002207341443051857,0.009331064261646416,-0.00010726050058364422,-0.0161097457468026,-0.021717853688792428,-0.7121937482399324,0.01852656804322458,0.4178082191780822,63.803681279489105,0.4319428715238455,0.005531225721413513,0.0077215904872875996,-0.007626443170865027,-0.016109745746802573,0.03758260208550235,0.00452161964893629
13576,2026-05-03,0.011060974240050925,0.024503561780018446,-0.006089742586113056,0.03728713968812958,0.012846407495162608,0.009413694194207893,0.01949757538933246,0.0015762284309901468,-0.006089742586113065,-0.01692728432763245,0.40682926829268307,0.017099850659380328,0.47815533980582525,63.837605796896156,1.0,0.011060974240050925,0.005531225721413513,0.0077215904872875996,-0.006089742586113056,0.03728713968812958,0.006925520800285764
13576,2026-05-04,0.0016344231609084492,0.018315022538727854,0.011829008951321107,0.017640635641854363,0.012785841483008965,0.01175771388745081,0.01991173259510341,0.0028056302039740286,0.011829008951321184,-0.019952829854244805,0.22823984526112184,0.014618117217956049,0.4519685039370079,57.79985722769239,1.0,0.0016344231609084492,0.011060974240050925,0.005531225721413513,0.011829008951321107,0.017640635641854363,-0.012349108632977215
13576,2026-05-05,-0.008513830516023502,0.004091404819922317,0.004207775857136609,0.018804109519707346,0.0035599305351276585,0.004167020533808557,0.009945422777452877,0.00250669217319753,0.0042077758571365765,-0.029572818930564383,0.007140967997884218,0.01713504655881966,0.5018382352941176,58.30622668618955,0.6662581376997435,-0.008513830516023502,0.0016344231609084492,0.011060974240050925,0.004207775857136609,0.018804109519707346,-0.01824988479497312
13576,2026-05-06,-0.0008416962062951505,-0.007729216679748685,0.008832024398878202,0.02576701622602906,0.0014593401585773099,0.004610754571348611,0.00798231751932178,0.0021305631554113633,0.008832024398878199,-0.03694585950256545,-0.2527754056362083,0.017017017970486607,0.4666666666666667,62.013265064412096,0.6335445847307161,-0.0008416962062951505,-0.008513830516023502,0.0016344231609084492,0.008832024398878202,0.02576701622602906,-0.019954514180266215
13576,2026-05-07,-0.007300528043185817,-0.01658064073747656,0.009163344813228447,0.0021717527770028777,-0.0071322164467578575,-0.0018391456204781378,-0.0004395076612214393,0.0009629107406635711,0.009163344813228454,-0.02595833093968415,-0.25362524879158377,0.017014612483318724,0.5546666666666666,51.11830303942599,0.07811658377228879,-0.007300528043185817,-0.0008416962062951505,-0.008513830516023502,0.009163344813228447,0.0021717527770028777,-0.012512027597362928
13576,2026-05-08,-0.00035310377579245156,-0.008486310318151169,0.0010770980286043397,-0.0028378448050989658,-0.007634192614841093,-0.001602688698036858,-0.001739351448756602,0.00012991996777887338,0.0010770980286044028,-0.017425532183787135,0.4675572519083969,0.014955835558822208,0.52925877763329,48.463605900438736,0.0,-0.00035310377579245156,-0.007300528043185817,-0.0008416962062951505,0.0010770980286043397,-0.0028378448050989658,-0.004584931553658929
13576,2026-05-09,0.00899107317345993,0.0012712280123561293,0.004521619648936381,-0.01166096824077445,0.0006439598715387328,0.007333121006249833,0.006558834361325226,0.0006276803153580294,0.00452161964893629,0.0012092395963105619,-0.1758517034068137,0.015996096851656517,0.5042553191489362,42.876441563593445,0.5221485588571938,0.00899107317345993,-0.00035310377579245156,-0.007300528043185817,0.004521619648936381,-0.01166096824077445,-0.008878229179192206
13576,2026-05-10,0.013480524593690424,0.022231720770651497,0.006925520800285856,0.0007936035752242887,0.013123646404844765,0.02054251057612999,0.019337737050273685,0.002503444109821788,0.006925520800285764,0.010768182558790283,-0.3944636678200692,0.018761363179836826,0.57,50.42113770990418,1.0,0.013480524593690424,0.00899107317345993,-0.00035310377579245156,0.006925520800285856,0.0007936035752242887,-0.009435530228326779
13576,2026-05-11,-0.017538923760204828,0.004657624955542561,-0.012349108632977224,-0.0006661773982163943,-0.0028726405354553572,0.0033829204855509933,0.0006567383255351881,0.001563630768594302,-0.012349108632977215,-0.021579749650075968,-0.15105459057071957,0.017023051625776813,0.5268542199488491,49.65744412601448,0.20615525797022635,-0.017538923760204828,0.013480524593690424,0.00899107317345993,-0.012349108632977224,-0.0006661773982163943,0.013501473624566116
13576,2026-05-12,-0.014437520764246536,-0.018670347082380134,-0.018249884794973137,-0.01411890036247232,-0.014697311479615184,-0.009546661085214415,-0.014330664319785386,-0.0007821405257555183,-0.01824988479497312,-0.04551282161999979,-0.03021536483445841,0.021764520440699694,0.5406032482598608,43.6277723716387,0.0,-0.014437520764246536,-0.017538923760204828,0.013480524593690424,-0.018249884794973137,-0.01411890036247232,0.013627262383417627
13576,2026-05-13,-0.0025765517248510506,-0.03421804114079663,-0.01995451418026617,-0.011298728537495917,-0.014418659108054592,-0.011137929180803743,-0.01721431157700482,-0.0025852083791292318,-0.019954514180266215,-0.028656703116550677,-0.3249669749009247,0.016687372671675936,0.4828767123287671,44.792800878632924,0.0,-0.0025765517248510506,-0.014437520764246536,-0.017538923760204828,-0.01995451418026617,-0.011298728537495917,0.018838857692014127
13576,2026-05-14,0.00023805318369896078,-0.016742861685149824,-0.012512027597362918,-0.0034633348073217496,-0.012421797822890742,-0.010268294407838538,-0.017487470337737104,-0.003649613311496857,-0.012512027597362928,-0.019065729560490966,-0.3382252559726962,0.015812258699764208,0.5270758122743683,48.300242179846734,0.006718896301498127,0.00023805318369896078,-0.0025765517248510506,-0.014437520764246536,-0.012512027597362918,-0.0034633348073217496,0.01905177104656285
13576,2026-05-15,0.007671598476407748,0.005314541851645371,-0.004584931553658911,-0.003512771945792248,-0.004193421553134363,-0.003022417466364266,-0.010578645267536754,-0.003335144160839774,-0.004584931553658929,0.010578717623157645,-0.1193365695792881,0.017221226941143104,0.4630225080385852,48.261360321627414,0.2232963190543071,0.007671598476407748,0.00023805318369896078,-0.0025765517248510506,-0.004584931553658911,-0.003512771945792248,0.011739416756430534
13576,2026-05-16,0.004639221251626635,0.012587402256619695,-0.008878229179192232,-0.004396753505760298,0.001708758413810653,0.000742619981403819,-0.006773309622312232,-0.0024790427797483803,-0.008878229179192206,0.02642474302098491,-0.012012012012012012,0.014113764233134887,0.5562310030395137,47.79194535964592,0.3552712429775281,0.004639221251626635,0.007671598476407748,0.00023805318369896078,-0.008878229179192232,-0.004396753505760298,0.009777579612324042
13576,2026-05-17,0.012910651368964743,0.025416461534475188,-0.009435530228326772,-0.00257535538889897,0.01604431950894744,0.012081352841247223,0.005148907423920637,-0.00033292507642108433,-0.009435530228326779,0.04848945089547998,0.08364544319600502,0.017370414425316588,0.5349462365591398,48.71547961461874,1.0,0.012910651368964743,0.004639221251626635,0.007671598476407748,-0.009435530228326772,-0.00257535538889897,-0.002240491980856826
13576,2026-05-18,0.005210442059693454,0.02291196472427859,0.013501473624566218,0.0009856338270939347,0.019357039136182815,0.015658175074532207,0.00930918750065825,0.0016813889919156091,0.013501473624566116,0.05180956158180887,-0.021376656690893614,0.016785027788395177,0.4525993883792049,50.47551296401058,1.0,0.005210442059693454,0.012910651368964743,0.004639221251626635,0.013501473624566218,0.0009856338270939347,0.00163165774239604
13576,2026-05-19,-0.014315199599196582,0.0036127939746326554,0.013627262383417715,-0.004871318380123779,0.002829548801877552,0.00030089325516699365,-0.0062119631212130665,0.001240141273937787,0.013627262383417627,0.025118660596054627,-0.046174739701222225,0.0197306802095911,0.5083056478405316,47.793674339585124,0.523974320393219,-0.014315199599196582,0.005210442059693454,0.012910651368964743,0.013627262383417715,-0.004871318380123779,-0.011467042041017698
13576,2026-05-20,0.0025517311821141586,-0.006651038099039885,0.01883885769201421,-0.0014915767412073677,0.0027255257227041764,0.0026328512447665467,-0.0048189290485523215,0.0012092354687053821,0.018838857692014127,0.006623664625820596,-0.4483421432003844,0.012335766683311843,0.3780487804878049,49.33522387975219,0.6045767187967265,0.0025517311821141586,-0.014315199599196582,0.005210442059693454,0.01883885769201421,-0.0014915767412073677,-0.028388334063838616
13576,2026-05-21,0.0004470794076623097,-0.011358193086265844,0.01905177104656275,0.00630136716408658,0.0004932273794391328,0.00252458876707248,-0.005426333163576925,0.0012009596782106527,0.01905177104656285,0.016882664650049138,-0.07699711260827712,0.016870690837747355,0.4854014598540146,52.969347966056326,0.4929098510142813,0.0004470794076623097,0.0025517311821141586,-0.014315199599196582,0.01905177104656275,0.00630136716408658,-0.03681258250268604
13576,2026-05-22,0.00044090427075804683,0.0034421783783915583,0.011739416756430643,0.0071006607804635635,-0.0007235993780501548,0.002144759297451164,-0.005847706578207361,0.001206941155729697,0.011739416756430534,0.025146713643693065,-0.05433186490455205,0.01383833086312944,0.572463768115942,53.3419589871844,0.38856756870857434,0.00044090427075804683,0.0004470794076623097,0.0025517311821141586,0.011739416756430643,0.0071006607804635635,-0.03470667181251883
13576,2026-05-23,0.0026911519088346214,0.00358172293592407,0.009777579612324061,0.0008125428405159063,0.0005788119849814668,0.004454355553992053,-0.003793218135509878,0.001484569239303923,0.009777579612324042,0.0116466388925234,-0.7518289251547552,0.020211657405081532,0.6507936507936508,50.41011208620675,0.4229533242018755,0.0026911519088346214,0.00044090427075804683,0.0004470794076623097,0.009777579612324061,0.0008125428405159063,-0.023083665534559025
13576,2026-05-24,0.0008552908901540146,0.003991213444071384,-0.0022404919808568513,-0.011654881979371923,0.0017564113849519159,0.005052572867998298,-0.00341744281160066,0.0017150940266022585,-0.002240491980856826,0.007806466054337767,-0.09355638166047092,0.013863917351885923,0.5358851674641149,43.16743595331013,0.4822068275208092,0.0008552908901540146,0.0026911519088346214,0.00044090427075804683,-0.0022404919808568513,-0.011654881979371923,-0.020757443938059627
13576,2026-05-25,0.00911150770101199,0.01269258663070505,0.0016316577423960421,0.015155161150935514,0.010646171063870107,0.014244151817656866,0.005019307492933604,0.0028709795768851955,0.00163165774239604,-0.0009916119780960311,-0.11194029850746273,0.017220729249546415,0.46524064171123,59.6991963840953,1.0,0.00911150770101199,0.0008552908901540146,0.0026911519088346214,0.0016316577423960421,0.015155161150935514,-0.030876958785483827
13576,2026-05-26,-0.027205356556320948,-0.01750212729607936,-0.011467042041017672,0.0020039559517452954,-0.015244424608538743,-0.012378188797695379,-0.022530290173332287,0.00031791855676285917,-0.011467042041017698,-0.029012874138806728,0.2257383966244726,0.02182644645049838,0.5341365461847389,51.08154111237452,0.0,-0.027205356556320948,0.00911150770101199,0.0008552908901540146,-0.011467042041017672,0.0020039559517452954,-0.01008952167261917
13576,2026-05-27,-0.014609528313313858,-0.032683294950840214,-0.02838833406383856,-0.01008428015736651,-0.025684982206911518,-0.025912050284722803,-0.037002146811103,-0.0030486549504008275,-0.028388334063838616,-0.027538217997737823,-0.13658536585365855,0.021170004496694244,0.559322033898305,45.19687634632263,0.0,-0.014609528313313858,-0.027205356556320948,0.00911150770101199,-0.02838833406383856,-0.01008428015736651,0.022403159074976975
13576,2026-05-28,-0.008227183203963429,-0.04930386188330649,-0.03681258250268604,-0.018462156349597025,-0.028575683456637392,-0.032810317426309424,-0.04509399564232717,-0.00609886516285402,-0.03681258250268604,-0.034583902251610225,-0.05137751303052869,0.018109916212805062,0.532967032967033,41.820449622138774,0.0,-0.008227183203963429,-0.014609528313313858,-0.027205356556320948,-0.03681258250268604,-0.018462156349597025,0.022153752498977705
13576,2026-05-29,0.0026282658962437644,-0.020147955400021234,-0.03470667181251885,-0.023374691140724102,-0.02112550573136598,-0.029405302764399593,-0.042751963670348135,-0.007597652324623587,-0.03470667181251883,-0.0267700660183686,1.3895061728395062,0.016594435762986096,0.5081374321880651,39.07145476294956,0.05067923976050038,0.0026282658962437644,-0.008227183203963429,-0.014609528313313858,-0.03470667181251885,-0.023374691140724102,0.023872730551960833
13576,2026-05-30,0.014764461868796985,0.009060937079662157,-0.023083665534558984,-0.013531788299743441,-0.0033310575216843204,-0.014918646233323743,-0.02900654701881523,-0.006627937824136516,-0.023083665534559025,-0.004811098164400275,0.23028057173107475,0.017684568342565755,0.43373493975903615,44.17659026296107,0.33612155687479717,0.014764461868796985,0.0026282658962437644,-0.008227183203963429,-0.023083665534558984,-0.013531788299743441,0.014106996467769679
13576,2026-05-31,0.003238515645949791,0.020726500633967415,-0.020757443938059672,-0.02295142903223013,0.002933446675291713,-0.011424780906998708,-0.026331815249577683,-0.005398868690483951,-0.020757443938059627,-0.009238418537719315,0.24094025465230162,0.014046134524675926,0.46685082872928174,39.08233049877183,0.39965640330616375,0.003238515645949791,0.014764461868796985,0.0026282658962437644,-0.020757443938059672,-0.02295142903223013,0.0326415301241775
13576,2026-06-01,-0.001316673572026028,0.016710351882106567,-0.0308769587854838,-0.029295681671951734,0.006200048723669044,-0.012198310525384263,-0.02802397739254636,-0.004573770863822909,-0.030876958785483827,-0.015985733151241122,-0.3651960784313726,0.015952469926616048,0.5297297297297298,35.44862125972061,0.8338529156232433,-0.001316673572026028,0.003238515645949791,0.014764461868796985,-0.0308769587854838,-0.029295681671951734,0.02462092813852545
13576,2026-06-02,-0.006339164530822616,-0.004433742367342841,-0.010089521672619117,-0.021440866744443232,0.0012792346735784382,-0.017365734254178648,-0.03442368429482696,-0.004625891535296854,-0.01008952167261917,-0.0329204039890284,0.37802690582959647,0.019014371281674384,0.5261958997722096,38.57639403158677,0.623380841389324,-0.006339164530822616,-0.001316673572026028,0.003238515645949791,-0.010089521672619117,-0.021440866744443232,0.019815389266463253
13576,2026-06-03,0.017734788379179856,0.009951670243487643,0.02240315907497692,-0.006621163352767412,0.015796407613198536,0.0006509202612451808,-0.01751383451253713,-0.002447923128748056,0.022403159074976975,-0.01737547628798273,-0.11792252022137076,0.020865083162064313,0.4966216216216216,46.94513609611907,1.0,0.017734788379179856,-0.006339164530822616,-0.001316673572026028,0.02240315907497692,-0.006621163352767412,-0.016220573370457146
13576,2026-06-04,-0.008469117767849199,0.002718523588549626,0.022153752498977664,-0.015474366845320997,0.004062338353108616,-0.00724464117188034,-0.02570764052110636,-0.0019499278629068499,0.022153752498977705,-0.017331163170734198,-0.08463698355395112,0.016445704555705966,0.5,43.346350977853966,0.6910167864475187,-0.008469117767849199,0.017734788379179856,-0.006339164530822616,0.022153752498977664,-0.015474366845320997,0.003353462198878942
13576,2026-06-05,0.004314407516486707,0.013469207979947884,0.02387273055196082,-0.011662484285093644,0.005018582570460507,-0.0025500229048203153,-0.020992347614386998,-0.0010576155450836326,0.023872730551960833,-0.012260152472430215,-0.33100233100233106,0.015470184404130071,0.551219512195122,45.14219533484332,0.7594794869816638,0.004314407516486707,-0.008469117767849199,0.017734788379179856,0.02387273055196082,-0.011662484285093644,-0.007072205530227369
13576,2026-06-06,0.005085602771381925,0.0008730382647095247,0.014106996467769584,-0.009302310254948543,0.008106054577926613,0.0025204642786340564,-0.014685833832797516,0.00015199331549790065,0.014106996467769679,6.409601147536096e-05,-0.34550000000000003,0.015714861390065116,0.44385026737967914,46.18899367999551,1.0,0.005085602771381925,0.004314407516486707,-0.008469117767849199,0.014106996467769584,-0.009302310254948543,-0.008250713198326702
13576,2026-06-07,0.021574409292686392,0.031199633984625663,0.03264153012417759,0.01120653145451267,0.02508818054140406,0.023397156142431628,0.0073106631594998224,0.003453866739660302,0.0326415301241775,0.02200076046513027,-0.03791469194312793,0.018362115547529943,0.5019157088122606,53.93371948148698,1.0,0.021574409292686392,0.005085602771381925,0.004314407516486707,0.03264153012417759,0.01120653145451267,-0.019529412206680946
13576,2026-06-08,-0.009073519715936729,0.01745331554234908,0.024620928138525455,-0.007016250030352,0.012257331222938594,0.013984876032116905,-0.001178313740905813,0.004391403822126583,0.02462092813852545,0.0037032470764439694,0.1926427879961277,0.01626286729024118,0.5369318181818182,47.515824746184265,0.7674380536654256,-0.009073519715936729,0.021574409292686392,0.005085602771381925,0.024620928138525455,-0.007016250030352,-0.02930366754420019
13576,2026-06-09,-0.010999498552271891,0.0011702848955468248,0.0198153892664632,0.00952593979438876,-0.0016512872909850678,0.0035350542896503585,-0.011610919838121033,0.003557485361208729,0.019815389266463253,-0.020540611709061046,-0.048327137546468404,0.02234786957606189,0.51953125,53.70861598973096,0.3398521572133373,-0.010999498552271891,-0.009073519715936729,0.021574409292686392,0.0198153892664632,0.00952593979438876,-0.028254746201403315
13576,2026-06-10,-0.018227654622102962,-0.03783680387500166,-0.016220573370457125,0.0058191936190141735,-0.017580752498120317,-0.014054794587111084,-0.028678197547497675,0.0007686449442686246,-0.016220573370457146,-0.02122723830934702,-0.15798226164079826,0.020876962307364678,0.543778801843318,52.16839665232044,0.0,-0.018227654622102962,-0.010999498552271891,-0.009073519715936729,-0.016220573370457125,0.0058191936190141735,-0.02246057164164681
13576,2026-06-11,0.011259146751160465,-0.018094326765985658,0.003353462198878887,0.025581506469425364,-0.006990586032718235,-0.003095500761601943,-0.016973774634762274,0.0002203073382065127,0.003353462198878942,0.004292400232295514,0.19090398652442453,0.013849910153353207,0.46534653465346537,59.240657213422715,0.2863121488676888,0.011259146751160465,-0.018227654622102962,-0.010999498552271891,0.003353462198878887,0.025581506469425364,-0.050195587951771876
13576,2026-06-12,-0.006121245224845695,-0.013251068738653227,-0.00707220553022736,0.016631692164702283,-0.012076954774153494,-0.00922144837061268,-0.022053435633029108,-0.0008569137158543288,-0.007072205530227369,0.000723295506159772,-0.20123664980326025,0.01572967898544283,0.47783251231527096,55.86881962093969,0.12890061973042968,-0.006121245224845695,0.011259146751160465,-0.018227654622102962,-0.00707220553022736,0.016631692164702283,-0.05018236365911932
13576,2026-06-13,0.0038926649801753754,0.00898137835508317,-0.008250713198326709,0.005739890487497679,-0.00706092763813055,-0.005508455998076034,-0.01743549462077728,-0.0010785522780808155,-0.008250713198326702,0.004379680252895602,-0.1331865712713263,0.016315904548330484,0.49777777777777776,52.22504070993705,0.22839010748061792,0.0038926649801753754,-0.006121245224845695,0.011259146751160465,-0.008250713198326709,0.005739890487497679,-0.014246417724564184
13576,2026-06-14,0.009956523169261766,0.0076816888132238414,-0.01952941220668092,0.012474648020644796,0.005695070319841512,0.004170893013193897,-0.006889379365907113,-2.8526865922438897e-05,-0.019529412206680946,0.006657140425317448,-0.017679558011049663,0.013723639750321601,0.5511811023622047,54.609284889049015,0.6364847479543124,0.009956523169261766,0.0038926649801753754,-0.006121245224845695,-0.01952941220668092,0.012474648020644796,-0.016791040963564895
13576,2026-06-15,-0.01895200924901319,-0.005327268163185406,-0.029303667544200218,-0.005404222898475752,-0.009148823893957913,-0.014301004888171416,-0.024971076671773788,-0.0015723399430983265,-0.02930366754420019,-0.016981475440487635,0.09716599190283401,0.0204764733868922,0.5092250922509225,48.23845710680091,0.0,-0.01895200924901319,0.009956523169261766,0.0038926649801753754,-0.029303667544200218,-0.005404222898475752,0.018745104528188967
13576,2026-06-16,-0.009930797971750671,-0.019023773912740682,-0.028254746201403336,-0.008999235729545974,-0.014974906777192147,-0.022794580937963407,-0.033837218319438055,-0.0036790861201947567,-0.028254746201403315,-0.03914884805066269,0.2073033707865169,0.01877145402485889,0.5244299674267101,47.150945435613274,0.0,-0.009930797971750671,-0.01895200924901319,0.009956523169261766,-0.028254746201403336,-0.008999235729545974,0.021840057594256352
13576,2026-06-17,-0.01237369204824501,-0.04071323256690773,-0.02246057164164683,-0.038316821661848244,-0.02404687387521073,-0.03304236215455669,-0.0448550710583035,-0.006365792945193131,-0.02246057164164681,-0.05595700563309364,0.11141011840688907,0.018140819169774183,0.5220338983050847,37.211059453300926,0.0,-0.01237369204824501,-0.009930797971750671,-0.01895200924901319,-0.02246057164164683,-0.038316821661848244,0.04159330587429555
13576,2026-06-18,-0.01743257464161052,-0.03922750146445109,-0.050195587951771925,-0.04701045475963972,-0.034067119714452164,-0.04801052104088962,-0.060399589790884174,-0.009927426874001074,-0.050195587951771876,-0.058942682259545146,-0.7566728739913098,0.0184365866650334,0.5714285714285714,35.25859792966162,0.0,-0.01743257464161052,-0.01237369204824501,-0.009930797971750671,-0.050195587951771925,-0.04701045475963972,0.05733038604499714
13576,2026-06-19,-0.006107407277424537,-0.03551724704714376,-0.05018236365911932,-0.0568996691995568,-0.03295927330233192,-0.051674444331240674,-0.06484736527467401,-0.012646847600854558,-0.05018236365911932,-0.06707068738808705,-0.21437578814628,0.016423649990545096,0.43820224719101125,32.24823907855641,0.0,-0.006107407277424537,-0.01743257464161052,-0.01237369204824501,-0.05018236365911932,-0.0568996691995568,0.08228669310040235
13576,2026-06-20,0.04187451660361363,0.017459735443141833,-0.014246417724564142,-0.02237958781614191,0.009635305745635345,-0.011010339690326209,-0.024617576535427902,-0.009254267214564313,-0.014246417724564184,-0.028439088274044125,0.15521472392638036,0.018171579258255834,0.4795539033457249,44.22271759052855,0.6207735668680385,0.04187451660361363,-0.006107407277424537,-0.01743257464161052,-0.014246417724564142,-0.02237958781614191,0.04542315774707565
13576,2026-06-21,0.007349422484621337,0.043121775104808524,-0.016791040963564874,-0.03599253400988911,0.019585434544878454,-0.003006402342070653,-0.01653929218836818,-0.005876774736592003,-0.016791040963564895,-0.021730000085142927,0.8047464940668826,0.019048729398392465,0.5209205020920502,39.74630835706907,1.0,0.007349422484621337,0.04187451660361363,-0.006107407277424537,-0.016791040963564874,-0.03599253400988911,0.05611002679223837
13576,2026-06-22,0.016506032313063246,0.06685529663376832,0.018745104528189005,-0.011107863327186607,0.03359889212217838,0.013734938435465081,0.0003470057850181875,-0.0015469164864165556,0.018745104528188967,-0.008251589483692505,-0.5568047337278106,0.020804477539556384,0.34579439252336447,46.98185801281115,1.0,0.016506032313063246,0.007349422484621337,0.04187451660361363,0.018745104528189005,-0.011107863327186607,0.08505907939238029
13576,2026-06-23,-0.006922962450562675,0.01688781191110511,0.021840057594256335,-0.007031773891496673,0.02323643783690472,0.007265070836885566,-0.005967811457923137,0.00048097008292564156,0.021840057594256352,-0.015959067735007007,-0.19782330345710625,0.016118096254325528,0.46368715083798884,48.06676240755547,0.8895255943707985,-0.006922962450562675,0.016506032313063246,0.007349422484621337,0.021840057594256335,-0.007031773891496673,0.09495275843560759
13576,2026-06-24,0.006718168291228732,0.016250580498498035,0.04159330587429566,0.018198524806246175,0.024092737010553335,0.014671130417368991,0.0011317966640798007,0.0025680125747874188,0.04159330587429555,-0.018292946524473174,0.40088383838383845,0.01505875327102995,0.48580441640378547,55.24542472197578,0.995989775099083,0.006718168291228732,-0.006922962450562675,0.016506032313063246,0.04159330587429566,0.018198524806246175,0.15281551442218708
13576,2026-06-25,-0.0025872964905516715,-0.0028379500792984347,0.057330386044997184,0.004257065658194614,0.013424814196928609,0.011823732202070808,-0.0014574697497666488,0.0035264994667211966,0.05733038604499714,0.006550655742801302,-0.2843713278495887,0.014830802527699983,0.5287356321839081,51.30576554882261,0.9547129064393016,-0.0025872964905516715,0.006718168291228732,-0.006922962450562675,0.057330386044997184,0.004257065658194614,0.05303125740502062
13576,2026-06-26,0.017351569265241285,0.021536434677726257,0.08228669310040226,0.02797498868381232,0.019591638685083575,0.02804989905309163,0.015693852970169335,0.006059683283721961,0.08228669310040235,0.0391980829813541,0.29518716577540094,0.014751881902308243,0.5202312138728323,57.9751662627385,1.0,0.017351569265241285,-0.0025872964905516715,0.006718168291228732,0.08228669310040226,0.02797498868381232,0.014268722687269702
13576,2026-06-27,0.006387451742339678,0.021200850186572806,0.045423157747075615,0.03052962274287796,0.019610222976318398,0.03277531655492846,0.02212641884483181,0.008242239521258996,0.04542315774707565,0.05451157046806945,-0.17125550660792957,0.018579416436154187,0.49767441860465117,58.60614099965601,1.0,0.006387451742339678,0.017351569265241285,-0.0025872964905516715,0.045423157747075615,0.03052962274287796,-0.02134963424463108
13576,2026-06-28,0.017647081648795027,0.04191781527654226,0.05611002679223831,0.03837684007033837,0.029495825352854253,0.048587660793294324,0.039770118313290095,0.011448732755354733,0.05611002679223837,0.07030756936865538,0.04955527318932654,0.02186888496736866,0.5169491525423728,60.44149841887618,1.0,0.017647081648795027,0.006387451742339678,0.017351569265241285,0.05611002679223831,0.03837684007033837,-0.05424014340841225
13576,2026-06-29,0.04436949904594889,0.0695881538505918,0.08505907939238022,0.10539862525485089,0.06238232195253435,0.09144058994941312,0.08494985221208705,0.01835492481171249,0.08505907939238029,0.10153303751699011,0.6037834997372571,0.02093991445323017,0.4013761467889908,74.51529669047878,1.0,0.04436949904594889,0.017647081648795027,0.006387451742339678,0.08505907939238022,0.10539862525485089,-0.10203651154415005
13576,2026-06-30,0.0021320149799888277,0.06506547747720237,0.09495275843560758,0.11886658974283115,0.050788233516131286,0.09014388675717287,0.0862714241553519,0.022357699823639023,0.09495275843560759,0.10031812499062474,-0.18554587391081498,0.014956816080675091,0.4581497797356828,78.37301967184816,1.0,0.0021320149799888277,0.04436949904594889,0.017647081648795027,0.09495275843560758,0.11886658974283115,-0.09828701054243638
13576,2026-07-01,0.05991816917740156,0.10930623326966438,0.152815514422187,0.20076492273018243,0.0907446473466093,0.14910438173108664,0.14973431484727368,0.031241125171422895,0.15281551442218708,0.1677847638892018,-0.9616555082166768,0.024116910422238864,0.5555555555555556,87.5335594442113,1.0,0.05991816917740156,0.0021320149799888277,0.04436949904594889,0.152815514422187,0.20076492273018243,-0.1435653829018574
13576,2026-07-02,-0.0889203517921695,-0.03227130466243788,0.05303125740502068,0.11340194590949926,-0.013299109744144506,0.04451766137084,0.047284530692697085,0.024671870031802736,0.05303125740502062,0.07073248123367455,-0.48769716088328074,0.02048282874627972,0.5344827586206896,65.61506326114417,0.25770000101818197,-0.0889203517921695,0.05991816917740156,0.0021320149799888277,0.05303125740502068,0.11340194590949926,-0.07064228892443943
13576,2026-07-03,-0.020097580744780297,-0.05373775553622029,0.014268722687269753,0.09772954179237425,-0.03500452444900057,0.022478778535773875,0.02632146204638016,0.01726702336793674,0.014268722687269702,0.030930022945343146,-0.6664104534973098,0.015257125948447197,0.6451612903225806,62.80128386343387,0.06076282157740827,-0.020097580744780297,-0.0889203517921695,0.05991816917740156,0.014268722687269753,0.09772954179237425,-0.04584831862050593
13576,2026-07-04,-0.028954136405002773,-0.13308020837514445,-0.0213496342446311,0.023103755698308248,-0.06020062387093029,-0.007439568400878851,-0.0029681273348007263,0.008552282782546494,-0.02134963424463108,0.009631018434163398,0.37305699481865284,0.018282298732023288,0.5660377358490566,53.23862533691734,0.0,-0.028954136405002773,-0.020097580744780297,-0.0889203517921695,-0.0213496342446311,0.023103755698308248,-0.05129756671308211
13576,2026-07-05,-0.016554030245369944,-0.06422146861576639,-0.05424014340841221,-0.0011735325160348031,-0.06870605796918237,-0.023505750662656345,-0.01879615433386897,0.0006825813678905841,-0.05424014340841225,-0.011347892067314723,0.30291970802919704,0.023138495824799057,0.47058823529411764,49.838625606047124,0.0,-0.016554030245369944,-0.028954136405002773,-0.020097580744780297,-0.05424014340841221,-0.0011735325160348031,-0.027438939141180667
13576,2026-07-06,-0.008410356958969523,-0.05306050718191524,-0.10203651154415005,-0.025656563888125206,-0.06248469999769532,-0.030928814383797656,-0.026495909256066163,-0.005468424913193823,-0.10203651154415005,-0.024623188220394273,0.7231638418079096,0.01808208962173269,0.5377049180327869,46.33191963922755,0.0,-0.008410356958969523,-0.016554030245369944,-0.028954136405002773,-0.10203651154415005,-0.025656563888125206,-0.008109859591997979
13576,2026-07-07,0.006316477981350266,-0.018665491508046528,-0.09828701054243638,-0.012666874876222756,-0.04249650153742667,-0.02351294663777189,-0.019958003404252023,-0.008627357552350494,-0.09828701054243638,-0.03919112596572933,0.42643587726199833,0.017978561977013606,0.4749034749034749,48.19761234378602,0.03453999860863179,0.006316477981350266,-0.008410356958969523,-0.016554030245369944,-0.09828701054243638,-0.012666874876222756,-0.0004306894060767675
13576,2026-07-08,0.006695724679402382,0.004534346127520239,-0.14356538290185739,-0.01268888632103593,-0.013309340780747744,-0.016185285667516227,-0.013185250845554821,-0.009654506885203307,-0.1435653829018574,-0.02390116222642791,0.031081081081081142,0.019856793591263338,0.481651376146789,48.18179553643515,0.16802732113133523,0.006695724679402382,0.006316477981350266,-0.008410356958969523,-0.14356538290185739,-0.01268888632103593,-0.03368448758641297
13576,2026-07-09,-0.011344381039974816,0.001562019840714468,-0.07064228892443947,-0.02135728092705058,-0.014058880155813656,-0.02656196921457381,-0.02400775390684352,-0.011324697094462861,-0.07064228892443943,-0.02424154566902733,0.20631067961165056,0.01668287754625666,0.5211267605633803,47.02113903508074,0.02787644435185716,-0.011344381039974816,0.006695724679402382,0.006316477981350266,-0.07064228892443947,-0.02135728092705058,-0.032349822378740054
13576,2026-07-10,0.006044852028116887,0.0012916772155919798,-0.04584831862050598,-0.032233792877309764,-0.0012989671534168706,-0.02067391645957828,-0.017632760329535962,-0.01135644994822186,-0.04584831862050593,-0.00011772135959385154,-0.23707865168539324,0.013587972029392022,0.3865979381443299,45.27538003349353,0.29918184815761273,0.006044852028116887,-0.011344381039974816,0.006695724679402382,-0.04584831862050598,-0.032233792877309764,-0.035039407129951176
13576,2026-07-11,-0.0344998687275081,-0.039682773956765116,-0.051297566713082055,-0.07155201667074929,-0.028518143604482696,-0.05304232356415894,-0.05059604380786424,-0.015024747523625022,-0.05129756671308211,-0.04536193874160125,0.12465373961218847,0.01813730274886996,0.4862068965517241,40.21951364735737,0.0,-0.0344998687275081,0.006044852028116887,-0.011344381039974816,-0.051297566713082055,-0.07155201667074929,-0.017088896342785282
13576,2026-07-12,0.008178351907556447,-0.020719632100880903,-0.027438939141180674,-0.08019079055560063,-0.016691391624386112,-0.04430447034121629,-0.04219628702891007,-0.01603117305367212,-0.027438939141180667,-0.03162692366288502,0.008834897846493618,0.013527080136085178,0.4942528735632184,38.52998018122785,0.19791489944797525,0.008178351907556447,-0.0344998687275081,0.006044852028116887,-0.027438939141180674,-0.08019079055560063,-0.006414922593080164
13576,2026-07-13,0.011296904478744985,-0.015607303514627358,-0.008109859591997948,-0.10931886935426771,-0.004426687065294074,-0.032725925627265735,-0.030954031611800416,-0.014874211974806392,-0.008109859591997979,-0.02448465992166302,-0.47542997542997545,0.023684676810457793,0.45901639344262296,31.911679018456553,0.4735341328774453,0.011296904478744985,0.008178351907556447,-0.0344998687275081,-0.008109859591997948,-0.10931886935426771,-0.021269366711668885
13576,2026-07-14,0.014107336243271096,0.03395103005777722,-0.00043068940607682293,-0.0986753687743176,0.009680947646471498,-0.018409362235700624,-0.017245431093006428,-0.011992734972673507,-0.0004306894060767675,-0.020475396419123756,0.2719665271966527,0.019832831721577963,0.506578947368421,34.18404684704166,0.8216098764143187,0.014107336243271096,0.011296904478744985,0.008178351907556447,-0.00043068940607682293,-0.0986753687743176,-0.04761386925861861
13576,2026-07-15,-0.02679515594557924,-0.0019165269087693115,-0.03368448758641296,-0.17241394413007416,-0.01254168621203116,-0.04382427271976143,-0.04337561187198914,-0.012874043668186287,-0.03368448758641297,-0.028306364150783362,-0.6786885245901639,0.01952643691127758,0.4714285714285714,16.915875621408915,0.1748023920466336,-0.02679515594557924,0.014107336243271096,0.011296904478744985,-0.03368448758641296,-0.17241394413007416,-0.022979044729154276
13576,2026-07-16,-0.009978859903197801,-0.02291430581322007,-0.03234982237874007,-0.10070684580404621,-0.017809601852032893,-0.05249336320147518,-0.05270653295841609,-0.014186835970096604,-0.032349822378740054,-0.028353534058521288,0.7794471153846153,0.018454525825421723,0.5059101654846335,24.500172107386376,0.0,-0.009978859903197801,-0.02679515594557924,0.014107336243271096,-0.03234982237874007,-0.10070684580404621,-0.037045938799197244
13576,2026-07-17,0.0032485492364398016,-0.033376675092492425,-0.03503940712995113,-0.07928122784808944,-0.009556196303469572,-0.04901894657054428,-0.049424987420661835,-0.014215166046693104,-0.035039407129951176,-0.01298406140258379,-0.6645077720207254,0.017746475491424,0.47297297297297297,28.45469540478757,0.08573663428929618,0.0032485492364398016,-0.009978859903197801,-0.02679515594557924,-0.03503940712995113,-0.07928122784808944,-0.03849593089612012
13576,2026-07-18,-0.01653932127150337,-0.023190197833443227,-0.01708889634278532,-0.06750984425567041,-0.0235752063338642,-0.06439067142051398,-0.06466808120065479,-0.015690059444949486,-0.017088896342785282,-0.012086763883098003,0.40535372848948376,0.01948004386963542,0.5841269841269842,30.748648863542684,0.0,-0.01653932127150337,0.0032485492364398016,-0.009978859903197801,-0.01708889634278532,-0.06750984425567041,-0.012115173703675866
13576,2026-07-19,0.019126716640889496,0.005526979320161551,-0.006414922593080186,-0.03367784306363397,-0.0039852483801944725,-0.046884165056580315,-0.046261276084301715,-0.013958583601827978,-0.006414922593080164,0.012995549038088056,0.37246465888137686,0.020338313993856643,0.5266457680250783,40.623809654848785,0.3683363885616478,0.019126716640889496,-0.01653932127150337,0.0032485492364398016,-0.006414922593080186,-0.03367784306363397,-0.024098337864204157
13576,2026-07-20,-0.0038223376440198464,-0.001559965915328143,-0.021269366711668902,-0.02920673472602453,-0.00472659196857978,-0.04955102550940271,-0.04945489838897764,-0.012815285612239272,-0.021269366711668885,-0.03143466709657377,-0.6216216216216216,0.016751740148615087,0.5813953488372093,41.71951560070785,0.29331908734078915,-0.0038223376440198464,0.019126716640889496,-0.01653932127150337,-0.021269366711668902,-0.02920673472602453,-0.013647604545877972
13576,2026-07-21,-0.013189401381850985,0.0018409775094050396,-0.04761386925861866,-0.04802405187562342,-0.010915690845058949,-0.06050243114461634,-0.061493879250941165,-0.013186255816679732,-0.04761386925861861,-0.05118272306568158,-0.768595041322314,0.020124685896194938,0.4090909090909091,36.784712999323226,0.0775450425076479,-0.013189401381850985,-0.0038223376440198464,0.019126716640889496,-0.04761386925861866,-0.04802405187562342,0.02169318551161715
13576,2026-07-22,-0.0016218257272545555,-0.01855564209498639,-0.02297904472915424,-0.055889494968640374,-0.009232582721254557,-0.05987802937272979,-0.06233700876773966,-0.013187388170785281,-0.022979044729154276,-0.0681034538392388,-0.16841369671558346,0.017103320942126646,0.5,34.06552032671574,0.011301784907527592,-0.0016218257272545555,-0.013189401381850985,-0.0038223376440198464,-0.02297904472915424,-0.055889494968640374,0.124441806033459
13576,2026-07-23,-0.024232927259393078,-0.038664362433231014,-0.037045938799197264,-0.06819733163792963,-0.028077775694978713,-0.08006872300886195,-0.08411677038415774,-0.015574700804896256,-0.037045938799197244,-0.0843470037448123,0.5597532767925983,0.02371115113297557,0.5743944636678201,31.963309958740325,0.0,-0.024232927259393078,-0.0016218257272545555,-0.013189401381850985,-0.037045938799197264,-0.06819733163792963,0.14210557012067224
13576,2026-07-24,0.0017378827090788196,-0.024122432919310932,-0.038495930896120134,-0.07218646343055568,-0.020936610603959127,-0.07570042122748918,-0.08140971810343049,-0.016445852305685637,-0.03849593089612012,-0.0888767853253339,2.793632958801498,0.01745999990740638,0.46855563234277814,30.33247107705904,0.039309055768888435,0.0017378827090788196,-0.024232927259393078,-0.0016218257272545555,-0.038495930896120134,-0.07218646343055568,0.07588944939204573
13576,2026-07-25,0.010443858735246891,-0.012328674700381237,-0.012115173703675874,-0.0289970350988642,-0.008993800470119377,-0.06361618586983987,-0.07077629145567205,-0.015284256551029558,-0.012115173703675866,-0.07697299865961517,2.0372596153846154,0.02009305555786961,0.4759002770083102,41.17976813900178,0.27594855428120946,0.010443858735246891,0.0017378827090788196,-0.024232927259393078,-0.012115173703675874,-0.0289970350988642,0.05756269746988628
13576,2026-07-26,0.006764584516972594,0.019047003360946446,-0.024098337864204122,-0.03035867148526361,0.0012338385217545386,-0.05446565619629364,-0.0636795300945598,-0.013238518726955993,-0.024098337864204157,-0.08657840261302782,1.2771825048304937,0.020635739341077923,0.48758099352051837,40.59798388749991,0.473577267732067,0.006764584516972594,0.010443858735246891,0.0017378827090788196,-0.024098337864204122,-0.03035867148526361,0.03544490238357432
13576,2026-07-27,0.0068455272555763,0.02424290336551138,-0.01364760454587799,-0.03462669535172469,0.010100559395056684,-0.04513597316485521,-0.056529782805572686,-0.01066826647296626,-0.013647604545877972,-0.08616264219560618,0.5585747955081105,0.01935739921631044,0.4788293897882939,38.83276623127956,0.9820135872591602,0.0068455272555763,0.006764584516972594,0.010443858735246891,-0.01364760454587799,-0.03462669535172469,0.03015544009514127
13576,2026-07-28,0.0221678059945436,0.03612695775997987,0.02169318551161714,-0.02695358024575456,0.029268826454762947,-0.0211200937890798,-0.03514076778476377,-0.0060492032782776635,0.02169318551161715,-0.08210307491930878,0.24572870083705994,0.01971896118538891,0.5025773195876289,41.580779947125954,1.0,0.0221678059945436,0.0068455272555763,0.006764584516972594,0.02169318551161714,-0.02695358024575456,0.02705953523879562
13576,2026-07-29,0.09878207401518257,0.13082814502933005,0.12444180603345889,0.09860320747728513,0.11107590867988194,0.07694626334669141,0.059478557177250875,0.008696818834526592,0.124441806033459,-0.03427983295790712,0.6845750821419057,0.03159981711595173,0.5586715867158671,70.91603064282577,1.0,0.09878207401518257,0.0221678059945436,0.0068455272555763,0.12444180603345889,0.09860320747728513,-0.05193536226981105
13576,2026-07-30,-0.008904682360921345,0.1131384599263976,0.14210557012067215,0.09979519706775952,0.08004205038276968,0.06914527213759074,0.0495598247396766,0.016597397036302492,0.14210557012067224,-0.044915518716204854,0.16648944250341788,0.020176971876090154,0.5583409298085689,70.9750924217441,0.9318759854825016,-0.008904682360921345,0.09878207401518257,0.0221678059945436,0.14210557012067215,0.09979519706775952,-0.016365038025819782
13576,2026-07-31,-0.056340107903377956,0.027643516869236606,0.07588944939204567,0.03447208349638475,0.008831629746322858,0.014917457851956611,-0.009317237441378723,0.01414851555023425,0.07588944939204573,-0.14967499873042048,0.0744726957526726,0.021519444558542312,0.532235294117647,55.830010941308416,0.4677225133777235,-0.056340107903377956,-0.008904682360921345,0.09878207401518257,0.07588944939204567,0.03447208349638475,0.05700303369929409
13576,2026-08-01,-0.006768089890863749,-0.07107300227287949,0.05756269746988618,0.04475014168751068,-0.005742725905538353,0.010722900106635437,-0.015572557168055086,0.011297687863720188,0.05756269746988628,-0.07300099734871972,0.11131297603242267,0.01915582631712963,0.5052816901408451,57.69122057118232,0.3856723161221362,-0.006768089890863749,-0.056340107903377956,-0.008904682360921345,0.05756269746988618,0.04475014168751068,0.07669104890585164
13576,2026-08-02,-0.014290822253495983,-0.07612128639923998,0.03544490238357434,0.01049240128616713,-0.024626112147681196,-0.0013201496532439174,-0.029027207541270906,0.0074085865975779056,0.03544490238357432,-0.06750773677064228,0.022002878881348865,0.017507694024812406,0.5056338028169014,51.8647220234291,0.2306724574906689,-0.014290822253495983,-0.006768089890863749,-0.056340107903377956,0.03544490238357434,0.01049240128616713,0.08789102274756899
13576,2026-08-03,0.0017021618921113646,-0.019295709724593824,0.030155440095141373,0.01609628602793789,-0.026941567166250804,0.0017016838175637576,-0.026871569884633,0.004825746916363003,0.03015544009514127,-0.038068590739499385,-0.21493537577788416,0.015599705832257107,0.5140243902439025,52.871171596486654,0.07910752983548515,0.0017021618921113646,-0.014290822253495983,-0.006768089890863749,0.030155440095141373,0.01609628602793789,0.08134388280944288
