item_id,date,pct_change_1d,pct_change_3d,pct_change_7d,pct_change_14d,pct_vs_7ma,pct_vs_30ma,pct_vs_90ma,ema_crossover,slope_7d_pct,slope_30d_pct,vol_pct_7d,spread_pct,volume_ratio,rsi_14,range_position_7d,lag_return_1d,lag_return_2d,lag_return_3d,lag_return_7d,lag_return_14d,target_pct_7d
1513,2025-12-03,0.016177957532861553,0.025510204081632626,0.0680127523910734,0.06461864406779672,0.03046726234070597,0.07913669064748206,0.11750824695140788,0.017306874566594504,0.06801275239107332,0.15252293577981652,0.0029567604996412625,0.021890547263681594,0.5090568073745122,64.5933014354067,1.0,0.016177957532861553,0.0122824974411464,-0.003061224489795955,0.0680127523910734,0.06461864406779672,-0.12039800995024875
1513,2025-12-04,-0.015920398009950265,0.0122824974411464,0.03343782654127492,0.10750279955207165,0.00933080623997664,0.05700035625222662,0.09895672572381009,0.016300870836642497,0.03343782654127482,0.15268065268065267,-0.034090925276630796,0.020222446916076844,0.5329555489666843,77.58620689655173,0.7333333333333333,-0.015920398009950265,0.016177957532861553,0.0122824974411464,0.03343782654127492,0.10750279955207165,-0.08088978766430738
1513,2025-12-05,-0.023255813953488413,-0.023255813953488413,0.022222222222222143,0.08053691275167796,-0.017151162790697706,0.02860793639525805,0.07279031601288241,0.012363845895891047,0.022222222222222223,0.12064965197215777,0.10056686788548938,0.021739130434782608,0.5707332893257915,68.36734693877551,0.0,-0.023255813953488413,-0.015920398009950265,0.016177957532861553,0.022222222222222143,0.08053691275167796,-0.036231884057971016
1513,2025-12-06,-0.036231884057971064,-0.07363184079601992,-0.04414784394250515,0.017486338797814138,-0.046804153868655794,-0.010662038184973932,0.033806292412091314,0.005187259830541551,-0.044147843942505136,0.06521739130434782,0.05123273624348589,0.021482277121374866,0.5483506680423833,53.8095238095238,0.0,-0.036231884057971064,-0.023255813953488413,-0.015920398009950265,-0.04414784394250515,0.017486338797814138,0.02685284640171858
1513,2025-12-07,-0.036519871106337254,-0.09302325581395354,-0.08469387755102042,-0.04574468085106387,-0.07032869410719576,-0.04743362831858403,-0.0032841127956935753,-0.0038522490194358786,-0.08469387755102041,0.02164009111617312,0.07532104777153276,0.022296544035674472,0.6114053980482438,40.18264840182648,0.0,-0.036519871106337254,-0.036231884057971064,-0.023255813953488413,-0.08469387755102042,-0.04574468085106387,0.07023411371237458
1513,2025-12-08,-0.01672240802675584,-0.08695652173913049,-0.09723643807574212,-0.06369426751592355,-0.07283375882264609,-0.0637605265020169,-0.01893415068222268,-0.011581267091883857,-0.09723643807574207,0.013793103448275862,-0.05689980870196642,0.021541950113378686,0.6009756702403701,37.06896551724139,0.0,-0.01672240802675584,-0.036519871106337254,-0.036231884057971064,-0.09723643807574212,-0.06369426751592355,0.12018140589569161
1513,2025-12-09,0.010204081632652962,-0.0429645542427497,-0.0990899898887766,-0.04603854389721629,-0.04938271604938277,-0.054307447373076204,-0.007966944602518754,-0.015191453017931846,-0.09908998988877654,0.0033783783783783786,-0.08649069956881697,0.013468013468013467,0.4975861946970189,40.7725321888412,0.07317073170731707,0.010204081632652962,-0.01672240802675584,-0.036519871106337254,-0.0990899898887766,-0.04603854389721629,0.09988776655443322
1513,2025-12-10,-0.007856341189674487,-0.01449275362318836,-0.12039800995024874,-0.060573857598299696,-0.0391304347826087,-0.06113923602506466,-0.01490763211331777,-0.01798164894731713,-0.12039800995024875,-0.019955654101995565,-0.07133514576154686,0.023755656108597284,0.5774070551228966,37.768240343347635,0.018691588785046728,-0.007856341189674487,0.010204081632652962,-0.01672240802675584,-0.12039800995024874,-0.060573857598299696,0.12669683257918551
1513,2025-12-11,0.02828054298642524,0.030612244897959107,-0.08088978766430743,-0.050156739811912265,0.00047169811320756506,-0.034177439348326503,0.013365373896025125,-0.016028223105941,-0.08088978766430738,-0.013029315960912053,0.05884742644289555,0.019801980198019802,0.45459168550413226,40.082644628099175,0.32142857142857145,0.02828054298642524,-0.007856341189674487,0.010204081632652962,-0.08088978766430743,-0.050156739811912265,0.0891089108910891
1513,2025-12-12,0.024202420242024125,0.04489337822671158,-0.036231884057971064,-0.014814814814814836,0.030355731225296462,-0.011082392097156762,0.03780128316282301,-0.011411831811521304,-0.036231884057971016,0.00866738894907909,0.030950207278246544,0.021482277121374866,0.495131799772617,47.22222222222223,1.0,0.024202420242024125,0.02828054298642524,-0.007856341189674487,-0.036231884057971064,-0.014814814814814836,0.07089151450053706
1513,2025-12-13,0.02685284640171859,0.08144796380090491,0.02685284640171859,-0.01848049281314168,0.05385826771653547,0.014790177623664228,0.0650887573964497,-0.004870702656621584,0.02685284640171858,0.020277481323372464,0.0754154787018939,0.021966527196652718,0.41993283890315514,46.37096774193548,1.0,0.02685284640171859,0.024202420242024125,0.02828054298642524,0.02685284640171859,-0.01848049281314168,0.03138075313807531
1513,2025-12-14,0.004184100418409997,0.05610561056105601,0.07023411371237454,-0.020408163265306145,0.047871510993294904,0.01860366414373626,0.06880427521710081,1.3756925874595088e-05,0.07023411371237458,0.012658227848101266,0.16098575390970782,0.021875,0.5360835702971675,45.9349593495935,1.0,0.004184100418409997,0.02685284640171859,0.024202420242024125,0.07023411371237454,-0.020408163265306145,0.0375
1513,2025-12-15,0.029166666666666563,0.061224489795918435,0.1201814058956916,0.011258955987717423,0.06089891087590116,0.046979865771812124,0.09867299280895546,0.006619682201391554,0.12018140589569161,0.037815126050420166,-0.10226796252501001,0.02125506072874494,0.454122399114578,52.02952029520294,1.0,0.029166666666666563,0.004184100418409997,0.02685284640171859,0.1201814058956916,0.011258955987717423,0.006072874493927126
1513,2025-12-16,-0.0080971659919028,0.025104602510460206,0.09988776655443332,-0.009100101112234582,0.038135593220338986,0.03780578206078582,0.08852604687326453,0.009649651770160077,0.09988776655443322,0.019771071800208116,-0.07262380872511469,0.018367346938775512,0.5250529634394527,48.31460674157302,0.9230769230769231,-0.0080971659919028,0.029166666666666563,0.004184100418409997,0.09988776655443332,-0.009100101112234582,0.027551020408163266
1513,2025-12-17,0.01632653061224487,0.03750000000000009,0.12669683257918551,-0.008955223880596996,0.0375,0.053782401692823174,0.10493423890936428,0.013200729428307299,0.12669683257918551,0.026804123711340205,-0.021404070157031444,0.02108433734939759,0.4490588056514197,48.31460674157302,1.0,0.01632653061224487,-0.0080971659919028,0.029166666666666563,0.12669683257918551,-0.008955223880596996,0.019076305220883535
1513,2025-12-18,-0.0060240963855421326,0.002024291497975783,0.08910891089108919,0.0010111223458038054,0.018967798853109855,0.046511627906976744,0.09716903298895446,0.014304609910532607,0.0891089108910891,0.025906735751295335,0.05101104927832893,0.01717171717171717,0.47853870260193915,50.19455252918288,0.9076923076923077,-0.0060240963855421326,0.01632653061224487,-0.0080971659919028,0.08910891089108919,0.0010111223458038054,0.04040404040404041
1513,2025-12-19,0.007070707070707005,0.0173469387755103,0.0708915145005371,0.03209109730848869,0.0163098878695209,0.05194668167270427,0.10363573747909087,0.015358485282631689,0.07089151450053706,0.05614406779661017,-0.07729858365792813,0.01805416248746239,0.5005275951639401,56.43153526970954,1.0,0.007070707070707005,-0.0060240963855421326,0.01632653061224487,0.0708915145005371,0.03209109730848869,0.06318956870611836
1513,2025-12-20,-0.011033099297893645,-0.010040160642570295,0.03138075313807542,0.059076262083780806,0.0007249528780628764,0.0369487485101311,0.09035952129358857,0.014205021045106481,0.03138075313807531,0.10414333706606943,0.11123898034869743,0.02028397565922921,0.5444927186418859,62.672811059907836,0.7027027027027027,-0.011033099297893645,0.007070707070707005,-0.0060240963855421326,0.03138075313807542,0.059076262083780806,0.05273833671399594
1513,2025-12-21,0.010141987829614507,0.0060606060606061,0.03750000000000009,0.11036789297658856,0.005625270445694488,0.04373340785245216,0.10030932390631898,0.014162260894120742,0.0375,0.11409395973154363,0.039451675472841,0.019076305220883535,0.4823851279041668,75.64766839378238,0.9411764705882353,0.010141987829614507,-0.011033099297893645,0.007070707070707005,0.03750000000000009,0.11036789297658856,0.019076305220883535
1513,2025-12-22,-0.002008032128514081,-0.0030090270812437314,0.006072874493927127,0.12698412698412698,0.002738146707018253,0.038771031455742525,0.0969015535147198,0.013415909673969226,0.006072874493927126,0.08633879781420765,-0.0013180266105067768,0.02012072434607646,0.5682615534747745,81.11111111111111,0.8235294117647058,-0.002008032128514081,0.010141987829614507,-0.011033099297893645,0.006072874493927127,0.12698412698412698,0.02414486921529175
1513,2025-12-23,0.013078470824949617,0.02129817444219073,0.027551020408163263,0.1301907968574636,0.011915015790984817,0.049906165288107325,0.1098592929132123,0.01400704359539025,0.027551020408163266,0.07127659574468086,0.021930994617775652,0.015888778550148957,0.4853604268839882,81.52173913043478,1.0,0.013078470824949617,-0.002008032128514081,0.010141987829614507,0.027551020408163263,0.1301907968574636,0.012909632571996028
1513,2025-12-24,0.00794438927507457,0.01907630522088355,0.01907630522088355,0.1481900452488687,0.017179670722977776,0.05556903664159179,0.11717154422825271,0.014843611991688545,0.019076305220883535,0.07749469214437367,-0.16662078895943874,0.017733990147783252,0.42109076455054567,85.4054054054054,1.0,0.00794438927507457,0.013078470824949617,-0.002008032128514081,0.01907630522088355,0.1481900452488687,-0.002955665024630542
1513,2025-12-25,0.014778325123152802,0.03621730382293764,0.04040404040404044,0.13311331133113313,0.026334519572953755,0.06761565836298934,0.13193723670553756,0.01661260821853646,0.04040404040404041,0.10278372591006424,-0.18399567772754624,0.018446601941747572,0.43731876001572184,84.57142857142857,1.0,0.014778325123152802,0.00794438927507457,0.013078470824949617,0.04040404040404044,0.13311331133113313,-0.019417475728155338
1513,2025-12-26,0.029126213592232997,0.05263157894736836,0.06318956870611836,0.13856068743286798,0.046839729119638844,0.09421237354621154,0.1625498105068181,0.020611415172306087,0.06318956870611836,0.12646121147715197,-0.020587461709489843,0.02169811320754717,0.38020391355132077,85.24590163934427,1.0,0.029126213592232997,0.014778325123152802,0.00794438927507457,0.06318956870611836,0.13856068743286798,-0.04905660377358491
1513,2025-12-27,-0.02075471698113207,0.022660098522167438,0.05273833671399597,0.08577405857740583,0.01764705882352941,0.06852417390110839,0.13617844155528264,0.01995069871565474,0.05273833671399594,0.08463949843260188,0.05847926055410818,0.02023121387283237,0.48360701403778034,72.77777777777777,0.6666666666666666,-0.02075471698113207,0.029126213592232997,0.014778325123152802,0.05273833671399597,0.08577405857740583,-0.036608863198458574
1513,2025-12-28,-0.022157996146435432,-0.014563106796116498,0.01907630522088355,0.05729166666666674,-0.0075429529263863196,0.04234416184575362,0.10908759788745225,0.016229379091659495,0.019076305220883535,0.07407407407407407,0.027617617682256294,0.02167487684729064,0.5636909822554025,63.81909547738693,0.3181818181818182,-0.022157996146435432,-0.02075471698113207,0.029126213592232997,0.01907630522088355,0.05729166666666674,-0.006896551724137931
1513,2025-12-29,0.002955665024630516,-0.03962264150943395,0.024144869215291687,0.030364372469635637,-0.007935403034943585,0.04385275318727141,0.11037048707476395,0.013613975003647274,0.02414486921529175,0.045174537987679675,0.09634727111575427,0.01768172888015717,0.5228238067692597,58.62068965517241,0.20754716981132076,0.002955665024630516,-0.022157996146435432,-0.02075471698113207,0.024144869215291687,0.030364372469635637,-0.005893909626719057
1513,2025-12-30,0.0019646365422396617,-0.017341040462427793,0.012909632571995955,0.04081632653061229,-0.007782101167315175,0.04447554357101404,0.11060030487067193,0.011689464180324021,0.012909632571996028,0.04081632653061224,0.11077902696801499,0.01568627450980392,0.4841834410949387,61.904761904761905,0.1111111111111111,0.0019646365422396617,0.002955665024630516,-0.022157996146435432,0.012909632571995955,0.04081632653061229,0.00980392156862745
1513,2025-12-31,-0.007843137254901933,-0.002955665024630516,-0.002955665024630516,0.016064257028112428,-0.015153621576532834,0.035047047593072395,0.10013286628819902,0.009134931980756877,-0.002955665024630542,0.03582395087001024,-0.02083426472579971,0.018774703557312252,0.5344457666941288,55.0,0.0,-0.007843137254901933,0.0019646365422396617,0.002955665024630516,-0.002955665024630516,0.016064257028112428,0.038537549407114624
1513,2026-01-01,-0.0019762845849802257,-0.007858546168958758,-0.01941747572815533,0.02020202020202011,-0.01435940331799811,0.03226246039587101,0.09623733719247463,0.006941291429164758,-0.019417475728155338,0.021233569261880688,0.037802120463253305,0.016831683168316833,0.4634273272491628,56.41025641025641,0.0,-0.0019762845849802257,-0.007843137254901933,0.0019646365422396617,-0.01941747572815533,0.02020202020202011,0.027722772277227723
1513,2026-01-02,-0.001980198019801982,-0.0117647058823529,-0.049056603773584895,0.011033099297893756,-0.009127931470299163,0.030113094427033686,0.09227509150452708,0.005054366744151091,-0.04905660377358491,0.0029850746268656717,-0.001265430545574157,0.015873015873015872,0.4868036896942128,53.64238410596026,0.0,-0.001980198019801982,-0.0019762845849802257,-0.007843137254901933,-0.049056603773584895,0.011033099297893756,-0.000992063492063492
1513,2026-01-03,-0.007936507936507908,-0.011857707509881465,-0.036608863198458574,0.014198782961460488,-0.011718198503459018,0.021554806415364208,0.08184779603562886,0.0027370299835190286,-0.036608863198458574,0.011122345803842264,0.04437527749172297,0.019,0.5333842649290977,54.72972972972973,0.0,-0.007936507936507908,-0.001980198019801982,-0.0019762845849802257,-0.036608863198458574,0.014198782961460488,0.015
1513,2026-01-04,0.008000000000000007,-0.001980198019801982,-0.006896551724137945,0.012048192771084265,-0.0028264556246467253,0.02825665612567586,0.08864435457741832,0.0020615279745897367,-0.006896551724137931,0.043478260869565216,0.045283449971894096,0.016865079365079364,0.47957152724511254,54.109589041095894,0.4,0.008000000000000007,-0.007936507936507908,-0.001980198019801982,-0.006896551724137945,0.012048192771084265,0.011904761904761904
1513,2026-01-05,0.003968253968253954,0.003968253968253954,-0.005893909626719096,0.01810865191146882,0.0019801980198019802,0.029501525940996948,0.0908960247212274,0.0020156609806391865,-0.005893909626719057,0.08700322234156821,-0.036054522053624805,0.018774703557312252,0.43817089387605934,56.08108108108108,0.6,0.003968253968253954,0.008000000000000007,-0.007936507936507908,-0.005893909626719096,0.01810865191146882,0.020750988142292492
1513,2026-01-06,0.01778656126482203,0.030000000000000027,0.009803921568627416,0.022840119165839168,0.018361581920903938,0.04310839550349396,0.1079901990079484,0.0039903728606008925,0.00980392156862745,0.14827201783723523,-0.05640200612024603,0.015533980582524271,0.440681391875303,57.51633986928104,1.0,0.01778656126482203,0.003968253968253954,0.008000000000000007,0.009803921568627416,0.022840119165839168,0.001941747572815534
1513,2026-01-07,0.020388349514563142,0.04265873015873023,0.038537549407114735,0.035467980295566415,0.03343166175024582,0.058337808807733565,0.1281127754985212,0.007527800357224072,0.038537549407114624,0.19160997732426305,-0.02983308751017399,0.017126546146527116,0.4811497191317171,60.8433734939759,1.0,0.020388349514563142,0.01778656126482203,0.003968253968253954,0.038537549407114735,0.035467980295566415,-0.004757373929590866
1513,2026-01-08,-0.01236917221693623,0.025691699604743157,0.027722772277227747,0.007766990291262044,0.01665034280117532,0.040114900297271085,0.11194429566148902,0.008075209675127955,0.027722772277227723,0.16498316498316498,0.021011071067802606,0.016377649325626204,0.5550821964300852,52.4390243902439,0.7450980392156863,-0.01236917221693623,0.020388349514563142,0.01778656126482203,0.027722772277227747,0.007766990291262044,0.05973025048169557
1513,2026-01-09,-0.029865125240847834,-0.022330097087378653,-0.0009920634920634885,-0.050000000000000044,-0.013574027427931741,0.004923158805135999,0.07681340224558907,0.004635540634738918,-0.000992063492063492,0.13914027149321267,0.10590633094714809,0.021847070506454815,0.5986802889585192,33.93939393939394,0.13725490196078433,-0.029865125240847834,-0.01236917221693623,0.020388349514563142,-0.0009920634920634885,-0.050000000000000044,0.0903674280039722
1513,2026-01-10,0.00794438927507457,-0.03425309229305429,0.014999999999999902,-0.022157996146435432,-0.007820136852394917,0.009347653142402523,0.08328293429150803,0.0031548139070490906,0.015,0.11661166116611661,0.11391762107872946,0.017733990147783252,0.5127197578297823,42.3841059602649,0.18181818181818182,0.00794438927507457,-0.029865125240847834,-0.01236917221693623,0.014999999999999902,-0.022157996146435432,0.10147783251231528
1513,2026-01-11,0.0049261083743843415,-0.017341040462427793,0.011904761904761862,0.0049261083743843415,-0.004600585529067399,0.01133621971775121,0.08615916136207677,0.002658510394232496,0.011904761904761904,0.09559613319011816,0.04129875241822277,0.016666666666666666,0.5393535119901047,51.8796992481203,0.29545454545454547,0.0049261083743843415,0.00794438927507457,-0.029865125240847834,0.011904761904761862,0.0049261083743843415,0.10980392156862745
1513,2026-01-12,0.012745098039215641,0.02581926514399213,0.02075098814229248,0.014734774066797574,0.005143174867945447,0.0216258983319048,0.09763872491145222,0.0037307128743531903,0.020750988142292492,0.08054393305439331,-0.04028958640535541,0.015488867376573089,0.49493989816381856,55.24475524475525,0.5909090909090909,0.012745098039215641,0.0049261083743843415,0.00794438927507457,0.02075098814229248,0.014734774066797574,0.1510164569215876
1513,2026-01-13,-0.0009680542110358514,0.016748768472906406,0.001941747572815622,0.0117647058823529,0.0038910505836575876,0.018220088140498615,0.09432806277540821,0.00418565539018614,0.001941747572815534,0.075,0.021456568830914707,0.018410852713178296,0.5923158893799242,54.22535211267606,0.5681818181818182,-0.0009680542110358514,0.012745098039215641,0.0049261083743843415,0.001941747572815622,0.0117647058823529,0.1511627906976744
1513,2026-01-14,0.013565891472868241,0.025490196078431282,-0.004757373929590858,0.03359683794466406,0.01821721596440001,0.03006827731092434,0.1064489968618878,0.005925758441288415,-0.004757373929590866,0.058704453441295545,0.004026047335199268,0.016252390057361378,0.5173856716376798,61.486486486486484,1.0,0.013565891472868241,-0.0009680542110358514,0.012745098039215641,-0.004757373929590858,0.03359683794466406,0.0994263862332696
1513,2026-01-15,0.05162523900573612,0.06485963213939971,0.05973025048169567,0.08910891089108919,0.06162967048118023,0.07899555323044725,0.15978022750436385,0.012889791031316723,0.05973025048169557,0.12244897959183673,0.038054564587067755,0.02090909090909091,0.4390509857969034,72.5,1.0,0.05162523900573612,0.013565891472868241,-0.0009680542110358514,0.05973025048169567,0.08910891089108919,-0.014545454545454545
1513,2026-01-16,-0.0018181818181818299,0.06395348837209291,0.09036742800397213,0.08928571428571419,0.04656862745098043,0.07345369223750244,0.15421002838221387,0.016662819513237736,0.0903674280039722,0.10240963855421686,-0.06433810672032608,0.01639344262295082,0.4976128766929113,72.5,0.9764705882352941,-0.0018181818181818299,0.05162523900573612,0.013565891472868241,0.09036742800397213,0.08928571428571419,-0.07285974499089254
1513,2026-01-17,0.01821493624772308,0.06883365200764824,0.10147783251231535,0.1180000000000001,0.05089297703773328,0.08846628156032961,0.17163483931066612,0.020666708624239728,0.10147783251231528,0.1292929292929293,0.0735839554665795,0.014311270125223614,0.46552207261428213,77.83018867924528,1.0,0.01821493624772308,-0.0018181818181818299,0.05162523900573612,0.10147783251231535,0.1180000000000001,-0.13059033989266547
1513,2026-01-18,0.012522361359570633,0.029090909090909056,0.1098039215686275,0.12301587301587302,0.048286810424659314,0.09728908850043609,0.18245125348189412,0.023994325735501577,0.10980392156862745,0.1354062186559679,0.11460904662471375,0.018551236749116608,0.44827248228012284,78.44036697247707,1.0,0.012522361359570633,0.01821493624772308,-0.0018181818181818299,0.1098039215686275,0.12301587301587302,-0.15459363957597172
1513,2026-01-19,0.05035335689045928,0.08287795992714031,0.15101645692158772,0.17490118577075098,0.07880751782242389,0.14503081664098602,0.2371813399618475,0.03125119420642117,0.1510164569215876,0.20588235294117646,0.05933123863654168,0.00672834314550042,0.40370992262793537,82.65682656826569,1.0,0.05035335689045928,0.012522361359570633,0.01821493624772308,0.15101645692158772,0.17490118577075098,-0.2060555088309504
1513,2026-01-20,-0.000841042893187538,0.06261180679785339,0.15116279069767447,0.15339805825242725,0.05653665353830526,0.13705972434915778,0.23131492272612114,0.03460015537354771,0.1511627906976744,0.1927710843373494,-0.0641842988766814,0.0025252525252525255,0.4449120248770762,81.10236220472441,0.993006993006993,-0.000841042893187538,0.05035335689045928,0.012522361359570633,0.15116279069767447,0.15339805825242725,-0.18434343434343434
1513,2026-01-21,-0.03198653198653201,0.01590106007067127,0.0994263862332696,0.0941960038058991,0.0094043887147336,0.09523809523809523,0.18767571289230586,0.031627295043900355,0.0994263862332696,0.15694164989939638,-0.2075439435788391,0.019130434782608695,0.45698429359024084,68.26568265682657,0.5714285714285714,-0.03198653198653201,-0.000841042893187538,0.05035335689045928,0.0994263862332696,0.0941960038058991,-0.14956521739130435
1513,2026-01-22,-0.05739130434782613,-0.08830950378469304,-0.014545454545454528,0.044315992292870865,-0.04661389621811785,0.029863508249675454,0.11643874806889053,0.021852263967113587,-0.014545454545454545,0.07646474677259185,-0.21087859174084275,0.015682656826568265,0.49876252584448877,57.09876543209876,0.0,-0.05739130434782613,-0.03198653198653201,-0.000841042893187538,-0.014545454545454528,0.044315992292870865,-0.08302583025830258
1513,2026-01-23,-0.06088560885608851,-0.14309764309764306,-0.07285974499089254,0.010923535253227312,-0.0955705038710497,-0.032932235592146995,0.04643991136898374,0.007800231227156811,-0.07285974499089254,0.002955665024630542,-0.19632754371056413,0.018664047151277015,0.5226883938423758,51.532033426183844,0.0,-0.06088560885608851,-0.05739130434782613,-0.03198653198653201,-0.07285974499089254,0.010923535253227312,0.014734774066797643
1513,2026-01-24,-0.04518664047151277,-0.1547826086956522,-0.13059033989266544,-0.04236453201970447,-0.12013448855554124,-0.07493179366791448,-0.002155836156452133,-0.0067613860504677605,-0.13059033989266547,-0.05631067961165048,-0.1633833961297074,0.01954732510288066,0.5048467613474003,44.584382871536526,0.0,-0.04518664047151277,-0.06088560885608851,-0.05739130434782613,-0.13059033989266544,-0.04236453201970447,0.05761316872427984
1513,2026-01-25,-0.015432098765432056,-0.11715867158671589,-0.15459363957597172,-0.061764705882352944,-0.1136544059274941,-0.08622171297622454,-0.018506278916060843,-0.017964622368020725,-0.15459363957597172,-0.09716981132075472,0.10098202762499178,0.018808777429467086,0.5106129153656666,42.26044226044227,0.0,-0.015432098765432056,-0.04518664047151277,-0.06088560885608851,-0.15459363957597172,-0.061764705882352944,0.0741901776384535
1513,2026-01-26,-0.013584117032392928,-0.07269155206286837,-0.20605550883095036,-0.08615682478218778,-0.09640366470668678,-0.09592976855546695,-0.03258864521418319,-0.02639581942547889,-0.2060555088309504,-0.0905587668593449,-0.0006112422976485033,0.013771186440677966,0.47273390154904643,39.06633906633907,0.0,-0.013584117032392928,-0.015432098765432056,-0.04518664047151277,-0.20605550883095036,-0.08615682478218778,0.08792372881355932
1513,2026-01-27,0.026483050847457612,-0.0030864197530864335,-0.18434343434343436,-0.061046511627906974,-0.043839864674372724,-0.07062246235493472,-0.007906262442409369,-0.028295005419673527,-0.18434343434343434,-0.04532019704433497,-0.08347268855038616,0.016511867905056758,0.3360900074159692,42.69141531322506,0.12135922330097088,0.026483050847457612,-0.013584117032392928,-0.015432098765432056,-0.18434343434343436,-0.061046511627906974,0.07739938080495357
1513,2026-01-28,0.009287925696594534,0.021943573667711602,-0.14956521739130435,-0.06500956022944548,-0.010979485697775243,-0.06078939786804951,0.00044327752582938617,-0.027601781243943732,-0.14956521739130435,-0.03929273084479371,-0.07671526442574575,0.02147239263803681,0.40103869579668594,42.01877934272301,0.24285714285714285,0.009287925696594534,0.026483050847457612,-0.013584117032392928,-0.14956521739130435,-0.06500956022944548,0.06748466257668712
1513,2026-01-29,0.01635991820040905,0.052966101694915224,-0.08302583025830257,-0.09636363636363632,0.018442622950819672,-0.04462884054720795,0.015552276081280457,-0.024379562200852106,-0.08302583025830258,-0.025490196078431372,-0.17960513732875266,0.019114688128772636,0.4068424225363326,36.340206185567006,0.6756756756756757,0.01635991820040905,0.009287925696594534,0.026483050847457612,-0.08302583025830257,-0.09636363636363632,0.04627766599597585
1513,2026-01-30,0.039235412474849074,0.06604747162022706,0.014734774066797574,-0.059198542805100174,0.05608295603914126,-0.007811999743868962,0.05352023298242431,-0.01691758029965755,0.014734774066797643,0.020750988142292492,-0.13706999978501527,0.013552758954501452,0.3571769775901038,42.35294117647059,1.0,0.039235412474849074,0.01635991820040905,0.009287925696594534,0.014734774066797574,-0.059198542805100174,-0.008712487899322363
1513,2026-01-31,-0.004840271055179035,0.05112474437627812,0.057613168724279795,-0.0805008944543828,0.04244531363175434,-0.013183156277998223,0.046476117225232164,-0.012089785049776924,0.05761316872427984,0.01782178217821782,-0.06961154866384757,0.017509727626459144,0.3671195327429817,39.024390243902445,0.9438202247191011,-0.004840271055179035,0.039235412474849074,0.01635991820040905,0.057613168724279795,-0.0805008944543828,-0.016536964980544747
1513,2026-02-01,0.0,0.03420523138832987,0.07419017763845348,-0.09187279151943462,0.031832520791511276,-0.013814274750575681,0.044632876805130575,-0.0085511422842398,0.0741901776384535,0.01984126984126984,-0.004240550827581868,0.011673151750972763,0.4161063826100114,36.86868686868687,0.9438202247191011,0.0,-0.004840271055179035,0.039235412474849074,0.07419017763845348,-0.09187279151943462,0.0019455252918287938
1513,2026-02-02,-0.0009727626459143934,-0.0058083252662148865,0.08792372881355925,-0.1362489486963835,0.018704832081621117,-0.015623502348317794,0.041629102055535556,-0.006082208558960755,0.08792372881355932,0.027,-0.07722608093919037,0.011684518013631937,0.3765048283351075,26.176470588235304,0.90625,-0.0009727626459143934,0.0,-0.004840271055179035,0.08792372881355925,-0.1362489486963835,0.010710808179162609
1513,2026-02-03,0.0165530671859786,0.015564202334630295,0.07739938080495357,-0.12121212121212122,0.024677509814918643,-0.0004786979415988511,0.056703929463100856,-0.002334916149472329,0.07739938080495357,0.03571428571428571,-0.16702280229915745,0.012452107279693486,0.35794819663686406,29.775280898876403,1.0,0.0165530671859786,-0.0009727626459143934,0.0,0.07739938080495357,-0.12121212121212122,-0.005747126436781609
1513,2026-02-04,0.0,0.015564202334630295,0.06748466257668717,-0.09217391304347822,0.01528202278410676,-0.001498390027736098,0.05468749999999999,0.00016827653419492365,0.06748466257668712,0.03162055335968379,-0.23169713300686284,0.012452107279693486,0.3633674165391035,33.33333333333333,1.0,0.0,0.0165530671859786,-0.0009727626459143934,0.06748466257668717,-0.09217391304347822,-0.01532567049808429
1513,2026-02-05,-0.003831417624521105,0.012658227848101333,0.046277665995975825,-0.040590405904059046,0.004969630038652646,-0.005641074672530921,0.04873949579831937,0.0013312240885880189,0.04627766599597585,0.009708737864077669,-0.02371805879385569,0.016346153846153847,0.3989301591382676,41.40624999999999,0.7647058823529411,-0.003831417624521105,0.0,0.0165530671859786,0.046277665995975825,-0.040590405904059046,-0.02403846153846154
1513,2026-02-06,-0.01538461538461533,-0.019157088122605415,-0.00871248789932233,0.005893909626718985,-0.009260539046302788,-0.020095693779904306,0.03082636123663375,0.00023217888965526735,-0.008712487899322363,-0.025689819219790674,-0.03763651293111283,0.0205078125,0.3837830896422068,51.45631067961164,0.0,-0.01538461538461533,-0.003831417624521105,0.0,-0.00871248789932233,0.005893909626718985,0.0029296875
1513,2026-02-07,-0.0126953125,-0.031609195402298895,-0.0165369649805448,0.04012345679012341,-0.019534497090606784,-0.03170194425821273,0.016341438895528755,-0.0019681859515197943,-0.016536964980544747,-0.02601156069364162,0.11549528105940586,0.01582591493570722,0.3416399491122494,61.27167630057803,0.0,-0.0126953125,-0.01538461538461533,-0.003831417624521105,-0.0165369649805448,0.04012345679012341,0.02274975272007913
1513,2026-02-08,0.01879327398615227,-0.009615384615384581,0.0019455252918287869,0.0762800417972831,-0.001385041551246443,-0.014228290690997156,0.03396352685293629,-0.0011751341220964794,0.0019455252918287938,0.022840119165839126,0.0755107131909671,0.014563106796116505,0.31051912134771503,70.62146892655367,0.5757575757575758,0.01879327398615227,-0.0126953125,-0.01538461538461533,0.0019455252918287869,0.0762800417972831,-0.014563106796116505
1513,2026-02-09,0.007766990291262044,0.013671875,0.0107108081791627,0.09957627118644075,0.00484027105517909,-0.007300200835219585,0.04063627857238334,0.00028686986295468,0.010710808179162609,0.022660098522167486,-0.07322024942751384,0.014450867052023121,0.37827947818593033,77.32558139534883,0.8181818181818182,0.007766990291262044,0.01879327398615227,-0.0126953125,0.0107108081791627,0.09957627118644075,-0.027938342967244702
1513,2026-02-10,0.0,0.026706231454005858,-0.005747126436781658,0.07120743034055721,0.005674740484429098,-0.007869500111511149,0.0393049050474485,0.0012251751277227376,-0.005747126436781609,0.01764705882352941,-0.050181589424439836,0.012524084778420038,0.3829604151879753,73.46938775510205,0.8181818181818182,0.0,0.007766990291262044,0.01879327398615227,-0.005747126436781658,0.07120743034055721,-0.041425818882466284
1513,2026-02-11,-0.009633911368015391,-0.001941747572815511,-0.01532567049808431,0.05112474437627812,-0.001803301428769625,-0.017271047097061953,0.028251350330080652,0.000662252576319889,-0.01532567049808429,-0.00484027105517909,0.019633677539326138,0.01848249027237354,0.393930294948258,66.89189189189189,0.5862068965517241,-0.009633911368015391,0.0,0.007766990291262044,-0.01532567049808431,0.05112474437627812,-0.0311284046692607
1513,2026-02-12,-0.012645914396887115,-0.022157996146435432,-0.024038461538461564,0.021126760563380254,-0.010996659242761631,-0.029172644667623145,0.014492753623188406,-0.0012008235266105546,-0.02403846153846154,-0.016472868217054265,0.014025086137099595,0.015763546798029555,0.42361202774663953,57.24137931034483,0.14814814814814814,-0.012645914396887115,-0.009633911368015391,0.0,-0.024038461538461564,0.021126760563380254,-0.024630541871921183
1513,2026-02-13,0.011822660098522064,-0.010597302504816941,0.0029296875,-0.0058083252662148865,0.00027828022818972384,-0.01709947042684862,0.02563249001331554,-0.0010108510951776894,0.0029296875,-0.018164435946462717,-0.03151134871101186,0.009737098344693282,0.3688433464939812,47.45762711864407,0.5925925925925926,0.011822660098522064,-0.012645914396887115,-0.009633911368015391,0.0029296875,-0.0058083252662148865,-0.0379746835443038
1513,2026-02-14,0.006815968841285214,0.005836575875486361,0.022749752720079064,0.005836575875486361,0.003883495145631068,-0.008312020460358128,0.03178738926524237,-5.8982754260287344e-05,0.02274975272007913,-0.06,0.05213981443331145,0.014506769825918761,0.3280842594343601,52.50000000000001,0.8260869565217391,0.006815968841285214,0.011822660098522064,-0.012645914396887115,0.022749752720079064,0.005836575875486361,-0.05125725338491296
1513,2026-02-15,-0.01837524177949712,0.0,-0.014563106796116498,-0.012645914396887115,-0.012508686587908302,-0.023944610058659572,0.012322968150889926,-0.0015965568229027523,-0.014563106796116505,-0.075591985428051,0.1954409601691502,0.017733990147783252,0.42001072906904297,45.32374100719424,0.0,-0.01837524177949712,0.006815968841285214,0.011822660098522064,-0.014563106796116498,-0.012645914396887115,-0.042364532019704436
1513,2026-02-16,-0.005911330049261032,-0.017526777020447915,-0.027938342967244734,-0.017526777020447915,-0.01437343008651963,-0.02631240349974265,0.005848341862165223,-0.0032318830061308624,-0.027938342967244702,-0.09749552772808587,-0.012484031312307136,0.011892963330029732,0.3697167530224525,43.75,0.0,-0.005911330049261032,-0.01837524177949712,0.006815968841285214,-0.027938342967244734,-0.017526777020447915,-0.02081268582755203
1513,2026-02-17,-0.013875123885034646,-0.03771760154738879,-0.041425818882466325,-0.046934865900383094,-0.022181665028779992,-0.0355723563051275,-0.008667928663943454,-0.005801283828996897,-0.041425818882466284,-0.12102473498233215,-0.05511702714276489,0.016080402010050253,0.37285526614650794,32.624113475177296,0.0,-0.013875123885034646,-0.005911330049261032,-0.01837524177949712,-0.041425818882466325,-0.046934865900383094,-0.004020100502512563
1513,2026-02-18,0.0010050251256281673,-0.01871921182266012,-0.0311284046692607,-0.04597701149425293,-0.01678183613030602,-0.028545419077963444,-0.008801804591092033,-0.007178622597628851,-0.0311284046692607,-0.16232127838519764,-0.0949003011812774,0.015060240963855422,0.3481249964486263,33.098591549295776,0.02564102564102564,0.0010050251256281673,-0.013875123885034646,-0.005911330049261032,-0.0311284046692607,-0.04597701149425293,-0.012048192771084338
1513,2026-02-19,-0.0060240963855421326,-0.018830525272547027,-0.024630541871921152,-0.04807692307692313,-0.01924709878290406,-0.028141361256544466,-0.0158176114523042,-0.008541121166617904,-0.024630541871921183,-0.16666666666666666,-0.02643059986569107,0.012121212121212121,0.3688278328546467,32.638888888888886,0.0,-0.0060240963855421326,0.0010050251256281673,-0.013875123885034646,-0.024630541871921152,-0.04807692307692313,-0.020202020202020204
1513,2026-02-20,-0.002020202020202033,-0.007035175879396949,-0.03797468354430378,-0.03515625,-0.01579621460082542,-0.02493585104283175,-0.018597207659621383,-0.009387148885163874,-0.0379746835443038,-0.1408695652173913,-0.059766272465371854,0.010121457489878543,0.3325426302623725,36.15384615384615,0.0,-0.002020202020202033,-0.0060240963855421326,0.0010050251256281673,-0.03797468354430378,-0.03515625,-0.030364372469635626
1513,2026-02-21,-0.007085020242915019,-0.015060240963855387,-0.05125725338491294,-0.029673590504451064,-0.015342701462575327,-0.028552566430104013,-0.025991218586589617,-0.010454100229645583,-0.05125725338491296,-0.09501845018450185,0.10460240095779243,0.012232415902140673,0.35097092268999763,37.903225806451616,0.0,-0.007085020242915019,-0.002020202020202033,-0.0060240963855421326,-0.05125725338491294,-0.029673590504451064,-0.047910295616717634
1513,2026-02-22,-0.00917431192660545,-0.018181818181818188,-0.04236453201970447,-0.05631067961165048,-0.018323474246140496,-0.03600119012198746,-0.03524637169703114,-0.011872926430686203,-0.042364532019704436,-0.04518664047151277,0.11341344151930849,0.01646090534979424,0.3733852589868017,24.56140350877193,0.0,-0.00917431192660545,-0.007085020242915019,-0.002020202020202033,-0.04236453201970447,-0.05631067961165048,-0.051440329218107
1513,2026-02-23,0.016460905349794164,0.0,-0.020812685827552024,-0.048169556840077066,0.0008683068017366466,-0.020650916900710428,-0.019949300121238817,-0.010524185814417532,-0.02081268582755203,0.01646090534979424,0.04534814498720711,0.01417004048582996,0.3169034070075265,29.508196721311478,0.6666666666666666,0.016460905349794164,-0.00917431192660545,-0.007085020242915019,-0.020812685827552024,-0.048169556840077066,-0.06477732793522267
1513,2026-02-24,0.0030364372469635637,0.010193679918450549,-0.004020100502512558,-0.045279383429672415,0.004488850275123098,-0.018779497673190565,-0.017514871116986082,-0.008943149565941163,-0.004020100502512563,0.035527690700104496,-0.0375697106339128,0.012108980827447022,0.33000136805604285,31.200000000000003,0.7916666666666666,0.0030364372469635637,0.016460905349794164,-0.00917431192660545,-0.004020100502512558,-0.045279383429672415,-0.06559031281533804
1513,2026-02-25,-0.007063572149344055,0.012345679012345734,-0.012048192771084376,-0.04280155642023342,-0.0008703220191471174,-0.026994956986057507,-0.024744788397370276,-0.008443542031912813,-0.012048192771084338,0.0423728813559322,-0.08714197507529077,0.01524390243902439,0.3704720017881309,31.967213114754102,0.631578947368421,-0.007063572149344055,0.0030364372469635637,0.016460905349794164,-0.012048192771084376,-0.04280155642023342,-0.06097560975609756
1513,2026-02-26,-0.014227642276422814,-0.018218623481781382,-0.02020202020202022,-0.044334975369458074,-0.012219959266802444,-0.040870138431114075,-0.03888497445834064,-0.009498543626513015,-0.020202020202020204,0.0010319917440660474,-0.06631889070320154,0.018556701030927835,0.3542637332044587,31.707317073170728,0.0,-0.014227642276422814,-0.007063572149344055,0.0030364372469635637,-0.02020202020202022,-0.044334975369458074,-0.032989690721649485
1513,2026-02-27,-0.012371134020618513,-0.03329969727547932,-0.030364372469635637,-0.0671859785783836,-0.020163646990064243,-0.05211081794195247,-0.050607822410148044,-0.011310996146960624,-0.030364372469635626,-0.02044989775051125,0.027310536520165213,0.017745302713987474,0.3246649054770759,21.951219512195124,0.0,-0.012371134020618513,-0.014227642276422814,-0.007063572149344055,-0.030364372469635637,-0.0671859785783836,-0.031315240083507306
1513,2026-02-28,-0.025052192066805867,-0.05081300813008127,-0.04791029561671767,-0.09671179883945846,-0.03810504634397528,-0.07402511566424319,-0.07392310234659027,-0.015025785448366169,-0.047910295616717634,-0.060362173038229376,-0.00957551327113076,0.01284796573875803,0.32899676723793625,14.285714285714292,0.0,-0.025052192066805867,-0.012371134020618513,-0.014227642276422814,-0.04791029561671767,-0.09671179883945846,-0.014989293361884369
1513,2026-03-01,-0.012847965738758016,-0.04948453608247427,-0.05144032921810704,-0.09162561576354677,-0.043426708166592595,-0.08255663537762449,-0.08526704514137685,-0.01846045273551017,-0.051440329218107,-0.1074540174249758,0.1528328138917463,0.01735357917570499,0.342804136095086,15.037593984962413,0.0,-0.012847965738758016,-0.025052192066805867,-0.012371134020618513,-0.05144032921810704,-0.09162561576354677,-0.005422993492407809
1513,2026-03-02,0.002169197396963085,-0.035490605427975,-0.06477732793522262,-0.0842418235877106,-0.03217118060751155,-0.07738392411382926,-0.08262548262548258,-0.019893104872319944,-0.06477732793522267,-0.10116731517509728,0.08905663930341585,0.01406926406926407,0.4206358990315976,17.054263565891475,0.028985507246376812,0.002169197396963085,-0.012847965738758016,-0.025052192066805867,-0.06477732793522262,-0.0842418235877106,-0.005411255411255411
1513,2026-03-03,0.0021645021645022577,-0.008565310492505307,-0.065590312815338,-0.06934673366834165,-0.020550015110305245,-0.07223725077647532,-0.0798379172141193,-0.019950365754480896,-0.06559031281533804,-0.09922178988326848,-0.09921763409642706,0.011879049676025918,0.3105684308609266,20.51282051282051,0.06451612903225806,0.0021645021645022577,0.002169197396963085,-0.012847965738758016,-0.065590312815338,-0.06934673366834165,-0.008639308855291577
1513,2026-03-04,-0.002159827213822907,0.002169197396963085,-0.060975609756097615,-0.07228915662650603,-0.013723696248856393,-0.07104557640750667,-0.08116588955428373,-0.01959362699086235,-0.06097560975609756,-0.1002921129503408,-0.04558238204684123,0.01406926406926407,0.3683146315404024,19.491525423728817,0.041666666666666664,-0.002159827213822907,0.0021645021645022577,0.002169197396963085,-0.060975609756097615,-0.07228915662650603,-0.012987012987012988
1513,2026-03-05,0.015151515151515138,0.015151515151515138,-0.03298969072164948,-0.05252525252525253,0.006129328838492132,-0.05360866348288154,-0.06695550299520327,-0.016976681566031725,-0.032989690721649485,-0.10153256704980843,-0.07777205701028457,0.01279317697228145,0.3113958441575959,29.365079365079367,0.4444444444444444,0.015151515151515138,-0.002159827213822907,0.0021645021645022577,-0.03298969072164948,-0.05252525252525253,-0.0255863539445629
1513,2026-03-06,-0.010660980810234588,0.002159827213822796,-0.03131524008350728,-0.06072874493927127,0.0,-0.06003106219191031,-0.07687206410610671,-0.015957939146542876,-0.031315240083507306,-0.1111111111111111,-0.020882944572270933,0.015086206896551725,0.34084977765870106,27.611940298507463,0.375,-0.010660980810234588,0.015151515151515138,-0.002159827213822907,-0.03131524008350728,-0.06072874493927127,-0.015086206896551725
1513,2026-03-07,-0.008620689655172376,-0.0043290043290042934,-0.01498929336188437,-0.06218144750254839,-0.0064794816414686825,-0.06434334531154653,-0.08506265331830536,-0.015773096291842422,-0.014989293361884369,-0.11538461538461539,0.09708837072077314,0.016304347826086956,0.34102996606639124,27.407407407407405,0.0,-0.008620689655172376,-0.010660980810234588,0.015151515151515138,-0.01498929336188437,-0.06218144750254839,-0.020652173913043477
1513,2026-03-08,-0.003260869565217428,-0.02238805970149249,-0.005422993492407824,-0.05658436213991769,-0.008954763007565283,-0.06399918342349703,-0.08839870544442358,-0.015516755508818892,-0.005422993492407809,-0.1044921875,0.1056129074728643,0.013086150490730643,0.31683353918619694,28.68217054263566,0.0,-0.003260869565217428,-0.008620689655172376,-0.010660980810234588,-0.005422993492407824,-0.05658436213991769,-0.007633587786259542
1513,2026-03-09,0.0021810250817884125,-0.00969827586206895,-0.005411255411255422,-0.06983805668016196,-0.006025957972805916,-0.059012252977917325,-0.0866929472951933,-0.014591152923483596,-0.005411255411255411,-0.09099901088031652,0.09621872452074699,0.01088139281828074,0.40685188533004857,20.0,0.09523809523809523,0.0021810250817884125,-0.003260869565217428,-0.008620689655172376,-0.005411255411255422,-0.06983805668016196,-0.008705114254624592
1513,2026-03-10,-0.0010881392818280489,-0.0021739130434782483,-0.008639308855291628,-0.0736629667003027,-0.005878712871287146,-0.05642923219241441,-0.08802914068105301,-0.013635042468730194,-0.008639308855291577,-0.1087378640776699,-0.06984463713538848,0.010893246187363835,0.29699772775618827,17.69911504424779,0.047619047619047616,-0.0010881392818280489,0.0021810250817884125,-0.003260869565217428,-0.008639308855291628,-0.0736629667003027,-0.00980392156862745
1513,2026-03-11,-0.006535947712418277,-0.005452562704471142,-0.012987012987012991,-0.07317073170731703,-0.01053936763794167,-0.05853205326726545,-0.09401973553500072,-0.013324189009317932,-0.012987012987012988,-0.12138728323699421,-0.03535518799179422,0.01206140350877193,0.30049575610080215,17.85714285714286,0.0,-0.006535947712418277,-0.0010881392818280489,0.0021810250817884125,-0.012987012987012991,-0.07317073170731703,-0.006578947368421052
1513,2026-03-12,0.002192982456140413,-0.005440696409140355,-0.02558635394456288,-0.057731958762886615,-0.00466708151835724,-0.05242423195217201,-0.09186253187754603,-0.01243110147098807,-0.0255863539445629,-0.11946050096339114,-0.1518864849465078,0.009846827133479213,0.3270785498926543,22.0,0.125,0.002192982456140413,-0.006535947712418277,-0.0010881392818280489,-0.02558635394456288,-0.057731958762886615,-0.015317286652078774
1513,2026-03-13,0.0,-0.004357298474945481,-0.015086206896551713,-0.045929018789144016,-0.0024945431867789743,-0.0486764042604864,-0.09144125735870734,-0.011439678090421526,-0.015086206896551725,-0.11089494163424124,-0.10083603003787647,0.009846827133479213,0.3149207757559953,25.0,0.25,0.0,0.002192982456140413,-0.006535947712418277,-0.015086206896551713,-0.045929018789144016,-0.018599562363238512
1513,2026-03-14,-0.01422319474835887,-0.01206140350877194,-0.020652173913043526,-0.03533190578158463,-0.013760750586395604,-0.05848340241736044,-0.1037798408488064,-0.012075743564482135,-0.020652173913043477,-0.1123152709359606,0.03277539305335162,0.013318534961154272,0.34233346849691865,28.57142857142857,0.0,-0.01422319474835887,0.0,0.002192982456140413,-0.020652173913043526,-0.03533190578158463,0.004439511653718091
1513,2026-03-15,0.009988901220865598,-0.004376367614879695,-0.007633587786259555,-0.013015184381778733,-0.00281778334376955,-0.04518746502518192,-0.09404659188956,-0.01094516924683781,-0.007633587786259542,-0.11392405063291139,0.029470168323233153,0.01098901098901099,0.3672980557893975,41.89189189189189,0.5,0.009988901220865598,-0.01422319474835887,0.0,-0.007633587786259555,-0.013015184381778733,-0.006593406593406593
1513,2026-03-16,0.001098901098901095,-0.003282275711159688,-0.008705114254624613,-0.01406926406926412,-0.0004702194357366949,-0.040008430222347145,-0.09235827438477637,-0.009718853205092208,-0.008705114254624592,-0.11895551257253385,-0.06960374478601548,0.008781558726673985,0.3032081892282894,41.0958904109589,0.5882352941176471,0.001098901098901095,0.009988901220865598,-0.01422319474835887,-0.008705114254624613,-0.01406926406926412,0.003293084522502744
1513,2026-03-17,-0.002195389681668547,0.008879023307436285,-0.009803921568627416,-0.018358531317494653,-0.001255689844608346,-0.03853612100271475,-0.09347782727212288,-0.008854588362330466,-0.00980392156862745,-0.10443349753694581,-0.03257998590934365,0.013201320132013201,0.32357115670345593,38.35616438356164,0.6153846153846154,-0.002195389681668547,0.001098901098901095,0.009988901220865598,-0.009803921568627416,-0.018358531317494653,0.005500550055005501
1513,2026-03-18,-0.0033003300330033403,-0.00439560439560438,-0.006578947368421018,-0.01948051948051943,-0.0036135113904163926,-0.03821656050955414,-0.09562786983429822,-0.008383590706327163,-0.006578947368421052,-0.10208126858275521,-0.08036010386106396,0.013245033112582781,0.3505082028408981,37.83783783783784,0.38461538461538464,-0.0033003300330033403,-0.002195389681668547,0.001098901098901095,-0.006578947368421018,-0.01948051948051943,0.004415011037527594
1513,2026-03-19,-0.0066225165562914245,-0.01207464324917673,-0.015317286652078765,-0.04051172707889128,-0.008030231459612713,-0.04136339428368546,-0.10064953089435404,-0.008571467991747045,-0.015317286652078774,-0.09547738693467336,-0.008063378983871878,0.014444444444444444,0.33260002194461047,21.212121212121204,0.0,-0.0066225165562914245,-0.0033003300330033403,-0.002195389681668547,-0.015317286652078765,-0.04051172707889128,0.0033333333333333335
1513,2026-03-20,-0.0033333333333332993,-0.01320132013201325,-0.018599562363238564,-0.03340517241379315,-0.008683296495105814,-0.04118862680823769,-0.10276073619631904,-0.008799697791692032,-0.018599562363238512,-0.09939759036144578,-0.14947702521680378,0.013377926421404682,0.35890127980902614,23.728813559322035,0.0,-0.0033333333333332993,-0.0066225165562914245,-0.0033003300330033403,-0.018599562363238564,-0.03340517241379315,-0.002229654403567447
1513,2026-03-21,0.008918617614269708,-0.001103752759381904,0.004439511653718142,-0.016304347826086918,-0.0004733354370464048,-0.02969872413423399,-0.09384213161261608,-0.007626294220482554,0.004439511653718091,-0.08585858585858586,-0.09245688688004532,0.013259668508287293,0.3412611352214762,37.288135593220346,0.5714285714285714,0.008918617614269708,-0.0033333333333332993,-0.0066225165562914245,0.004439511653718142,-0.016304347826086918,-0.023204419889502764
1513,2026-03-22,-0.0011049723756906271,0.004444444444444473,-0.00659340659340657,-0.014176663031624903,-0.0006317119393556359,-0.02785245725346809,-0.09393618798374069,-0.006738435040181338,-0.006593406593406593,-0.08502024291497975,-0.02648710450881165,0.012168141592920354,0.36737830591986087,38.59649122807018,0.5,-0.0011049723756906271,0.008918617614269708,-0.0033333333333332993,-0.00659340659340657,-0.014176663031624903,-0.028761061946902654
1513,2026-03-23,0.01106194690265494,0.018952062430323213,0.003293084522502765,-0.005440696409140355,0.009944751381215469,-0.014732303269852637,-0.08296359055539451,-0.0046479763481373695,0.003293084522502744,-0.06829765545361875,-0.07575575618975079,0.012035010940919038,0.3368112617964681,46.15384615384615,1.0,0.01106194690265494,-0.0011049723756906271,0.008918617614269708,0.003293084522502765,-0.005440696409140355,-0.02188183807439825
1513,2026-03-24,0.0,0.009944751381215422,0.005500550055005604,-0.004357298474945481,0.009148264984227184,-0.012674636324355481,-0.08192988917534408,-0.0031350125576321973,0.005500550055005501,-0.059670781893004114,-0.07621030542665608,0.009846827133479213,0.31858113283824924,46.875,1.0,0.0,0.01106194690265494,-0.0011049723756906271,0.005500550055005604,-0.004357298474945481,-0.028446389496717725
1513,2026-03-25,-0.004376367614879695,0.006637168141592875,0.004415011037527616,-0.002192982456140302,0.004098360655737651,-0.014226908355600483,-0.08472189626848159,-0.0025608062818150857,0.004415011037527594,-0.07894736842105263,0.00555298553495025,0.012087912087912088,0.3305194496151048,48.38709677419355,0.7647058823529411,-0.004376367614879695,0.0,0.01106194690265494,0.004415011037527616,-0.002192982456140302,-0.00989010989010989
1513,2026-03-26,-0.007692307692307665,-0.012035010940919078,0.0033333333333334103,-0.012035010940919078,-0.004096423507168687,-0.018691588785046776,-0.09016613676055711,-0.0030014628884981265,0.0033333333333333335,-0.08879919273461151,0.08995094356625576,0.017718715393133997,0.35198159884007996,41.791044776119406,0.35294117647058826,-0.007692307692307665,-0.004376367614879695,0.0,0.0033333333333334103,-0.012035010940919078,-0.0011074197120708748
1513,2026-03-27,-0.008859357696566983,-0.020787746170678356,-0.0022296544035674826,-0.020787746170678356,-0.012608353033884967,-0.02423956099865539,-0.09678070441013219,-0.004220554308267096,-0.002229654403567447,-0.09044715447154472,0.0313293612871629,0.013407821229050279,0.3589621333860936,37.333333333333336,0.0,-0.008859357696566983,-0.007692307692307665,-0.004376367614879695,-0.0022296544035674826,-0.020787746170678356,0.00558659217877095
1513,2026-03-28,-0.012290502793296132,-0.02857142857142858,-0.023204419889502725,-0.018867924528301883,-0.02150537634408604,-0.03321060114469032,-0.10656934306569345,-0.0063033092877588836,-0.023204419889502764,-0.088659793814433,0.1796834603229936,0.012443438914027148,0.3684819379538249,38.35616438356164,0.0,-0.012290502793296132,-0.008859357696566983,-0.007692307692307665,-0.023204419889502725,-0.018867924528301883,0.021493212669683258
1513,2026-03-29,-0.006787330316742057,-0.027685492801771905,-0.028761061946902644,-0.03516483516483515,-0.02413464591933942,-0.03696391356805972,-0.11123608143066024,-0.008243465870517637,-0.028761061946902654,-0.08350730688935282,0.10591374160566647,0.012528473804100227,0.32726029439373827,27.14285714285714,0.0,-0.006787330316742057,-0.012290502793296132,-0.008859357696566983,-0.028761061946902644,-0.03516483516483515,0.01366742596810934
1513,2026-03-30,0.018223234624145768,-0.0011173184357542443,-0.021881838074398252,-0.01866081229418226,-0.0031857279388340597,-0.01797810406063492,-0.09375563164534155,-0.007150442661162676,-0.02188183807439825,-0.042826552462526764,0.06979137180781628,0.01901565995525727,0.2953645227393506,39.99999999999999,0.4444444444444444,0.018223234624145768,-0.006787330316742057,-0.012290502793296132,-0.021881838074398252,-0.01866081229418226,-0.0022371364653243847
1513,2026-03-31,-0.006711409395973145,0.004524886877828038,-0.02844638949671774,-0.02310231023102305,-0.0057581573896352805,-0.02335300802874218,-0.09857884051432436,-0.0069860088304972675,-0.028446389496717725,-0.0368763557483731,-0.030269726592984793,0.01463963963963964,0.30434052696010194,38.20224719101124,0.3125,-0.006711409395973145,0.018223234624145768,-0.006787330316742057,-0.02844638949671774,-0.02310231023102305,0.013513513513513514
1513,2026-04-01,0.014639639639639546,0.026195899772209597,-0.009890109890109855,-0.0055187637969095205,0.010251481659458557,-0.008218977030894581,-0.08425653013517632,-0.004948565262824615,-0.00989010989010989,-0.024891774891774892,-0.15292519234691357,0.013318534961154272,0.31962165928512504,47.474747474747474,0.92,0.014639639639639546,-0.006711409395973145,0.018223234624145768,-0.009890109890109855,-0.0055187637969095205,0.01220865704772475
1513,2026-04-02,0.0011098779134295356,0.008948545861297452,-0.001107419712070845,0.0022222222222221255,0.01153476449855821,-0.006243114212265841,-0.08214144383515175,-0.0033295641559115655,-0.0011074197120708748,-0.02591792656587473,-0.10104773729938733,0.012195121951219513,0.294975873965781,51.06382978723405,1.0,0.0011098779134295356,0.014639639639639546,-0.006711409395973145,-0.001107419712070845,0.0022222222222221255,0.0022172949002217295
1513,2026-04-03,-0.0022172949002217113,0.013513513513513598,0.005586592178770999,0.0033444816053511683,0.008484072354730253,-0.007571859148717203,-0.0831399626464429,-0.002426846375757307,0.00558659217877095,-0.025974025974025976,-0.07985798027159043,0.014444444444444444,0.31506424537276767,51.61290322580645,0.9166666666666666,-0.0022172949002217113,0.0011098779134295356,0.014639639639639546,0.005586592178770999,0.0033444816053511683,0.008888888888888889
1513,2026-04-04,0.0033333333333334103,0.002219755826859071,0.02149321266968318,-0.0022099447513812542,0.008777529524417528,-0.002981119576018599,-0.07898912058023573,-0.0013695627733301627,0.021493212669683258,-0.03731343283582089,0.028257842958256733,0.013289036544850499,0.36701225905979107,48.86363636363637,1.0,0.0033333333333334103,-0.0022172949002217113,0.0011098779134295356,0.02149321266968318,-0.0022099447513812542,0.008859357696566999
1513,2026-04-05,-0.01439645625692132,-0.013303769401330379,0.013667425968109326,-0.015486725663716783,-0.007645747053201693,-0.01595842700770274,-0.09099162486665603,-0.002326127621433018,0.01366742596810934,-0.040948275862068964,0.12621039512836013,0.014606741573033709,0.3615397533959415,43.00000000000001,0.13333333333333333,-0.01439645625692132,0.0033333333333334103,-0.0022172949002217113,0.013667425968109326,-0.015486725663716783,0.020224719101123594
1513,2026-04-06,0.0022471910112360494,-0.008888888888888835,-0.0022371364653244186,-0.024070021881838044,-0.005098789037603551,-0.012728278915329275,-0.08751989088429188,-0.0026119732545354917,-0.0022371364653243847,-0.030434782608695653,-0.015265109939380897,0.006726457399103139,0.38866263093448744,38.04347826086957,0.26666666666666666,0.0022471910112360494,-0.01439645625692132,0.0033333333333334103,-0.0022371364653244186,-0.024070021881838044,0.028026905829596414
1513,2026-04-07,0.008968609865470878,-0.0033222591362126463,0.013513513513513598,-0.015317286652078765,0.0019083969465648312,-0.003248670998227939,-0.07775336164592557,-0.001669050042416343,0.013513513513513514,-0.018538713195201745,-0.1009794724093354,0.012222222222222223,0.3669177287393371,43.00000000000001,0.7692307692307693,0.008968609865470878,0.0022471910112360494,-0.01439645625692132,0.013513513513513598,-0.015317286652078765,0.015555555555555555
1513,2026-04-08,0.01333333333333342,0.024719101123595433,0.01220865704772467,0.00219780219780219,0.013494205429433206,0.010302426055167778,-0.06411411240208428,0.000556670853395222,0.01220865704772475,-0.007616974972796518,-0.0974319825535479,0.01644736842105263,0.31043139719390384,50.925925925925924,1.0,0.01333333333333342,0.008968609865470878,0.0022471910112360494,0.01220865704772467,0.00219780219780219,-0.003289473684210526
1513,2026-04-09,-0.00877192982456143,0.013452914798206317,0.0022172949002217113,0.001107419712070845,0.004285034121568041,0.0019581039642368766,-0.07123287671232881,0.0009449038614468601,0.0022172949002217295,-0.015250544662309368,-0.1151322246963412,0.014380530973451327,0.34900162566373977,50.458715596330265,0.6363636363636364,-0.00877192982456143,0.01333333333333342,0.008968609865470878,0.0022172949002217113,0.001107419712070845,0.00663716814159292
1513,2026-04-10,0.004424778761061843,0.008888888888888946,0.008888888888888946,0.01452513966480451,0.007449675067364029,0.00654029486753129,-0.06598242145085888,0.0016823486869445366,0.008888888888888889,-0.0043859649122807015,-0.181927703460673,0.011013215859030838,0.33632647405251853,56.19047619047619,0.8181818181818182,0.004424778761061843,-0.00877192982456143,0.01333333333333342,0.008888888888888946,0.01452513966480451,0.006607929515418502
1513,2026-04-11,0.0033039647577093323,-0.0010964912280702066,0.008859357696566983,0.030542986425339258,0.009498179515592826,0.009977827050997782,-0.061727547377094155,0.0024910367801351664,0.008859357696566999,-0.0032822757111597373,-0.028862862609399662,0.013172338090010977,0.3815401514620089,63.91752577319588,0.9545454545454546,0.0033039647577093323,0.004424778761061843,-0.00877192982456143,0.008859357696566983,0.030542986425339258,-0.006586169045005488
1513,2026-04-12,-0.003293084522502765,0.004424778761061843,0.020224719101123556,0.034168564920273425,0.0033149171270718232,0.006875138611665608,-0.06347769284543718,0.0025455054547570467,0.020224719101123594,-0.006564551422319475,0.15542878061589238,0.013215859030837005,0.3831695395887642,65.95744680851064,0.8,-0.003293084522502765,0.0033039647577093323,0.004424778761061843,0.020224719101123556,0.034168564920273425,-0.004405286343612335
1513,2026-04-13,0.009911894273127775,0.009911894273127775,0.028026905829596327,0.02572706935123037,0.009276729559748446,0.01625415589213147,-0.05294684659873312,0.0036522273594896885,0.028026905829596414,0.017758046614872364,0.07005937601169532,0.013086150490730643,0.3251382972311768,63.2183908045977,1.0,0.009911894273127775,-0.003293084522502765,0.0033039647577093323,0.028026905829596327,0.02572706935123037,-0.0054525627044711015
1513,2026-04-14,-0.0032715376226826187,0.003293084522502765,0.015555555555555545,0.029279279279279313,0.0037652965171007394,0.012779788727192105,-0.054613156805957755,0.003861551290405523,0.015555555555555555,0.004395604395604396,-0.05870884775989127,0.014223194748358862,0.37218879530266646,65.47619047619048,0.7692307692307693,-0.0032715376226826187,0.009911894273127775,-0.003293084522502765,0.015555555555555545,0.029279279279279313,-0.006564551422319475
1513,2026-04-15,-0.005470459518599591,0.0011013215859030367,-0.003289473684210509,0.008879023307436285,-0.001255689844608346,0.007313829787234068,-0.05771645108902227,0.0032271645629287507,-0.003289473684210526,-0.0021953896816684962,-0.22176885240394406,0.011001100110011002,0.30422201638086477,55.26315789473684,0.38461538461538464,-0.005470459518599591,-0.0032715376226826187,0.009911894273127775,-0.003289473684210509,0.008879023307436285,0.015401540154015401
1513,2026-04-16,0.0011001100110010764,-0.007633587786259555,0.006637168141592875,0.008869179600886845,-0.0010976948408342481,0.008384737561408104,-0.05463276118799991,0.00283550685011079,0.00663716814159292,0.0011001100110011,-0.3859617051966221,0.012087912087912088,0.3035243584374875,55.26315789473684,0.2222222222222222,0.0011001100110010764,-0.005470459518599591,-0.0032715376226826187,0.006637168141592875,0.008869179600886845,0.006593406593406593
1513,2026-04-17,0.00439560439560438,0.0,0.0066079295154184425,0.015555555555555545,0.002349992166692742,0.012518001550902796,-0.048236124448969644,0.0029988173141284567,0.006607929515418502,0.008830022075055188,-0.255883668114049,0.010940919037199124,0.26057352842339976,58.97435897435897,0.6666666666666666,0.00439560439560438,0.0011001100110010764,-0.005470459518599591,0.0066079295154184425,0.015555555555555545,0.0087527352297593
1513,2026-04-18,-0.009846827133479175,-0.004400440044004417,-0.00658616904500553,0.00221483942414169,-0.006586169045005488,0.002362844273794572,-0.05512633117561073,0.0018514356034945712,-0.006586169045005488,0.005555555555555556,-0.11638415118831663,0.015469613259668509,0.2941432898448029,51.19047619047619,0.0,-0.009846827133479175,0.00439560439560438,0.0011001100110010764,-0.00658616904500553,0.00221483942414169,0.014364640883977901
1513,2026-04-19,-0.0011049723756906271,-0.00659340659340657,-0.004405286343612369,0.01573033707865168,-0.007061038757257197,0.000996567379027768,-0.05303956143720101,0.0009149989007212245,-0.004405286343612335,0.007803790412486065,0.02100034046873512,0.008849557522123894,0.33373605438255377,59.722222222222214,0.0,-0.0011049723756906271,-0.009846827133479175,0.00439560439560438,-0.004405286343612369,0.01573033707865168,0.01327433628318584
1513,2026-04-20,0.008849557522123908,-0.002188183807439792,-0.005452562704471142,0.022421524663677195,0.0025125628140704056,0.009594095940959366,-0.04158055137142262,0.0013030532364462395,-0.0054525627044711015,0.0077348066298342545,-0.0280447173929848,0.01206140350877193,0.3228936944845177,62.82051282051282,0.8,0.008849557522123908,-0.0011049723756906271,-0.009846827133479175,-0.005452562704471142,0.022421524663677195,0.0021929824561403508
1513,2026-04-21,-0.004385964912280715,0.0033149171270718814,-0.006564551422319487,0.008888888888888946,-0.0009430996541968292,0.005017709563164075,-0.043080129743907965,0.000998206812952687,-0.006564551422319475,0.004424778761061947,-0.1333073359084204,0.014317180616740088,0.34110838037108054,55.4054054054054,0.4,-0.004385964912280715,0.008849557522123908,-0.0011049723756906271,-0.006564551422319487,0.008888888888888946,0.004405286343612335
1513,2026-04-22,0.016519823788546217,0.02101769911504414,0.015401540154015292,0.012061403508771829,0.013331242158092812,0.021281304171430697,-0.02543466529012877,0.002688437577792691,0.015401540154015401,0.009846827133479213,0.041905449631029525,0.01733477789815818,0.35351977188240497,57.14285714285714,1.0,0.016519823788546217,-0.004385964912280715,0.008849557522123908,0.015401540154015292,0.012061403508771829,-0.011917659804983749
1513,2026-04-23,-0.007583965330444253,0.004385964912280604,0.00659340659340657,0.01327433628318575,0.004700720777185889,0.013461183846579341,-0.0316669798909979,0.002798844948110592,0.006593406593406593,0.002188183807439825,0.012454520330811063,0.013100436681222707,0.32366327833498015,57.89473684210526,0.631578947368421,-0.007583965330444253,0.016519823788546217,-0.004385964912280715,0.00659340659340657,0.01327433628318575,0.0
1513,2026-04-24,0.0065502183406114245,0.01541850220264318,0.00875273522975939,0.01541850220264318,0.010015649452269135,0.019648320861134647,-0.02475142796699807,0.0035416634009264427,0.0087527352297593,0.013186813186813187,-0.04742594468178009,0.016268980477223426,0.33553627648829926,58.97435897435897,0.9473684210526315,0.0065502183406114245,-0.007583965330444253,0.016519823788546217,0.00875273522975939,0.01541850220264318,0.0
1513,2026-04-25,-0.004338394793926281,-0.005417118093174467,0.01436464088397793,0.007683863885839637,0.003592066218959916,0.01466362095645124,-0.028537161804649224,0.0033949859966110312,0.014364640883977901,0.016611295681063124,0.11193830015104382,0.011982570806100218,0.2710886523202017,54.43037974683545,0.7368421052631579,-0.004338394793926281,0.0065502183406114245,-0.007583965330444253,0.01436464088397793,0.007683863885839637,0.002178649237472767
1513,2026-04-26,-0.002178649237472796,0.0,0.01327433628318575,0.008810572687224738,-0.00046765393608731314,0.011670286787173788,-0.030334395840929684,0.002931558840416043,0.01327433628318584,0.02346368715083799,0.17024153471089923,0.013100436681222707,0.37119007861167663,55.12820512820513,0.5333333333333333,-0.002178649237472796,-0.004338394793926281,0.0065502183406114245,0.01327433628318575,0.008810572687224738,-0.001091703056768559
1513,2026-04-27,-0.0021834061135370675,-0.008676789587852451,0.002192982456140413,-0.0032715376226826187,-0.002960885148823385,0.008347736549847447,-0.03182524363259737,0.0022779183422396206,0.0021929824561403508,0.033936651583710405,-0.001566536114562591,0.009846827133479213,0.3213174728796151,47.88732394366197,0.4,-0.0021834061135370675,-0.002178649237472796,-0.004338394793926281,0.002192982456140413,-0.0032715376226826187,-0.00437636761487965
1513,2026-04-28,-0.002188183807439792,-0.006535947712418277,0.004405286343612369,-0.002188183807439792,-0.005762342314281317,0.004884856943475168,-0.03319277250347478,0.0015221802318116423,0.004405286343612335,0.0387243735763098,-0.1189058378054675,0.009868421052631578,0.27189869560161517,48.57142857142856,0.0,-0.002188183807439792,-0.0021834061135370675,-0.002178649237472796,0.004405286343612369,-0.002188183807439792,0.006578947368421052
1513,2026-04-29,0.0,-0.004366812227074246,-0.011917659804983716,0.0033003300330032292,-0.004056162246489806,0.004220957973940214,-0.03225806451612901,0.0009800764844514647,-0.011917659804983749,0.020134228187919462,0.008012220810867316,0.01425438596491228,0.34102885646884945,52.30769230769231,0.0,0.0,-0.002188183807439792,-0.0021834061135370675,-0.011917659804983716,0.0033003300330032292,0.005482456140350877
1513,2026-04-30,0.004385964912280604,0.002188183807439792,0.0,0.00659340659340657,0.0003120124804992732,0.007589924100758968,-0.026670917012007248,0.0011054693334445614,0.0,0.03153153153153153,0.032442469565846184,0.014192139737991267,0.358107803551607,54.41176470588235,0.4,0.004385964912280604,0.0,-0.002188183807439792,0.0,0.00659340659340657,0.004366812227074236
1513,2026-05-01,0.0065502183406114245,0.010964912280701844,0.0,0.00875273522975939,0.006864274570982893,0.013409540558364526,-0.019067771565023105,0.001914312883283476,0.0,0.023307436182019976,-0.016459912694714873,0.013015184381778741,0.27995357876927807,55.71428571428571,1.0,0.0065502183406114245,0.004385964912280604,0.0,0.0,0.00875273522975939,-0.0032537960954446853
1513,2026-05-02,-0.002169197396963085,0.00877192982456143,0.002178649237472685,0.016574585635359185,0.004366812227074236,0.010544815465729374,-0.019944368822867913,0.0021203645823902255,0.002178649237472767,0.019955654101995565,0.08743327351142953,0.014130434782608696,0.3169405939308218,61.904761904761905,0.8,-0.002169197396963085,0.0065502183406114245,0.004385964912280604,0.002178649237472685,0.016574585635359185,0.0
1513,2026-05-03,-0.005434782608695676,-0.0010917030567685337,-0.0010917030567685337,0.012168141592920456,-0.0009358914365933906,0.004501042924580111,-0.023976864636791374,0.0015473825601422444,-0.001091703056768559,0.016666666666666666,0.3360376724537591,0.015300546448087432,0.33542988975792676,58.208955223880594,0.3,-0.005434782608695676,-0.002169197396963085,0.0065502183406114245,-0.0010917030567685337,0.012168141592920456,0.003278688524590164
1513,2026-05-04,-0.005464480874316946,-0.013015184381778733,-0.004376367614879695,-0.002192982456140302,-0.005774933666302534,-0.001243872100680463,-0.027766236541269532,0.00048635281410926655,-0.00437636761487965,0.007751937984496124,-0.10683395861949556,0.00989010989010989,0.2988875673081876,48.4375,0.0,-0.005464480874316946,-0.005434782608695676,-0.002169197396963085,-0.004376367614879695,-0.002192982456140302,0.015384615384615385
1513,2026-05-05,0.00879120879120876,-0.0021739130434782483,0.006578947368421018,0.011013215859030812,0.002027132387338255,0.006505372414297142,-0.017749931639580045,0.0007997952840956206,0.006578947368421052,0.03146067415730337,-0.01833406698081219,0.016339869281045753,0.32972229769226336,57.35294117647059,0.6666666666666666,0.00879120879120876,-0.005464480874316946,-0.005434782608695676,0.006578947368421018,0.011013215859030812,0.008714596949891068
1513,2026-05-06,-0.0010893246187363426,0.002185792349726823,0.005482456140350811,-0.00650054171180936,0.00015581177937048498,0.004491181947639416,-0.017383021788308077,0.0008492891886616224,0.005482456140350877,0.028026905829596414,-0.08762253905499687,0.013086150490730643,0.3511839216828525,44.444444444444436,0.5833333333333334,-0.0010893246187363426,0.00879120879120876,-0.005464480874316946,0.005482456140350811,-0.00650054171180936,0.023991275899672846
1513,2026-05-07,0.0032715376226826187,0.01098901098901095,0.004366812227074135,0.004366812227074135,0.002802865151043271,0.007041996570219229,-0.012946141191617251,0.001234841078038504,0.004366812227074236,0.022222222222222223,-0.06772874284735636,0.014130434782608696,0.31983469955675065,54.0,0.8333333333333334,0.0032715376226826187,-0.0010893246187363426,0.00879120879120876,0.004366812227074135,0.004366812227074135,0.03260869565217391
1513,2026-05-08,-0.0010869565217391797,0.0010893246187364536,-0.0032537960954447387,-0.0032537960954447387,0.0021810250817884407,0.005690523090391821,-0.012936487099315025,0.0013167020731667562,-0.0032537960954446853,0.007675438596491228,-0.04115662352623024,0.013057671381936888,0.3205413332995211,46.666666666666664,0.9,-0.0010869565217391797,0.0032715376226826187,-0.0010893246187363426,-0.0032537960954447387,-0.0032537960954447387,0.035908596300326445
1513,2026-05-09,0.0010881392818280489,0.0032715376226826187,0.0,0.002178649237472685,0.003271537622682661,0.006197593875318952,-0.010563548587543587,0.0014529245368033986,0.0,0.017699115044247787,0.09596941466057435,0.016304347826086956,0.35532278618717555,52.38095238095237,1.0,0.0010881392818280489,-0.0010869565217391797,0.0032715376226826187,0.0,0.002178649237472685,0.02282608695652174
1513,2026-05-10,-0.0021739130434782483,-0.0021739130434782483,0.003278688524590123,0.0021834061135370675,0.0006228589224540464,0.003644314868804706,-0.011296730649562063,0.0012387816634770352,0.003278688524590164,0.011013215859030838,0.28322987720047105,0.015250544662309368,0.3423889711562519,52.38095238095237,0.8,-0.0021739130434782483,0.0010881392818280489,-0.0010869565217391797,0.003278688524590123,0.0021834061135370675,0.017429193899782137
1513,2026-05-11,0.006535947712418277,0.005440696409140466,0.01538461538461533,0.010940919037199182,0.004972032318210051,0.009725713036826551,-0.0034751348112641756,0.0018199731028846985,0.015384615384615385,0.014270032930845226,0.07307483676878734,0.015151515151515152,0.3901176571043812,60.869565217391305,1.0,0.006535947712418277,-0.0021739130434782483,0.0010881392818280489,0.01538461538461533,0.010940919037199182,0.006493506493506494
1513,2026-05-12,0.0021645021645022577,0.006521739130434856,0.008714596949890963,0.015350877192982448,0.0058969584109249094,0.011248225401332263,-9.598310697312635e-05,0.002389296031873324,0.008714596949891068,0.019823788546255508,-0.062039641563244666,0.014038876889848811,0.3632602315680975,65.21739130434783,1.0,0.0021645021645022577,0.006535947712418277,-0.0021739130434782483,0.008714596949890963,0.015350877192982448,0.03023758099352052
1513,2026-05-13,0.014038876889848728,0.02287581699346397,0.02399127589967276,0.02960526315789469,0.016548097742035316,0.024624449859964415,0.014866942069363088,0.004318916452491787,0.023991275899672846,0.023991275899672846,0.01904409400697952,0.012779552715654952,0.27942727795049155,72.88135593220339,1.0,0.014038876889848728,0.0021645021645022577,0.006535947712418277,0.02399127589967276,0.02960526315789469,0.01597444089456869
1513,2026-05-14,0.011714589989350266,0.02813852813852824,0.032608695652173836,0.037117903930131035,0.023706896551724137,0.03527189509244797,0.02770599194663138,0.006798241812486717,0.03260869565217391,0.03938730853391685,-0.09156144397944514,0.017894736842105262,0.37942707738916615,75.75757575757575,1.0,0.011714589989350266,0.014038876889848728,0.0021645021645022577,0.032608695652173836,0.037117903930131035,0.002105263157894737
1513,2026-05-15,0.002105263157894832,0.02807775377969768,0.0359085963003265,0.03253796095444694,0.02067697962934605,0.035833454228927836,0.030885661689507075,0.008414590535813895,0.035908596300326445,0.047304730473047306,0.10522970272254868,0.02100840336134454,0.3445120566133765,74.19354838709677,1.0,0.002105263157894832,0.011714589989350266,0.014038876889848728,0.0359085963003265,0.03253796095444694,-0.005252100840336135
1513,2026-05-16,-0.011554621848739455,0.0021299254526092604,0.022826086956521774,0.022826086956521774,0.005648854961832113,0.022714922291055296,0.01988222401522175,0.007806670500975151,0.02282608695652174,0.03406593406593406,0.13649383940166043,0.01487778958554729,0.3788501071627749,64.78873239436619,0.6764705882352942,-0.011554621848739455,0.002105263157894832,0.011714589989350266,0.022826086956521774,0.022826086956521774,0.005313496280552604
1513,2026-05-17,-0.007438894792773598,-0.01684210526315788,0.017429193899782147,0.02076502732240426,-0.0042643923240938165,0.014372081236650633,0.013210549153849893,0.0062800606860550934,0.017429193899782137,0.02188183807439825,0.12268951240394663,0.013918629550321198,0.33822041857954893,63.013698630136986,0.35714285714285715,-0.007438894792773598,-0.011554621848739455,0.002105263157894832,0.017429193899782147,0.02076502732240426,0.004282655246252677
1513,2026-05-18,-0.004282655246252709,-0.02310924369747902,0.006493506493506551,0.0219780219780219,-0.009433962264150978,0.009114583333333308,0.009662360221474299,0.00458036159773392,0.006493506493506494,0.027624309392265192,-0.06253787384922944,0.013978494623655914,0.34529345673078393,63.888888888888886,0.15384615384615385,-0.004282655246252709,-0.007438894792773598,-0.011554621848739455,0.006493506493506551,0.0219780219780219,0.00967741935483871
1513,2026-05-19,0.02580645161290329,0.01381509032943673,0.030237580993520474,0.03921568627450989,0.011818181818181783,0.033287601992923695,0.036243165936493,0.006309233366211632,0.03023758099352052,0.05530973451327434,-0.08926921319156352,0.019916142557651992,0.2986994399915848,70.45454545454545,1.0,0.02580645161290329,-0.004282655246252709,-0.007438894792773598,0.030237580993520474,0.03921568627450989,-0.023060796645702306
1513,2026-05-20,0.0,0.021413276231263323,0.015974440894568787,0.040348964013086075,0.009523809523809525,0.03172314347512621,0.03669359220487556,0.007211899347627254,0.01597444089456869,0.046052631578947366,-0.21194142148613732,0.015723270440251572,0.3133598469752245,71.26436781609195,1.0,0.0,0.02580645161290329,-0.004282655246252709,0.015974440894568787,0.040348964013086075,-0.012578616352201259
1513,2026-05-21,-0.002096436058700246,0.023655913978494647,0.002105263157894832,0.034782608695652195,0.0071029167296357346,0.02792974373740283,0.03497010327957959,0.007304846324487609,0.002105263157894737,0.048458149779735685,-0.07652044173918396,0.015756302521008403,0.38690226144689926,68.6046511627907,0.9166666666666666,-0.002096436058700246,0.0,0.02580645161290329,0.002105263157894832,0.034782608695652195,-0.004201680672268907
1513,2026-05-22,-0.005252100840336116,-0.007337526205450695,-0.005252100840336116,0.030467899891186034,0.0025710828796128423,0.0216484464902187,0.029957341905233813,0.0065028895913516425,-0.005252100840336135,0.02600216684723727,0.01455022290996762,0.012671594508975714,0.3082837659812189,65.55555555555556,0.7083333333333334,-0.005252100840336116,-0.002096436058700246,0.0,-0.005252100840336116,0.030467899891186034,-0.0010559662090813093
1513,2026-05-23,-0.001055966209081327,-0.008385744234800874,0.005313496280552554,0.02826086956521734,0.0007556294393229044,0.019469789496371924,0.029193109700815997,0.0056413496403304375,0.005313496280552604,0.03275109170305677,0.0699020650720035,0.016913319238900635,0.3264980240100099,64.44444444444444,0.6666666666666666,-0.001055966209081327,-0.005252100840336116,-0.002096436058700246,0.005313496280552554,0.02826086956521734,0.004228329809725159
1513,2026-05-24,-0.008456659619450302,-0.014705882352941124,0.004282655246252709,0.02178649237472774,-0.008306902280622296,0.010267825087958609,0.021106743271847625,0.0039062298857687645,0.004282655246252677,0.01735357917570499,0.1928551860771978,0.017057569296375266,0.35663525992298345,60.416666666666664,0.3333333333333333,-0.008456659619450302,-0.001055966209081327,-0.005252100840336116,0.004282655246252709,0.02178649237472774,0.010660980810234541
1513,2026-05-25,0.0010660980810235365,-0.008447729672650506,0.00967741935483879,0.016233766233766156,-0.00859728506787327,0.010582959641255647,0.022838676881739985,0.0027714061393161417,0.00967741935483871,0.02287581699346405,0.047452432791363394,0.014909478168264111,0.401507883910465,58.241758241758234,0.0625,0.0010660980810235365,-0.008456659619450302,-0.001055966209081327,0.00967741935483879,0.016233766233766156,0.005324813631522897
1513,2026-05-26,-0.007454739084132078,-0.014799154334038,-0.023060796645702264,0.00647948164146861,-0.012711864406779662,0.002473916317091486,0.015853023458599305,0.0010734706774208332,-0.023060796645702306,0.017467248908296942,0.05132994678166571,0.012875536480686695,0.3462100855611665,53.125,0.0,-0.007454739084132078,0.0010660980810235365,-0.008456659619450302,-0.023060796645702264,0.00647948164146861,0.027896995708154508
1513,2026-05-27,0.010729613733905685,0.004264392324093924,-0.012578616352201255,0.0031948881789136685,-0.00030321406913285943,0.012213904509473843,0.02710102613183438,0.0011738804506117497,-0.012578616352201259,0.030634573304157548,-0.11699217226304416,0.013800424628450107,0.3235632745850546,51.61290322580645,0.5,0.010729613733905685,-0.007454739084132078,0.0010660980810235365,-0.012578616352201255,0.0031948881789136685,0.025477707006369428
1513,2026-05-28,0.006369426751592355,0.009584664536741228,-0.004201680672268893,-0.002105263157894721,0.00667475728155345,0.017349311393310637,0.033768310857475226,0.0019430840813042596,-0.004201680672268907,0.039473684210526314,-0.10564053340130468,0.015822784810126583,0.33144338404089746,48.86363636363637,1.0,0.006369426751592355,0.010729613733905685,-0.007454739084132078,-0.004201680672268893,-0.002105263157894721,0.017932489451476793
1513,2026-05-29,-0.002109704641350185,0.015021459227467782,-0.001055966209081327,-0.006302521008403339,0.004703383401608271,0.013969773839722715,0.03143739778302748,0.0021295074885680576,-0.0010559662090813093,0.03728070175438596,-0.2240823812608856,0.011627906976744186,0.3212709582201612,46.59090909090909,0.875,-0.002109704641350185,0.006369426751592355,0.010729613733905685,-0.001055966209081327,-0.006302521008403339,0.004228329809725159
1513,2026-05-30,0.0042283298097252064,0.00849256900212314,0.0042283298097252064,0.009564293304994642,0.008339651250947723,0.017021732148592202,0.035447422280890865,0.00267314622572688,0.004228329809725159,0.03711790393013101,-0.09408293911956293,0.01263157894736842,0.30297547305297895,55.55555555555556,1.0,0.0042283298097252064,-0.002109704641350185,0.006369426751592355,0.0042283298097252064,0.009564293304994642,-0.015789473684210527
1513,2026-05-31,-0.002105263157894721,0.0,0.010660980810234477,0.01498929336188426,0.004693414080242258,0.013939890905201579,0.032967299054445114,0.002689420363297379,0.010660980810234541,0.028199566160520606,0.2531045216711446,0.014767932489451477,0.3143452792846494,59.21052631578947,0.8888888888888888,-0.002105263157894721,0.0042283298097252064,-0.002109704641350185,0.010660980810234477,0.01498929336188426,-0.020042194092827006
1513,2026-06-01,-0.00421940928270037,-0.0021141649048626032,0.005324813631522929,0.01505376344086029,-0.0003025718608169956,0.008798489651978787,0.028384675906312398,0.002116698618967997,0.005324813631522897,0.02608695652173913,0.05433958792807749,0.011652542372881356,0.36901685435076964,59.21052631578947,0.6666666666666666,-0.00421940928270037,-0.002105263157894721,0.0042283298097252064,0.005324813631522929,0.01505376344086029,-0.019067796610169493
1513,2026-06-02,0.014830508474576343,0.008421052631578885,0.027896995708154515,0.004192872117400492,0.010548523206751054,0.02219376867264186,0.04320681435952041,0.003398520543313709,0.027896995708154508,0.046994535519125684,0.046162883478967125,0.014613778705636743,0.3055111380017383,53.03030303030303,1.0,0.014830508474576343,-0.00421940928270037,-0.002105263157894721,0.027896995708154515,0.004192872117400492,-0.033402922755741124
1513,2026-06-03,0.008350730688935215,0.018987341772152,0.02547770700636942,0.012578616352201255,0.015315315315315298,0.028680959818259206,0.051562103124206254,0.005093754527458345,0.025477707006369428,0.06153846153846154,-0.027839770897039463,0.019668737060041408,0.30470195182829485,58.10810810810811,1.0,0.008350730688935215,0.014830508474576343,-0.00421940928270037,0.02547770700636942,0.012578616352201255,-0.041407867494824016
1513,2026-06-04,-0.0010351966873706209,0.022245762711864403,0.01793248945147674,0.013655462184873901,0.011681893065748057,0.025904532407243355,0.05000362695553349,0.005895171750740663,0.017932489451476793,0.05119825708061002,-0.00030085383442384167,0.014507772020725389,0.3376939243408483,58.9041095890411,0.9545454545454546,-0.0010351966873706209,0.008350730688935215,0.014830508474576343,0.01793248945147674,0.013655462184873901,-0.039378238341968914
1513,2026-06-05,-0.015544041450777257,-0.008350730688935326,0.0042283298097252064,0.0031678986272438703,-0.004640023948510719,0.008778139600736215,0.03330755100067683,0.004386104968925812,0.004228329809725159,0.03598691384950927,0.13617834144035923,0.02,0.3773327396008949,51.807228915662655,0.2727272727272727,-0.015544041450777257,-0.0010351966873706209,0.008350730688935215,0.0042283298097252064,0.0031678986272438703,-0.02736842105263158
1513,2026-06-06,-0.015789473684210575,-0.03209109730848858,-0.015789473684210575,-0.011627906976744207,-0.0181518151815182,-0.007676796264195014,0.016770981851574388,0.0014202718183439094,-0.015789473684210527,0.016304347826086956,0.220186607946322,0.017112299465240642,0.3952576433904639,44.329896907216494,0.0,-0.015789473684210575,-0.015544041450777257,-0.0010351966873706209,-0.015789473684210575,-0.011627906976744207,-0.012834224598930482
1513,2026-06-07,-0.0064171122994652885,-0.03730569948186524,-0.020042194092827037,-0.009594882729211052,-0.021663908530163967,-0.014393323195529991,0.01012419658821826,-0.001302723693937573,-0.020042194092827006,0.01088139281828074,0.07958151319774812,0.017222820236813777,0.39895466693640286,45.26315789473685,0.0,-0.0064171122994652885,-0.015789473684210575,-0.015544041450777257,-0.020042194092827037,-0.009594882729211052,-0.011840688912809472
1513,2026-06-08,-0.0032292787944026013,-0.025263157894736876,-0.01906779661016944,-0.013844515441959526,-0.022175290390707498,-0.017784534879609643,0.006764919062575446,-0.0034113154913287523,-0.019067796610169493,0.006521739130434782,-0.02604527204762564,0.01511879049676026,0.36607601693105324,43.29896907216495,0.0,-0.0032292787944026013,-0.0064171122994652885,-0.015789473684210575,-0.01906779661016944,-0.013844515441959526,-0.004319654427645789
1513,2026-06-09,0.0,-0.009625668449197877,-0.03340292275574108,-0.006437768240343367,-0.017432166136122498,-0.018062281290869855,0.006594680773969186,-0.004677100862805763,-0.033402922755741124,0.008714596949891068,0.08928353855474029,0.014038876889848811,0.3192593850796105,46.666666666666664,0.0,0.0,-0.0032292787944026013,-0.0064171122994652885,-0.03340292275574108,-0.006437768240343367,-0.0032397408207343412
1513,2026-06-10,0.0,-0.0032292787944026013,-0.04140786749482406,-0.01698513800424628,-0.011438157694067358,-0.018131693351712462,0.006448808057387088,-0.0053497983068115295,-0.041407867494824016,0.0021645021645021645,-0.04899632465638485,0.011879049676025918,0.35999719704914585,39.99999999999999,0.0,0.0,0.0,-0.0032292787944026013,-0.04140786749482406,-0.01698513800424628,0.0
1513,2026-06-11,0.001079913606911509,0.001079913606911509,-0.03937823834196896,-0.022151898734177222,-0.0046019328117810005,-0.017106100233264997,0.007377534140716505,-0.005487269781083556,-0.039378238341968914,0.0010799136069114472,-0.13160214692988048,0.012944983818770227,0.3308784525936421,36.0,0.041666666666666664,0.001079913606911509,0.0,0.0,-0.03937823834196896,-0.022151898734177222,-0.003236245954692557
1513,2026-06-12,-0.003236245954692518,-0.002159827213822907,-0.027368421052631597,-0.023255813953488413,-0.00385030032342521,-0.01976731850489762,0.0038386325776779565,-0.005772184070159496,-0.02736842105263158,-0.01597444089456869,-0.051230117756433956,0.011904761904761904,0.37277855888306793,35.526315789473685,0.0,-0.003236245954692518,0.001079913606911509,0.0,-0.027368421052631597,-0.023255813953488413,-0.012987012987012988
1513,2026-06-13,-0.0010822510822511289,-0.003239740820734305,-0.012834224598930466,-0.028421052631578902,-0.0030859435272334867,-0.019892396998442603,0.0025948946955524988,-0.005893432119515926,-0.012834224598930482,-0.028421052631578948,0.07762963400360694,0.015167930660888408,0.3190168568765219,31.506849315068493,0.0,-0.0010822510822511289,-0.003236245954692518,0.001079913606911509,-0.012834224598930466,-0.028421052631578902,-0.02600216684723727
1513,2026-06-14,-0.005417118093174467,-0.009708737864077666,-0.011840688912809427,-0.03164556962025311,-0.0068006182380216905,-0.024027216670210527,-0.0029205184523665635,-0.006408265366128634,-0.011840688912809472,-0.03571428571428571,0.09500278608460697,0.013071895424836602,0.3174399271194634,30.26315789473685,0.0,-0.005417118093174467,-0.0010822510822511289,-0.003236245954692518,-0.011840688912809427,-0.03164556962025311,-0.037037037037037035
1513,2026-06-15,0.004357298474945592,-0.0021645021645021467,-0.004319654427645814,-0.02330508474576276,-0.0018558614290132478,-0.019114152984148404,0.001266968325791814,-0.006028116986293103,-0.004319654427645789,-0.020191285866099893,-0.0693323331686617,0.014099783080260303,0.3420237547304447,35.526315789473685,0.4444444444444444,0.004357298474945592,-0.005417118093174467,-0.0010822510822511289,-0.004319654427645814,-0.02330508474576276,-0.04772234273318872
1513,2026-06-16,0.0010845986984815426,0.0,-0.003239740820734305,-0.0365344467640919,-0.00030945381401831056,-0.01766709237973608,0.00214737248467884,-0.005454687969980129,-0.0032397408207343412,-0.011777301927194861,0.020248005553899568,0.01733477789815818,0.36545169940494066,22.222222222222214,0.5555555555555556,0.0010845986984815426,0.004357298474945592,-0.005417118093174467,-0.003239740820734305,-0.0365344467640919,-0.04333694474539545
1513,2026-06-17,0.003250270855904569,0.008714596949890963,0.0,-0.04140786749482406,0.002939811233173396,-0.01433437411297193,0.005089365397139321,-0.0045216087240913475,0.0,-0.004301075268817204,0.10444603048612662,0.01511879049676026,0.3096067927545054,15.517241379310349,0.8888888888888888,0.003250270855904569,0.0010845986984815426,0.004357298474945592,0.0,-0.04140786749482406,-0.052915766738660906
1513,2026-06-18,-0.002159827213822907,0.002169197396963085,-0.003236245954692518,-0.042487046632124326,0.0012383900928792217,-0.015415216310293418,0.0025920790885526827,-0.004016685987501074,-0.003236245954692557,-0.031446540880503145,0.011771785323044792,0.017316017316017316,0.34462838183953154,15.254237288135585,0.75,-0.002159827213822907,0.003250270855904569,0.0010845986984815426,-0.003236245954692518,-0.042487046632124326,-0.05411255411255411
1513,2026-06-19,-0.012987012987012991,-0.011917659804983716,-0.012987012987012991,-0.040000000000000036,-0.009925558312655052,-0.026750142287990948,-0.01051210338509015,-0.005072515852243516,-0.012987012987012988,-0.0440251572327044,0.019635485997800878,0.01425438596491228,0.30940415527068293,16.07142857142857,0.0,-0.012987012987012991,-0.002159827213822907,0.003250270855904569,-0.012987012987012991,-0.040000000000000036,-0.044956140350877194
1513,2026-06-20,-0.014254385964912242,-0.029157667386609076,-0.026002166847237218,-0.0385026737967914,-0.02039227895392274,-0.03881107665989517,-0.024557850193497044,-0.00724955535802832,-0.02600216684723727,-0.05567226890756303,0.06228304537405817,0.017797552836484983,0.3998585891936764,16.666666666666657,0.0,-0.014254385964912242,-0.012987012987012991,-0.002159827213822907,-0.026002166847237218,-0.0385026737967914,-0.0389321468298109
1513,2026-06-21,-0.016685205784204626,-0.04329004329004327,-0.03703703703703709,-0.0484391819160388,-0.031611893583724605,-0.05272181740248612,-0.04048626940193201,-0.01036474348482299,-0.037037037037037035,-0.0665258711721225,0.19279266702879347,0.016968325791855202,0.37166073986200326,14.285714285714292,0.0,-0.016685205784204626,-0.014254385964912242,-0.012987012987012991,-0.03703703703703709,-0.0484391819160388,-0.03619909502262444
1513,2026-06-22,-0.006787330316742057,-0.037280701754385914,-0.04772234273318876,-0.05183585313174943,-0.03151591553734634,-0.056860498424520144,-0.04658486263437939,-0.012854359638062526,-0.04772234273318872,-0.07188160676532769,0.08527210559336014,0.014806378132118452,0.4099532543958759,13.63636363636364,0.0,-0.006787330316742057,-0.016685205784204626,-0.014254385964912242,-0.04772234273318876,-0.05183585313174943,-0.03416856492027335
1513,2026-06-23,0.005694760820045497,-0.017797552836484987,-0.0433369447453954,-0.04643628509719222,-0.01982239137329531,-0.04961790980518784,-0.0408429285248751,-0.013422967024290652,-0.04333694474539545,-0.05863539445628998,-0.07298543045828249,0.01812004530011325,0.34151129174436984,19.718309859154942,0.10416666666666667,0.005694760820045497,-0.006787330316742057,-0.016685205784204626,-0.0433369447453954,-0.04643628509719222,-0.0464326160815402
1513,2026-06-24,-0.006795016987542479,-0.007918552036199067,-0.05291576673866094,-0.05291576673866094,-0.01885887805657667,-0.0539714501456258,-0.04706138020959098,-0.014144999904895239,-0.052915766738660906,-0.06602768903088392,-0.10532780970416045,0.01596351197263398,0.363740370151339,18.181818181818187,0.0,-0.006795016987542479,0.005694760820045497,-0.006787330316742057,-0.05291576673866094,-0.05291576673866094,-0.052451539338654506
1513,2026-06-25,-0.0034207525655644,-0.004555808656036442,-0.05411255411255411,-0.057173678532901784,-0.014338649911390312,-0.05523727164630853,-0.050080307220404074,-0.01455431376806279,-0.05411255411255411,-0.06223175965665236,-0.05413124467902244,0.014874141876430207,0.36224812480235585,16.455696202531655,0.0,-0.0034207525655644,-0.006795016987542479,0.005694760820045497,-0.05411255411255411,-0.057173678532901784,-0.05034324942791762
1513,2026-06-26,-0.003432494279176246,-0.013590033975084959,-0.04495614035087714,-0.05735930735930739,-0.011190398962049987,-0.056065313199913314,-0.053192260308717966,-0.01474661547461553,-0.044956140350877194,-0.07537154989384288,-0.07566214601968349,0.016073478760045924,0.36288227443034715,16.455696202531655,0.0,-0.003432494279176246,-0.0034207525655644,-0.006795016987542479,-0.04495614035087714,-0.05735930735930739,-0.06199770378874857
1513,2026-06-27,-0.008036739380022917,-0.014823261117445807,-0.03893214682981094,-0.06392199349945826,-0.013537758930027765,-0.060801507355605425,-0.060642667310944726,-0.015323802131627332,-0.0389321468298109,-0.08860759493670886,0.1260981620639461,0.011574074074074073,0.32255322895572325,15.294117647058826,0.0,-0.008036739380022917,-0.003432494279176246,-0.0034207525655644,-0.03893214682981094,-0.06392199349945826,-0.07175925925925926
1513,2026-06-28,-0.01388888888888884,-0.02517162471395884,-0.03619909502262442,-0.07189542483660127,-0.02213477619281855,-0.07068062827225126,-0.07321907708670745,-0.016812015640741418,-0.03619909502262444,-0.09936575052854123,0.17118656135060567,0.015258215962441314,0.38803537298163243,14.130434782608688,0.0,-0.01388888888888884,-0.008036739380022917,-0.003432494279176246,-0.03619909502262442,-0.07189542483660127,-0.051643192488262914
1513,2026-06-29,-0.0046948356807511304,-0.02640642939150406,-0.034168564920273314,-0.08026030368763559,-0.02191464821222607,-0.07160061309393473,-0.07712399332511065,-0.01778876349149152,-0.03416856492027335,-0.10736842105263159,0.1031957389047323,0.014150943396226415,0.4036482789649644,9.782608695652172,0.0,-0.0046948356807511304,-0.01388888888888884,-0.008036739380022917,-0.034168564920273314,-0.08026030368763559,-0.04009433962264151
1513,2026-06-30,-0.007075471698113178,-0.02546296296296291,-0.04643261608154026,-0.0877573131094258,-0.022229595222295916,-0.07458968347010551,-0.08299955226950956,-0.018672464592081724,-0.0464326160815402,-0.11181434599156118,-0.057865714550971364,0.017814726840855107,0.36204945632018243,8.24742268041237,0.0,-0.007075471698113178,-0.0046948356807511304,-0.01388888888888884,-0.04643261608154026,-0.0877573131094258,-0.021377672209026127
1513,2026-07-01,-0.013064133016627122,-0.02464788732394363,-0.05245153933865454,-0.10259179265658747,-0.027582748244734185,-0.08288268403046024,-0.09420114330006782,-0.020158349183518148,-0.052451539338654506,-0.11970338983050847,0.09855880094899004,0.019253910950661854,0.3385714678471681,4.761904761904759,0.0,-0.013064133016627122,-0.007075471698113178,-0.0046948356807511304,-0.05245153933865454,-0.10259179265658747,-0.010830324909747292
1513,2026-07-02,-0.001203369434416346,-0.021226415094339646,-0.05034324942791757,-0.10173160173160178,-0.021556079488043167,-0.0796525596008132,-0.09452350360008722,-0.020629211291050165,-0.05034324942791762,-0.1336116910229645,0.06939174273863379,0.020481927710843374,0.3877797309013049,4.807692307692321,0.0,-0.001203369434416346,-0.013064133016627122,-0.007075471698113178,-0.05034324942791757,-0.10173160173160178,-0.021686746987951807
1513,2026-07-03,-0.015662650602409678,-0.029691211401425166,-0.06199770378874858,-0.10416666666666663,-0.0280421481985044,-0.08905076934512748,-0.10777556666504876,-0.022083037172668313,-0.06199770378874857,-0.15424430641821946,0.10478501408069993,0.014687882496940025,0.37447253211114206,4.761904761904759,0.0,-0.015662650602409678,-0.001203369434416346,-0.013064133016627122,-0.06199770378874858,-0.10416666666666663,-0.0036719706242350062
1513,2026-07-04,-0.01835985312117505,-0.03489771359807459,-0.0717592592592593,-0.10789766407119017,-0.03572655444864302,-0.10032531877500649,-0.12322044604246635,-0.02444522942674656,-0.07175925925925926,-0.1689119170984456,0.006107124220944055,0.016209476309226933,0.41019452872039364,4.672897196261687,0.0,-0.01835985312117505,-0.015662650602409678,-0.001203369434416346,-0.0717592592592593,-0.10789766407119017,0.0199501246882793
1513,2026-07-05,0.007481296758104827,-0.026506024096385583,-0.05164319248826288,-0.08597285067873306,-0.021114572516441693,-0.08875606180218794,-0.11575875486381328,-0.02438014267919786,-0.051643192488262914,-0.14947368421052631,0.08318806779053814,0.01608910891089109,0.3204395387567856,11.224489795918359,0.13043478260869565,0.007481296758104827,-0.01835985312117505,-0.015662650602409678,-0.05164319248826288,-0.08597285067873306,0.006188118811881188
1513,2026-07-06,0.007425742574257432,-0.003671970624234966,-0.04009433962264153,-0.07289293849658318,-0.008008356545960982,-0.0777945619335347,-0.10826009689120429,-0.02270106999422319,-0.04009433962264151,-0.12941176470588237,-0.019204973640033006,0.013513513513513514,0.3991350219495239,17.34693877551021,0.3,0.007425742574257432,0.007481296758104827,-0.01835985312117505,-0.04009433962264153,-0.07289293849658318,-0.002457002457002457
1513,2026-07-07,0.01228501228501222,0.027431421446383997,-0.02137767220902609,-0.06681766704416758,0.007334963325183374,-0.06274881516587674,-0.09633709453366801,-0.019439901550183786,-0.021377672209026127,-0.11302475780409042,-0.06062936827291984,0.01699029126213592,0.33064823635230706,21.359223300970868,0.7586206896551724,0.01228501228501222,0.007425742574257432,0.007481296758104827,-0.02137767220902609,-0.06681766704416758,-0.00849514563106796
1513,2026-07-08,-0.0024271844660194164,0.017326732673267342,-0.010830324909747335,-0.06271379703534774,0.0064719258352283265,-0.06132237067488871,-0.09762880562060884,-0.01695556155099846,-0.010830324909747292,-0.11231101511879049,-0.0921615653824073,0.01338199513381995,0.34819632018103686,22.222222222222214,0.7142857142857143,-0.0024271844660194164,0.01228501228501222,0.007425742574257432,-0.010830324909747335,-0.06271379703534774,0.0072992700729927005
1513,2026-07-09,-0.012165450121654486,-0.002457002457002422,-0.02168674698795181,-0.07093821510297482,-0.0026320407088962577,-0.06870053905264363,-0.10756154747948418,-0.01619979094213919,-0.021686746987951807,-0.12311015118790497,-0.0802071735614826,0.014778325123152709,0.3728912361145837,20.754716981132077,0.45454545454545453,-0.012165450121654486,-0.0024271844660194164,0.01228501228501222,-0.02168674698795181,-0.07093821510297482,0.03694581280788178
1513,2026-07-10,0.0024630541871921707,-0.012135922330097082,-0.003671970624234966,-0.06544202066590121,0.00035112359550567787,-0.06239201382223071,-0.10430242936264382,-0.014891148142240828,-0.0036719706242350062,-0.12095032397408208,-0.00831467233343892,0.0171990171990172,0.3824640690439737,22.85714285714286,0.5454545454545454,0.0024630541871921707,-0.012165450121654486,-0.0024271844660194164,-0.003671970624234966,-0.06544202066590121,0.03194103194103194
1513,2026-07-11,0.004914004914004844,-0.0048661800486617945,0.01995012468827939,-0.0532407407407407,0.0024509803921568627,-0.05382479950647745,-0.09890943807297341,-0.012976254789982886,0.0199501246882793,-0.11758360302049622,0.0885564272017387,0.018337408312958436,0.34518096274964016,27.450980392156865,0.625,0.004914004914004844,0.0024630541871921707,-0.012165450121654486,0.01995012468827939,-0.0532407407407407,0.012224938875305624
1513,2026-07-12,-0.006112469437652757,0.0012315270935960854,0.006188118811881083,-0.045774647887323994,-0.00454783977610629,-0.055566311713455996,-0.10327585572999007,-0.012013853475791458,0.006188118811881188,-0.12012987012987013,0.10506323979162646,0.012300123001230012,0.36898488454544814,29.473684210526315,0.08333333333333333,-0.006112469437652757,0.004914004914004844,0.0024630541871921707,0.006188118811881083,-0.045774647887323994,0.023370233702337023
1513,2026-07-13,-0.0012300123001229846,-0.002457002457002422,-0.002457002457002422,-0.04245283018867929,-0.005424321959755051,-0.0526561406237847,-0.10325786858089453,-0.011133854935227172,-0.002457002457002457,-0.12026002166847237,-0.0470808015060568,0.011083743842364532,0.3681003621472455,30.434782608695656,0.0,-0.0012300123001229846,-0.006112469437652757,0.004914004914004844,-0.002457002457002422,-0.04245283018867929,0.011083743842364532
1513,2026-07-14,0.006157635467980205,-0.0012224938875305957,-0.008495145631068013,-0.029691211401425166,0.0019271198318149766,-0.043064069027446986,-0.0967163372357284,-0.009476865112527688,-0.00849514563106796,-0.11002178649237472,-0.056963011512095894,0.017135862913096694,0.30998969332140014,36.26373626373626,0.5,0.006157635467980205,-0.0012300123001229846,-0.006112469437652757,-0.008495145631068013,-0.029691211401425166,-0.0036719706242350062
1513,2026-07-15,0.01346389228886169,0.01845018450184499,0.007299270072992803,-0.0036101083032491488,0.014350717535876733,-0.02660762569066185,-0.08363153429003584,-0.006512533532198308,0.0072992700729927005,-0.1019522776572668,-0.03807066838331161,0.018115942028985508,0.3089688913540134,48.35164835164835,1.0,0.01346389228886169,0.006157635467980205,-0.0012300123001229846,0.007299270072992803,-0.0036101083032491488,-0.014492753623188406
1513,2026-07-16,0.01690821256038655,0.03694581280788167,0.03694581280788167,0.014457831325301207,0.026114206128133727,-0.006997405456403743,-0.06731159768120222,-0.0023847200623904807,0.03694581280788178,-0.08775731310942579,0.04604352390520631,0.021377672209026127,0.3814907532740569,55.769230769230774,1.0,0.01690821256038655,0.01346389228886169,0.006157635467980205,0.03694581280788167,0.014457831325301207,-0.04275534441805225
1513,2026-07-17,-0.002375296912114022,0.028151774785801775,0.03194103194103204,0.028151774785801775,0.019064124783362158,-0.005995582202587629,-0.06878202601497836,8.34096486716832e-05,0.03194103194103194,-0.09287257019438445,0.02451199391869413,0.014285714285714285,0.3391527252098201,62.365591397849464,0.9333333333333333,-0.002375296912114022,0.01690821256038655,0.01346389228886169,0.03194103194103204,0.028151774785801775,-0.02976190476190476
1513,2026-07-18,-0.014285714285714235,0.0,0.012224938875305513,0.032418952618453956,0.0027681660899654572,-0.016471333544504287,-0.08122503328894812,-8.192338795300178e-06,0.012224938875305624,-0.1038961038961039,0.11684887427350675,0.020531400966183576,0.38616120854440533,64.44444444444444,0.5333333333333333,-0.014285714285714235,-0.002375296912114022,0.01690821256038655,0.012224938875305513,0.032418952618453956,-0.033816425120772944
1513,2026-07-19,0.004830917874396157,-0.01187648456057011,0.02337023370233693,0.02970297029702973,0.004311088118641125,-0.008579599618684515,-0.07587500617070644,0.0004955616082101341,0.023370233702337023,-0.08771929824561403,0.03568938923211837,0.016826923076923076,0.38655020659539574,63.63636363636363,0.6666666666666666,0.004830917874396157,-0.014285714285714235,-0.002375296912114022,0.02337023370233693,0.02970297029702973,-0.0625
1513,2026-07-20,-0.013221153846153855,-0.02261904761904765,0.011083743842364546,0.008599508599508532,-0.01050275482093658,-0.018646904135787738,-0.08711283527507689,-0.0007426817585321202,0.011083743842364532,-0.0867630700778643,0.04044156883528631,0.01705237515225335,0.39564508876378224,53.76344086021506,0.16,-0.013221153846153855,0.004830917874396157,-0.014285714285714235,0.011083743842364546,0.008599508599508532,-0.06699147381242387
1513,2026-07-21,-0.008526187576126665,-0.016908212560386437,-0.003671970624234966,-0.012135922330097082,-0.018432385874246397,-0.02429279207287836,-0.09367577197149643,-0.0025152914910134285,-0.0036719706242350062,-0.07918552036199095,-0.02137736518908464,0.0171990171990172,0.44030700669728046,44.444444444444436,0.0,-0.008526187576126665,-0.013221153846153855,0.004830917874396157,-0.003671970624234966,-0.012135922330097082,-0.056511056511056514
1513,2026-07-22,0.002457002457002533,-0.019230769230769273,-0.01449275362318836,-0.007299270072992692,-0.013982392542723958,-0.019466474405191114,-0.09032353961254523,-0.003305422187501746,-0.014492753623188406,-0.07061503416856492,-0.04669092157906001,0.015931372549019607,0.3398334851313929,46.666666666666664,0.07142857142857142,0.002457002457002533,-0.008526187576126665,-0.013221153846153855,-0.01449275362318836,-0.007299270072992692,-0.04411764705882353
1513,2026-07-23,-0.01225490196078427,-0.018270401948842885,-0.04275534441805229,-0.007389162561576401,-0.019975681778704204,-0.028486479971071548,-0.100178624590652,-0.005136389056303119,-0.04275534441805225,-0.08720271800679502,0.04427426854711208,0.01240694789081886,0.4596182712203309,46.666666666666664,0.0,-0.01225490196078427,0.002457002457002533,-0.008526187576126665,-0.04275534441805229,-0.007389162561576401,-0.03598014888337469
1513,2026-07-24,0.011166253101736912,0.0012285012285011554,-0.029761904761904767,0.0012285012285011554,-0.00471039776692258,-0.015185080758851313,-0.08896699911815478,-0.004877394304582452,-0.02976190476190476,-0.07069555302166476,-0.09765180080704838,0.014723926380368098,0.37736907266270797,50.51546391752578,0.34615384615384615,0.011166253101736912,-0.01225490196078427,0.002457002457002533,-0.029761904761904767,0.0012285012285011554,-0.049079754601226995
1513,2026-07-25,-0.018404907975460127,-0.019607843137254943,-0.033816425120772986,-0.022004889975550168,-0.01823281907433384,-0.03042055508423224,-0.1044441956789432,-0.006696611616281329,-0.033816425120772944,-0.08466819221967964,-0.04769833432692994,0.0175,0.410276132402575,41.66666666666667,0.0,-0.018404907975460127,0.011166253101736912,-0.01225490196078427,-0.033816425120772986,-0.022004889975550168,-0.035
1513,2026-07-26,-0.025000000000000022,-0.032258064516129004,-0.0625,-0.040590405904059046,-0.03397027600849259,-0.05117184332170958,-0.12537532860720385,-0.010562095345209901,-0.0625,-0.1044776119402985,0.19118814729714478,0.019230769230769232,0.45760132110587365,36.585365853658544,0.0,-0.025000000000000022,-0.018404907975460127,0.011166253101736912,-0.0625,-0.040590405904059046,-0.019230769230769232
1513,2026-07-27,-0.017948717948717996,-0.06012269938650305,-0.06699147381242387,-0.056650246305418706,-0.04198677863140966,-0.06448461162677083,-0.13950846886428597,-0.014818380738755054,-0.06699147381242387,-0.11342592592592593,0.004355018613497444,0.022193211488250653,0.453126611116191,33.08823529411765,0.0,-0.017948717948717996,-0.025000000000000022,-0.018404907975460127,-0.06699147381242387,-0.056650246305418706,0.0026109660574412533
1513,2026-07-28,0.0026109660574411553,-0.040000000000000036,-0.05651105651105648,-0.059975520195838405,-0.031525851197982346,-0.058823529411764705,-0.13570830155177369,-0.016856793463534518,-0.056511056511056514,-0.09859154929577464,-0.09892050945905186,0.01953125,0.4718953796747807,31.578947368421055,0.04,0.0026109660574411553,-0.017948717948717996,-0.025000000000000022,-0.05651105651105648,-0.059975520195838405,0.01171875
1513,2026-07-29,0.015625,0.0,-0.044117647058823484,-0.05797101449275366,-0.009972801450589344,-0.04145502212026874,-0.12070844345353658,-0.015868787899951168,-0.04411764705882353,-0.08018867924528301,-0.0352591341096167,0.019230769230769232,0.338159857089008,32.08955223880598,0.2857142857142857,0.015625,0.0026109660574411553,-0.017948717948717996,-0.044117647058823484,-0.05797101449275366,0.0
1513,2026-07-30,-0.0038461538461538325,0.01436031331592691,-0.03598014888337464,-0.0771971496437055,-0.00856726212176443,-0.04259251653181096,-0.12249661195603075,-0.01515123021508297,-0.03598014888337469,-0.07719714964370546,-0.04917455933749362,0.015444015444015444,0.3284811123777445,23.577235772357724,0.22448979591836735,-0.0038461538461538325,0.015625,0.0026109660574411553,-0.03598014888337464,-0.0771971496437055,-0.006435006435006435
1513,2026-07-31,-0.002574002574002532,0.00911458333333326,-0.049079754601227044,-0.07738095238095233,-0.0038560411311053984,-0.04285537853526002,-0.12315989289350955,-0.014485984918747618,-0.049079754601226995,-0.06738868832731648,-0.12916611663066765,0.01806451612903226,0.3689668231069472,23.577235772357724,0.2647058823529412,-0.002574002574002532,-0.0038461538461538325,0.015625,-0.049079754601227044,-0.07738095238095233,-0.0012903225806451613
1513,2026-08-01,-0.003870967741935516,-0.01025641025641022,-0.03500000000000003,-0.06763285024154586,-0.002583979328165375,-0.044278463252589426,-0.12498110926401691,-0.014027187814305814,-0.035,-0.06987951807228916,-0.06053910441616359,0.014248704663212436,0.3803531585590792,25.438596491228083,0.42857142857142855,-0.003870967741935516,-0.002574002574002532,-0.0038461538461538325,-0.03500000000000003,-0.06763285024154586,0.0051813471502590676
1513,2026-08-02,-0.0090673575129534,-0.015444015444015413,-0.019230769230769273,-0.08052884615384615,-0.008883953359244906,-0.05090773747983951,-0.13132893425352327,-0.014322318942285297,-0.019230769230769232,-0.06364749082007344,0.15786159921097526,0.01568627450980392,0.40575267592599634,21.367521367521377,0.0,-0.0090673575129534,-0.003870967741935516,-0.002574002574002532,-0.019230769230769273,-0.08052884615384615,0.00130718954248366
1513,2026-08-03,0.0039215686274509665,-0.00903225806451613,0.0026109660574411553,-0.06455542021924487,-0.005365402405180347,-0.045844204248975,-0.12626881897129283,-0.013596530636970352,0.0026109660574412533,-0.04239401496259352,-0.01662229556996177,0.015625,0.35120828673783816,25.68807339449542,0.2,0.0039215686274509665,-0.0090673575129534,-0.003870967741935516,0.0026109660574411553,-0.06455542021924487,0.015625
1513,2026-08-04,0.01171875,0.006476683937823857,0.01171875,-0.045454545454545414,0.004617657923900976,-0.033421794659147464,-0.1144626372373969,-0.011317300306266988,0.01171875,-0.038366336633663366,-0.017942196925806047,0.018018018018018018,0.38332666063060106,33.33333333333333,0.8,0.01171875,0.0039215686274509665,-0.0090673575129534,0.01171875,-0.045454545454545414,0.007722007722007722
1513,2026-08-05,0.0038610038610038533,0.019607843137254832,0.0,-0.044117647058823484,0.008496490579977815,-0.028319906984469748,-0.10946479087645405,-0.00900590650814478,0.0,-0.04176904176904177,-0.021900744410521845,0.016666666666666666,0.2818784117509032,33.92857142857143,1.0,0.0038610038610038533,0.01171875,0.0039215686274509665,0.0,-0.044117647058823484,0.001282051282051282
1513,2026-08-06,-0.01025641025641022,0.005208333333333259,-0.006435006435006385,-0.04218362282878407,-0.0009243852837862191,-0.03620474406991261,-0.11695178058514015,-0.008406736559028854,-0.006435006435006435,-0.06310679611650485,-0.011571640130354064,0.014248704663212436,0.38579342248639525,34.54545454545455,0.4666666666666667,-0.01025641025641022,0.0038610038610038533,0.01171875,-0.006435006435006385,-0.04218362282878407,0.0012953367875647669
1513,2026-08-07,0.002590673575129543,-0.0038610038610038533,-0.001290322580645209,-0.05030674846625771,0.0018491124260355241,-0.03177383037277956,-0.11301823367627589,-0.007437058684195457,-0.0012903225806451613,-0.058394160583941604,-0.03260538142814181,0.011627906976744186,0.390700305146912,30.09708737864078,0.6,0.002590673575129543,-0.01025641025641022,0.0038610038610038533,-0.001290322580645209,-0.05030674846625771,-0.002583979328165375
1513,2026-08-08,0.0025839793281654533,-0.00512820512820511,0.005181347150259086,-0.030000000000000027,0.003695491500369591,-0.027812578301177705,-0.10911549353266835,-0.006257728128087415,0.0051813471502590676,-0.04433497536945813,-0.021700305369145627,0.014175257731958763,0.35236001995676036,36.666666666666664,0.7333333333333333,0.0025839793281654533,0.002590673575129543,-0.01025641025641022,0.005181347150259086,-0.030000000000000027,-0.020618556701030927
1513,2026-08-09,-0.012886597938144284,-0.007772020725388629,0.0013071895424836555,-0.017948717948717996,-0.009421762423794632,-0.03841325633944266,-0.11881998057160387,-0.006790884505754522,0.00130718954248366,-0.05896805896805897,0.1739064375143821,0.018276762402088774,0.43576292661504107,41.25,0.0,-0.012886597938144284,0.0025839793281654533,0.002590673575129543,0.0013071895424836555,-0.017948717948717996,-0.018276762402088774
1513,2026-08-10,0.018276762402088753,0.007751937984496138,0.015625,0.018276762402088753,0.0064516129032258064,-0.019279128248114046,-0.10103726469458313,-0.0048005371258423545,0.015625,-0.04645476772616137,-0.02320774281930795,0.015384615384615385,0.36526056543219854,58.75,1.0,0.018276762402088753,-0.012886597938144284,0.0025839793281654533,0.015625,0.018276762402088753,-0.020512820512820513
1513,2026-08-11,0.0038461538461538325,0.009020618556700999,0.007722007722007707,0.01953125,0.00920640765973113,-0.014267729752412972,-0.09577334667795821,-0.002896250300350739,0.007722007722007722,-0.03690036900369004,-0.014360853745121221,0.01532567049808429,0.3408619553342671,59.25925925925925,1.0,0.0038461538461538325,0.018276762402088753,-0.012886597938144284,0.007722007722007707,0.01953125,-0.011494252873563218
1513,2026-08-12,-0.0025542784163473664,0.019582245430809442,0.0012820512820512775,0.0012820512820512775,0.006443298969072165,-0.015504853145090073,-0.09612293448209347,-0.0018633181916400273,0.001282051282051282,-0.038177339901477834,-0.1354408998857972,0.010243277848911651,0.36200774177037015,50.70422535211267,0.8823529411764706,-0.0025542784163473664,0.0038461538461538325,0.018276762402088753,0.0012820512820512775,0.0012820512820512775,0.002560819462227913
1513,2026-08-13,-0.010243277848911658,-0.008974358974358942,0.0012953367875647714,-0.005148005148005175,-0.004049328179642881,-0.023784466428120443,-0.10331760884695698,-0.002330728141771149,0.0012953367875647669,-0.05385556915544676,0.02238183650242575,0.015523932729624839,0.4013872318932711,47.368421052631575,0.4117647058823529,-0.010243277848911658,-0.0025542784163473664,0.0038461538461538325,0.0012953367875647714,-0.005148005148005175,0.027166882276843468
1513,2026-08-14,-0.001293661060802087,-0.01404853128991057,-0.0025839793281653423,-0.003870967741935516,-0.004971460136254875,-0.0227435756782987,-0.10252270173217766,-0.0027084098954870814,-0.002583979328165375,-0.06763285024154589,0.013286086387566754,0.012953367875647668,0.39390852576491103,48.00000000000001,0.35294117647058826,-0.001293661060802087,-0.010243277848911658,-0.0025542784163473664,-0.0025839793281653423,-0.003870967741935516,0.03756476683937824
1513,2026-08-15,-0.015544041450777257,-0.02688860435339313,-0.020618556701030966,-0.015544041450777257,-0.017543859649122785,-0.034593724859211604,-0.11448286576129879,-0.004676585980923903,-0.020618556701030927,-0.09738717339667459,0.07987865620062465,0.015789473684210527,0.4348394471258805,42.857142857142854,0.0,-0.015544041450777257,-0.001293661060802087,-0.010243277848911658,-0.020618556701030966,-0.015544041450777257,0.04473684210526316
1513,2026-08-16,-0.010526315789473717,-0.027166882276843496,-0.018276762402088753,-0.016993464052287632,-0.025365673023514144,-0.04118322070636231,-0.12178031531823791,-0.0070267348087843465,-0.018276762402088774,-0.10476190476190476,0.12063892067624297,0.0199468085106383,0.4153052428864432,42.35294117647059,0.0,-0.010526315789473717,-0.015544041450777257,-0.001293661060802087,-0.018276762402088753,-0.016993464052287632,0.043882978723404256
1513,2026-08-17,0.015957446808510634,-0.010362694300518172,-0.02051282051282055,-0.00520833333333337,-0.006870937790157908,-0.023226081397826503,-0.10556097560975605,-0.006503807121249538,-0.020512820512820513,-0.07729468599033816,-0.032519125803642086,0.017015706806282723,0.3891723554044049,47.87234042553191,0.3870967741935484,0.015957446808510634,-0.010526315789473717,-0.015544041450777257,-0.02051282051282055,-0.00520833333333337,0.013089005235602094
1513,2026-08-18,0.01308900523560208,0.018421052631578894,-0.011494252873563204,-0.0038610038610038533,0.0078125,-0.007989063100781837,-0.0917269704674359,-0.004425292855453201,-0.011494252873563218,-0.06971153846153846,0.030987869828072754,0.016795865633074936,0.3769914722836867,48.421052631578945,0.7586206896551724,0.01308900523560208,0.015957446808510634,-0.010526315789473717,-0.011494252873563204,-0.0038610038610038533,-0.002583979328165375
1513,2026-08-19,0.011627906976744207,0.04122340425531923,0.00256081946222797,0.0038461538461538325,0.01915210115284486,0.005177799649107753,-0.0791365026265583,-0.0015646672101773283,0.002560819462227913,-0.04628501827040195,0.012871629729459372,0.01532567049808429,0.39267912217080064,51.485148514851495,1.0,0.011627906976744207,0.01308900523560208,0.015957446808510634,0.00256081946222797,0.0038461538461538325,-0.0140485312899106
1513,2026-08-20,0.01404853128991057,0.03926701570680624,0.027166882276843385,0.02849740932642497,0.029449898129283135,0.02017217011435185,-0.06432901679913054,0.0019941878487072856,0.027166882276843468,-0.02457002457002457,0.07879703287124377,0.018891687657430732,0.3268245893419298,60.57692307692308,1.0,0.01404853128991057,0.011627906976744207,0.01308900523560208,0.027166882276843385,0.02849740932642497,-0.020151133501259445
1513,2026-08-21,0.00881612090680095,0.03488372093023262,0.03756476683937815,0.03488372093023262,0.03297715549005156,0.02982771920802269,-0.05428451487642334,0.0052671712534181825,0.03756476683937824,-0.01838235294117647,-0.08736819879705106,0.012484394506866416,0.36900441655230715,62.38532110091743,1.0,0.00881612090680095,0.01404853128991057,0.011627906976744207,0.03756476683937815,0.03488372093023262,-0.02871410736579276
1513,2026-08-22,-0.008739076154806513,0.01404853128991057,0.044736842105263186,0.02319587628865971,0.017575979494690527,0.021353228711088273,-0.060774932968823886,0.00616078829682265,0.04473684210526316,-0.01488833746898263,-0.11626960512579126,0.0163727959697733,0.4102389741322031,57.89473684210526,0.8571428571428571,-0.008739076154806513,0.00881612090680095,0.01404853128991057,0.044736842105263186,0.02319587628865971,-0.020151133501259445
1513,2026-08-23,-0.01133501259445846,-0.01133501259445846,0.0438829787234043,0.024804177545691974,0.0,0.011076764554353455,-0.069537732121691,0.005197290888316744,0.043882978723404256,-0.03680981595092025,-0.0036222911430849637,0.02038216560509554,0.46868769069072136,58.4070796460177,0.5675675675675675,-0.01133501259445846,-0.008739076154806513,0.00881612090680095,0.0438829787234043,0.024804177545691974,-0.008917197452229299
1513,2026-08-24,-0.014012738853503182,-0.0337078651685393,0.01308900523560208,-0.007692307692307665,-0.01580381471389648,-0.001977134015301259,-0.08066304175684955,0.002762164313947827,0.013089005235602094,-0.0325,-0.20662803921718537,0.014211886304909561,0.42025528627244,47.27272727272727,0.0,-0.014012738853503182,-0.01133501259445846,-0.008739076154806513,0.01308900523560208,-0.007692307692307665,0.002583979328165375
1513,2026-08-25,-0.0025839793281653423,-0.027707808564231717,-0.0025839793281653423,-0.01404853128991057,-0.017990187170634157,-0.004213603921231384,-0.08097669373826091,0.000785101193004141,-0.002583979328165375,-0.010256410256410256,-0.14340717818237414,0.014248704663212436,0.429395917508444,44.95412844036697,0.0,-0.0025839793281653423,-0.014012738853503182,-0.01133501259445846,-0.0025839793281653423,-0.01404853128991057,0.0
1513,2026-08-26,0.0,-0.016560509554140124,-0.01404853128991057,-0.011523687580025643,-0.016023306627822267,-0.004470426409903753,-0.07883223291703131,-0.0005294822505912891,-0.0140485312899106,0.007832898172323759,-0.17698374968545888,0.012953367875647668,0.38745209855973617,45.79439252336448,0.0,0.0,-0.0025839793281653423,-0.014012738853503182,-0.01404853128991057,-0.011523687580025643,0.0
1513,2026-08-27,0.007772020725388629,0.0051679586563306845,-0.02015113350125941,0.0064683053040104355,-0.005478451424397433,0.0028357824181490664,-0.06960057402535284,-0.0004678044785051452,-0.020151133501259445,0.013020833333333334,-0.09533528846475314,0.016709511568123392,0.39587831486976,52.38095238095237,0.20689655172413793,0.007772020725388629,0.0,-0.0025839793281653423,-0.02015113350125941,0.0064683053040104355,-0.010282776349614395
1513,2026-08-28,0.0,0.007772020725388629,-0.028714107365792718,0.007772020725388629,-0.0012836970474967907,0.0029219663114472133,-0.06746930186719229,-0.00041212149453508036,-0.02871410736579276,-0.002564102564102564,-0.11408965084858703,0.011568123393316195,0.35335042276800227,52.88461538461538,0.2727272727272727,0.0,0.007772020725388629,0.0,-0.028714107365792718,0.007772020725388629,-0.02056555269922879
