item_id,date,pct_change_1d,pct_change_3d,pct_change_7d,pct_change_14d,pct_vs_7ma,pct_vs_30ma,pct_vs_90ma,ema_crossover,slope_7d_pct,slope_30d_pct,vol_pct_7d,spread_pct,volume_ratio,rsi_14,range_position_7d,lag_return_1d,lag_return_2d,lag_return_3d,lag_return_7d,lag_return_14d,target_pct_7d
2,2025-10-08,0.0,-0.02941176470588236,-0.05714285714285716,-0.1160714285714286,-0.019801980198019802,-0.07418952618453868,0.0021933524548675746,-0.02002373734217303,-0.05714285714285714,-0.07042253521126761,-0.0657167878340006,0.03535353535353535,0.7671803854888222,21.73913043478261,0.0,0.0,-0.01980198019801982,-0.009803921568627416,-0.05714285714285716,-0.1160714285714286,0.030303030303030304
2,2025-10-09,0.02020202020202011,0.0,0.0,-0.094170403587444,0.0,-0.05342080599812561,0.02255469936441866,-0.01779923338463065,0.0,-0.06481481481481481,-0.15678911338450113,0.019801980198019802,0.7071209076837195,28.57142857142857,0.5,0.02020202020202011,0.0,-0.01980198019801982,0.0,-0.094170403587444,0.009900990099009901
2,2025-10-10,0.01980198019801982,0.04040404040404044,0.009803921568627416,-0.08849557522123896,0.018361581920903997,-0.03301517759349084,0.04268601316011475,-0.013457660101161208,0.00980392156862745,-0.05069124423963134,-0.04764305158688288,0.03398058252427184,0.7016225477785837,30.0,1.0,0.01980198019801982,0.02020202020202011,0.0,0.009803921568627416,-0.08849557522123896,-0.014563106796116505
2,2025-10-11,0.0,0.04040404040404044,0.0,-0.05069124423963134,0.018361581920903997,-0.030892269092049535,0.04251012145748991,-0.010186714835953983,0.0,-0.06363636363636363,0.06199369592263075,0.03398058252427184,0.7317305042077135,36.58536585365854,1.0,0.0,0.01980198019801982,0.02020202020202011,0.0,-0.05069124423963134,-0.02912621359223301
2,2025-10-12,0.0,0.01980198019801982,0.009803921568627416,-0.0636363636363636,0.01692524682651616,-0.028454645495991186,0.04233428908753588,-0.007720826119496999,0.00980392156862745,-0.07207207207207207,0.14047337118230765,0.038834951456310676,0.78016767734106,31.578947368421055,1.0,0.0,0.0,0.01980198019801982,0.009803921568627416,-0.0636363636363636,-0.043689320388349516
2,2025-10-13,-0.004854368932038833,-0.004854368932038833,0.014851485148514865,-0.04205607476635509,0.009852216748768473,-0.030274361400189242,0.03709949409780781,-0.0064307075344788795,0.01485148514851485,-0.08482142857142858,0.04800475452421843,0.03902439024390244,0.7822922289317177,36.36363636363636,0.875,-0.004854368932038833,0.0,0.0,0.014851485148514865,-0.04205607476635509,-0.03902439024390244
2,2025-10-14,0.0,-0.004854368932038833,0.03535353535353525,-0.03301886792452835,0.004901960784313725,-0.027667984189723365,0.036982913669064706,-0.005377513352265421,0.03535353535353535,-0.07657657657657657,0.012360673375846853,0.03902439024390244,0.759838234475578,38.70967741935484,0.875,0.0,-0.004854368932038833,0.0,0.03535353535353525,-0.03301886792452835,-0.05853658536585366
2,2025-10-15,-0.004878048780487809,-0.009708737864077666,0.030303030303030276,-0.02857142857142858,-0.004184100418410061,-0.031185689409529822,0.031808474766775334,-0.00508389661239863,0.030303030303030304,-0.03773584905660377,-0.1607046543006522,0.03431372549019608,0.751699512689667,39.99999999999999,0.5,-0.004878048780487809,0.0,-0.004854368932038833,0.030303030303030276,-0.02857142857142858,-0.05392156862745098
2,2025-10-16,0.0,-0.004878048780487809,0.00990099009900991,0.00990099009900991,-0.005571030640668504,-0.030571835894186616,0.03169251517194882,-0.004724298542116662,0.009900990099009901,-0.019230769230769232,-0.1404597125485594,0.0392156862745098,0.7718039084199971,54.54545454545455,0.0,0.0,-0.004878048780487809,0.0,0.00990099009900991,0.00990099009900991,-0.058823529411764705
2,2025-10-17,-0.004901960784313708,-0.009756097560975618,-0.014563106796116498,-0.004901960784313708,-0.008374040474529,-0.03455928979074198,0.026462160795550242,-0.004905289800718002,-0.014563106796116505,-0.02403846153846154,-0.1693242655712627,0.03940886699507389,0.792110578231471,47.61904761904762,0.0,-0.004901960784313708,0.0,-0.004878048780487809,-0.014563106796116498,-0.004901960784313708,-0.04926108374384237
2,2025-10-18,-0.014778325123152691,-0.019607843137254943,-0.029126213592232997,-0.029126213592232997,-0.01892081289418362,-0.04746785204000636,0.011292769256699746,-0.006583113055050907,-0.02912621359223301,-0.0430622009569378,-0.04289868342629171,0.045,0.7811563500285043,36.36363636363636,0.0,-0.014778325123152691,-0.004901960784313708,0.0,-0.029126213592232997,-0.029126213592232997,-0.015
2,2025-10-19,-0.015000000000000013,-0.03431372549019607,-0.043689320388349495,-0.03431372549019607,-0.027503526093088915,-0.059665871121718374,-0.0037086985839513828,-0.009200486988298858,-0.043689320388349516,-0.06635071090047394,0.038317187103534614,0.04060913705583756,0.8021132104554392,34.78260869565217,0.0,-0.015000000000000013,-0.014778325123152691,-0.004901960784313708,-0.043689320388349495,-0.03431372549019607,0.015228426395939087
2,2025-10-20,0.0,-0.029556650246305383,-0.039024390243902474,-0.024752475247524774,-0.02198581560283682,-0.05681455473986598,-0.003652711435796604,-0.010618953455192186,-0.03902439024390244,-0.08796296296296297,0.05335239694191179,0.04060913705583756,0.8189341189930472,38.095238095238095,0.0,0.0,-0.015000000000000013,-0.014778325123152691,-0.039024390243902474,-0.024752475247524774,0.025380710659898477
2,2025-10-21,-0.02030456852791873,-0.03500000000000003,-0.05853658536585371,-0.025252525252525304,-0.03361945636623752,-0.07137129109863677,-0.023608768971332163,-0.013550916856586256,-0.05853658536585366,-0.13839285714285715,0.0458247657185766,0.04145077720207254,0.7891300774199158,38.095238095238095,0.0,-0.02030456852791873,0.0,-0.015000000000000013,-0.05853658536585371,-0.025252525252525304,0.046632124352331605
2,2025-10-22,0.0,-0.02030456852791873,-0.05392156862745101,-0.025252525252525304,-0.025955299206921394,-0.06688154713940375,-0.023444088379153277,-0.01504381743108405,-0.05392156862745098,-0.13452914798206278,0.016378015310312116,0.031088082901554404,0.8247430132358087,38.095238095238095,0.0,0.0,-0.02030456852791873,0.0,-0.05392156862745101,-0.025252525252525304,0.05699481865284974
2,2025-10-23,-0.005181347150259086,-0.025380710659898442,-0.05882352941176472,-0.04950495049504955,-0.022545454545454483,-0.06690426048922735,-0.028558578817180127,-0.016134851548881654,-0.058823529411764705,-0.14285714285714285,0.034325721584335445,0.036458333333333336,0.8098211005782497,22.222222222222214,0.0,-0.005181347150259086,0.0,-0.02030456852791873,-0.05882352941176472,-0.04950495049504955,0.0625
2,2025-10-24,0.005208333333333259,0.0,-0.049261083743842415,-0.06310679611650483,-0.010256410256410256,-0.05731032237056327,-0.02421212291444302,-0.015730746997361548,-0.04926108374384237,-0.13839285714285715,0.0409347181690891,0.04145077720207254,0.7718241524268536,6.666666666666657,0.125,0.005208333333333259,-0.005181347150259086,0.0,-0.049261083743842415,-0.06310679611650483,0.05699481865284974
2,2025-10-25,0.020725388601036343,0.020725388601036343,-0.015000000000000013,-0.043689320388349495,0.012481644640234886,-0.033682145192936594,-0.004882976932143468,-0.012557904773460757,-0.015,-0.11659192825112108,0.044108615811575144,0.030456852791878174,0.7388294495894088,26.31578947368422,1.0,0.020725388601036343,0.005208333333333259,-0.005181347150259086,-0.015000000000000013,-0.043689320388349495,0.04060913705583756
2,2025-10-26,0.015228426395939021,0.04166666666666674,0.015228426395939021,-0.029126213592232997,0.02564102564102564,-0.014778325123152709,0.009364661021701333,-0.008290860835089118,0.015228426395939087,-0.11504424778761062,0.06182132614983662,0.03,0.7376232406383209,36.36363636363636,1.0,0.015228426395939021,0.020725388601036343,0.005208333333333259,0.015228426395939021,-0.029126213592232997,0.03
2,2025-10-27,0.010000000000000009,0.04663212435233155,0.025380710659898442,-0.014634146341463428,0.03211678832116784,-0.0024691358024691358,0.018544456272060056,-0.004065035585281969,0.025380710659898477,-0.06912442396313365,-0.0020063103116905673,0.0297029702970297,0.7720576586654261,43.47826086956522,1.0,0.010000000000000009,0.015228426395939021,0.020725388601036343,0.025380710659898442,-0.014634146341463428,0.0297029702970297
2,2025-10-28,0.0,0.025380710659898442,0.04663212435233155,-0.014634146341463428,0.025380710659898477,0.0004952947003466781,0.01786014220928283,-0.0011933881915903051,0.046632124352331605,-0.08181818181818182,0.009740185580507042,0.034653465346534656,0.7822359372951875,43.47826086956522,1.0,0.0,0.010000000000000009,0.015228426395939021,0.04663212435233155,-0.014634146341463428,0.0594059405940594
2,2025-10-29,0.00990099009900991,0.020000000000000018,0.05699481865284972,0.0,0.027338129496402814,0.012072101868695239,0.027132867132867118,0.00187242509807176,0.05699481865284974,-0.04672897196261682,-0.015432620312084332,0.029411764705882353,0.7590396723807253,50.0,1.0,0.00990099009900991,0.0,0.010000000000000009,0.05699481865284972,0.0,0.09803921568627451
2,2025-10-30,0.0,0.00990099009900991,0.0625,0.0,0.01854493580599148,0.01341281669150516,0.02615694164989934,0.0037899605868546953,0.0625,-0.03773584905660377,0.005903454650607406,0.03431372549019608,0.8087783967016132,50.0,1.0,0.0,0.00990099009900991,0.0,0.0625,0.0,0.058823529411764705
2,2025-10-31,0.0,0.00990099009900991,0.05699481865284972,0.0049261083743843415,0.010615711252653908,0.014420686225758358,0.025182868948573387,0.004901749197291036,0.05699481865284974,-0.02857142857142857,-0.032032998910300294,0.0392156862745098,0.7910008933529556,52.17391304347826,1.0,0.0,0.0,0.00990099009900991,0.05699481865284972,0.0049261083743843415,0.0784313725490196
2,2025-11-01,0.004901960784313708,0.004901960784313708,0.04060913705583746,0.02499999999999991,0.009852216748768473,0.018886679920477194,0.029116465863453875,0.006031165154257226,0.04060913705583756,0.01485148514851485,0.08772381993896912,0.03902439024390244,0.7949417605051794,61.904761904761905,1.0,0.004901960784313708,0.0,0.0,0.04060913705583746,0.02499999999999991,0.11219512195121951
2,2025-11-02,0.004878048780487809,0.009803921568627416,0.030000000000000027,0.045685279187817285,0.01051156271899087,0.02351772109970182,0.03304173399453955,0.007130539914864803,0.03,0.00980392156862745,0.227732934489302,0.043689320388349516,0.7662654440858069,73.68421052631578,1.0,0.004878048780487809,0.004901960784313708,0.0,0.030000000000000027,0.045685279187817285,0.11650485436893204
2,2025-11-03,0.009708737864077666,0.019607843137254832,0.02970297029702973,0.055837563451776706,0.016050244242847133,0.03311258278145691,0.041736227045075174,0.008739707884006047,0.0297029702970297,0.009708737864077669,0.01615814193436657,0.038461538461538464,0.7893764759874313,76.19047619047619,1.0,0.009708737864077666,0.004878048780487809,0.004901960784313708,0.02970297029702973,0.055837563451776706,0.10576923076923077
2,2025-11-04,0.028846153846153744,0.04390243902439028,0.05940594059405946,0.10880829015544036,0.036678200692041585,0.06115702479338848,0.0701189021002333,0.012868872099565252,0.0594059405940594,0.049019607843137254,0.22433699385598177,0.03271028037383177,0.7606485882581514,95.65217391304348,1.0,0.028846153846153744,0.009708737864077666,0.004878048780487809,0.05940594059405946,0.10880829015544036,0.06542056074766354
2,2025-11-05,0.04672897196261672,0.08737864077669899,0.0980392156862746,0.160621761658031,0.07030716723549492,0.10671936758893277,0.11807442737507631,0.0206101745374002,0.09803921568627451,0.10891089108910891,0.20388355430867333,0.04017857142857143,0.7332580440700651,96.96969696969697,1.0,0.04672897196261672,0.028846153846153744,0.009708737864077666,0.0980392156862746,0.160621761658031,0.026785714285714284
2,2025-11-06,-0.0357142857142857,0.03846153846153855,0.05882352941176472,0.125,0.023696682464454975,0.06403940886699508,0.07659079581325806,0.02043235846473154,0.058823529411764705,0.09090909090909091,0.09226103441237415,0.032407407407407406,0.8251149373374855,80.0,0.6,-0.0357142857142857,0.04672897196261672,0.028846153846153744,0.05882352941176472,0.125,0.06944444444444445
2,2025-11-07,0.0185185185185186,0.028037383177569986,0.07843137254901955,0.13989637305699487,0.03148024112525121,0.07984293193717285,0.09446686197556792,0.02178988184671583,0.0784313725490196,0.1111111111111111,-0.11807497794370037,0.03636363636363636,0.8066724486862183,81.3953488372093,0.7894736842105263,0.0185185185185186,-0.0357142857142857,0.04672897196261672,0.07843137254901955,0.13989637305699487,0.05909090909090909
2,2025-11-08,0.036363636363636376,0.017857142857142794,0.11219512195121961,0.15736040609137047,0.052770448548812604,0.1143695014662757,0.1313264968574264,0.026191729409242845,0.11219512195121951,0.12871287128712872,-0.011361131769350406,0.039473684210526314,0.7779507588904101,82.97872340425532,1.0,0.036363636363636376,0.0185185185185186,-0.0357142857142857,0.11219512195121961,0.15736040609137047,0.039473684210526314
2,2025-11-09,0.00877192982456143,0.06481481481481488,0.11650485436893199,0.1499999999999999,0.045454545454545456,0.11976630963972733,0.13786279683377314,0.02911599012369938,0.11650485436893204,0.11650485436893204,0.07725682797557147,0.0391304347826087,0.7925878597406261,82.6086956521739,1.0,0.00877192982456143,0.036363636363636376,0.0185185185185186,0.11650485436893199,0.1499999999999999,0.06086956521739131
2,2025-11-10,0.0,0.045454545454545414,0.10576923076923084,0.13861386138613851,0.030729833546734975,0.11542192046556747,0.1341844282505068,0.029947338909209493,0.10576923076923077,0.11650485436893204,-0.06352518759916968,0.0391304347826087,0.8338072949512876,81.81818181818181,1.0,0.0,0.00877192982456143,0.036363636363636376,0.10576923076923084,0.13861386138613851,0.12173913043478261
2,2025-11-11,-0.008695652173912993,0.0,0.06542056074766345,0.1287128712871286,0.012690355329949258,0.10180412371134019,0.12076028182860886,0.028393231188371965,0.06542056074766354,0.10679611650485436,0.0074774384100984095,0.04824561403508772,0.8285436987524122,78.26086956521739,0.8571428571428571,-0.008695652173912993,0.0,0.00877192982456143,0.06542056074766345,0.1287128712871286,0.19298245614035087
2,2025-11-12,0.00877192982456143,0.0,0.02678571428571419,0.12745098039215685,0.017699115044247787,0.10701107011070103,0.1267758967938598,0.027442706392931903,0.026785714285714284,0.12195121951219512,-0.003430146562395077,0.0391304347826087,0.7914644440364671,78.26086956521739,1.0,0.00877192982456143,-0.008695652173912993,0.0,0.02678571428571419,0.12745098039215685,0.1391304347826087
2,2025-11-13,0.004347826086956497,0.004347826086956497,0.06944444444444442,0.13235294117647056,0.012523481527864764,0.10720562390158177,0.12780731257459044,0.026393262184413697,0.06944444444444445,0.12682926829268293,-0.43619650427117707,0.04329004329004329,0.797543411533648,78.72340425531914,1.0,0.004347826086956497,0.00877192982456143,-0.008695652173912993,0.06944444444444442,0.13235294117647056,-0.06493506493506493
2,2025-11-14,0.008658008658008587,0.021929824561403466,0.05909090909090908,0.14215686274509798,0.013043478260869565,0.11164122137404583,0.13363606876419074,0.025824075935247187,0.05909090909090909,0.14215686274509803,-0.8672143620027843,0.04291845493562232,0.8067494879691746,79.59183673469389,1.0,0.008658008658008587,0.004347826086956497,0.00877192982456143,0.05909090909090908,0.14215686274509798,-0.07296137339055794
2,2025-11-15,0.01716738197424883,0.0304347826086957,0.03947368421052633,0.15609756097560967,0.02470660901791233,0.12482202183198866,0.148936170212766,0.02658283413856151,0.039473684210526314,0.16176470588235295,-0.8292346263034568,0.03375527426160337,0.8158887878987318,80.76923076923077,1.0,0.01716738197424883,0.008658008658008587,0.004347826086956497,0.03947368421052633,0.15609756097560967,-0.07172995780590717
2,2025-11-16,0.029535864978903037,0.05627705627705626,0.0608695652173914,0.18446601941747565,0.045927740355174565,0.15058157812008804,0.1783644558918223,0.02962661053394022,0.06086956521739131,0.2019704433497537,-0.8354242963882197,0.03278688524590164,0.7365227114668703,82.75862068965517,1.0,0.029535864978903037,0.01716738197424883,0.008658008658008587,0.0608695652173914,0.18446601941747565,-0.08196721311475409
2,2025-11-17,0.05737704918032782,0.10729613733905574,0.12173913043478257,0.24038461538461542,0.08729680915111382,0.205607476635514,0.24071600320598444,0.03732717772530301,0.12173913043478261,0.29,-0.6753587484756851,0.03488372093023256,0.8158291035786509,85.71428571428571,1.0,0.05737704918032782,0.029535864978903037,0.01716738197424883,0.12173913043478257,0.24038461538461542,-0.11627906976744186
2,2025-11-18,0.054263565891472965,0.14767932489451474,0.1929824561403508,0.2710280373831775,0.11671554252199408,0.25635103926096997,0.30191990639791527,0.047379487072328835,0.19298245614035087,0.38071065989847713,-0.5944341123870341,0.03308823529411765,0.7286077392966711,87.17948717948718,1.0,0.054263565891472965,0.05737704918032782,0.029535864978903037,0.1929824561403508,0.2710280373831775,-0.14705882352941177
2,2025-11-19,-0.03676470588235292,0.07377049180327866,0.13913043478260878,0.1696428571428572,0.05584340817501441,0.19817073170731714,0.2488083889418493,0.04729051050850065,0.1391304347826087,0.3299492385786802,0.6767947140446876,0.03435114503816794,0.8029485940141905,74.35897435897436,0.7560975609756098,-0.03676470588235292,0.054263565891472965,0.05737704918032782,0.13913043478260878,0.1696428571428572,-0.1297709923664122
2,2025-11-20,-0.17557251908396942,-0.16279069767441856,-0.06493506493506496,0.0,-0.12195121951219512,-0.015646361841105894,0.02775574940523399,0.024062133755475355,-0.06493506493506493,0.11917098445595854,-0.9612444486393026,0.032407407407407406,0.8903849094105956,50.0,0.0,-0.17557251908396942,-0.03676470588235292,0.054263565891472965,-0.06493506493506496,0.0,0.06481481481481481
2,2025-11-21,0.0,-0.20588235294117652,-0.07296137339055797,-0.018181818181818188,-0.11319648093841647,-0.019073569482288777,0.026019950387924262,0.007836272248887017,-0.07296137339055794,0.11917098445595854,2.5148585366212948,0.06481481481481481,0.8697393486391375,48.21428571428571,0.0,0.0,-0.17557251908396942,-0.03676470588235292,-0.07296137339055797,-0.018181818181818188,0.06481481481481481
2,2025-11-22,0.0185185185185186,-0.16030534351145043,-0.07172995780590719,-0.03508771929824561,-0.0876777251184834,-0.005125113053964392,0.0430934569592246,-0.001174375166234568,-0.07172995780590717,0.14583333333333334,1.5183442108972969,0.06363636363636363,0.9086002083564589,46.2962962962963,0.07142857142857142,0.0185185185185186,0.0,-0.17557251908396942,-0.07172995780590719,-0.03508771929824561,0.05454545454545454
2,2025-11-23,0.018181818181818077,0.03703703703703698,-0.08196721311475408,-0.02608695652173909,-0.059952038369304524,0.008252063015753982,0.05993690851735011,-0.005048035412033546,-0.08196721311475409,0.16062176165803108,0.8129783575280298,0.04017857142857143,0.8601074345028105,47.27272727272727,0.14285714285714285,0.018181818181818077,0.0185185185185186,0.0,-0.08196721311475408,-0.02608695652173909,0.0625
2,2025-11-24,0.017857142857142794,0.05555555555555558,-0.11627906976744184,-0.008695652173912993,-0.02564102564102564,0.021505376344086075,0.07648725212464584,-0.0053848893994506465,-0.11627906976744186,0.15736040609137056,0.7751404741556625,0.039473684210526314,0.8056436509134624,49.122807017543856,0.21428571428571427,0.017857142857142794,0.018181818181818077,0.0185185185185186,-0.11627906976744184,-0.008695652173912993,0.03070175438596491
2,2025-11-25,0.01754385964912286,0.05454545454545445,-0.1470588235294118,0.01754385964912286,0.01627033792240304,0.03448275862068959,0.0927932171455487,-0.0033933070779569394,-0.14705882352941177,0.16,0.42369101206867316,0.04310344827586207,0.7977676583271078,51.72413793103448,0.34782608695652173,0.01754385964912286,0.017857142857142794,0.018181818181818077,-0.1470588235294118,0.01754385964912286,-0.008620689655172414
2,2025-11-26,-0.017241379310344862,0.017857142857142794,-0.1297709923664122,-0.008695652173912993,0.020460358056266042,0.01273319514361863,0.07159642801190656,-0.004016052341207365,-0.1297709923664122,0.12871287128712872,0.19120351772749464,0.043859649122807015,0.8261740708305257,49.152542372881356,0.75,-0.017241379310344862,0.01754385964912286,0.017857142857142794,-0.1297709923664122,-0.008695652173912993,0.0043859649122807015
2,2025-11-27,0.00877192982456143,0.00877192982456143,0.06481481481481488,-0.0043290043290042934,0.02027883396704695,0.017398997345915677,0.07851820976397643,-0.003271998731451138,0.06481481481481481,0.13861386138613863,0.013472843342230834,0.043478260869565216,0.8322919544430888,49.57983193277311,0.875,0.00877192982456143,-0.017241379310344862,0.01754385964912286,0.06481481481481488,-0.0043290043290042934,0.0
2,2025-11-28,0.0,-0.008620689655172376,0.06481481481481488,-0.012875536480686733,0.011306532663316637,0.013513513513513497,0.07605135935956753,-0.002679211857095018,0.06481481481481481,0.12745098039215685,0.1023840336432192,0.043478260869565216,0.8212030717602429,48.717948717948715,0.8333333333333334,0.0,0.00877192982456143,-0.017241379310344862,0.06481481481481488,-0.012875536480686733,0.008695652173913044
2,2025-11-29,0.008695652173912993,0.01754385964912286,0.05454545454545445,-0.021097046413502074,0.012468827930174581,0.01813926272674075,0.08304372633435346,-0.0011901343793555212,0.05454545454545454,0.13725490196078433,0.10750301111445858,0.04310344827586207,0.7774479494227938,47.826086956521735,1.0,0.008695652173912993,0.0,0.00877192982456143,0.05454545454545445,-0.021097046413502074,0.0
2,2025-11-30,0.02586206896551735,0.034782608695652195,0.0625,-0.024590163934426257,0.029666254635352305,0.039301310043668124,0.10840879689521342,0.0028392240914732535,0.0625,0.16666666666666666,0.06128255178664781,0.046218487394957986,0.774619101384448,47.368421052631575,1.0,0.02586206896551735,0.008695652173912993,0.0,0.0625,-0.024590163934426257,-0.03361344537815126
2,2025-12-01,-0.012605042016806678,0.021739130434782705,0.030701754385964897,-0.08914728682170547,0.012307692307692325,0.021739130434782608,0.09217660728117744,0.0038415061133219644,0.03070175438596491,0.14634146341463414,0.0758176450452638,0.0425531914893617,0.7883795394576455,38.83495145631068,0.7,-0.012605042016806678,0.02586206896551735,0.008695652173912993,0.030701754385964897,-0.08914728682170547,-0.02127659574468085
2,2025-12-02,-0.021276595744680882,-0.008620689655172376,-0.008620689655172376,-0.15441176470588236,-0.00800985828712263,-0.003466204506065907,0.06706531264498167,0.0018568204125898398,-0.008620689655172414,0.11650485436893204,-0.04549708936824463,0.0391304347826087,0.8421794905103923,27.65957446808511,0.2,-0.021276595744680882,-0.012605042016806678,0.02586206896551735,-0.008620689655172376,-0.15441176470588236,0.0
2,2025-12-03,-0.004347826086956497,-0.037815126050420145,0.004385964912280604,-0.12595419847328249,-0.01293103448275862,-0.01079913606911447,0.060676238999536794,-1.428209912679267e-06,0.0043859649122807015,0.10096153846153846,-0.72357864809691,0.034934497816593885,0.8178120175659168,30.588235294117638,0.0,-0.004347826086956497,-0.021276595744680882,-0.012605042016806678,0.004385964912280604,-0.12595419847328249,-0.013100436681222707
2,2025-12-04,0.004366812227074135,-0.021276595744680882,0.0,0.06481481481481488,-0.008620689655172414,-0.008763108748742988,0.06377511691248267,-0.0007075618262768843,0.0,0.07476635514018691,-0.6906016578414781,0.0391304347826087,0.7874020920590031,67.5,0.1111111111111111,0.004366812227074135,-0.004347826086956497,-0.021276595744680882,0.0,0.06481481481481488,-0.02608695652173913
2,2025-12-05,0.008695652173912993,0.008695652173912993,0.008695652173912993,0.07407407407407418,-0.0012300123001229664,-0.0012914334911752533,0.07159353348729793,-0.0001337333925128254,0.008695652173913044,0.03571428571428571,-0.07219700097003941,0.04741379310344827,0.8286215449507283,69.04761904761905,0.3333333333333333,0.008695652173912993,0.004366812227074135,-0.004347826086956497,0.008695652173912993,0.07407407407407418,-0.02586206896551724
2,2025-12-06,0.0,0.013100436681222627,0.0,0.05454545454545445,-0.0012300123001229664,-0.003579098067287084,0.07043986465702867,0.00024340871816478187,0.0,0.07407407407407407,-0.5724386264456117,0.04741379310344827,0.830747981710091,65.78947368421052,0.3333333333333333,0.0,0.008695652173912993,0.004366812227074135,0.0,0.05454545454545445,-0.017241379310344827
2,2025-12-07,-0.008620689655172376,0.0,-0.03361344537815125,0.02678571428571419,-0.004944375772558697,-0.013581129378127194,0.06028786559442711,-0.0005283404398481121,-0.03361344537815126,0.045454545454545456,0.7305664226830001,0.04782608695652174,0.8323287605699334,58.33333333333334,0.16666666666666666,-0.008620689655172376,0.0,0.008695652173912993,-0.03361344537815125,0.02678571428571419,0.017391304347826087
2,2025-12-08,0.0,-0.008620689655172376,-0.021276595744680882,0.00877192982456143,-0.0018598884066955456,-0.013863084178933774,0.05952807493473919,-0.0010132081899338263,-0.02127659574468085,0.008771929824561403,0.6388882860734291,0.05217391304347826,0.8374680575177273,53.125,0.3333333333333333,0.0,-0.008620689655172376,0.0,-0.021276595744680882,0.00877192982456143,0.017391304347826087
2,2025-12-09,0.0,-0.008620689655172376,0.0,-0.008620689655172376,-0.0018598884066955456,-0.013863084178933774,0.05882352941176468,-0.0012951476650545882,0.0,0.0,0.5411193618731754,0.05217391304347826,0.8288846302691565,46.42857142857143,0.3333333333333333,0.0,0.0,-0.008620689655172376,0.0,-0.008620689655172376,0.008695652173913044
2,2025-12-10,-0.017391304347826098,-0.017391304347826098,-0.013100436681222738,-0.00877192982456143,-0.017391304347826087,-0.030459030459030437,0.04008999795459193,-0.003465599243706712,-0.013100436681222707,-0.017391304347826087,0.23530160286422624,0.04424778761061947,0.8448761897918927,46.42857142857143,0.0,-0.017391304347826098,0.0,0.0,-0.013100436681222738,-0.00877192982456143,-0.008849557522123894
2,2025-12-11,-0.008849557522123908,-0.02608695652173909,-0.02608695652173909,-0.02608695652173909,-0.022443890274314197,-0.038489054228072694,0.030780243378668616,-0.0057928193388759,-0.02608695652173913,-0.017543859649122806,-0.7271903897984728,0.04017857142857143,0.8399819280228966,39.285714285714285,0.0,-0.008849557522123908,-0.017391304347826098,0.0,-0.02608695652173909,-0.02608695652173909,-0.04017857142857143
2,2025-12-12,0.008928571428571397,-0.017391304347826098,-0.025862068965517238,-0.017391304347826098,-0.01001251564455566,-0.029348604151753797,0.03987730061349689,-0.00609934060378721,-0.02586206896551724,-0.017391304347826087,-0.038685006097050514,0.048672566371681415,0.8420406555769896,43.33333333333333,0.25,0.008928571428571397,-0.008849557522123908,-0.017391304347826098,-0.025862068965517238,-0.017391304347826098,-0.08849557522123894
2,2025-12-13,0.008849557522123908,0.008849557522123908,-0.017241379310344862,-0.017241379310344862,0.001254705144291056,-0.020338012030936638,0.04875804967801285,-0.005071561955806395,-0.017241379310344827,-0.012987012987012988,-0.08411002496067349,0.05263157894736842,0.8092045657144246,43.33333333333333,0.6666666666666666,0.008849557522123908,0.008928571428571397,-0.008849557522123908,-0.017241379310344862,-0.017241379310344862,-0.13157894736842105
2,2025-12-14,0.026315789473684292,0.044642857142857206,0.017391304347825987,-0.01680672268907568,0.025031289111389275,0.005298582271230073,0.07514804982642434,-0.0011697987721601653,0.017391304347826087,0.004291845493562232,-0.05069322295127679,0.05128205128205128,0.8152530413475828,43.33333333333333,1.0,0.026315789473684292,0.008849557522123908,0.008928571428571397,0.017391304347825987,-0.01680672268907568,-0.17094017094017094
2,2025-12-15,0.0,0.03539823008849563,0.017391304347825987,-0.004255319148936176,0.022471910112359533,0.005730659025788006,0.0737228510247782,0.0013918452518933385,0.017391304347826087,-0.012658227848101266,0.013869419352625999,0.05128205128205128,0.823153053287114,48.14814814814815,1.0,0.0,0.026315789473684292,0.008849557522123908,0.017391304347825987,-0.004255319148936176,-0.17094017094017094
2,2025-12-16,-0.008547008547008517,0.01754385964912286,0.008695652173912993,0.008695652173912993,0.012468827930174581,-0.001148105625717623,0.06324472960586623,0.001992441212976244,0.008695652173913044,-0.04918032786885246,0.03141496605945795,0.04741379310344827,0.8583997985449758,54.166666666666664,0.8,-0.008547008547008517,0.0,0.026315789473684292,0.008695652173912993,0.008695652173912993,-0.15086206896551724
2,2025-12-17,-0.03448275862068961,-0.042735042735042694,-0.008849557522123908,-0.02183406113537123,-0.021223470661672926,-0.03086241707528119,0.025797588154480196,-0.0017403954227735248,-0.008849557522123894,-0.13178294573643412,0.518599100245475,0.044642857142857144,0.8974033198636615,41.935483870967744,0.0,-0.03448275862068961,-0.008547008547008517,0.0,-0.008849557522123908,-0.02183406113537123,-0.09821428571428571
2,2025-12-18,-0.0401785714285714,-0.08119658119658124,-0.0401785714285714,-0.06521739130434778,-0.05524168236032648,-0.06209102806456298,-0.015617846059927698,-0.008762122712575683,-0.04017857142857143,-0.20955882352941177,0.20569787299392073,0.05581395348837209,0.9073404622870891,30.769230769230774,0.0,-0.0401785714285714,-0.03448275862068961,-0.008547008547008517,-0.0401785714285714,-0.06521739130434778,-0.023255813953488372
2,2025-12-19,-0.041860465116279055,-0.11206896551724133,-0.08849557522123896,-0.11206896551724133,-0.08328035600762877,-0.09397449054390855,-0.05634448007329368,-0.017864081344936816,-0.08849557522123894,-0.21374045801526717,0.10174172529065721,0.06310679611650485,0.9130638552471176,21.73913043478261,0.0,-0.041860465116279055,-0.0401785714285714,-0.03448275862068961,-0.08849557522123896,-0.11206896551724133,0.038834951456310676
2,2025-12-20,-0.03883495145631066,-0.1160714285714286,-0.13157894736842102,-0.14655172413793105,-0.10174983797796495,-0.12685579891224466,-0.09178940930635547,-0.027704509795104512,-0.13157894736842105,-0.08333333333333333,0.20500567213865534,0.06565656565656566,0.9337112380197871,18.51851851851852,0.0,-0.03883495145631066,-0.041860465116279055,-0.0401785714285714,-0.13157894736842102,-0.14655172413793105,0.09090909090909091
2,2025-12-21,-0.02020202020202022,-0.0976744186046512,-0.1709401709401709,-0.15652173913043477,-0.09647371922821028,-0.14171951039669664,-0.10881992650061253,-0.03568460215004337,-0.17094017094017094,-0.10185185185185185,0.23371121789317728,0.05670103092783505,0.9360214637368296,17.85714285714286,0.0,-0.02020202020202022,-0.03883495145631066,-0.041860465116279055,-0.1709401709401709,-0.15652173913043477,0.10824742268041238
2,2025-12-22,0.0,-0.058252427184465994,-0.1709401709401709,-0.15652173913043477,-0.07177033492822966,-0.13841598815692077,-0.10745322564154994,-0.03995879118761691,-0.17094017094017094,-0.11818181818181818,-0.6720510827662532,0.05670103092783505,0.9110684331518006,17.85714285714286,0.0,0.0,-0.02020202020202022,-0.03883495145631066,-0.1709401709401709,-0.15652173913043477,0.10309278350515463
2,2025-12-23,0.015463917525773141,-0.005050505050505083,-0.15086206896551724,-0.14347826086956517,-0.03431372549019608,-0.1215814506539834,-0.09239825953416939,-0.0398642920976842,-0.15086206896551724,-0.12053571428571429,-0.1561601578145716,0.050761421319796954,0.8704887149632897,22.033898305084747,0.1,0.015463917525773141,0.0,-0.02020202020202022,-0.15086206896551724,-0.14347826086956517,0.09137055837563451
2,2025-12-24,0.025380710659898442,0.04123711340206193,-0.0982142857142857,-0.10619469026548678,0.0056899004267425115,-0.09579230080572966,-0.06836117659116532,-0.0356652906186478,-0.09821428571428571,-0.11403508771929824,-0.6617572992133547,0.06435643564356436,0.7713556321601911,30.0,0.38095238095238093,0.025380710659898442,0.015463917525773141,0.0,-0.0982142857142857,-0.10619469026548678,0.06930693069306931
2,2025-12-25,0.03960396039603964,0.08247422680412364,-0.023255813953488413,-0.0625,0.0492505353319058,-0.05688622754491014,-0.030669812288439846,-0.027165440345849008,-0.023255813953488372,-0.09482758620689655,-0.6599605145516843,0.06190476190476191,0.8020672852960616,39.39393939393939,1.0,0.03960396039603964,0.025380710659898442,0.015463917525773141,-0.023255813953488413,-0.0625,0.0380952380952381
2,2025-12-26,0.01904761904761898,0.08629441624365475,0.03883495145631066,-0.053097345132743334,0.06316536550745214,-0.03690369036903685,-0.012054372916132356,-0.01846939228689506,0.038834951456310676,-0.06140350877192982,-0.5773556236999468,0.06074766355140187,0.7736310955875775,41.17647058823529,1.0,0.01904761904761898,0.03960396039603964,0.025380710659898442,0.03883495145631066,-0.053097345132743334,0.018691588785046728
2,2025-12-27,0.009345794392523255,0.06930693069306937,0.09090909090909083,-0.052631578947368474,0.05956552207428169,-0.025856885147324055,-0.0026165922733569166,-0.011098973667005213,0.09090909090909091,-0.06086956521739131,-0.4486976031345665,0.046296296296296294,0.8331433276244188,41.17647058823529,1.0,0.009345794392523255,0.01904761904761898,0.03960396039603964,0.09090909090909083,-0.052631578947368474,0.018518518518518517
2,2025-12-28,-0.00462962962962965,0.023809523809523725,0.10824742268041243,-0.08119658119658124,0.03936464088397788,-0.028175380442971163,-0.007285040016417015,-0.006513035194672712,0.10824742268041238,-0.06521739130434782,-0.04432200471071541,0.05581395348837209,0.8382732898585356,34.920634920634924,0.9545454545454546,-0.00462962962962965,0.009345794392523255,0.01904761904761898,0.10824742268041243,-0.08119658119658124,0.013953488372093023
2,2025-12-29,-0.0046511627906976605,0.0,0.10309278350515472,-0.0854700854700855,0.020435967302452278,-0.03006496449614742,-0.012003693444136631,-0.0038752830756999617,0.10309278350515463,-0.07758620689655173,-0.024423099716185382,0.0514018691588785,0.8511919258860593,34.375,0.8947368421052632,-0.0046511627906976605,-0.00462962962962965,0.009345794392523255,0.10309278350515472,-0.0854700854700855,0.028037383177570093
2,2025-12-30,0.004672897196261738,-0.00462962962962965,0.09137055837563457,-0.07327586206896552,0.01278600269179008,-0.022134627046695,-0.00764141750859023,-0.0014847798790797089,0.09137055837563451,-0.09663865546218488,0.07299484044671434,0.046511627906976744,0.8231102363742155,36.507936507936506,0.9285714285714286,0.004672897196261738,-0.0046511627906976605,-0.00462962962962965,0.09137055837563457,-0.07327586206896552,0.013953488372093023
2,2025-12-31,0.0046511627906977715,0.0046511627906977715,0.06930693069306937,-0.0357142857142857,0.008000000000000038,-0.014748365516192734,-0.00374109567980317,0.0006614653138025261,0.06930693069306931,-0.08085106382978724,0.02844375931697259,0.05092592592592592,0.837553629027944,42.857142857142854,1.0,0.0046511627906977715,0.004672897196261738,-0.0046511627906976605,0.06930693069306937,-0.0357142857142857,0.009259259259259259
2,2026-01-01,0.0092592592592593,0.01869158878504673,0.03809523809523818,0.013953488372093092,0.011936339522546476,-0.003808073115003851,0.004762636349669679,0.0031176196675799578,0.0380952380952381,-0.05217391304347826,-0.8719491521495955,0.05504587155963303,0.8057541512501301,53.06122448979592,1.0,0.0092592592592593,0.0046511627906977715,0.004672897196261738,0.03809523809523818,0.013953488372093092,-0.009174311926605505
2,2026-01-02,0.0,0.013953488372093092,0.01869158878504673,0.058252427184465994,0.009259259259259259,-0.0021361000915471554,0.004145555043758663,0.0045995384960359435,0.018691588785046728,-0.048034934497816595,0.15221630468249683,0.05045871559633028,0.7918787826268157,65.0,1.0,0.0,0.0092592592592593,0.0046511627906977715,0.01869158878504673,0.058252427184465994,-0.01834862385321101
2,2026-01-03,0.00917431192660545,0.0185185185185186,0.0185185185185186,0.11111111111111116,0.01583113456464374,0.00855745721271397,0.012528765021733602,0.006480468968469463,0.018518518518518517,-0.043478260869565216,2.1484114066405176,0.05,0.8204451493235548,82.3529411764706,1.0,0.00917431192660545,0.0,0.0092592592592593,0.0185185185185186,0.11111111111111116,-0.03636363636363636
2,2026-01-04,-0.009090909090909038,0.0,0.013953488372093092,0.12371134020618557,0.004608294930875576,0.0015313935681470574,0.002503704460681653,0.006401516804980371,0.013953488372093023,-0.0603448275862069,-0.21073204703661247,0.05045871559633028,0.8052215152876646,87.5,0.6666666666666666,-0.009090909090909038,0.00917431192660545,0.0,0.013953488372093092,0.12371134020618557,-0.027522935779816515
2,2026-01-05,0.00917431192660545,0.00917431192660545,0.028037383177569986,0.134020618556701,0.009836065573770474,0.012580546179809696,0.010564997703261421,0.007206953351068759,0.028037383177570093,-0.05172413793103448,-0.2839134972972521,0.05,0.8165309007484814,88.23529411764706,1.0,0.00917431192660545,-0.009090909090909038,0.00917431192660545,0.028037383177569986,0.134020618556701,-0.045454545454545456
2,2026-01-06,-0.009090909090909038,-0.009090909090909038,0.013953488372093092,0.10659898477157359,-0.0013089005235601722,0.005225945281278784,0.00035690613368686354,0.006414638790446457,0.013953488372093023,-0.05217391304347826,1.2871819755453973,0.05045871559633028,0.813823239979726,81.81818181818181,0.5,-0.009090909090909038,0.00917431192660545,-0.009090909090909038,0.013953488372093092,0.10659898477157359,-0.03211009174311927
2,2026-01-07,0.0,0.0,0.0092592592592593,0.07920792079207928,-0.002614379084967376,0.007083461656914066,-0.0004585052728106113,0.00568553102815774,0.009259259259259259,-0.05217391304347826,-0.7940562702871911,0.045871559633027525,0.8161006867445372,78.57142857142857,0.0,0.0,-0.009090909090909038,0.00917431192660545,0.0092592592592593,0.07920792079207928,-0.027522935779816515
2,2026-01-08,-0.00917431192660545,-0.018181818181818188,-0.00917431192660545,0.02857142857142847,-0.010471204188481638,0.0,-0.01013289882376902,0.003950378249903773,-0.009174311926605505,-0.06086956521739131,-0.3785674244958869,0.046296296296296294,0.8734171499031274,63.63636363636363,0.0,-0.00917431192660545,0.0,-0.009090909090909038,-0.00917431192660545,0.02857142857142847,-0.009259259259259259
2,2026-01-09,-0.0092592592592593,-0.01834862385321101,-0.01834862385321101,0.0,-0.01706036745406828,-0.0074211502782931095,-0.01969766376546043,0.001614293721487213,-0.01834862385321101,-0.05309734513274336,-0.48550171161272165,0.04205607476635514,0.8476552974349775,50.0,0.0,-0.0092592592592593,-0.00917431192660545,0.0,-0.01834862385321101,0.0,0.014018691588785047
2,2026-01-10,-0.009345794392523366,-0.02752293577981646,-0.036363636363636376,-0.01851851851851849,-0.02110817941952512,-0.014869888475836378,-0.029155854068081244,-0.0010440119550862072,-0.03636363636363636,-0.05357142857142857,-0.21099453436097537,0.04245283018867924,0.863162675681379,39.99999999999999,0.0,-0.009345794392523366,-0.0092592592592593,-0.00917431192660545,-0.036363636363636376,-0.01851851851851849,0.03773584905660377
2,2026-01-11,0.0,-0.01851851851851849,-0.02752293577981646,-0.013953488372092981,-0.017218543046357653,-0.01272896615957771,-0.029501525940997003,-0.002745958777474579,-0.027522935779816515,-0.061946902654867256,0.4089883535649408,0.04716981132075472,0.8710942711299953,42.10526315789474,0.0,0.0,-0.009345794392523366,-0.0092592592592593,-0.02752293577981646,-0.013953488372092981,0.06132075471698113
2,2026-01-12,-0.009433962264150941,-0.01869158878504673,-0.045454545454545414,-0.01869158878504673,-0.019999999999999962,-0.019302615193026118,-0.038901601830663615,-0.0048592275680071585,-0.045454545454545456,-0.07894736842105263,1.1075621149371109,0.05238095238095238,0.8534568294213032,39.99999999999999,0.0,-0.009433962264150941,0.0,-0.009345794392523366,-0.045454545454545414,-0.01869158878504673,0.0761904761904762
2,2026-01-13,0.004761904761904745,-0.004716981132075526,-0.032110091743119296,-0.018604651162790753,-0.010716677829872703,-0.011092016872363728,-0.0346685644570964,-0.005533019629834742,-0.03211009174311927,-0.09829059829059829,1.0643588928271446,0.04739336492890995,0.8492449961340858,39.99999999999999,0.125,0.004761904761904745,-0.009433962264150941,0.0,-0.032110091743119296,-0.018604651162790753,0.07109004739336493
2,2026-01-14,0.004739336492890933,0.0,-0.02752293577981646,-0.01851851851851849,-0.0020174848688634265,-0.0029785232795108596,-0.030487804878048738,-0.0052410616870934455,-0.027522935779816515,-0.09401709401709402,0.5344919850738955,0.04245283018867924,0.8467659978837312,39.99999999999999,0.3333333333333333,0.004739336492890933,0.004761904761904745,-0.009433962264150941,-0.02752293577981646,-0.01851851851851849,0.04716981132075472
2,2026-01-15,0.009433962264151052,0.01904761904761898,-0.0092592592592593,-0.01834862385321101,0.008754208754208773,0.009275271183776145,-0.021888172261439246,-0.0037797243752190793,-0.009259259259259259,-0.07758620689655173,0.014265376069959599,0.04672897196261682,0.8435182758014456,39.99999999999999,1.0,0.009433962264151052,0.004739336492890933,0.004761904761904745,-0.0092592592592593,-0.01834862385321101,0.004672897196261682
2,2026-01-16,0.014018691588784993,0.028436018957346043,0.014018691588784993,-0.004587155963302725,0.020833333333333273,0.02455146364494801,-0.009031865232392985,-0.001064957155591201,0.014018691588785047,-0.03125,0.23663506147684907,0.04608294930875576,0.8254731617244739,47.82608695652174,1.0,0.014018691588784993,0.009433962264151052,0.004739336492890933,0.014018691588784993,-0.004587155963302725,-0.013824884792626729
2,2026-01-17,0.01382488479262678,0.037735849056603765,0.037735849056603765,0.0,0.029411764705882314,0.03789904072967447,0.00349703512239629,0.002355711563711336,0.03773584905660377,0.023255813953488372,0.15089044433701995,0.04090909090909091,0.8272630318614144,50.0,1.0,0.01382488479262678,0.014018691588784993,0.009433962264151052,0.037735849056603765,0.0,-0.031818181818181815
2,2026-01-18,0.022727272727272707,0.051401869158878455,0.061320754716981174,0.032110091743119185,0.04373757455268384,0.058325493885230506,0.024849435700187224,0.007167121020004783,0.06132075471698113,0.09223300970873786,0.11918677349730566,0.05333333333333334,0.8065338599929767,62.96296296296296,1.0,0.022727272727272707,0.01382488479262678,0.014018691588784993,0.061320754716981174,0.032110091743119185,-0.05333333333333334
2,2026-01-19,0.004444444444444473,0.041474654377880116,0.07619047619047614,0.027272727272727337,0.03737704918032785,0.05838276615672808,0.027687954729183572,0.010541467217735445,0.0761904761904762,0.1414141414141414,0.001205160196758708,0.04424778761061947,0.8302556301800154,61.53846153846153,1.0,0.004444444444444473,0.022727272727272707,0.01382488479262678,0.07619047619047614,0.027272727272727337,-0.05309734513274336
2,2026-01-20,0.0,0.027272727272727337,0.07109004739336489,0.03669724770642202,0.02727272727272727,0.053122087604846255,0.025977301387137483,0.012347513397774266,0.07109004739336493,0.16494845360824742,-0.3058479936721248,0.03982300884955752,0.8446316669321347,66.66666666666666,1.0,0.0,0.004444444444444473,0.022727272727272707,0.07109004739336489,0.03669724770642202,-0.05309734513274336
2,2026-01-21,-0.017699115044247815,-0.013333333333333308,0.04716981132075482,0.0183486238532109,0.0025806451612903777,0.0300030931023817,0.006295643414756974,0.010989323647486992,0.04716981132075472,0.14432989690721648,-0.7364928767506042,0.03153153153153153,0.8517087237162746,57.14285714285714,0.6666666666666666,-0.017699115044247815,0.0,0.004444444444444473,0.04716981132075482,0.0183486238532109,-0.036036036036036036
2,2026-01-22,-0.03153153153153154,-0.04867256637168138,0.004672897196261738,-0.00462962962962965,-0.029658284977433967,-0.0052436767427513535,-0.026513055290033703,0.006045074325549489,0.004672897196261682,0.09137055837563451,-0.6580167656298945,0.046511627906976744,0.8633909008813777,48.484848484848484,0.0,-0.03153153153153154,-0.017699115044247815,0.0,0.004672897196261738,-0.00462962962962965,0.013953488372093023
2,2026-01-23,-0.0046511627906976605,-0.053097345132743334,-0.01382488479262678,0.0,-0.03229974160206717,-0.011699507389162552,-0.03186890519754703,0.002083857663800521,-0.013824884792626729,0.0594059405940594,-0.6393441837292083,0.037383177570093455,0.8344578801522983,50.0,0.0,-0.0046511627906976605,-0.03153153153153154,-0.017699115044247815,-0.01382488479262678,0.0,0.028037383177570093
2,2026-01-24,-0.004672897196261627,-0.04054054054054057,-0.03181818181818186,0.004716981132075526,-0.03244646333549641,-0.016771811047853483,-0.03702215301150353,-0.0011100385730844484,-0.031818181818181815,0.014285714285714285,-0.5190795424622782,0.03755868544600939,0.7857214423841895,51.61290322580645,0.0,-0.004672897196261627,-0.0046511627906976605,-0.03153153153153154,-0.03181818181818186,0.004716981132075526,0.018779342723004695
2,2026-01-25,0.0,-0.009302325581395321,-0.053333333333333344,0.004716981132075526,-0.024852844996729833,-0.016620498614958422,-0.037553971282257216,-0.003161600202410479,-0.05333333333333334,-0.004672897196261682,-0.40703337967549347,0.028169014084507043,0.7952673682321829,51.61290322580645,0.0,0.0,-0.004672897196261627,-0.0046511627906976605,-0.053333333333333344,0.004716981132075526,0.014084507042253521
2,2026-01-26,0.0046948356807512415,0.0,-0.053097345132743334,0.01904761904761898,-0.01252471984179305,-0.011699507389162552,-0.03361766181635731,-0.0038560616492162155,-0.05309734513274336,-0.009259259259259259,-0.2721252435004179,0.03271028037383177,0.7317104615500067,56.666666666666664,0.07692307692307693,0.0046948356807512415,0.0,-0.004672897196261627,-0.053097345132743334,0.01904761904761898,0.009345794392523364
2,2026-01-27,0.0,0.0046948356807512415,-0.053097345132743334,0.014218009478673022,-0.004651162790697674,-0.011547344110854504,-0.03410230692076223,-0.004181581569521282,-0.05309734513274336,-0.004651162790697674,-0.12717983369744265,0.03271028037383177,0.7841319489878866,55.17241379310345,0.1111111111111111,0.0,0.0046948356807512415,0.0,-0.053097345132743334,0.014218009478673022,0.004672897196261682
2,2026-01-28,0.0,0.0046948356807512415,-0.036036036036036,0.009433962264151052,0.000668002672010669,-0.011547344110854504,-0.03458646616541349,-0.004255519229755044,-0.036036036036036036,0.0,-0.03807430080119508,0.028037383177570093,0.8128397161033046,53.57142857142857,0.5,0.0,0.0,0.0046948356807512415,-0.036036036036036,0.009433962264151052,0.004672897196261682
2,2026-01-29,0.01869158878504673,0.01869158878504673,0.013953488372093092,0.01869158878504673,0.01733333333333337,0.006463527239150535,-0.01723101582849129,-0.001992921838004475,0.013953488372093023,0.013953488372093023,1.3865377308128395,0.01834862385321101,0.650623119896863,56.666666666666664,1.0,0.01869158878504673,0.0,0.0,0.013953488372093092,0.01869158878504673,-0.009174311926605505
2,2026-01-30,0.00917431192660545,0.028037383177569986,0.028037383177569986,0.01382488479262678,0.022576361221779567,0.015072285450630636,-0.008959407377746595,0.0006187587793706837,0.028037383177570093,0.018518518518518517,-0.18435229814335224,0.031818181818181815,0.5732215134693122,55.17241379310345,1.0,0.00917431192660545,0.01869158878504673,0.0,0.028037383177569986,0.01382488479262678,-0.01818181818181818
2,2026-01-31,-0.013636363636363669,0.014018691588784993,0.018779342723004744,-0.013636363636363669,0.005960264900662214,0.0013844023996308786,-0.023011505752876454,0.0006765942553977413,0.018779342723004695,-0.0045871559633027525,0.916553439220604,0.027649769585253458,0.504783232464495,44.827586206896555,0.5714285714285714,-0.013636363636363669,0.00917431192660545,0.01869158878504673,0.018779342723004744,-0.013636363636363669,0.004608294930875576
2,2026-02-01,-0.004608294930875556,-0.00917431192660545,0.014084507042253502,-0.040000000000000036,-0.0006609385327164386,-0.0029235266964147983,-0.027902790279027853,0.00015331031757863297,0.014084507042253521,-0.009174311926605505,1.1416301273540046,0.023148148148148147,0.5105252030564983,32.0,0.3333333333333333,-0.004608294930875556,-0.013636363636363669,0.00917431192660545,0.014084507042253502,-0.040000000000000036,0.037037037037037035
2,2026-02-02,0.0,-0.018181818181818188,0.009345794392523255,-0.04424778761061943,-0.001980198019801924,-0.0023094688221709007,-0.02800000000000003,-0.00019218013093585552,0.009345794392523364,-0.01818181818181818,-0.4761760439239807,0.027777777777777776,0.5230871979594758,29.16666666666667,0.3333333333333333,0.0,-0.004608294930875556,-0.013636363636363669,0.009345794392523255,-0.04424778761061943,0.10648148148148148
2,2026-02-03,-0.00462962962962965,-0.009216589861751112,0.004672897196261738,-0.04867256637168138,-0.007255936675461797,-0.006469500924214444,-0.03206442899304692,-0.000950143032695251,0.004672897196261682,-0.013761467889908258,0.09310618633731872,0.027906976744186046,0.4578274351882486,28.0,0.16666666666666666,-0.00462962962962965,0.0,-0.004608294930875556,0.004672897196261738,-0.04867256637168138,0.17209302325581396
2,2026-02-04,0.0,-0.00462962962962965,0.004672897196261738,-0.03153153153153154,-0.007910349373764045,-0.005703715122552737,-0.03201600800400201,-0.0014121596218240279,0.004672897196261682,-0.022727272727272728,-0.09755132186010364,0.027906976744186046,0.49645424472503424,33.33333333333333,0.0,0.0,-0.00462962962962965,0.0,0.004672897196261738,-0.03153153153153154,0.23255813953488372
2,2026-02-05,0.0046511627906977715,0.0,-0.00917431192660545,0.0046511627906977715,-0.001980198019801924,-0.0007710100231302569,-0.027319123386370443,-0.001125171836125519,-0.009174311926605505,-0.009174311926605505,0.41165964798927346,0.027777777777777776,0.5189398243554163,53.33333333333333,0.2,0.0046511627906977715,0.0,-0.00462962962962965,-0.00917431192660545,0.0046511627906977715,0.23148148148148148
2,2026-02-06,0.0,0.0046511627906977715,-0.018181818181818188,0.009345794392523255,0.0006618133686300275,-0.00046274872744097326,-0.026734755181736274,-0.0009011137228134667,-0.01818181818181818,-0.009174311926605505,-0.8218661453642124,0.023148148148148147,0.5491311075555164,57.14285714285714,0.5,0.0,0.0046511627906977715,0.0,-0.018181818181818188,0.009345794392523255,0.2037037037037037
2,2026-02-07,0.0092592592592593,0.013953488372093092,0.004608294930875667,0.023474178403755763,0.009259259259259259,0.008481110254433351,-0.017132551848512225,0.00035398025294915874,0.004608294930875576,0.009259259259259259,-0.921101209199635,0.03211009174311927,0.4986127289156563,66.66666666666666,1.0,0.0092592592592593,0.0,0.0046511627906977715,0.004608294930875667,0.023474178403755763,0.2018348623853211
2,2026-02-08,0.02752293577981657,0.03703703703703698,0.03703703703703698,0.05164319248826299,0.031578947368421074,0.03464203233256351,0.01022248947684913,0.004372233977828778,0.037037037037037035,0.04672897196261682,-0.8698503524163159,0.03125,0.5476989776409129,76.19047619047619,1.0,0.02752293577981657,0.0092592592592593,0.0,0.03703703703703698,0.05164319248826299,0.17857142857142858
2,2026-02-09,0.06696428571428581,0.1064814814814814,0.1064814814814814,0.11682242990654212,0.08425145819831503,0.09935602575896961,0.07727750788801523,0.01469534252613432,0.10648148148148148,0.12735849056603774,-0.6236236156197861,0.03347280334728033,0.5970618207649258,85.71428571428571,1.0,0.06696428571428581,0.02752293577981657,0.0092592592592593,0.1064814814814814,0.11682242990654212,0.11297071129707113
2,2026-02-10,0.05439330543933063,0.15596330275229353,0.172093023255814,0.17757009345794383,0.1164556962025316,0.15208777811642799,0.1346240432237731,0.027313848777921215,0.17209302325581396,0.18867924528301888,-0.6261849204451038,0.031746031746031744,0.5509842909713001,89.58333333333333,1.0,0.05439330543933063,0.06696428571428581,0.02752293577981657,0.172093023255814,0.17757009345794383,0.047619047619047616
2,2026-02-11,0.051587301587301626,0.1830357142857142,0.2325581395348837,0.23831775700934577,0.1380368098159509,0.20145080852350009,0.1911302002696898,0.04056557830997308,0.23255813953488372,0.2619047619047619,1.2485198692138664,0.03018867924528302,0.5287887797702785,91.80327868852459,1.0,0.051587301587301626,0.05439330543933063,0.06696428571428581,0.2325581395348837,0.23831775700934577,0.026415094339622643
2,2026-02-12,0.0037735849056603765,0.11297071129707104,0.2314814814814814,0.22018348623853212,0.10833333333333334,0.19604316546762587,0.19365775827682494,0.047751522458828306,0.23148148148148148,0.26066350710900477,-0.40991985694554545,0.022556390977443608,0.5419439360250488,91.37931034482759,1.0,0.0037735849056603765,0.051587301587301626,0.05439330543933063,0.2314814814814814,0.22018348623853212,0.06015037593984962
2,2026-02-13,-0.022556390977443663,0.031746031746031855,0.20370370370370372,0.18181818181818188,0.05568445475638054,0.16071428571428573,0.16539668310174813,0.04770352300075256,0.2037037037037037,0.22641509433962265,2.018531557412744,0.03076923076923077,0.584421436612371,82.25806451612902,0.875,-0.022556390977443663,0.0037735849056603765,0.051587301587301626,0.20370370370370372,0.18181818181818188,0.11538461538461539
2,2026-02-14,0.007692307692307665,-0.01132075471698113,0.201834862385321,0.20737327188940102,0.0373303167420814,0.1613475177304965,0.17330944917151808,0.04687397472002144,0.2018348623853211,0.22429906542056074,1.146787856303716,0.026717557251908396,0.5792591674764441,86.88524590163934,0.9047619047619048,0.007692307692307665,-0.022556390977443663,0.0037735849056603765,0.201834862385321,0.20737327188940102,0.09923664122137404
2,2026-02-15,0.007633587786259444,-0.007518796992481258,0.1785714285714286,0.22222222222222232,0.022123893805309765,0.16214233308877482,0.181913147291449,0.04557676273153893,0.17857142857142858,0.21658986175115208,-0.47809082133959285,0.022727272727272728,0.5697015390331626,88.70967741935485,0.9259259259259259,0.007633587786259444,0.007692307692307665,-0.022556390977443663,0.1785714285714286,0.22222222222222232,0.0946969696969697
2,2026-02-16,0.007575757575757569,0.023076923076922995,0.11297071129707104,0.2314814814814814,0.014713896457765573,0.16309575863576745,0.1912225705329153,0.044026022291952405,0.11297071129707113,0.20909090909090908,0.2255990018282035,0.022556390977443608,0.5184986456747415,89.0625,1.0,0.007575757575757569,0.007633587786259444,0.007692307692307665,0.11297071129707104,0.2314814814814814,0.12030075187969924
2,2026-02-17,-0.007518796992481258,0.007633587786259444,0.04761904761904767,0.22790697674418614,0.0005414185165133571,0.14782608695652175,0.18214836559032788,0.040585383356769825,0.047619047619047616,0.17333333333333334,-0.5627353938469356,0.026515151515151516,0.5210659425862589,87.6923076923077,0.6666666666666666,-0.007518796992481258,0.007575757575757569,0.007633587786259444,0.04761904761904767,0.22790697674418614,0.17424242424242425
2,2026-02-18,0.030303030303030276,0.030303030303030276,0.026415094339622636,0.2651162790697674,0.026968716289104733,0.17477684998560322,0.2145869511287521,0.0405064399230871,0.026415094339622643,0.20353982300884957,-0.5149952204680665,0.025735294117647058,0.49928865974539427,89.04109589041096,1.0,0.030303030303030276,-0.007518796992481258,0.007575757575757569,0.026415094339622636,0.2651162790697674,0.11764705882352941
2,2026-02-19,0.03676470588235303,0.06015037593984962,0.06015037593984962,0.3055555555555556,0.05561497326203199,0.2082262210796915,0.2551308046090698,0.04336390005097726,0.06015037593984962,0.24778761061946902,-0.5379448385583407,0.024822695035460994,0.5568271261158827,90.2439024390244,1.0,0.03676470588235303,0.030303030303030276,-0.007518796992481258,0.06015037593984962,0.3055555555555556,0.03546099290780142
2,2026-02-20,0.028368794326241176,0.0984848484848484,0.11538461538461542,0.34259259259259256,0.06842105263157888,0.2305516265912306,0.28628455965699084,0.0469992322440417,0.11538461538461539,0.3063063063063063,-0.10097662706904349,0.03103448275862069,0.542700328204547,91.11111111111111,1.0,0.028368794326241176,0.03676470588235303,0.030303030303030276,0.11538461538461542,0.34259259259259256,-0.006896551724137931
2,2026-02-21,-0.006896551724137945,0.05882352941176472,0.0992366412213741,0.32110091743119273,0.04672897196261673,0.20957580848383034,0.2733971997052322,0.046737192646944994,0.09923664122137404,0.3395348837209302,-0.6624386070673112,0.017361111111111112,0.5942538600670605,88.88888888888889,0.9230769230769231,-0.006896551724137945,0.028368794326241176,0.03676470588235303,0.0992366412213741,0.32110091743119273,-0.006944444444444444
2,2026-02-22,0.003472222222222321,0.024822695035461084,0.09469696969696972,0.2901785714285714,0.03690415171706814,0.20116375727348298,0.2740007836990596,0.045307978739637225,0.0946969696969697,0.35046728971962615,0.9605154024181753,0.020761245674740483,0.58117183307431,88.23529411764706,0.9615384615384616,0.003472222222222321,-0.006896551724137945,0.028368794326241176,0.09469696969696972,0.2901785714285714,-0.020761245674740483
2,2026-02-23,0.03114186851211076,0.02758620689655178,0.12030075187969924,0.2468619246861925,0.05194150277357542,0.22415445707243598,0.3094424372619861,0.046461328061272095,0.12030075187969924,0.39906103286384975,-0.21255268720838005,0.026845637583892617,0.5217207655411668,87.34177215189874,1.0,0.03114186851211076,0.003472222222222321,-0.006896551724137945,0.12030075187969924,0.2468619246861925,-0.040268456375838924
2,2026-02-24,0.04026845637583887,0.07638888888888884,0.1742424242424243,0.23015873015873023,0.06949236076885174,0.2567567567567568,0.35673993386500685,0.05030730295756926,0.17424242424242425,0.45539906103286387,-0.6244481905315029,0.02258064516129032,0.545061459257742,87.17948717948718,1.0,0.04026845637583887,0.03114186851211076,0.003472222222222321,0.1742424242424243,0.23015873015873023,-0.06774193548387097
2,2026-02-25,-0.01935483870967747,0.05190311418685112,0.11764705882352944,0.14716981132075468,0.03250849102377481,0.21762349799732983,0.32570985560616345,0.04852415118112433,0.11764705882352941,0.4205607476635514,0.18889879743186455,0.023026315789473683,0.5859424316890612,77.46478873239437,0.7857142857142857,-0.01935483870967747,0.04026845637583887,0.03114186851211076,0.11764705882352944,0.14716981132075468,-0.02631578947368421
2,2026-02-26,-0.03947368421052633,-0.020134228187919434,0.03546099290780136,0.09774436090225569,-0.013037180106228794,0.1575052854122621,0.26956521739130435,0.04095406378642716,0.03546099290780142,0.3644859813084112,-0.13394453633485934,0.02054794520547945,0.5901748924473961,65.85365853658537,0.18181818181818182,-0.03947368421052633,-0.01935483870967747,0.04026845637583887,0.03546099290780136,0.09774436090225569,0.02054794520547945
2,2026-02-27,-0.013698630136986356,-0.07096774193548383,-0.006896551724137945,0.10769230769230775,-0.02561623972933779,0.13059408531797964,0.24879552900366153,0.03309183904280358,-0.006896551724137931,0.34579439252336447,0.6263938223611337,0.024305555555555556,0.6259442627751293,67.5,0.0,-0.013698630136986356,-0.03947368421052633,-0.01935483870967747,-0.006896551724137945,0.10769230769230775,0.03125
2,2026-02-28,-0.00694444444444442,-0.05921052631578949,-0.00694444444444442,0.09160305343511443,-0.03144654088050312,0.11284046692607004,0.23726206498750235,0.026089207998643456,-0.006944444444444444,0.3119266055045872,0.8961707253738441,0.024475524475524476,0.6059493769232384,65.0,0.0,-0.00694444444444442,-0.013698630136986356,-0.03947368421052633,-0.00694444444444442,0.09160305343511443,0.04195804195804196
2,2026-03-01,-0.010489510489510523,-0.03082191780821919,-0.02076124567474047,0.07196969696969702,-0.03881610868510437,0.0922423774604399,0.22146556685210048,0.019466617193871053,-0.020761245674740483,0.2863636363636364,1.1040525106854588,0.02120141342756184,0.6062453664153776,61.72839506172839,0.0,-0.010489510489510523,-0.00694444444444442,-0.013698630136986356,-0.02076124567474047,0.07196969696969702,0.06713780918727916
2,2026-03-02,0.010600706713780994,-0.00694444444444442,-0.04026845637583898,0.07518796992481214,-0.022938018545632044,0.09410864575363437,0.23110770996747662,0.015726251379657153,-0.040268456375838924,0.31797235023041476,0.5044904058841243,0.02097902097902098,0.5544442227605142,62.19512195121951,0.1111111111111111,0.010600706713780994,-0.010489510489510523,-0.00694444444444442,-0.04026845637583898,0.07518796992481214,0.04195804195804196
2,2026-03-03,0.010489510489510412,0.010489510489510412,-0.06774193548387097,0.09469696969696972,-0.0024654832347140317,0.09538850284270381,0.24046165585654325,0.013985963526874184,-0.06774193548387097,0.33796296296296297,0.1525702407678883,0.020761245674740483,0.5731394465667189,65.06024096385542,0.2857142857142857,0.010489510489510412,0.010600706713780994,-0.010489510489510523,-0.06774193548387097,0.09469696969696972,0.031141868512110725
2,2026-03-04,0.02422145328719716,0.04593639575971742,-0.02631578947368418,0.08823529411764697,0.0257425742574258,0.11069418386491557,0.2665208709708092,0.015203630858389373,-0.02631578947368421,0.37037037037037035,0.03543431158400481,0.02027027027027027,0.5490818998344578,64.6341463414634,1.0,0.02422145328719716,0.010489510489510412,0.010600706713780994,-0.02631578947368418,0.08823529411764697,0.016891891891891893
2,2026-03-05,0.006756756756756799,0.04195804195804187,0.020547945205479534,0.05673758865248235,0.029615004935834098,0.10670958157959898,0.27109004739336484,0.016262104799768685,0.02054794520547945,0.386046511627907,-0.0008047591907123027,0.02348993288590604,0.5426223893605345,60.810810810810814,1.0,0.006756756756756799,0.02422145328719716,0.010489510489510412,0.020547945205479534,0.05673758865248235,0.026845637583892617
2,2026-03-06,-0.003355704697986628,0.02768166089965396,0.03125,0.024137931034482696,0.02162162162162159,0.09191176470588236,0.26293408929837,0.015987282258133503,0.03125,0.3813953488372093,-0.67645011525291,0.020202020202020204,0.6651023036682443,55.223880597014926,0.9333333333333333,-0.003355704697986628,0.006756756756756799,0.02422145328719716,0.03125,0.024137931034482696,0.026936026936026935
2,2026-03-07,0.0033670033670034627,0.006756756756756799,0.04195804195804187,0.03472222222222232,0.019052271617000432,0.08468818247998053,0.26312814957848635,0.01565935724347168,0.04195804195804196,0.37962962962962965,-0.8492586560365827,0.010067114093959731,0.7462219666172273,57.57575757575758,1.0,0.0033670033670034627,-0.003355704697986628,0.006756756756756799,0.04195804195804187,0.03472222222222232,0.02348993288590604
2,2026-03-08,0.01342281879194629,0.01342281879194629,0.06713780918727918,0.04498269896193774,0.023233301064859546,0.08789625360230538,0.27575686458577797,0.016486609204217222,0.06713780918727916,0.39814814814814814,-0.34969794886837524,0.023178807947019868,0.5865905724144154,59.42028985507247,1.0,0.01342281879194629,0.0033670033670034627,-0.003355704697986628,0.06713780918727918,0.04498269896193774,0.033112582781456956
2,2026-03-09,-0.013245033112582738,0.0033670033670034627,0.04195804195804187,0.0,0.0038498556304139417,0.06327307326355858,0.25485425536892337,0.014886609859434387,0.04195804195804196,0.3669724770642202,-0.804462370577991,0.026845637583892617,0.7718872224629209,50.0,0.6923076923076923,-0.013245033112582738,0.01342281879194629,0.0033670033670034627,0.04195804195804187,0.0,0.08053691275167785
2,2026-03-10,0.0,0.0,0.03114186851211076,-0.03870967741935483,-0.00047915668423582675,0.05399669889177075,0.25064117509909073,0.013347899731777198,0.031141868512110725,0.33035714285714285,-0.2693848755949529,0.016778523489932886,0.6609696230189697,38.46153846153846,0.3333333333333333,0.0,-0.013245033112582738,0.01342281879194629,0.03114186851211076,-0.03870967741935483,0.08053691275167785
2,2026-03-11,0.010067114093959662,-0.0033112582781457123,0.016891891891891886,-0.009868421052631526,0.007170172084130101,0.05688202247191007,0.258712015611932,0.013074576484492112,0.016891891891891893,0.2594142259414226,-0.14444292707249057,0.019933554817275746,0.5828835730391855,46.93877551020408,0.8,0.010067114093959662,0.0,-0.013245033112582738,0.016891891891891886,-0.009868421052631526,0.07641196013289037
2,2026-03-12,0.01661129568106312,0.02684563758389258,0.02684563758389258,0.047945205479452024,0.02,0.06769016050244234,0.27488195537450244,0.01439760997024732,0.026845637583892617,0.21428571428571427,1.2460376755899418,0.016339869281045753,0.6476689334599404,66.66666666666666,1.0,0.01661129568106312,0.010067114093959662,0.0,0.02684563758389258,0.047945205479452024,0.049019607843137254
2,2026-03-13,-0.0032679738562091387,0.02348993288590595,0.026936026936027035,0.05902777777777768,0.012808349146109975,0.059272979856448235,0.2662023156049634,0.014368735924069233,0.026936026936026935,0.1509433962264151,-0.22810739949570177,0.019672131147540985,0.5773919473462096,71.7948717948718,0.875,-0.0032679738562091387,0.01661129568106312,0.010067114093959662,0.026936026936027035,0.05902777777777768,0.022950819672131147
2,2026-03-14,0.0,0.013289036544850585,0.02348993288590595,0.06643356643356646,0.00945626477541363,0.054511928085743865,0.2620689655172414,0.01386004636575533,0.02348993288590604,0.14661654135338345,-0.6917903764934054,0.019672131147540985,0.5587637994412858,75.67567567567568,0.875,0.0,-0.0032679738562091387,0.01661129568106312,0.02348993288590595,0.06643356643356646,0.01639344262295082
2,2026-03-15,0.022950819672131084,0.019607843137254832,0.0331125827814569,0.10247349823321561,0.027764705882352997,0.07228777637759204,0.2864211105002749,0.0157424435213809,0.033112582781456956,0.2,0.4216206664825833,0.016025641025641024,0.6052468821342869,85.3658536585366,1.0,0.022950819672131084,0.0,-0.0032679738562091387,0.0331125827814569,0.10247349823321561,0.003205128205128205
2,2026-03-16,0.03205128205128216,0.05573770491803276,0.08053691275167796,0.12587412587412583,0.048859934853420196,0.09910114916372749,0.322200930741856,0.020188654710834385,0.08053691275167785,0.22900763358778625,0.3375904456122423,0.021739130434782608,0.6091858062055113,87.5,1.0,0.03205128205128216,0.022950819672131084,0.0,0.08053691275167796,0.12587412587412583,-0.012422360248447204
2,2026-03-17,0.0,0.05573770491803276,0.08053691275167796,0.11418685121107264,0.037275655775425624,0.09189555781620896,0.3163154069767441,0.02231728557823039,0.08053691275167785,0.2196969696969697,-0.4371763962650825,0.015527950310559006,0.6332233658002883,86.66666666666667,1.0,0.0,0.03205128205128216,0.022950819672131084,0.08053691275167796,0.11418685121107264,-0.024844720496894408
2,2026-03-18,0.006211180124223503,0.03846153846153855,0.07641196013289031,0.09459459459459452,0.03278688524590161,0.0915216170690624,0.3179661016949152,0.023638834887003184,0.07641196013289037,0.21804511278195488,0.7262935946154797,0.018518518518518517,0.6266508342017791,85.0,1.0,0.006211180124223503,0.0,0.03205128205128216,0.07641196013289031,0.09459459459459452,-0.033950617283950615
2,2026-03-19,-0.0092592592592593,-0.0031055900621117516,0.0490196078431373,0.07718120805369133,0.016282225237449197,0.0745369337201517,0.29901079136690645,0.02256190266649,0.049019607843137254,0.2159090909090909,-0.2940440621499567,0.018691588785046728,0.6832513279150898,78.04878048780488,0.8421052631578947,-0.0092592592592593,0.006211180124223503,0.0,0.0490196078431373,0.07718120805369133,-0.03115264797507788
2,2026-03-20,-0.028037383177570097,-0.03105590062111796,0.022950819672131084,0.05050505050505061,-0.015329125338142395,0.03976894023550324,0.25615102442515886,0.01778759134261649,0.022950819672131147,0.14705882352941177,0.8059830196858148,0.022435897435897436,0.6727589541417492,65.3061224489796,0.3684210526315789,-0.028037383177570097,-0.0092592592592593,0.006211180124223503,0.022950819672131084,0.05050505050505061,-0.009615384615384616
2,2026-03-21,-0.0064102564102563875,-0.043209876543209846,0.016393442622950838,0.04026845637583887,-0.02384165542060274,0.029900332225913623,0.24165554072096132,0.013353208583760837,0.01639344262295082,0.09929078014184398,-0.09680777371305012,0.02258064516129032,0.6992846959552027,62.0,0.0,-0.0064102564102563875,-0.028037383177570097,-0.0092592592592593,0.016393442622950838,0.04026845637583887,-0.01935483870967742
2,2026-03-22,0.00967741935483879,-0.024922118380062308,0.0032051282051281937,0.036423841059602724,-0.014838129496402903,0.03722522920578819,0.24706715658063663,0.011140543129658603,0.003205128205128205,0.07931034482758621,-0.6513514176670643,0.019169329073482427,0.6876599477075596,61.22448979591836,0.21428571428571427,0.00967741935483879,-0.0064102564102563875,-0.028037383177570097,0.0032051282051281937,0.036423841059602724,-0.022364217252396165
2,2026-03-23,0.015974440894568787,0.019230769230769162,-0.012422360248447228,0.06711409395973145,0.0027027027027026257,0.05031377298249482,0.2602377807133421,0.011185063646158568,-0.012422360248447204,0.10416666666666667,0.14958387159720338,0.0220125786163522,0.6505231904971043,70.0,0.5714285714285714,0.015974440894568787,0.00967741935483879,-0.0064102564102563875,-0.012422360248447228,0.06711409395973145,-0.050314465408805034
2,2026-03-24,-0.012578616352201255,0.012903225806451646,-0.024844720496894457,0.05369127516778516,-0.006329113924050633,0.0342555994729907,0.23827885373762156,0.00935570981821284,-0.024844720496894408,0.08650519031141868,0.3787100813265238,0.01592356687898089,0.6578045414290402,64.81481481481481,0.2857142857142857,-0.012578616352201255,0.015974440894568787,0.00967741935483879,-0.024844720496894457,0.05369127516778516,-0.05732484076433121
2,2026-03-25,-0.0031847133757961776,0.0,-0.03395061728395066,0.039867109634551534,-0.004543389368468929,0.029266688589279766,0.2287895310796074,0.00748460390595195,-0.033950617283950615,0.050335570469798654,0.4131608740064829,0.019169329073482427,0.6937654249986226,61.53846153846153,0.2727272727272727,-0.0031847133757961776,-0.012578616352201255,0.015974440894568787,-0.03395061728395066,0.039867109634551534,-0.05750798722044728
2,2026-03-26,-0.006389776357827448,-0.022012578616352196,-0.031152647975077885,0.016339869281045694,-0.006389776357827476,0.022577816747040798,0.21579358874120402,0.005276136644816113,-0.03115264797507788,0.0032258064516129032,-0.9214884566268969,0.006430868167202572,0.7118876073730285,55.102040816326536,0.125,-0.006389776357827448,-0.0031847133757961776,-0.012578616352201255,-0.031152647975077885,0.016339869281045694,-0.05144694533762058
2,2026-03-27,-0.006430868167202619,-0.015923566878980888,-0.009615384615384581,0.013114754098360715,-0.011425959780621522,0.015445284258954941,0.20311486048020774,0.0029179752157850007,-0.009615384615384616,0.01644736842105263,0.5072847055183182,0.019417475728155338,0.6779248580963165,54.0,0.0,-0.006430868167202619,-0.006389776357827448,-0.0031847133757961776,-0.009615384615384581,0.013114754098360715,-0.04854368932038835
2,2026-03-28,-0.016181229773462813,-0.028753993610223683,-0.01935483870967747,-0.003278688524590123,-0.024747937671860704,-0.002297341647522116,0.17910705050853315,-0.0005912353027424626,-0.01935483870967742,0.0410958904109589,-0.5047172329990032,0.023026315789473683,0.7086108083628062,49.09090909090909,0.0,-0.016181229773462813,-0.006430868167202619,-0.006389776357827448,-0.01935483870967747,-0.003278688524590123,-0.019736842105263157
2,2026-03-29,0.006578947368421018,-0.01607717041800638,-0.022364217252396124,-0.019230769230769273,-0.015172413793103474,0.0022928267278086753,0.18217719780219785,-0.0021109130520412384,-0.022364217252396165,0.0625,-0.963949761117445,0.016339869281045753,0.655120710483024,43.99999999999999,0.14285714285714285,0.006578947368421018,-0.016181229773462813,-0.006430868167202619,-0.022364217252396124,-0.019230769230769273,-0.0196078431372549
2,2026-03-30,-0.013071895424836555,-0.02265372168284785,-0.05031446540880502,-0.06211180124223603,-0.020842982862436365,-0.012534059945504026,0.1623829277680365,-0.004549121081465878,-0.050314465408805034,0.055944055944055944,-0.16386231851146338,0.016556291390728478,0.6794076679954008,27.272727272727266,0.0,-0.013071895424836555,0.006578947368421018,-0.016181229773462813,-0.05031446540880502,-0.06211180124223603,-0.006622516556291391
2,2026-03-31,-0.019867549668874163,-0.02631578947368418,-0.0573248407643312,-0.08074534161490687,-0.03222793087342356,-0.03352198519808441,0.13540467970847722,-0.008290369148409586,-0.05732484076433121,0.045936395759717315,-0.39418885372652007,0.02364864864864865,0.7396907690094812,24.0,0.0,-0.019867549668874163,-0.013071895424836555,0.006578947368421018,-0.0573248407643312,-0.08074534161490687,0.037162162162162164
2,2026-04-01,-0.0033783783783783994,-0.03594771241830064,-0.057507987220447254,-0.08950617283950613,-0.027319830428638694,-0.03772969446558659,0.12786745964316062,-0.010866349221382585,-0.05750798722044728,0.03146853146853147,-0.30231535191323683,0.020338983050847456,0.6953715478958231,20.408163265306115,0.0,-0.0033783783783783994,-0.019867549668874163,-0.013071895424836555,-0.057507987220447254,-0.08950617283950613,0.04406779661016949
2,2026-04-02,0.0,-0.023178807947019875,-0.05144694533762062,-0.0809968847352025,-0.019933554817275746,-0.03835705748125606,0.12419020197315499,-0.01220590121165663,-0.05144694533762058,0.020761245674740483,0.004106946707335121,0.013559322033898305,0.6824278769760981,21.73913043478261,0.0,0.0,-0.0033783783783783994,-0.019867549668874163,-0.05144694533762062,-0.0809968847352025,0.023728813559322035
2,2026-04-03,-0.003389830508474523,-0.006756756756756799,-0.04854368932038833,-0.05769230769230771,-0.016252390057361295,-0.04140854254972282,0.11687982778270223,-0.01307877493843469,-0.04854368932038835,-0.006756756756756757,0.5638601726723851,0.017006802721088437,0.6429905062558563,26.31578947368422,0.0,-0.003389830508474523,0.0,-0.0033783783783783994,-0.04854368932038833,-0.05769230769230771,0.027210884353741496
2,2026-04-04,0.013605442176870763,0.01016949152542379,-0.019736842105263164,-0.03870967741935483,0.0,-0.028366481904140817,0.12826553363341894,-0.011657768429376962,-0.019736842105263157,0.0,-0.054092485884127336,0.016778523489932886,0.6973360823788269,35.0,0.3333333333333333,0.013605442176870763,-0.003389830508474523,0.0,-0.019736842105263164,-0.03870967741935483,0.003355704697986577
2,2026-04-05,0.006711409395973256,0.016949152542372836,-0.019607843137254943,-0.04153354632587858,0.009615384615384533,-0.022164276401564573,0.13202800721143765,-0.009564272241753507,-0.0196078431372549,0.010101010101010102,-0.1942899094764855,0.016666666666666666,0.6978662347932195,33.33333333333333,0.75,0.006711409395973256,0.013605442176870763,-0.003389830508474523,-0.019607843137254943,-0.04153354632587858,-0.006666666666666667
2,2026-04-06,0.0,0.020408163265306145,-0.0066225165562914245,-0.05660377358490565,0.010587102983638196,-0.022376710840756053,0.12814941712280117,-0.007883998815363395,-0.006622516556291391,0.006711409395973154,-0.1163689485833832,0.016666666666666666,0.6874167158951207,23.529411764705884,1.0,0.0,0.006711409395973256,0.013605442176870763,-0.0066225165562914245,-0.05660377358490565,-0.02
2,2026-04-07,0.023333333333333428,0.030201342281879207,0.03716216216216206,-0.022292993630573243,0.028721876495931012,-0.00010856584518519115,0.1501956539838482,-0.003806923465919797,0.037162162162162164,0.016556291390728478,-0.08834847033001092,0.026058631921824105,0.6111237763689685,40.54054054054053,1.0,0.023333333333333428,0.0,0.006711409395973256,0.03716216216216206,-0.022292993630573243,-0.048859934853420196
2,2026-04-08,0.0032573289902280145,0.026666666666666616,0.04406779661016946,-0.015974440894568676,0.025689819219790702,0.002060514044029907,0.1495396864891764,-0.0006546064936426945,0.04406779661016949,0.03355704697986577,1.229926096818343,0.016233766233766232,0.639729288058826,43.24324324324324,1.0,0.0032573289902280145,0.023333333333333428,0.0,0.04406779661016946,-0.015974440894568676,-0.07142857142857142
2,2026-04-09,-0.01948051948051943,0.006666666666666599,0.023728813559322104,-0.02893890675241162,0.002370791844476082,-0.01788617886178862,0.12304768200975132,-0.0009001629929640808,0.023728813559322035,0.013422818791946308,1.2395969280965895,0.033112582781456956,0.6605538825752535,39.02439024390244,0.5714285714285714,-0.01948051948051943,0.0032573289902280145,0.023333333333333428,0.023728813559322104,-0.02893890675241162,-0.059602649006622516
2,2026-04-10,0.0,-0.016286644951140072,0.027210884353741527,-0.02265372168284785,-0.0014170996693434641,-0.0179926295252548,0.11888687633788908,-0.001029987637765355,0.027210884353741496,0.0033222591362126247,0.5294987274314825,0.013245033112582781,0.7251658123468214,41.02564102564102,0.4,0.0,-0.01948051948051943,0.0032573289902280145,0.027210884353741527,-0.02265372168284785,-0.0728476821192053
2,2026-04-11,-0.009933774834437137,-0.02922077922077926,0.003355704697986628,-0.016447368421052655,-0.011803588290840362,-0.027009437032216112,0.10381886049468798,-0.0022394360933367516,0.003355704697986577,-0.02287581699346405,-0.5014079436439707,0.020066889632107024,0.7283325552456603,43.24324324324324,0.0,-0.009933774834437137,0.0,-0.01948051948051943,0.003355704697986628,-0.016447368421052655,-0.07023411371237458
2,2026-04-12,-0.0033444816053511683,-0.013245033112582738,-0.00666666666666671,-0.02614379084967322,-0.014177693761814719,-0.029526704298740762,0.09617035190256264,-0.0033420753311615803,-0.006666666666666667,-0.022950819672131147,0.028256066798264354,0.02348993288590604,0.7326050459587093,38.888888888888886,0.0,-0.0033444816053511683,-0.009933774834437137,0.0,-0.00666666666666671,-0.02614379084967322,-0.0738255033557047
2,2026-04-13,-0.01342281879194629,-0.026490066225165587,-0.020000000000000018,-0.026490066225165587,-0.02464454976303323,-0.04140854254972282,0.07780040733197559,-0.005510116358333306,-0.02,-0.036065573770491806,0.3540000896789043,0.02040816326530612,0.7169452504020161,38.888888888888886,0.0,-0.01342281879194629,-0.0033444816053511683,-0.009933774834437137,-0.020000000000000018,-0.026490066225165587,-0.10204081632653061
2,2026-04-14,-0.006802721088435382,-0.02341137123745818,-0.04885993485342022,-0.013513513513513487,-0.02434367541766107,-0.045855571288530746,0.0669914738124238,-0.0075332581530373035,-0.048859934853420196,-0.0641025641025641,-0.658600814611448,0.023972602739726026,0.758120229474751,43.75,0.0,-0.006802721088435382,-0.01342281879194629,-0.0033444816053511683,-0.04885993485342022,-0.013513513513513487,-0.0958904109589041
2,2026-04-15,-0.020547945205479423,-0.04026845637583898,-0.0714285714285714,-0.03050847457627115,-0.034249879401833175,-0.061782394751230124,0.04202088899684246,-0.01098649734181985,-0.07142857142857142,-0.11180124223602485,0.10918305202409914,0.024475524475524476,0.6966378697727837,37.83783783783784,0.0,-0.020547945205479423,-0.006802721088435382,-0.01342281879194629,-0.0714285714285714,-0.03050847457627115,-0.08391608391608392
2,2026-04-16,-0.006993006993006978,-0.03401360544217691,-0.05960264900662249,-0.037288135593220306,-0.03260340632603401,-0.06445591303392993,0.031935080140498215,-0.01370316946418556,-0.059602649006622516,-0.11801242236024845,0.17860697592221583,0.02464788732394366,0.6932396519158842,35.8974358974359,0.0,-0.006993006993006978,-0.020547945205479423,-0.006802721088435382,-0.05960264900662249,-0.037288135593220306,-0.07746478873239436
2,2026-04-17,-0.014084507042253502,-0.04109589041095896,-0.07284768211920534,-0.04761904761904767,-0.03590752582390561,-0.07315458457464423,0.014942204680011216,-0.01666456015815251,-0.0728476821192053,-0.13580246913580246,0.17691436256494988,0.02142857142857143,0.7270161886941906,33.33333333333333,0.0,-0.014084507042253502,-0.006993006993006978,-0.020547945205479423,-0.07284768211920534,-0.04761904761904767,-0.07142857142857142
2,2026-04-18,-0.0071428571428571175,-0.027972027972028024,-0.07023411371237454,-0.06711409395973156,-0.03280318091451298,-0.07538802660753886,0.00554617795997116,-0.018899298734266146,-0.07023411371237458,-0.13395638629283488,-0.38207216632714813,0.025179856115107913,0.7050858796065509,25.000000000000014,0.0,-0.0071428571428571175,-0.014084507042253502,-0.006993006993006978,-0.07023411371237454,-0.06711409395973156,-0.0683453237410072
2,2026-04-19,-0.007194244604316502,-0.028169014084507005,-0.0738255033557047,-0.07999999999999996,-0.029145728643216053,-0.07836153161175415,-0.0036900369003690673,-0.020591294682711772,-0.0738255033557047,-0.11538461538461539,-0.6803462505397506,0.018115942028985508,0.7368398858272067,20.0,0.0,-0.007194244604316502,-0.0071428571428571175,-0.014084507042253502,-0.0738255033557047,-0.07999999999999996,-0.057971014492753624
2,2026-04-20,-0.04347826086956519,-0.05714285714285716,-0.10204081632653061,-0.12,-0.05714285714285714,-0.11389572611322445,-0.048458149779735726,-0.026057534195717817,-0.10204081632653061,-0.14838709677419354,0.4473677951534072,0.015151515151515152,0.703358447406607,15.384615384615387,0.0,-0.04347826086956519,-0.007194244604316502,-0.0071428571428571175,-0.10204081632653061,-0.12,-0.022727272727272728
2,2026-04-21,0.0,-0.05035971223021585,-0.09589041095890416,-0.1400651465798045,-0.043478260869565216,-0.10901113736078302,-0.05005597313289616,-0.028880821898183282,-0.0958904109589041,-0.15654952076677317,0.16723344509017718,0.022727272727272728,0.7117146802861942,2.2222222222222143,0.0,0.0,-0.04347826086956519,-0.007194244604316502,-0.09589041095890416,-0.1400651465798045,-0.022727272727272728
2,2026-04-22,-0.007575757575757569,-0.050724637681159424,-0.08391608391608396,-0.14935064935064934,-0.03878406708595382,-0.11015510019246011,-0.059020711121752674,-0.03070704357747606,-0.08391608391608392,-0.1761006289308176,-0.18791296375043015,0.019083969465648856,0.6551277333314639,0.0,0.0,-0.007575757575757569,0.0,-0.04347826086956519,-0.08391608391608396,-0.14935064935064934,-0.03816793893129771
2,2026-04-23,0.0,-0.007575757575757569,-0.07746478873239437,-0.13245033112582782,-0.027571580063626783,-0.1048855483430133,-0.060819691719440704,-0.030951759610963622,-0.07746478873239436,-0.16560509554140126,-0.3385335151411466,0.019083969465648856,0.7568491879681951,0.0,0.0,0.0,-0.007575757575757569,0.0,-0.07746478873239437,-0.13245033112582782,-0.05343511450381679
2,2026-04-24,-0.007633587786259555,-0.015151515151515138,-0.0714285714285714,-0.13907284768211925,-0.0246516613076098,-0.10632447296058663,-0.06973046036415677,-0.03100937301085463,-0.07142857142857142,-0.16932907348242812,-0.2985705510157362,0.015384615384615385,0.7159583262446495,0.0,0.0,-0.007633587786259555,0.0,-0.007575757575757569,-0.0714285714285714,-0.13907284768211925,-0.05
2,2026-04-25,-0.0038461538461538325,-0.011450381679389277,-0.06834532374100721,-0.13377926421404684,-0.01840822956145091,-0.10442600276625169,-0.075,-0.03050619342331324,-0.0683453237410072,-0.16720257234726688,-0.15407198347968887,0.015444015444015444,0.6818300848100164,0.0,0.0,-0.0038461538461538325,-0.007633587786259555,0.0,-0.06834532374100721,-0.13377926421404684,-0.0888030888030888
2,2026-04-26,0.0038610038610038533,-0.007633587786259555,-0.05797101449275366,-0.12751677852348997,-0.006007646095029976,-0.09586182914106872,-0.07312049433573638,-0.028759891532210532,-0.057971014492753624,-0.15857605177993528,-0.6458843605940844,0.015384615384615385,0.711788799825072,2.499999999999986,0.2,0.0038610038610038533,-0.0038461538461538325,-0.007633587786259555,-0.05797101449275366,-0.12751677852348997,-0.07692307692307693
2,2026-04-27,-0.007692307692307665,-0.007692307692307665,-0.022727272727272707,-0.12244897959183676,-0.01041095890410962,-0.09800722526512069,-0.08185053380782918,-0.027579121037888316,-0.022727272727272728,-0.1513157894736842,0.6448769055730187,0.01937984496124031,0.6949625423821153,2.6315789473684106,0.0,-0.007692307692307665,0.0038610038610038533,-0.0038461538461538325,-0.022727272727272707,-0.12244897959183676,-0.09302325581395349
2,2026-04-28,0.0,-0.0038610038610038533,-0.022727272727272707,-0.11643835616438358,-0.007146783947223657,-0.09293331770772296,-0.08344517249546061,-0.025917570726677813,-0.022727272727272728,-0.1568627450980392,-0.06769927575038016,0.01937984496124031,0.5926281412350433,2.7777777777777715,0.0,0.0,-0.007692307692307665,0.0038610038610038533,-0.022727272727272707,-0.11643835616438358,-0.08527131782945736
2,2026-04-29,-0.023255813953488413,-0.03076923076923077,-0.03816793893129766,-0.11888111888111885,-0.024875621890547324,-0.10880584698809379,-0.10596026490066228,-0.02669384049189238,-0.03816793893129771,-0.16556291390728478,0.3166483163966521,0.027777777777777776,0.6718369419346768,2.7777777777777715,0.0,-0.023255813953488413,0.0,-0.007692307692307665,-0.03816793893129766,-0.11888111888111885,-0.06349206349206349
2,2026-04-30,-0.015873015873015928,-0.03875968992248058,-0.05343511450381677,-0.12676056338028174,-0.032869080779944354,-0.11796087729697693,-0.1211214364466846,-0.028180789816100112,-0.05343511450381679,-0.16216216216216217,-0.1079537735765848,0.020161290322580645,0.7211692628846557,2.6315789473684106,0.0,-0.015873015873015928,-0.023255813953488413,0.0,-0.05343511450381677,-0.12676056338028174,-0.056451612903225805
2,2026-05-01,-0.0040322580645161255,-0.04263565891472865,-0.050000000000000044,-0.11785714285714288,-0.029741863075196454,-0.11648980565160366,-0.12569810430268233,-0.028733883620943985,-0.05,-0.16271186440677965,0.21540433298341802,0.016194331983805668,0.7318873162003644,2.857142857142847,0.0,-0.0040322580645161255,-0.015873015873015928,-0.023255813953488413,-0.050000000000000044,-0.11785714285714288,-0.06072874493927125
2,2026-05-02,-0.04453441295546556,-0.06349206349206349,-0.08880308880308885,-0.15107913669064743,-0.06083001705514494,-0.1498559077809799,-0.1652912049045037,-0.033321431476238304,-0.0888030888030888,-0.2,-0.6439114632140861,0.038135593220338986,0.6258270665694465,2.2727272727272805,0.0,-0.04453441295546556,-0.0040322580645161255,-0.015873015873015928,-0.08880308880308885,-0.15107913669064743,-0.01694915254237288
2,2026-05-03,0.016949152542372836,-0.032258064516129004,-0.07692307692307687,-0.13043478260869568,-0.03392754456584239,-0.12980420594633796,-0.1519434628975265,-0.03345023505258123,-0.07692307692307693,-0.1836734693877551,0.3249914363449736,0.020833333333333332,0.753962753940738,10.869565217391312,0.18181818181818182,0.016949152542372836,-0.04453441295546556,-0.0040322580645161255,-0.07692307692307687,-0.13043478260869568,-0.0375
2,2026-05-04,-0.025000000000000022,-0.052631578947368474,-0.09302325581395354,-0.11363636363636365,-0.044897959183673466,-0.14494518879415352,-0.17376123033465415,-0.03535246916484056,-0.09302325581395349,-0.21476510067114093,0.40303011793060567,0.029914529914529916,0.6481254085817499,12.5,0.0,-0.025000000000000022,0.016949152542372836,-0.04453441295546556,-0.09302325581395354,-0.11363636363636365,-0.017094017094017096
2,2026-05-05,0.008547008547008517,0.0,-0.0852713178294574,-0.10606060606060608,-0.024217365623154182,-0.13086177264915305,-0.1673853390827127,-0.03454428821418498,-0.08527131782945736,-0.21333333333333335,0.19701124482617988,0.0211864406779661,0.7088261493681856,16.666666666666657,0.1111111111111111,0.008547008547008517,-0.025000000000000022,0.016949152542372836,-0.0852713178294574,-0.10606060606060608,-0.0211864406779661
2,2026-05-06,0.0,-0.01666666666666672,-0.06349206349206349,-0.0992366412213741,-0.014907573047107981,-0.12397921306607268,-0.16803760282021157,-0.03291691921176623,-0.06349206349206349,-0.21333333333333335,-0.3703379441934101,0.0211864406779661,0.6789811908506703,17.5,0.14285714285714285,0.0,0.008547008547008517,-0.025000000000000022,-0.06349206349206349,-0.0992366412213741,0.0
2,2026-05-07,-0.008474576271186418,0.0,-0.056451612903225756,-0.10687022900763354,-0.01503307276007221,-0.12348607816206758,-0.17566932832315643,-0.031774241463325546,-0.056451612903225805,-0.23778501628664495,-0.20819411563453713,0.01282051282051282,0.7647336730571231,16.666666666666657,0.0,-0.008474576271186418,0.0,0.008547008547008517,-0.056451612903225756,-0.10687022900763354,0.08974358974358974
2,2026-05-08,-0.008547008547008517,-0.016949152542372836,-0.06072874493927127,-0.10769230769230764,-0.014563106796116453,-0.12265221227782681,-0.18316250684609972,-0.030995028298232016,-0.06072874493927125,-0.24675324675324675,0.47840841359619324,0.021551724137931036,0.7242612907863266,16.666666666666657,0.0,-0.008547008547008517,-0.008474576271186418,0.0,-0.06072874493927127,-0.10769230769230764,0.13793103448275862
2,2026-05-09,0.0,-0.016949152542372836,-0.016949152542372836,-0.10424710424710426,-0.012165450121654518,-0.11484166348721869,-0.18341806804849425,-0.02949449764057383,-0.01694915254237288,-0.23178807947019867,-0.24930670608386152,0.017241379310344827,0.7358130264277241,17.073170731707307,0.0,0.0,-0.008547008547008517,-0.008474576271186418,-0.016949152542372836,-0.10424710424710426,0.16810344827586207
2,2026-05-10,-0.004310344827586188,-0.012820512820512775,-0.03749999999999998,-0.11153846153846159,-0.011009174311926656,-0.11062628336755652,-0.18668335810969414,-0.028060560156977523,-0.0375,-0.23509933774834438,-0.5440748874968214,0.017316017316017316,0.6917651379623571,14.63414634146342,0.0,-0.004310344827586188,0.0,-0.008547008547008517,-0.03749999999999998,-0.11153846153846159,0.21645021645021645
2,2026-05-11,-0.0043290043290042934,-0.008620689655172376,-0.017094017094017144,-0.10852713178294571,-0.012875536480686695,-0.10656480642237474,-0.18950665622552856,-0.026717598242643994,-0.017094017094017096,-0.23076923076923078,-0.16595580778312058,0.021739130434782608,0.7365346470107411,15.0,0.0,-0.0043290043290042934,-0.004310344827586188,0.0,-0.017094017094017144,-0.10852713178294571,0.24347826086956523
2,2026-05-12,0.004347826086956497,-0.004310344827586188,-0.021186440677966156,-0.10465116279069764,-0.0055350553505534705,-0.0948275862068965,-0.18489767113620317,-0.024472911917325063,-0.0211864406779661,-0.22483221476510068,-0.027975002147763627,0.017316017316017316,0.7309850946234491,17.073170731707307,0.16666666666666666,0.004347826086956497,-0.0043290043290042934,-0.004310344827586188,-0.021186440677966156,-0.10465116279069764,0.22943722943722944
2,2026-05-13,0.02164502164502169,0.02164502164502169,0.0,-0.06349206349206349,0.015990159901599053,-0.06817583574624907,-0.1662741403674046,-0.019697699001470385,0.0,-0.19727891156462585,-0.4795739499818413,0.0211864406779661,0.6258034548044117,30.0,1.0,0.02164502164502169,0.004347826086956497,-0.0043290043290042934,0.0,-0.06349206349206349,0.19915254237288135
2,2026-05-14,0.0805084745762712,0.10869565217391308,0.08974358974358965,0.02822580645161299,0.08378870673952644,0.011770929771194294,-0.09897530524910686,-0.006551331178990893,0.08974358974358974,-0.1267123287671233,-0.5029227725402101,0.03137254901960784,0.5810854687930505,56.36363636363637,1.0,0.0805084745762712,0.02164502164502169,0.004347826086956497,0.08974358974358965,0.02822580645161299,0.07058823529411765
2,2026-05-15,0.03529411764705892,0.1428571428571428,0.13793103448275867,0.06882591093117418,0.10065515187611672,0.050537206526064415,-0.06724767400777303,0.006375972786279727,0.13793103448275862,-0.07692307692307693,-0.14772345654285166,0.03409090909090909,0.578837118269101,63.492063492063494,1.0,0.03529411764705892,0.0805084745762712,0.02164502164502169,0.13793103448275867,0.06882591093117418,-0.003787878787878788
2,2026-05-16,0.026515151515151603,0.14830508474576276,0.1681034482758621,0.14830508474576276,0.10419091967403964,0.08025511559925588,-0.04277864992150698,0.017599855105968735,0.16810344827586207,-0.045774647887323945,-0.1964512989666826,0.02952029520295203,0.5972098616092796,79.66101694915254,1.0,0.026515151515151603,0.03529411764705892,0.0805084745762712,0.1681034482758621,0.14830508474576276,-0.11439114391143912
2,2026-05-17,0.03690036900368998,0.10196078431372557,0.21645021645021645,0.1708333333333334,0.1125565610859728,0.11996811478676761,-0.00804079231221806,0.02856827216616862,0.21645021645021645,0.0035714285714285713,0.17750903687281955,0.028469750889679714,0.5425995801502295,81.53846153846155,1.0,0.03690036900368998,0.026515151515151603,0.03529411764705892,0.21645021645021645,0.1708333333333334,-0.12455516014234876
2,2026-05-18,0.017793594306049876,0.08333333333333326,0.24347826086956514,0.22222222222222232,0.09758771929824568,0.13868613138686137,0.008739271857976972,0.03660340243474306,0.24347826086956523,0.02877697841726619,0.09195980356526187,0.03496503496503497,0.5165406078350866,90.625,1.0,0.017793594306049876,0.03690036900368998,0.026515151515151603,0.24347826086956514,0.22222222222222232,-0.14685314685314685
2,2026-05-19,-0.006993006993006978,0.047970479704797064,0.22943722943722933,0.20338983050847448,0.05913692061800736,0.12952406204427944,0.0012143052998550312,0.03945913737014719,0.22943722943722944,0.028985507246376812,-0.24469400826386872,0.02112676056338028,0.7383656370297176,87.5,0.96,-0.006993006993006978,0.017793594306049876,0.03690036900368998,0.22943722943722933,0.20338983050847448,-0.14788732394366197
2,2026-05-20,-0.0035211267605633756,0.007117437722419906,0.19915254237288127,0.19915254237288127,0.029625779625779718,0.12271885744512036,-0.002350176263219808,0.03942466255851414,0.19915254237288135,0.07196969696969698,-0.5266806394374683,0.014134275618374558,0.76364724626901,86.15384615384615,0.9032258064516129,-0.0035211267605633756,-0.006993006993006978,0.017793594306049876,0.19915254237288127,0.19915254237288127,-0.14487632508833923
2,2026-05-21,-0.035335689045936425,-0.045454545454545414,0.07058823529411762,0.16666666666666674,-0.01596292481977349,0.08175934486857743,-0.03696154901422798,0.0337830018755412,0.07058823529411765,0.03409090909090909,-0.016115138905557734,0.029304029304029304,0.7246325095887272,76.7123287671233,0.4090909090909091,-0.035335689045936425,-0.0035211267605633756,-0.006993006993006978,0.07058823529411762,0.16666666666666674,-0.1282051282051282
2,2026-05-22,-0.03663003663003661,-0.073943661971831,-0.0037878787878787845,0.13362068965517238,-0.05151983513652753,0.041996830427892214,-0.07132768361581918,0.024723439338442794,-0.003787878787878788,0.003816793893129771,0.09611828869031303,0.022813688212927757,0.8458947089958814,69.1358024691358,0.0,-0.03663003663003661,-0.035335689045936425,-0.0035211267605633756,-0.0037878787878787845,0.13362068965517238,-0.06463878326996197
2,2026-05-23,-0.0874524714828897,-0.15194346289752647,-0.11439114391143912,0.034482758620689724,-0.12041884816753919,-0.0463576158940397,-0.1509100200479579,0.00793694874413058,-0.11439114391143912,-0.08396946564885496,-0.7471404136030504,0.041666666666666664,0.6941545245587901,53.846153846153854,0.0,-0.0874524714828897,-0.03663003663003661,-0.035335689045936425,-0.11439114391143912,0.034482758620689724,0.058333333333333334
2,2026-05-24,0.02499999999999991,-0.09890109890109888,-0.1245551601423488,0.06493506493506485,-0.08159999999999992,-0.020700636942675116,-0.12790010635364557,-0.0007617725763789688,-0.12455516014234876,-0.05384615384615385,-0.26423662981774726,0.024390243902439025,0.8232452462847667,56.88073394495412,0.13043478260869565,0.02499999999999991,-0.0874524714828897,-0.03663003663003661,-0.1245551601423488,0.06493506493506485,0.07317073170731707
2,2026-05-25,-0.008130081300813052,-0.07224334600760451,-0.14685314685314688,0.0608695652173914,-0.06819421713038726,-0.026725169525329034,-0.13273567394652658,-0.007388363604668159,-0.14685314685314685,-0.05791505791505792,0.03816797810514898,0.02459016393442623,0.6967021937244926,56.36363636363637,0.09090909090909091,-0.008130081300813052,0.02499999999999991,-0.0874524714828897,-0.14685314685314688,0.0608695652173914,0.11065573770491803
2,2026-05-26,-0.008196721311475419,0.008333333333333304,-0.147887323943662,0.04761904761904767,-0.05415968732551649,-0.032387045181927206,-0.13773308523694527,-0.012450332019328304,-0.14788732394366197,-0.06923076923076923,0.155077810850597,0.01652892561983471,0.7392733982513795,54.95495495495495,0.046511627906976744,-0.008196721311475419,-0.008130081300813052,0.02499999999999991,-0.147887323943662,0.04761904761904767,0.12396694214876033
2,2026-05-27,0.0,-0.016260162601625994,-0.14487632508833925,0.025423728813559254,-0.032,-0.030319219981300907,-0.13602284898250633,-0.01539259129833773,-0.14487632508833923,-0.06201550387596899,-0.39978514806994747,0.02066115702479339,0.697649057629576,52.83018867924528,0.06060606060606061,0.0,-0.008196721311475419,-0.008130081300813052,-0.14487632508833925,0.025423728813559254,0.11570247933884298
2,2026-05-28,-0.016528925619834656,-0.024590163934426257,-0.1282051282051282,-0.06666666666666665,-0.02857142857142857,-0.04379268782643634,-0.1486148098096108,-0.01872969893279496,-0.1282051282051282,-0.07751937984496124,-0.19051160611691706,0.02100840336134454,0.7599679310682347,40.65934065934066,0.0,-0.016528925619834656,0.0,-0.008196721311475419,-0.1282051282051282,-0.06666666666666665,0.14285714285714285
2,2026-05-29,0.03361344537815136,0.016528925619834656,-0.06463878326996197,-0.06818181818181823,0.014134275618374508,-0.010856453558504177,-0.11859548548907209,-0.01652434199965622,-0.06463878326996197,-0.023809523809523808,1.6662464541207582,0.02032520325203252,0.6174392518617389,40.0,1.0,0.03361344537815136,-0.016528925619834656,0.0,-0.06463878326996197,-0.06818181818181823,0.10569105691056911
2,2026-05-30,0.03252032520325199,0.04958677685950419,0.05833333333333335,-0.0627306273062731,0.03855140186915883,0.020490156689433485,-0.0888800318852132,-0.01076097145597202,0.058333333333333334,0.024193548387096774,0.189875234486458,0.023622047244094488,0.6065565524184697,40.65934065934066,1.0,0.03252032520325199,0.03361344537815136,-0.016528925619834656,0.05833333333333335,-0.0627306273062731,0.07874015748031496
2,2026-05-31,0.03937007874015741,0.10924369747899165,0.07317073170731714,-0.06049822064056942,0.06820809248554915,0.05825761624799572,-0.052178075634274866,-0.0020138375025711137,0.07317073170731707,0.06882591093117409,0.0596555217749132,0.026515151515151516,0.6723028254148133,40.65934065934066,1.0,0.03937007874015741,0.03252032520325199,0.03361344537815136,0.07317073170731714,-0.06049822064056942,0.041666666666666664
2,2026-06-01,0.026515151515151603,0.10162601626016254,0.11065573770491799,-0.05244755244755239,0.0796812749003984,0.08126080595823916,-0.02634730538922149,0.0068562246133023795,0.11065573770491803,0.1483050847457627,-0.2505178866298234,0.02952029520295203,0.6038601972554173,41.935483870967744,1.0,0.026515151515151603,0.03937007874015741,0.03252032520325199,0.11065573770491799,-0.05244755244755239,0.01107011070110701
2,2026-06-02,0.0036900369003689537,0.07086614173228356,0.12396694214876036,-0.04225352112676062,0.06547285954113043,0.0806515693285658,-0.02181730999760248,0.012726016704484743,0.12396694214876033,0.13333333333333333,0.45257123734584626,0.01838235294117647,0.7034945167921042,43.47826086956522,1.0,0.0036900369003689537,0.026515151515151603,0.03937007874015741,0.12396694214876036,-0.04225352112676062,0.011029411764705883
2,2026-06-03,-0.007352941176470562,0.022727272727272707,0.11570247933884303,-0.04593639575971731,0.04132231404958681,0.0676156583629893,-0.02792223377870221,0.015150793779605006,0.11570247933884298,0.15384615384615385,-0.1861903208411836,0.018518518518518517,0.6608211887454634,43.01075268817205,0.9411764705882353,-0.007352941176470562,0.0036900369003689537,0.026515151515151603,0.11570247933884303,-0.04593639575971731,0.022222222222222223
2,2026-06-04,0.007407407407407307,0.0036900369003689537,0.1428571428571428,-0.00366300366300365,0.02974580854515945,0.0704447068083432,-0.019741320626276315,0.017062688208163347,0.14285714285714285,0.15254237288135594,-0.15110175505770665,0.022058823529411766,0.6954302216887712,49.411764705882355,1.0,0.007407407407407307,-0.007352941176470562,0.0036900369003689537,0.1428571428571428,-0.00366300366300365,0.01838235294117647
2,2026-06-05,0.0,0.0,0.10569105691056913,0.034220532319391594,0.015466666666666759,0.06541323932628276,-0.01871968573375549,0.01770041644820321,0.10569105691056911,0.15254237288135594,-0.4138989968165584,0.022058823529411766,0.6400514046893079,55.99999999999999,1.0,0.0,0.007407407407407307,-0.007352941176470562,0.10569105691056913,0.034220532319391594,0.029411764705882353
2,2026-06-06,0.007352941176470562,0.014814814814814836,0.07874015748031504,0.1416666666666666,0.012137203166226882,0.0676711261202754,-0.010393675508648078,0.018368346234012033,0.07874015748031496,0.17094017094017094,-0.3951719921141798,0.01824817518248175,0.7621830508035726,81.48148148148148,1.0,0.007352941176470562,0.0,0.007407407407407307,0.07874015748031504,0.1416666666666666,0.021897810218978103
2,2026-06-07,0.0036496350364962904,0.011029411764705843,0.04166666666666674,0.11788617886178865,0.009968520461699925,0.0656161198656678,-0.005864395886889401,0.01859572159409982,0.041666666666666664,0.1853448275862069,-0.3825512676751419,0.014545454545454545,0.7621701637906436,79.59183673469389,1.0,0.0036496350364962904,0.007352941176470562,0.0,0.04166666666666674,0.11788617886178865,0.05090909090909091
2,2026-06-08,-0.0036363636363636598,0.007352941176470562,0.011070110701107083,0.12295081967213117,0.004714510214772102,0.05601233299075036,-0.008523641042135731,0.017673961548153806,0.01107011070110701,0.1810344827586207,0.217304900619475,0.01824817518248175,0.6793745309705447,81.25,0.8,-0.0036363636363636598,0.0036496350364962904,0.007352941176470562,0.011070110701107083,0.12295081967213117,0.06569343065693431
2,2026-06-09,0.0036496350364962904,0.0036496350364962904,0.011029411764705843,0.13636363636363646,0.006799163179916228,0.05390904445579968,-0.0038638010142477528,0.016903905569625503,0.011029411764705883,0.19047619047619047,-0.2104859711961093,0.014545454545454545,0.7214404214957219,85.1063829787234,1.0,0.0036496350364962904,-0.0036363636363636598,0.0036496350364962904,0.011029411764705843,0.13636363636363646,0.06181818181818182
2,2026-06-10,0.0036363636363636598,0.0036363636363636598,0.022222222222222143,0.14049586776859502,0.0072992700729927005,0.05156210312420635,0.0009671179883945291,0.01625671172521313,0.022222222222222223,0.2,-0.17911600817365783,0.014492753623188406,0.7032507422831886,85.41666666666667,1.0,0.0036363636363636598,0.0036496350364962904,-0.0036363636363636598,0.022222222222222143,0.14049586776859502,0.06159420289855073
2,2026-06-11,0.0036231884057971175,0.010948905109489093,0.018382352941176405,0.16386554621848748,0.008320332813312502,0.04924242424242424,0.005728578344360193,0.015709555513192683,0.01838235294117647,0.19913419913419914,0.4450228487083812,0.021660649819494584,0.6418705505156813,93.33333333333333,1.0,0.0036231884057971175,0.0036363636363636598,0.0036496350364962904,0.018382352941176405,0.16386554621848748,0.04693140794223827
2,2026-06-12,0.010830324909747224,0.018181818181818077,0.02941176470588225,0.1382113821138211,0.015018125323666583,0.054746358613762036,0.017647296369583648,0.016089650975569983,0.029411764705882353,0.1864406779661017,-0.1835990356860567,0.02142857142857143,0.7177784490582869,92.5,1.0,0.010830324909747224,0.0036231884057971175,0.0036363636363636598,0.02941176470588225,0.1382113821138211,0.02857142857142857
2,2026-06-13,0.0,0.01449275362318847,0.021897810218978186,0.10236220472440949,0.011874032008260166,0.05144573788959815,0.018964053212567215,0.015783088563358545,0.021897810218978103,0.09803921568627451,-0.016529036373843058,0.025,0.6522450439286719,90.625,1.0,0.0,0.010830324909747224,0.0036231884057971175,0.021897810218978186,0.10236220472440949,0.02142857142857143
2,2026-06-14,0.03214285714285725,0.04332129963898912,0.050909090909091015,0.09469696969696972,0.03690415171706814,0.08185675068629901,0.05312171025994009,0.018804689611132266,0.05090909090909091,0.0946969696969697,-0.18879164356084646,0.020761245674740483,0.6883074119500039,90.3225806451613,1.0,0.03214285714285725,0.0,0.010830324909747224,0.050909090909091015,0.09469696969696972,-0.010380622837370242
2,2026-06-15,0.01038062283737018,0.04285714285714293,0.06569343065693434,0.07749077490774914,0.03809040121889287,0.09023024268823904,0.06534781903680877,0.021319134655655415,0.06569343065693431,0.07749077490774908,-0.010320713371722329,0.023972602739726026,0.7442461180650052,88.88888888888889,1.0,0.01038062283737018,0.03214285714285725,0.0,0.06569343065693434,0.07749077490774914,-0.00684931506849315
2,2026-06-16,0.0,0.04285714285714293,0.06181818181818177,0.07352941176470584,0.02920443101711981,0.08873974645786731,0.06673161227471987,0.02218418827700842,0.06181818181818182,0.03914590747330961,0.34837615306230135,0.02054794520547945,0.7624278391452459,88.46153846153847,1.0,0.0,0.01038062283737018,0.03214285714285725,0.06181818181818177,0.07352941176470584,-0.003424657534246575
2,2026-06-17,0.003424657534246478,0.01384083044982698,0.061594202898550776,0.08518518518518525,0.02396405391912123,0.09151868868744566,0.0716027308192458,0.022374668106816115,0.06159420289855073,0.024475524475524476,-0.037045195077225694,0.020477815699658702,0.6504029414700042,96.0,1.0,0.003424657534246478,0.0,0.01038062283737018,0.061594202898550776,0.08518518518518525,0.0
2,2026-06-18,-0.010238907849829393,-0.006849315068493178,0.04693140794223827,0.06617647058823528,0.006944444444444444,0.0795384042685197,0.06157976083950205,0.02051300471843634,0.04693140794223827,0.02112676056338028,-0.7514844540244131,0.017241379310344827,0.7218143654716044,84.61538461538461,0.7692307692307693,-0.010238907849829393,0.003424657534246478,0.0,0.04693140794223827,0.06617647058823528,0.013793103448275862
2,2026-06-19,-0.006896551724137945,-0.013698630136986356,0.02857142857142847,0.05882352941176472,-0.003952569169960558,0.07142857142857138,0.05520273571079627,0.01780479319061604,0.02857142857142857,0.0176678445229682,-0.16568714431798423,0.027777777777777776,0.6314120804113859,78.57142857142857,0.6153846153846154,-0.006896551724137945,-0.010238907849829393,0.003424657534246478,0.02857142857142847,0.05882352941176472,0.006944444444444444
2,2026-06-20,-0.00694444444444442,-0.023890784982935176,0.021428571428571352,0.04379562043795615,-0.013793103448275862,0.06227559737526303,0.049027998532828,0.014641570056433968,0.02142857142857143,0.047619047619047616,-0.09080589030172344,0.017482517482517484,0.7158708062263824,71.42857142857143,0.0,-0.00694444444444442,-0.006896551724137945,-0.010238907849829393,0.021428571428571352,0.04379562043795615,0.006993006993006993
2,2026-06-21,0.0,-0.01379310344827589,-0.01038062283737029,0.040000000000000036,-0.012333497779970344,0.05925925925925926,0.050397877984084904,0.012099047923717875,-0.010380622837370242,0.08745247148288973,0.6299891894395455,0.017482517482517484,0.6663246118702718,70.37037037037038,0.0,0.0,-0.00694444444444442,-0.006896551724137945,-0.01038062283737029,0.040000000000000036,0.013986013986013986
2,2026-06-22,0.013986013986013957,0.00694444444444442,-0.006849315068493178,0.058394160583941535,0.002469135802469164,0.06748466257668705,0.06613291940688694,0.011665825632070305,-0.00684931506849315,0.20833333333333334,-0.5483846803932738,0.02413793103448276,0.8278513182107785,76.66666666666666,0.5714285714285714,0.013986013986013957,0.0,-0.00694444444444442,-0.006849315068493178,0.058394160583941535,0.0
2,2026-06-23,0.0034482758620688614,0.0174825174825175,-0.003424657534246589,0.05818181818181811,0.006422924901185686,0.06528370957901151,0.07077149515515767,0.01139413740587483,-0.003424657534246575,0.18292682926829268,0.08583009598355518,0.020618556701030927,0.7873536416808892,76.66666666666666,0.7142857142857143,0.0034482758620688614,0.013986013986013957,0.0,-0.003424657534246589,0.05818181818181811,-0.010309278350515464
2,2026-06-24,0.0068728522336769515,0.02447552447552437,0.0,0.061594202898550776,0.013339920948616515,0.0662299854439592,0.07892475757947712,0.011636964639930332,0.0,0.20081967213114754,0.8483743360341328,0.020477815699658702,0.656057587261809,77.41935483870968,1.0,0.0068728522336769515,0.0034482758620688614,0.013986013986013957,0.0,0.061594202898550776,-0.017064846416382253
2,2026-06-25,0.0034129692832765013,0.01379310344827589,0.01379310344827589,0.06137184115523464,0.014792899408283995,0.06316297010607512,0.08327192336035381,0.011798764559621316,0.013793103448275862,0.21487603305785125,-0.050165958612436466,0.02040816326530612,0.708867938350094,77.41935483870968,1.0,0.0034129692832765013,0.0068728522336769515,0.0034482758620688614,0.01379310344827589,0.06137184115523464,-0.0782312925170068
2,2026-06-26,-0.013605442176870763,-0.0034364261168384758,0.00694444444444442,0.03571428571428581,0.0,0.04266538830297222,0.06914632148123864,0.009901533518902298,0.006944444444444444,0.19834710743801653,0.4955816918516696,0.013793103448275862,0.7405367117313035,65.625,0.5,-0.013605442176870763,0.0034129692832765013,0.0068728522336769515,0.00694444444444442,0.03571428571428581,-0.07931034482758621
2,2026-06-27,-0.006896551724137945,-0.017064846416382284,0.006993006993007089,0.02857142857142847,-0.007874015748031468,0.02930664760543241,0.06255636631958687,0.007535696895165697,0.006993006993006993,0.21008403361344538,-0.24164983870901882,0.017361111111111112,0.6856006468128506,61.76470588235294,0.25,-0.006896551724137945,-0.013605442176870763,0.0034129692832765013,0.006993006993007089,0.02857142857142847,-0.11805555555555555
2,2026-06-28,0.00694444444444442,-0.013605442176870763,0.013986013986013957,0.0034602076124568004,-0.002946954813359445,0.03105001185114962,0.07046181609383977,0.006551587772532303,0.013986013986013986,0.17886178861788618,-0.024662944011227192,0.017241379310344827,0.6376938038177166,51.85185185185185,0.3333333333333333,0.00694444444444442,-0.006896551724137945,-0.013605442176870763,0.013986013986013957,0.0034602076124568004,-0.1310344827586207
2,2026-06-29,0.0,0.0,0.0,-0.006849315068493178,-0.002946954813359445,0.026669813547321314,0.07072530357728918,0.005693493158808342,0.0,0.14173228346456693,0.6190167987387482,0.020689655172413793,0.7277462606700674,45.833333333333336,0.3333333333333333,0.0,0.00694444444444442,-0.006896551724137945,0.0,-0.006849315068493178,-0.0896551724137931
2,2026-06-30,-0.006896551724137945,0.0,-0.010309278350515427,-0.013698630136986356,-0.008362026561731488,0.016709814073899796,0.06364643604579595,0.004141093834756499,-0.010309278350515464,0.09090909090909091,-0.19895632873447797,0.020833333333333332,0.6082076377325804,42.30769230769231,0.0,-0.006896551724137945,0.0,0.00694444444444442,-0.010309278350515427,-0.013698630136986356,-0.10069444444444445
2,2026-07-01,0.0,-0.006896551724137945,-0.017064846416382284,-0.017064846416382284,-0.005917159763313637,0.01467997651203765,0.06395205648140555,0.0029938339072906267,-0.017064846416382253,0.06273062730627306,-0.9568394003193549,0.010416666666666666,0.7475920914237092,40.0,0.0,0.0,-0.006896551724137945,0.0,-0.017064846416382284,-0.017064846416382284,-0.11458333333333333
2,2026-07-02,-0.05902777777777779,-0.06551724137931036,-0.07823129251700678,-0.06551724137931036,-0.05386533665835417,-0.045102184637068395,0.0020954024405275343,-0.004770898425321195,-0.0782312925170068,-0.003676470588235294,-0.6647434962072724,0.03690036900369004,0.6915327084468486,25.641025641025635,0.0,-0.05902777777777779,0.0,-0.006896551724137945,-0.07823129251700678,-0.06551724137931036,-0.06273062730627306
2,2026-07-03,-0.014760147601476037,-0.07291666666666663,-0.07931034482758625,-0.07291666666666663,-0.05701311806256315,-0.058864998237574864,-0.011436564094125442,-0.011407377808155355,-0.07931034482758621,-0.011111111111111112,-0.5606638086120217,0.02247191011235955,0.803738778769397,24.390243902439025,0.0,-0.014760147601476037,-0.05902777777777779,0.0,-0.07931034482758625,-0.07291666666666663,-0.04119850187265917
