item_id,date,pct_change_1d,pct_change_3d,pct_change_7d,pct_change_14d,pct_vs_7ma,pct_vs_30ma,pct_vs_90ma,ema_crossover,slope_7d_pct,slope_30d_pct,vol_pct_7d,spread_pct,volume_ratio,rsi_14,range_position_7d,lag_return_1d,lag_return_2d,lag_return_3d,lag_return_7d,lag_return_14d,target_pct_7d
20997,2025-11-16,-0.001831562347606397,-0.007639847412391654,9.063835435196843e-05,-0.03073992763202138,-0.003469834974905885,-0.029798120856132333,-0.07626382400491943,-0.004513030436242682,9.06383543520429e-05,-0.07116940309124856,0.2141327623126339,0.003015140314544646,0.4765432098765432,41.53854478247475,0.4153252238614202,-0.001831562347606397,-0.0039130347473889104,-0.0019133952560933531,9.063835435196843e-05,-0.03073992763202138,0.01697817055149673
20997,2025-11-17,-0.002450021276372283,-0.008173394578374404,0.004934952140154714,-0.013668395830445546,-0.006604133604331926,-0.02960864233536994,-0.07735707786808026,-0.004566482161662125,0.0049349521401546295,-0.07577008828746709,-0.05751633986928097,0.0031197479928047143,0.47249190938511326,45.92256829899657,0.0,-0.002450021276372283,-0.001831562347606397,-0.0039130347473889104,0.004934952140154714,-0.013668395830445546,0.015745531276315138
20997,2025-11-18,-0.0029094858641749433,-0.007174137970332839,-0.011356257389242397,0.02576017588989088,-0.007881838093738672,-0.02970324131514762,-0.07877891843149462,-0.004788960213947192,-0.011356257389242412,-0.08020280541694057,-0.1755555555555556,0.003090699453697089,0.5283018867924528,59.554765211525776,0.0,-0.0029094858641749433,-0.002450021276372283,-0.001831562347606397,-0.011356257389242397,0.02576017588989088,0.010648209191338078
20997,2025-11-19,-0.0010581057924771153,-0.006404821247701475,-0.016578470178393423,0.042891018895231836,-0.006560493783133754,-0.02774263881057864,-0.0784777356616135,-0.004898806425464172,-0.01657847017839341,-0.08683964863468348,-0.39592223802750115,0.0010295456036889135,0.4835164835164835,67.7932138610729,0.0,-0.0010581057924771153,-0.0029094858641749433,-0.002450021276372283,-0.016578470178393423,0.042891018895231836,0.012575811960967296
20997,2025-11-20,0.03071733725331649,0.02663104485417911,0.01629168868277131,0.044289582166582075,0.021559831785807507,0.004423326321382482,-0.04913188171006097,-0.0012497894136903986,0.016291688682771276,-0.06417399931457937,-0.520746887966805,0.004114030988107894,0.38636363636363635,68.49835273418425,1.0,0.03071733725331649,-0.0010581057924771153,-0.0029094858641749433,0.01629168868277131,0.044289582166582075,-0.019632248025439204
20997,2025-11-21,0.0009270060799209112,0.03058119950644289,0.019183898894384432,0.014379936859032494,0.01970315804335036,0.007039789704965356,-0.04721235155377469,0.001261859989290606,0.019183898894384495,-0.047564493431483404,-0.018828451882845276,0.003905264962510517,0.4962686567164179,58.210112245800055,1.0,0.0009270060799209112,0.03071733725331649,-0.0010581057924771153,0.019183898894384432,0.014379936859032494,-0.021603176821957507
20997,2025-11-22,-0.0008326018452565753,0.03081384579925306,0.022335759851305648,0.01118345328881487,0.015624509702424214,0.007850626386326201,-0.04699274995884295,0.002745943253743162,0.02233575985130563,-0.04652119550648921,-0.0038461538461538464,0.003448777248611943,0.5019305019305019,56.5100739569661,0.9728798151448311,-0.0008326018452565753,0.0009270060799209112,0.03071733725331649,0.022335759851305648,0.01118345328881487,-0.01557397761067757
20997,2025-11-23,-0.007062501879401051,-0.006969530750764785,0.01697817055149664,0.01707034777928751,0.00603203439922579,0.002320838773746345,-0.05268001575108866,0.0027834589390117125,0.01697817055149673,-0.045345750431268275,0.33028048082427014,0.003952743202607239,0.4819277108433735,60.502733852877405,0.7430257929903572,-0.007062501879401051,-0.0008326018452565753,0.0009270060799209112,0.01697817055149664,0.01707034777928751,-0.0036660374441688267
20997,2025-11-24,-0.0036591124037309575,-0.011519468320827397,0.01574553127631506,0.020758186859739736,0.00013086045274993062,-0.0002787936515541296,-0.055094238177524874,0.0022868226140460514,0.015745531276315138,-0.031093488852482427,-0.07483403741701875,0.0037350067461389127,0.4840182648401826,63.25598894460662,0.6247785035861712,-0.0036591124037309575,-0.007062501879401051,-0.0008326018452565753,0.01574553127631506,0.020758186859739736,-0.001126689207258675
20997,2025-11-25,-0.007913191361199723,-0.018524325467134672,0.01064820919133802,-0.0008289720022156555,-0.0092629633758994,-0.006896974390560546,-0.061513081473390366,0.0009644475801238618,0.010648209191338078,-0.037884237159486245,-0.059701492537313466,0.003888359700195543,0.4583333333333333,49.423380161930936,0.3699927945072412,-0.007913191361199723,-0.0036591124037309575,-0.007062501879401051,0.01064820919133802,-0.0008289720022156555,0.008392780147256751
20997,2025-11-26,0.0008471695985650118,-0.010705958083624734,0.012575811960967354,-0.004211145940990146,-0.010165044512094441,-0.0046027763133328035,-0.05967304314937576,0.00016986951477178508,0.012575811960967296,-0.04219556191751012,0.182983682983683,0.0037145075768821793,0.4793103448275862,46.912304846367824,0.04295343669646321,0.0008471695985650118,-0.007913191361199723,-0.0036591124037309575,0.012575811960967354,-0.004211145940990146,0.007793039644021294
20997,2025-11-27,-0.0020677692395923986,-0.009125870052986151,-0.01963224802543917,-0.003660401815641312,-0.00941255804962366,-0.005030226738860804,-0.06047413464486268,-0.0005934009753125052,-0.019632248025439204,-0.04716632598060255,0.08008542445274966,0.004372452070139047,0.47750865051903113,47.30097370827091,0.0,-0.0020677692395923986,0.0008471695985650118,-0.007913191361199723,-0.01963224802543917,-0.003660401815641312,0.00811281186379503
20997,2025-11-28,-0.0010852549879513118,-0.0023062798172698296,-0.02160317682195756,-0.00283371108752295,-0.007389432016890876,-0.004524360867061881,-0.06030862374215962,-0.0011967995763671178,-0.021603176821957507,-0.04587420014916629,0.127025614218505,0.003537422927237678,0.4448051948051948,47.88862937159424,0.0,-0.0010852549879513118,-0.0020677692395923986,0.0008471695985650118,-0.02160317682195756,-0.00283371108752295,0.015107295953653583
20997,2025-11-29,0.0053245923996341205,0.0021570356088220777,-0.01557397761067758,0.006413925616786331,0.00015145261431328698,0.002110661768224512,-0.05413566630903773,-0.00093108457473552,-0.01557397761067757,-0.03838785578862246,0.176056338028169,0.003501777653880308,0.47305389221556887,54.663212461955105,0.37987326891039014,0.0053245923996341205,-0.0010852549879513118,-0.0020677692395923986,-0.01557397761067758,0.006413925616786331,0.01087286566875323
20997,2025-11-30,0.004948395890250756,0.009202904086792474,-0.0036660374441688237,0.013249890498352679,0.0056319012296056235,0.007956221806190749,-0.048324040067003436,-0.000150040535602683,-0.0036660374441688267,-0.02553711479464011,0.2097902097902098,0.0035218971797333284,0.4421965317919075,59.19466262242411,0.9993186626482201,0.004948395890250756,0.0053245923996341205,-0.0010852549879513118,-0.0036660374441688237,0.013249890498352679,0.006042950852336397
20997,2025-12-01,-0.0011197465170268428,0.009168057317853195,-0.0011266892072586687,0.014601101748904943,0.0046684672760119485,0.007575255322534956,-0.0482076795393486,0.00023100106762899482,-0.001126689207258675,-0.021632741306577653,-0.1331695331695332,0.0033622090256847604,0.43253968253968256,60.295463083631034,0.8901599957179264,-0.0011197465170268428,0.004948395890250756,0.0053245923996341205,-0.0011266892072586687,0.014601101748904943,0.007230948119740569
20997,2025-12-02,0.0015416012234183984,0.005370603356203096,0.008392780147256751,0.019130357417299626,0.005014883770046571,0.009732972002816743,-0.04559063428645025,0.0006508966067288185,0.008392780147256751,-0.017484728486684777,-0.08652007648183549,0.002646157381703135,0.46153846153846156,63.70998324007323,1.0,0.0015416012234183984,-0.0011197465170268428,0.004948395890250756,0.008392780147256751,0.019130357417299626,0.003452575620288219
20997,2025-12-03,0.00025191683895164907,0.0006721511801872637,0.007793039644021338,0.020466855406156226,0.004152950001906463,0.009901594532552722,-0.04417073464978413,0.0009312366935834404,0.007793039644021294,0.0025283538685742023,0.055607917059377864,0.003429998710874981,0.459375,64.82253403065687,1.0,0.00025191683895164907,0.0015416012234183984,-0.0011197465170268428,0.007793039644021338,0.020466855406156226,0.005209972627859588
20997,2025-12-04,-0.0017511258494705695,3.963921230698553e-05,0.008112811863794978,-0.01167870889633793,0.0012407228592489921,0.0067130669173912656,-0.04465933491691526,0.0008774803335221765,0.00811281186379503,0.0438156254058933,-0.0868121442125238,0.003351703997504341,0.4909090909090909,34.994190970697076,0.8387425531011281,-0.0017511258494705695,0.00025191683895164907,0.0015416012234183984,0.008112811863794978,-0.01167870889633793,0.011968492137806413
20997,2025-12-05,0.00584541111299286,0.004336994892740975,0.015107295953653566,-0.006822246454092351,0.0049416586540385245,0.01040886977315098,-0.037931887767848865,0.0014948538158243414,0.015107295953653583,0.06858210963228917,0.09836065573770492,0.00304629849992587,0.42388059701492536,42.19843309877467,1.0,0.00584541111299286,-0.0017511258494705695,0.00025191683895164907,0.015107295953653566,-0.006822246454092351,0.005476402108372486
20997,2025-12-06,0.0011309697971950694,0.0052196379465265785,0.01087286566875334,-0.00487044570841344,0.004525322364825649,0.010263478334623924,-0.03569468135012826,0.001977690825655549,0.01087286566875323,0.03930072957167808,-0.037835249042145566,0.003385062357828014,0.4878048780487805,44.471797066311595,1.0,0.0011309697971950694,0.00584541111299286,-0.0017511258494705695,0.01087286566875334,-0.00487044570841344,0.005494222608640948
20997,2025-12-07,0.0001467879809973205,0.007130804893887621,0.006042950852336304,0.0023547597240696216,0.003807389293032108,0.010116768985645236,-0.03439133987505565,0.002241850047578515,0.006042950852336397,0.00874704350626971,0.07194944093339824,0.0029870267199027492,0.5047619047619047,53.14819288837218,1.0,0.0001467879809973205,0.0011309697971950694,0.00584541111299286,0.006042950852336304,0.0023547597240696216,0.007069516266130823
20997,2025-12-08,5.979259767641132e-05,0.0013377927990250171,0.007230948119740566,0.006096111881277233,0.002834947821904314,0.0099586699265945,-0.033172816904991825,0.0023451728864381928,0.007230948119740569,0.006466421481409495,-0.10091743119266047,0.0024066380018152936,0.47368421052631576,58.9850750490001,1.0,5.979259767641132e-05,0.0001467879809973205,0.0011309697971950694,0.007230948119740566,0.006096111881277233,0.005419696067427657
20997,2025-12-09,-0.0022154291281453187,-0.002009297456712633,0.003452575620288112,0.011874332475667826,0.00012134891024711254,0.007146918762413636,-0.034133541453251516,0.002074773384777758,0.003452575620288219,0.017267572375024454,-0.16054821341164946,0.003192079711109288,0.43673469387755104,70.85811913676955,0.6897019986268081,-0.0022154291281453187,5.979259767641132e-05,0.0001467879809973205,0.003452575620288112,0.011874332475667826,0.008535355133585958
20997,2025-12-10,0.0020037083716841764,-0.00015638015743335565,0.005209972627859605,0.013043613795113984,0.001382276945261897,0.008281010103178848,-0.03104954068573189,0.0020635221425732582,0.005209972627859588,0.02675885096577497,-0.039559339008512745,0.002924704890763062,0.45255474452554745,72.01842395109827,0.9697241665358307,0.0020037083716841764,-0.0022154291281453187,5.979259767641132e-05,0.005209972627859605,0.013043613795113984,0.013537055085317664
20997,2025-12-11,0.004960590782320695,0.004743358671506659,0.011968492137806486,0.020178402126608708,0.00464154133631319,0.012675028179164561,-0.025138992333031088,0.0025661335779167105,0.011968492137806413,0.018086720045540263,-0.10329113924050641,0.003858663095705037,0.4980237154150198,80.90599828309743,1.0,0.004960590782320695,0.0020037083716841764,-0.0022154291281453187,0.011968492137806486,0.020178402126608708,0.025252333345036206
20997,2025-12-12,-0.0006073974629379197,0.006362605133434673,0.0054764021083724135,0.02066643168943849,0.0032475687818032256,0.011616455078915636,-0.024621176150030816,0.0027349164261344077,0.005476402108372486,0.013165903440204891,0.1308793456032719,0.0029787778176459286,0.47151898734177217,82.07662817770095,0.9123010236076912,-0.0006073974629379197,0.004960590782320695,0.0020037083716841764,0.0054764021083724135,0.02066643168943849,0.03271568274272449
20997,2025-12-13,0.0011487132814564927,0.005503890660435218,0.005494222608640964,0.01642682622177216,0.0036131449536751905,0.012207518863261432,-0.022389103224159008,0.0028870674019908144,0.005494222608640948,0.016993647343374937,0.19333996023856853,0.002543637724307051,0.49854227405247814,79.42463309978882,1.0,0.0011487132814564927,-0.0006073974629379197,0.004960590782320695,0.005494222608640964,0.01642682622177216,0.03618815366306992
20997,2025-12-14,0.0017137038878614064,0.002255248440174773,0.0070695162661307265,0.013155187857813333,0.004320495338354947,0.013247977202310544,-0.019675423142480598,0.003089334641787997,0.007069516266130823,0.02068945567318716,0.15691096901131327,0.002904546187394556,0.4375,76.75429017116181,1.0,0.0017137038878614064,0.0011487132814564927,-0.0006073974629379197,0.0070695162661307265,0.013155187857813333,0.03604726084385236
20997,2025-12-15,-0.0015785440008295737,0.0012813201640042848,0.0054196960674277594,0.012689833728256605,0.0019614416734602697,0.010879454850883265,-0.020201511613130035,0.0029323174567273016,0.005419696067427657,0.023081606331212746,-0.016050583657587575,0.002945697460839708,0.4671280276816609,75.28575175773729,0.8276797412737082,-0.0015785440008295737,0.0017137038878614064,0.0011487132814564927,0.0054196960674277594,0.012689833728256605,0.03505430918979381
20997,2025-12-16,0.0008765697221551072,0.0010091405580012758,0.008535355133586053,0.01201739971291893,0.001625309787987748,0.010906218806208443,-0.018295647533943485,0.002834598426641942,0.008535355133585958,0.02585733035090316,-0.025190114068441013,0.0026603204493026904,0.4641638225255973,74.62447758415288,0.901973355037383,0.0008765697221551072,-0.0015785440008295737,0.0017137038878614064,0.008535355133586053,0.01201739971291893,0.03519294796242828
20997,2025-12-17,0.006973015470624455,0.006264752961979925,0.013537055085317773,0.01881755539963348,0.006672354504014308,0.01677095352803824,-0.010481040731990543,0.0034898879601132013,0.013537055085317664,0.03554776343921942,-0.019736842105263157,0.0021131328217077407,0.47651006711409394,80.15791818394426,1.0,0.006973015470624455,0.0008765697221551072,-0.0015785440008295737,0.013537055085317773,0.01881755539963348,0.03226464764405029
20997,2025-12-18,0.016576735354434824,0.024562654700377884,0.025252333345036293,0.03752305783594401,0.01968798616927858,0.031747411524538055,0.0066726136351685315,0.005735398408189776,0.025252333345036206,0.05578555781669608,-0.026170798898071702,0.0033682759130299893,0.45874587458745875,90.41935392624904,1.0,0.016576735354434824,0.006973015470624455,0.0008765697221551072,0.025252333345036293,0.03752305783594401,0.03351745568648848
20997,2025-12-19,0.006667705392827905,0.03049083956948917,0.032715682742724406,0.03837124908504608,0.021740490023598028,0.036469945640603664,0.01404313425607131,0.007776715555640734,0.03271568274272449,0.06395099758767973,0.07006369426751592,0.0028081646452738163,0.5089285714285714,90.63571921769417,1.0,0.006667705392827905,0.016576735354434824,0.006973015470624455,0.032715682742724406,0.03837124908504608,0.03339682769125943
20997,2025-12-20,0.00451504135403713,0.02797545954229097,0.03618815366306993,0.04188120204373158,0.021124846949108555,0.039865244645860026,0.019232645236243535,0.009361483742012783,0.03618815366306992,0.03690385492932887,0.22118380062305296,0.0026816189901341992,0.4846938775510204,91.29183644305016,1.0,0.00451504135403713,0.006667705392827905,0.016576735354434824,0.03618815366306993,0.04188120204373158,0.025146330728182325
20997,2025-12-21,0.0015774986366328125,0.01280803860737234,0.03604726084385246,0.04337161380686827,0.01756294549382855,0.04019775587837377,0.021402147681938162,0.010250672678280635,0.03604726084385236,0.03757772848410404,0.09143109540636037,0.002974914961950375,0.45892351274787535,91.5414836418341,1.0,0.0015774986366328125,0.00451504135403713,0.006667705392827905,0.03604726084385246,0.04337161380686827,0.025092113989684674
20997,2025-12-22,-0.002535434939737624,0.003548762225185298,0.03505430918979391,0.04066398895888379,0.01002311070247366,0.03632130840501378,0.01941070520545664,0.010177347594191238,0.03505430918979381,0.03580943450511505,0.12202380952380952,0.0033962094878515763,0.5358090185676393,87.11226591354261,0.9285228246966089,-0.002535434939737624,0.0015774986366328125,0.00451504135403713,0.03505430918979391,0.04066398895888379,0.027282467320549286
20997,2025-12-23,0.001010630609543206,4.77224993640224e-05,0.03519294796242822,0.044028687405071265,0.006103619972244566,0.03585145343536295,0.020951337377935857,0.009903677076408834,0.03519294796242828,0.04423113961131341,-0.03306822938467976,0.003007158283583903,0.49696969696969695,90.96418717167336,0.9468673319543737,0.001010630609543206,-0.002535434939737624,0.0015774986366328125,0.03519294796242822,0.044028687405071265,0.027404001009835116
20997,2025-12-24,0.004124542239035467,0.0025908758321382397,0.03226464764405024,0.04623847104183376,0.005716598382890155,0.03833176271250775,0.02558000927506248,0.009874445238660875,0.03226464764405029,0.05238892442085397,-0.09367194004995844,0.003214129192492556,0.4662379421221865,91.33540898585971,1.0,0.004124542239035467,0.001010630609543206,-0.002535434939737624,0.03226464764405024,0.04623847104183376,0.02052878173839415
20997,2025-12-25,0.017810503761320096,0.02304137925497196,0.03351745568648856,0.05961618299539739,0.018797377939283672,0.05408471089296004,0.044066476293975525,0.011604009431206555,0.03351745568648848,0.07967618558226579,-0.03904644471845454,0.002930119986842211,0.46107784431137727,93.03752865129522,1.0,0.017810503761320096,0.004124542239035467,0.001010630609543206,0.03351745568648856,0.05961618299539739,0.0025227525300356834
20997,2025-12-26,0.006550211192323463,0.028702877731217713,0.03339682769125951,0.06720511045334465,0.020638622602826333,0.058031460855905916,0.0510383624056142,0.013094003105915991,0.03339682769125943,0.08582841179741894,-0.03577302631578952,0.0028355146547611684,0.46567164179104475,94.42434826086348,1.0,0.006550211192323463,0.017810503761320096,0.004124542239035467,0.03339682769125951,0.06720511045334465,0.0008012402812988244
20997,2025-12-27,-0.003504867432186587,0.020886720119258406,0.025146330728182287,0.062244483671705986,0.013449483855593839,0.051451413674242115,0.047375926119551666,0.013190314119288098,0.025146330728182325,0.08426473642953097,0.262756126958618,0.0026991550995795195,0.49665924276169265,89.82786037879583,0.878654819689511,-0.003504867432186587,0.006550211192323463,0.017810503761320096,0.025146330728182287,0.062244483671705986,0.004008486578650079
20997,2025-12-28,0.0015245283789233621,0.004551522230618055,0.025092113989684695,0.062043876811646914,0.011404759707655743,0.05010114691297145,0.04882977452842614,0.0129822252764912,0.025092113989684674,0.08709750678210831,0.2690686086623227,0.0028717395147315706,0.47357293868921774,89.81557236638875,0.9312518991940886,0.0015245283789233621,-0.003504867432186587,0.006550211192323463,0.025092113989684695,0.062043876811646914,0.003707981516890394
20997,2025-12-29,-0.00040411444406440733,-0.0023889943242842993,0.027282467320549175,0.06329314455525803,0.007132971621464189,0.04693501528592285,0.04846487994675179,0.012359033637379465,0.027282467320549286,0.080902827994827,0.06608431447018603,0.002607720454732477,0.48877805486284287,91.16033234328071,0.9143791309258879,-0.00040411444406440733,0.0015245283789233621,-0.003504867432186587,0.027282467320549175,0.06329314455525803,0.004162338344853634
20997,2025-12-30,0.0011290561826666767,0.002250118348274377,0.02740400100983509,0.06356137655376481,0.00441118507406264,0.045512010895008476,0.04959492017081359,0.011669441415793099,0.027404001009835116,0.07679482094900926,-0.07651715039577836,0.002312349920573518,0.4742857142857143,91.1974206848634,0.9471535929763962,0.0011290561826666767,-0.00040411444406440733,0.0015245283789233621,0.02740400100983509,0.06356137655376481,0.005199687898370656
20997,2025-12-31,-0.0025948947078160423,-0.0018722892006390879,0.02052878173839412,0.053455783291795234,-0.0010709493806093393,0.04026984333629308,0.046825308397372346,0.01052472231504796,0.02052878173839415,0.07520460838205191,-0.06286982248520707,0.002409760615877929,0.505524861878453,86.90463093352457,0.40772903127003646,-0.0025948947078160423,0.0011290561826666767,-0.00040411444406440733,0.02052878173839412,0.053455783291795234,0.007693127025292993
20997,2026-01-01,-0.00014756463150100707,-0.0016161162003094365,0.0025227525300357545,0.036124764462657666,-0.0015768381579676944,0.03765653360093793,0.0466441632215482,0.009411404282874033,0.0025227525300356834,0.07339120501536973,0.004336826888326728,0.002570688313283065,0.4811083123425693,82.78720350575529,0.0,-0.00014756463150100707,-0.0025948947078160423,0.0011290561826666767,0.0025227525300357545,0.036124764462657666,0.010175143959058908
20997,2026-01-02,0.004821783071202734,0.0020664849488827297,0.0008012402812989095,0.03422482685617201,0.0031222419735992407,0.040035264492932564,0.051593478125595275,0.008935585181323057,0.0008012402812988244,0.07829522383224626,0.06415620641562061,0.0030012958829048544,0.4426605504587156,82.24852246416947,1.0,0.004821783071202734,-0.00014756463150100707,-0.0025948947078160423,0.0008012402812989095,0.03422482685617201,0.01594858675825424
20997,2026-01-03,-0.0003114208259870077,0.004360630661689013,0.00400848657865005,0.02925561603605864,0.00223661227858876,0.03705367467890775,0.05119646178768099,0.008289648405704338,0.004008486578650079,0.07985037414671138,0.0814400559245019,0.00278260240190561,0.48642533936651583,80.0664775286888,0.9351023418032551,-0.0003114208259870077,0.004821783071202734,-0.00014756463150100707,0.00400848657865005,0.02925561603605864,0.02504555623620478
20997,2026-01-04,0.0012247667790190597,0.0057391497232930355,0.003707981516890335,0.028893136601468417,0.0029329821833340786,0.03582602776526819,0.05248514547756397,0.007735139742190827,0.003707981516890394,0.07488976642537233,0.1897810218978102,0.002312082302615019,0.44171779141104295,79.93578569508276,1.0,0.0012247667790190597,-0.0003114208259870077,0.004821783071202734,0.003707981516890335,0.028893136601468417,0.02127916633809848
20997,2026-01-05,4.838092726844323e-05,0.0009613896324893734,0.004162338344853689,0.0315583645252735,0.0023861672900943555,0.03342594549170215,0.052544307475948605,0.007121164469854281,0.004162338344853634,0.07372741730958612,-0.0707530647985989,0.0022570402960976265,0.48284960422163586,84.3853814147925,1.0,4.838092726844323e-05,0.0012247667790190597,-0.0003114208259870077,0.004162338344853689,0.0315583645252735,0.030139068552745632
20997,2026-01-06,0.0021632722051037057,0.0034392334599750995,0.005199687898370664,0.032746181160623555,0.003809437685117214,0.03314566510782881,0.054769508945094164,0.006736388425331579,0.005199687898370656,0.07589225393558385,-0.15911485774499476,0.0026171292901553934,0.42105263157894735,84.79005147934143,1.0,0.0021632722051037057,4.838092726844323e-05,0.0012247667790190597,0.005199687898370664,0.032746181160623555,0.033468253704250335
20997,2026-01-07,-0.00012079036330781001,0.0020907002711521017,0.007693127025292901,0.02837983928927512,0.0025907010192316995,0.030523749006344303,0.054505688218972594,0.006246340923163848,0.007693127025292993,0.07569797774294636,-0.008635578583765074,0.0028640991637623476,0.5121951219512195,83.08762315656372,0.9847114028369676,-0.00012079036330781001,0.0021632722051037057,4.838092726844323e-05,0.007693127025292901,0.02837983928927512,0.03386996646159652
20997,2026-01-08,0.002315140143689387,0.004362088709802592,0.010175143959058941,0.012723565859260821,0.0034608162360105542,0.030264276169376294,0.056660455946596786,0.005989128425373098,0.010175143959058908,0.08058232286714331,-0.07997218358831705,0.003281008692121592,0.4576719576719577,73.58332154878698,1.0,0.002315140143689387,-0.00012079036330781001,0.0021632722051037057,0.010175143959058941,0.012723565859260821,0.03129878270035332
20997,2026-01-09,0.010564629866275155,0.01278187953890142,0.01594858675825428,0.016762605689693677,0.011761123229344968,0.038179308816743585,0.06739676858813112,0.006854282850541934,0.01594858675825424,0.0898146045016508,-0.06534090909090907,0.0026831153316961634,0.4574468085106383,77.10460362201349,1.0,0.010564629866275155,0.002315140143689387,-0.00012079036330781001,0.01594858675825428,0.016762605689693677,0.020880690340211037
20997,2026-01-10,0.008639953889951979,0.021655674438787464,0.025045556236204858,0.029154437590882543,0.01688048338191325,0.04402389818417455,0.07590404141586361,0.00819561371815863,0.02504555623620478,0.0938046352419007,0.21378830083565462,0.0028776024139861014,0.4859437751004016,90.12523124168361,1.0,0.008639953889951979,0.010564629866275155,0.002315140143689387,0.025045556236204858,0.029154437590882543,0.01457536646809911
20997,2026-01-11,-0.0024540968816136877,0.016794410875567323,0.021279166338098454,0.025066050610465407,0.011331386615772676,0.03843116819287159,0.07234996487173048,0.008494080743091223,0.02127916633809848,0.09178347921281037,0.12847588877155938,0.0016966915240816608,0.45633187772925765,83.62440295788701,0.8941812155787765,-0.0024540968816136877,0.008639953889951979,0.010564629866275155,0.021279166338098454,0.025066050610465407,0.018022719845028012
20997,2026-01-12,0.00872409972872168,0.014942534507046412,0.030139068552745618,0.03442685589831451,0.015823026551584695,0.044174765398998915,0.08084601351357684,0.009421813109947426,0.030139068552745632,0.10004467124358077,0.09187521426122727,0.004187373464933918,0.46373626373626375,87.55865880025777,1.0,0.00872409972872168,-0.0024540968816136877,0.008639953889951979,0.030139068552745618,0.03442685589831451,0.008728358727814649
20997,2026-01-13,0.005402045674685718,0.011684393920973646,0.03346825370425033,0.03884196607638657,0.016507618159675073,0.04636322992271678,0.08580039880769247,0.010335721527251422,0.033468253704250335,0.10409507078645798,-0.14977823268509044,0.002760931505927209,0.5196629213483146,88.66177633240957,1.0,0.005402045674685718,0.00872409972872168,-0.0024540968816136877,0.03346825370425033,0.03884196607638657,-0.00019057829207310624
20997,2026-01-14,0.00026786621407293154,0.01444493614376885,0.03386996646159646,0.041823659441220906,0.011964388413738194,0.0431514493063606,0.08525521780611003,0.01060531289384411,0.03386996646159652,0.10613690633063044,-0.16596785464709987,0.0023027398100517404,0.45161290322580644,93.52906651760381,1.0,0.00026786621407293154,0.005402045674685718,0.00872409972872168,0.03386996646159646,0.041823659441220906,-0.0036657671766230577
20997,2026-01-15,-0.00017756831635595827,0.005492783544271962,0.031298782700353245,0.04179239627913156,0.007365734465982101,0.0395329397051672,0.0844060058466894,0.010398581338883467,0.03129878270035332,0.10497190654540449,-0.11822660098522167,0.0025175032838290023,0.4776536312849162,93.45625194403357,0.9912436876506115,-0.00017756831635595827,0.00026786621407293154,0.005402045674685718,0.031298782700353245,0.04179239627913156,-0.0021820683122222143
20997,2026-01-16,0.0003559921499840524,0.00044627461155832826,0.020880690340211006,0.03716229459992837,0.004765802114835801,0.03670424609960902,0.08416264669616277,0.009954510514259829,0.020880690340211037,0.0977109126936017,-0.04200210010500531,0.0022106525861054103,0.5115089514066496,92.7887633360872,1.0,0.0003559921499840524,-0.00017756831635595827,0.00026786621407293154,0.020880690340211006,0.03716229459992837,-0.00041347777898526934
20997,2026-01-17,0.0024102331793871556,0.0025890236907744058,0.014575366468099205,0.03998597086484401,0.005109926334658759,0.0364693007453351,0.08613762518961,0.009612738058430891,0.01457536646809911,0.0824137654233311,0.12557808609035934,0.0023046084124995524,0.45132743362831856,93.81746844580805,1.0,0.0024102331793871556,0.0003559921499840524,-0.00017756831635595827,0.014575366468099205,0.03998597086484401,-0.0019238333061676817
20997,2026-01-18,0.0009353932946836174,0.0037050649593608487,0.018022719845028012,0.039685394636573834,0.0034968077705419356,0.03490327944539956,0.08658070627154166,0.009176214933761037,0.018022719845028012,0.0762501292110092,0.06664265129683002,0.0016384885173662273,0.47044917257683216,93.78313706507565,1.0,0.0009353932946836174,0.0024102331793871556,0.0003559921499840524,0.018022719845028012,0.039685394636573834,-0.002805686160587054
20997,2026-01-19,-0.00048536668863086163,0.0028608893514843192,0.008728358727814634,0.03913049188261075,0.001767712667295835,0.03204526329974002,0.08555974627867712,0.008527112934901755,0.008728358727814649,0.07089262874513774,0.08123861566484511,0.0023715032171408683,0.4693396226415094,92.74272830067768,0.8716401638322,-0.00048536668863086163,0.0009353932946836174,0.0024102331793871556,0.008728358727814634,0.03913049188261075,0.011820150038418794
20997,2026-01-20,-0.003487480873718196,-0.003039476152245979,-0.00019057829207314025,0.03327129708954768,-0.0016987955884518265,0.02628393782584848,0.08112061670937022,0.0074116947806550345,-0.00019057829207310624,0.06547712247651306,-0.0197984161267098,0.002504841037330455,0.4884318766066838,85.29500166835922,0.0,-0.003487480873718196,-0.00048536668863086163,0.0009353932946836174,-0.00019057829207314025,0.03327129708954768,0.013816069072952986
20997,2026-01-21,-0.0032089161554127443,-0.007167327907747656,-0.003665767176623036,0.03008003987364516,-0.004381521008327604,0.020873472842089298,0.07701885391524961,0.006065345034541722,-0.0036657671766230577,0.06475771964973077,-0.07947255880256587,0.0025943279101532093,0.4823848238482385,79.88036287918999,0.0,-0.0032089161554127443,-0.003487480873718196,-0.00048536668863086163,-0.003665767176623036,0.03008003987364516,0.015255377650036681
20997,2026-01-22,0.001311325026481125,-0.005382647446861233,-0.0021820683122222295,0.02904841830618965,-0.0027653580428955225,0.02008839896803011,0.07768010247368645,0.005140915584591519,-0.0021820683122222143,0.06507756310783215,-0.1265641759027529,0.0020555601343310633,0.4813753581661891,79.4873533968562,0.18164737916001109,0.001311325026481125,-0.0032089161554127443,-0.003487480873718196,-0.0021820683122222295,0.02904841830618965,0.01474072734736424
20997,2026-01-23,0.002129081289192758,0.0002232331434022239,-0.0004134777789852606,0.020458578859760213,-0.000583144122762447,0.020201137330924813,0.078972749678274,0.00461680694662172,-0.00041347777898526934,0.06296097238991556,0.1378350156630699,0.002554469107467984,0.4689507494646681,75.28582939313851,0.4769587420114462,0.002129081289192758,0.001311325026481125,-0.0032089161554127443,-0.0004134777789852606,0.020458578859760213,0.00805486200669234
20997,2026-01-24,0.0008956110806188633,0.00434189308036137,-0.0019238333061676327,0.012623492586470553,0.0005875555092561703,0.01961098595091065,0.07891579544033613,0.004226535732791844,-0.0019238333061676817,0.04529572851072153,0.12989262209906474,0.0022514015486526542,0.44635193133047213,69.45172411312458,0.6014477591089753,0.0008956110806188633,0.002129081289192758,0.001311325026481125,-0.0019238333061676327,0.012623492586470553,0.003733284713599765
20997,2026-01-25,5.101416298836092e-05,0.003077767761019201,-0.002805686160587073,0.015166467588795696,0.001041215124171989,0.018378299799933658,0.07801240832831244,0.0038376493225835994,-0.002805686160587054,0.03854635543626154,0.4575835475578407,0.001958804092360253,0.4984567901234568,75.17695681691676,0.6527487371046324,5.101416298836092e-05,0.0008956110806188633,0.002129081289192758,-0.002805686160587073,0.015166467588795696,-0.0009326955783527597
20997,2026-01-26,0.014174501606281531,0.015134591127391461,0.011820150038418742,0.020651679275985435,0.013513295830923259,0.030900310574298758,0.09217512031696556,0.005107888130979581,0.011820150038418794,0.056971778382383535,0.1800185586142902,0.0024296351747682644,0.48073394495412847,79.10685711049666,1.0,0.014174501606281531,5.101416298836092e-05,0.0008956110806188633,0.011820150038418742,0.020651679275985435,-0.01821017878066812
20997,2026-01-27,-0.0015217577113555425,0.012682832269546251,0.013816069072952963,0.013622857738032845,0.009981177845524155,0.027532977555659394,0.08939010876704405,0.005577960515336533,0.013816069072952986,0.053756841219022,-0.06581352833638021,0.0021141700560781593,0.4589041095890411,71.65325679154284,0.916794623512737,-0.0015217577113555425,0.014174501606281531,5.101416298836092e-05,0.013816069072952963,0.013622857738032845,-0.02192300362248788
20997,2026-01-28,-0.001793777847484801,0.0108147383706787,0.015255377650036595,0.011533687810757032,0.005992398494734341,0.023950122569243705,0.08631081237144085,0.00548402913290352,0.015255377650036681,0.052291881889451046,-0.21297989031078607,0.0027100267963107326,0.4905149051490515,67.47616257347424,0.8051500792942478,-0.001793777847484801,-0.0015217577113555425,0.014174501606281531,0.015255377650036595,0.011533687810757032,-0.019746328552536583
20997,2026-01-29,0.0008037432024015079,-0.0025117253063605682,0.014740727347364313,0.012526493761098267,0.004701793033725579,0.023047308652729134,0.08595023805455795,0.00533278842300028,0.01474072734736424,0.05194994374861674,-0.24612108305445693,0.002235468148402156,0.4604519774011299,68.61858348870446,0.831529030389069,0.0008037432024015079,-0.001793777847484801,-0.0015217577113555425,0.014740727347364313,0.012526493761098267,-0.017727729605393518
20997,2026-01-30,-0.004473689163300598,-0.005460729987990187,0.008054862006692254,0.00763805372125459,-0.0009336008817441571,0.016827678498800857,0.0798646687376266,0.004532259508133413,0.00805486200669234,0.04996840414021142,-0.1495327102803738,0.0020166883153774273,0.4564102564102564,60.10323482150022,0.5027923982305308,-0.004473689163300598,0.0008037432024015079,-0.001793777847484801,0.008054862006692254,0.00763805372125459,-0.007657894950796589
20997,2026-01-31,-0.003395274176351659,-0.007056343153377553,0.0037332847135997937,0.0018022691899586274,-0.004852182509531554,0.01185473127188363,0.07499021190844599,0.0034650086589420055,0.003733284713599765,0.04655790846375594,-0.10359072132189384,0.00267562408491867,0.5062034739454094,52.32744890353584,0.2597680549566523,-0.003395274176351659,-0.004473689163300598,0.0008037432024015079,0.0037332847135997937,0.0018022691899586274,-0.0022841869874051365
20997,2026-02-01,-0.00459784863163637,-0.012415512106243698,-0.000932695578352738,-0.0037357648878635352,-0.009296840466673654,0.006005235923250748,0.06867866616958443,0.0021205006490811066,-0.0009326955783527597,0.03674702436519368,-0.05713296398891963,0.0027206226817096894,0.4832904884318766,45.58929336896535,0.0,-0.00459784863163637,-0.003395274176351659,-0.004473689163300598,-0.000932695578352738,-0.0037357648878635352,0.004193546484367294
20997,2026-02-02,-0.0033642396158252152,-0.011314913205681676,-0.018210178780668107,-0.006605275787663234,-0.010039829427066924,0.0015332903637796172,0.06330103069673947,0.0007842795249694369,-0.01821017878066812,0.03358103761469389,-0.07894736842105267,0.002619750347861637,0.5098591549295775,42.699269270466516,0.0,-0.0033642396158252152,-0.00459784863163637,-0.003395274176351659,-0.018210178780668107,-0.006605275787663234,0.006907379513126821
20997,2026-02-03,-0.005297692989826519,-0.013202214219797503,-0.02192300362248789,-0.00840982428186976,-0.012169591552179542,-0.0046367397150268086,0.055780278519871974,-0.0007271274829824537,-0.02192300362248788,0.026847793532677144,-0.17727450214759854,0.003116039491624959,0.46511627906976744,41.08691333470825,0.0,-0.005297692989826519,-0.0033642396158252152,-0.00459784863163637,-0.02192300362248789,-0.00840982428186976,0.011365540090196328
20997,2026-02-04,0.0004276940882390612,-0.008220112843484895,-0.01974632855253655,-0.004792188601770553,-0.008928570818838617,-0.00508666580701998,0.054651946555480696,-0.0016387053574989517,-0.019746328552536583,0.027237271571768928,-0.28594838181073334,0.006800669987101433,0.41365461847389556,44.619740948313556,0.019985056244762683,0.0004276940882390612,-0.005297692989826519,-0.0033642396158252152,-0.01974632855253655,-0.004792188601770553,0.006996455233174274
20997,2026-02-05,0.0028646601274482375,-0.002021561948510331,-0.017727729605393483,-0.0032483218866301566,-0.0035360102055483605,-0.0031382416246290025,0.05638631122324604,-0.0018458180843449064,-0.017727729605393518,0.02795620813195364,-0.12536687631027255,0.0027266617685382803,0.4395973154362416,46.47030432403088,0.1956822205722771,0.0028646601274482375,0.0004276940882390612,-0.005297692989826519,-0.017727729605393483,-0.0032483218866301566,0.004117088690673863
20997,2026-02-06,0.005732020237820157,0.009044478515564114,-0.0076578949507966065,0.00033528376880531674,0.003284195876718164,0.001476111475016689,0.06110508309775776,-0.0012522996308802045,-0.007657894950796589,0.03397336793932292,-0.09293193717277491,0.002679876933494799,0.46464646464646464,50.338717438711214,0.6760283710070034,0.005732020237820157,0.0028646601274482375,0.0004276940882390612,-0.0076578949507966065,0.00033528376880531674,-0.00021199542864549947
20997,2026-02-07,0.002001516632244238,0.010631856551553964,-0.002284186987405179,0.0014405702058315484,0.005622925029451803,0.002389057838016863,0.061725052087848765,-0.000590976067253482,-0.0022841869874051365,0.03364983859669769,0.19534679543459169,0.0024057722656470105,0.45758354755784064,51.424771314305666,1.0,0.002001516632244238,0.005732020237820157,0.0028646601274482375,-0.002284186987405179,0.0014405702058315484,-0.0017294857108527812
20997,2026-02-08,0.0018648632445275037,0.009624316232173191,0.0041935464843672055,0.0032569396037509524,0.006893081584862962,0.003447043962651096,0.06209936134570226,7.634411251987424e-05,0.004193546484367294,0.024751335622584882,0.11526479750778816,0.0016839034646907725,0.4860335195530726,53.10964801164006,1.0,0.0018648632445275037,0.002001516632244238,0.005732020237820157,0.0041935464843672055,0.0032569396037509524,-0.002407749273951817
20997,2026-02-09,-0.0006708315037710078,0.003196684734459332,0.006907379513126921,-0.011428583883381305,0.005226379746789052,0.0022693147110173107,0.05994277210405516,0.00042858187763766023,0.006907379513126821,0.01529182558521643,-0.13432144511347852,0.0018689991119565862,0.50187265917603,35.08936426107397,0.9475258842539364,-0.0006708315037710078,0.0018648632445275037,0.002001516632244238,0.006907379513126921,-0.011428583883381305,9.793538053207073e-05
20997,2026-02-10,-0.0008935713185987959,0.000298143578491894,0.011365540090196413,-0.010806630308860421,0.002711415808778478,0.0008191714514104102,0.05761458336476122,0.0005386000969331091,0.011365540090196328,0.0168801122422944,-0.20811455847255367,0.002061827864549178,0.4641350210970464,35.68378869565828,0.8734973123316577,-0.0008935713185987959,-0.0006708315037710078,0.0018648632445275037,0.011365540090196413,-0.010806630308860421,0.006546724593025703
20997,2026-02-11,-0.003894139428450294,-0.005451853146602792,0.00699645523317427,-0.012888027623099707,-0.002182483500083037,-0.0032153774544063643,0.05214332176223576,0.00013722015753962188,0.006996455233174274,0.004159848640090528,-0.029864675688287524,0.0026592242661595566,0.4882154882154882,33.838424097048474,0.4280816036637866,-0.003894139428450294,-0.0008935713185987959,-0.0006708315037710078,0.00699645523317427,-0.012888027623099707,0.014488880976630484
20997,2026-02-12,-2.8921206461918203e-06,-0.004787109339818074,0.004117088690673842,-0.013683627549789357,-0.002768215287305785,-0.003177192627353566,0.050770129237507435,-0.0001287283961915541,0.004117088690673863,-0.0012384112319863301,-0.0891089108910891,0.0025284772161573215,0.5217391304347826,32.47493774224412,0.0,-2.8921206461918203e-06,-0.003894139428450294,-0.0008935713185987959,0.004117088690673842,-0.013683627549789357,0.018166095733698897
20997,2026-02-13,0.001395973609254364,-0.0025064868149962116,-0.00021199542864547283,-0.007868266940719515,-0.0013458969480502597,-0.0017819337650614286,0.05080878242271413,-0.00013475020512364886,-0.00021199542864549947,-0.00011200262448307117,0.206896551724138,0.002573298458291031,0.4842105263157895,39.103594092866636,0.25452388626599226,0.001395973609254364,-2.8921206461918203e-06,-0.003894139428450294,-0.00021199542864547283,-0.007868266940719515,0.020137752750186737
20997,2026-02-14,0.0004806666547547689,0.001874413711917322,-0.0017294857108527406,-0.004009722229502244,-0.0006187470986503255,-0.0013202751739962084,0.049863165934197866,-7.810514219158369e-05,-0.0017294857108527812,0.000546275511923865,0.13976014760147598,0.0018610311405203028,0.5184135977337111,43.9793136323253,0.34228480750705986,0.0004806666547547689,0.001395973609254364,-2.8921206461918203e-06,-0.0017294857108527406,-0.004009722229502244,0.023227532544651142
20997,2026-02-15,0.0011841575418536365,0.0030636918361168775,-0.0024077492739518203,0.0017757002019125334,0.0009099807406257636,-0.0001834234045343955,0.049617057385524285,9.947265694790043e-05,-0.002407749273951817,0.0013745984338089095,0.24613987284287017,0.002227324167785732,0.41836734693877553,52.95761453004156,0.6369241627620402,0.0011841575418536365,0.0004806666547547689,0.001395973609254364,-0.0024077492739518203,0.0017757002019125334,0.022023703625352723
20997,2026-02-16,0.0018392158231370637,0.0035076722226490276,9.793538053215478e-05,0.007005991370500064,0.002736803941567861,0.001628582869304817,0.050005954813541934,0.0004262290296058177,9.793538053207073e-05,0.0008041710210719606,0.02250661959399821,0.0016218145316320206,0.42900302114803623,62.25099269391709,1.0,0.0018392158231370637,0.0011841575418536365,0.0004806666547547689,9.793538053215478e-05,0.007005991370500064,0.017897789138814204
20997,2026-02-17,0.00554882450232852,0.008591164041717558,0.006546724593025743,0.01798667174404356,0.007357045641101379,0.007004292763303559,0.05420715531102012,0.0012721062818816817,0.006546724593025703,0.005416997409528577,-0.0515551768214742,0.0021701175251662955,0.44339622641509435,80.97155631062763,1.0,0.00554882450232852,0.0018392158231370637,0.0011841575418536365,0.006546724593025743,0.01798667174404356,0.011020155392695767
20997,2026-02-18,0.003965633323264939,0.011393217864678062,0.014488880976630591,0.021586707016936435,0.009269287962098216,0.010664011869464314,0.057042046197103534,0.002242446149238772,0.014488880976630484,0.009894281601560993,-0.15615615615615616,0.0020589094622859095,0.4555160142348754,83.07525464694868,1.0,0.003965633323264939,0.00554882450232852,0.0018392158231370637,0.014488880976630591,0.021586707016936435,0.004596078963706294
20997,2026-02-19,0.0036217943506138273,0.013192795885308639,0.018166095733698873,0.022357975851671652,0.010316222512501073,0.01374820178920632,0.059488545704060876,0.0032205444800159893,0.018166095733698897,0.017099024399653925,-0.06706031210459724,0.0024409430889883693,0.3987341772151899,83.49767341707835,1.0,0.0036217943506138273,0.003965633323264939,0.00554882450232852,0.018166095733698873,0.022357975851671652,-0.003420386269472312
20997,2026-02-20,0.0033351556404794813,0.01096229917679592,0.0201377527501867,0.019921488210014937,0.010796294720832596,0.016328950906374033,0.06158834672935136,0.0041369049938748195,0.020137752750186737,0.023776420643540186,0.12188949810206662,0.002069362570623956,0.4842105263157895,82.26343370810312,1.0,0.0033351556404794813,0.0036217943506138273,0.003965633323264939,0.0201377527501867,0.019921488210014937,-0.0027062646531340216
20997,2026-02-21,0.003510909325657341,0.010504406194353555,0.023227532544651153,0.021457875148163996,0.011019447160596168,0.019018459106283914,0.06375819942274184,0.005002705511982911,0.023227532544651142,0.02602535410152809,0.22721700040866372,0.0025743742271717046,0.46386946386946387,83.12660237663492,1.0,0.003510909325657341,0.0033351556404794813,0.0036217943506138273,0.023227532544651153,0.021457875148163996,-0.0063311746634796984
20997,2026-02-22,6.262690456226849e-06,0.006864080033751829,0.022023703625352775,0.01956292679498728,0.007888838871195982,0.018219108406660342,0.06217183407035366,0.005395125845870424,0.022023703625352723,0.02385191582383637,0.17139384116693684,0.0019445602507268925,0.41646489104116224,82.09943410210634,1.0,6.262690456226849e-06,0.003510909325657341,0.0033351556404794813,0.022023703625352775,0.01956292679498728,-0.0037329216392435905
20997,2026-02-23,-0.0022052137914448933,0.0013042240476826006,0.017897789138814124,0.017997477346136215,0.003132213281916909,0.015277081227390339,0.05818610023232455,0.005209101684151922,0.017897789138814204,0.020679971166721663,0.02118305355715423,0.0028376023269381543,0.4520547945205479,78.05843277380644,0.84590015607914,-0.0022052137914448933,6.262690456226849e-06,0.003510909325657341,0.017897789138814124,0.017997477346136215,0.0014041152026676399
20997,2026-02-24,-0.001245370948884661,-0.003441597333426083,0.011020155392695852,0.017639025908049888,0.00032235874030078836,0.01336226271673818,0.05525651579080381,0.004767958814274948,0.011020155392695767,0.019356844346321345,-0.08841099163679811,0.002383241321680222,0.5229357798165137,77.15814242180465,0.6685219582412213,-0.001245370948884661,-0.0022052137914448933,6.262690456226849e-06,0.011020155392695852,0.017639025908049888,0.0023994323365897777
20997,2026-02-25,-0.0024136182931802086,-0.005853134958408446,0.004596078963706285,0.01915155198140117,-0.002742460437440651,0.010825216688740365,0.05111413130488049,0.004040080139185261,0.004596078963706294,0.0026839606092795244,0.1293719443399775,0.0026004403412910795,0.40559440559440557,80.73292044675856,0.14142735570784729,-0.0024136182931802086,-0.001245370948884661,-0.0022052137914448933,0.004596078963706285,0.01915155198140117,0.007060646284068956
20997,2026-02-26,-0.004386896296448395,-0.008026841268407248,-0.0034203862694722753,0.014683574399809052,-0.006633741255379699,0.006397356732896348,0.044961359436059126,0.0029207300638003733,-0.003420386269472312,-0.00019324630672748252,0.055454874954693666,0.0026379265009804274,0.47115384615384615,70.60785202030854,0.0,-0.004386896296448395,-0.0024136182931802086,-0.001245370948884661,-0.0034203862694722753,0.014683574399809052,0.012211898485839688
20997,2026-02-27,0.00405411809285483,-0.002763335366670172,-0.0027062646531340606,0.017376990008591386,-0.002220727868627441,0.0102857546852055,0.04766164259769531,0.002566953059826208,-0.0027062646531340216,0.0056640261949797086,0.03972798854688612,0.0018953734007117408,0.4433734939759036,72.69106185254152,0.3928498887422612,0.00405411809285483,-0.004386896296448395,-0.0024136182931802086,-0.0027062646531340606,0.017376990008591386,0.011456592545498103
20997,2026-02-28,-0.00013659853664815813,-0.00048711384946864555,-0.006331174663479655,0.0167493003156296,-0.001450269143475907,0.009988017624922591,0.04604138086321308,0.0022354757735016215,-0.0063311746634796984,0.0047191177993876,0.15430790960451982,0.0020585975471909277,0.4625267665952891,72.07895817217188,0.37955963086267375,-0.00013659853664815813,0.00405411809285483,-0.004386896296448395,-0.006331174663479655,0.0167493003156296,0.01638783577829848
20997,2026-03-01,0.002621086895503222,0.006548319372759792,-0.003732921639243547,0.018208569226269677,0.0017038268695907738,0.012234159817958093,0.04726247482412671,0.002251110593049095,-0.0037329216392435905,0.011879407854197443,0.11435523114355231,0.0019485118155033675,0.45633187772925765,73.1280569709857,0.8092544545693791,0.002621086895503222,-0.00013659853664815813,0.00405411809285483,-0.003732921639243547,0.018208569226269677,0.014443551049308497
20997,2026-03-02,0.0029397003472959593,0.005431133268287702,0.0014041152026675885,0.01932703489930576,0.004446403407951372,0.014592421690615528,0.04880100852627754,0.0025291860875625866,0.0014041152026676399,0.01831147676141862,-0.050929112181693104,0.0024958914138050203,0.49746192893401014,73.89339645591909,1.0,0.0029397003472959593,0.002621086895503222,-0.00013659853664815813,0.0014041152026675885,0.01932703489930576,0.012322397062608266
20997,2026-03-03,-0.0002526871963544064,0.005314398169756096,0.0023994323365896797,0.013446029846489127,0.003847882111905699,0.013573526286825168,0.047006545214401334,0.0025952954515130727,0.0023994323365897777,0.022756642719565474,-0.21445783132530122,0.001800645507249101,0.46319018404907975,69.23110523786146,0.9731689994472544,-0.0002526871963544064,0.0029397003472959593,0.002621086895503222,0.0023994323365896797,0.013446029846489127,0.014300273378188483
20997,2026-03-04,0.002225214697165745,0.004917462551679241,0.007060646284068994,0.011689176535631729,0.005068868150238035,0.014876930652133163,0.04776225193763548,0.002811242585468452,0.007060646284068956,0.028492591352981406,-0.04112931334959911,0.0024648990957992817,0.4707379134860051,67.6481756464738,1.0,0.002225214697165745,-0.0002526871963544064,0.0029397003472959593,0.007060646284068994,0.011689176535631729,0.009269266166612163
20997,2026-03-05,0.0007058001677504588,0.002679157198680171,0.0122118984858397,0.008749742806462235,0.004037778100391034,0.014441526931427185,0.046984647827807965,0.002939642639801059,0.012211898485839688,0.03470002466372278,0.0003494060097834279,0.002550553408205414,0.4792176039119804,64.534226671964,1.0,0.0007058001677504588,0.002225214697165745,-0.0002526871963544064,0.0122118984858397,0.008749742806462235,0.004410523234070948
20997,2026-03-06,0.0033048994352253835,0.006247176756952744,0.011456592545498134,0.008719323320912853,0.00571668280283726,0.016541979907266736,0.048898894516263246,0.003310612729348095,0.011456592545498103,0.037675796387238183,0.0024509803921568627,0.0025436712127162205,0.45965770171149145,64.53264871180755,1.0,0.0033048994352253835,0.0007058001677504588,0.002225214697165745,0.011456592545498134,0.008719323320912853,-0.005314884666441781
20997,2026-03-07,0.00473812339262647,0.00877016983592771,0.0163878357782985,0.009952906864149957,0.008135441363615981,0.02003520124299941,0.05226356468162926,0.0039942140394270175,0.01638783577829848,0.03961429074543899,0.26901987662782734,0.0027285456395790375,0.4669187145557656,65.97155944862715,1.0,0.00473812339262647,0.0033048994352253835,0.0007058001677504588,0.0163878357782985,0.009952906864149957,-0.017704010645353686
20997,2026-03-08,0.0007031370739949416,0.008767485281146792,0.01444355104930839,0.010656712765805487,0.006778413995348956,0.019598193441283544,0.051394072889449895,0.0043850995574697136,0.014443551049308497,0.03441598871428196,0.12086036189825874,0.002199067842624323,0.5031982942430704,66.72328939728735,1.0,0.0007031370739949416,0.00473812339262647,0.0033048994352253835,0.01444355104930839,0.010656712765805487,-0.01780398748214074
20997,2026-03-09,0.0008426003740040766,0.006291780006113745,0.012322397062608292,0.013743814330324788,0.005864273552706592,0.01934251163743277,0.050640236463597464,0.004589604565564589,0.012322397062608266,0.03321958183544451,-0.12107623318385656,0.002009441578665541,0.45879120879120877,72.47507277436769,1.0,0.0008426003740040766,0.0007031370739949416,0.00473812339262647,0.012322397062608292,0.013743814330324788,-0.01827273032921344
20997,2026-03-10,0.001700619909461798,0.003249579540456571,0.01430027337818851,0.016734018253143912,0.005534284764162051,0.019965381741782674,0.0507899934890747,0.004766873213484589,0.014300273378188483,0.03305019828263044,-0.18722088629336991,0.0024781436382415563,0.4260355029585799,76.90959889387216,1.0,0.001700619909461798,0.0008426003740040766,0.0007031370739949416,0.01430027337818851,0.016734018253143912,-0.017326887818223908
20997,2026-03-11,-0.002745899296495713,-0.00020823343156239904,0.009269266166612056,0.016395359460396497,0.0014556158851197526,0.016131822813418968,0.046363153879778594,0.004400047424102015,0.009269266166612163,0.030905110095171728,-0.28826257581163045,0.0019058164899154332,0.4982456140350877,75.98527650418056,0.7549927111128175,-0.002745899296495713,0.001700619909461798,0.0008426003740040766,0.009269266166612056,0.016395359460396497,-0.014445537224148248
20997,2026-03-12,-0.004111717215480093,-0.005157349239663045,0.004410523234070984,0.016676282581914448,-0.0032856688150214087,0.011038282734413552,0.04057343753306301,0.0035342735687512354,0.004410523234070948,0.027584539878738164,-0.09381818181818176,0.0030215542495221235,0.49719101123595505,76.48902060391804,0.13769437860163186,-0.004111717215480093,-0.002745899296495713,0.001700619909461798,0.004410523234070984,0.016676282581914448,-0.004953355381619596
20997,2026-03-13,-0.006409803039388651,-0.013212245587786553,-0.00531488466644181,0.006080817411006523,-0.00892521680921989,0.0037382996033514014,0.03251835995026724,0.0021066764444699453,-0.005314884666441781,0.024989376918194545,-0.07601038190582127,0.0027611653060439314,0.5056179775280899,58.99442449365621,0.0,-0.006409803039388651,-0.004111717215480093,-0.002745899296495713,-0.00531488466644181,0.006080817411006523,0.002432076241016844
20997,2026-03-14,-0.007776216064793173,-0.018189768351812963,-0.01770401064535365,-0.0016063052861284843,-0.014135914805344893,-0.0046200465663110615,0.023227422922145136,0.00020385614132475765,-0.017704010645353686,0.017021779408846745,0.299023290758828,0.0027861783331287254,0.4959514170040486,48.064498019940935,0.0,-0.007776216064793173,-0.006409803039388651,-0.004111717215480093,-0.01770401064535365,-0.0016063052861284843,0.01124573188202692
20997,2026-03-15,0.0006012867811180378,-0.013543388204914408,-0.017803987482140737,-0.0036175892349118444,-0.011016809355833195,-0.004548854893424807,0.022559847446296737,-0.0009737504826601846,-0.01780398748214074,0.016214692269170102,0.20935496039230475,0.002566093937514109,0.5524017467248908,45.40587053062343,0.028188085588509916,0.0006012867811180378,-0.007776216064793173,-0.006409803039388651,-0.017803987482140737,-0.0036175892349118444,0.010003971430519005
20997,2026-03-16,0.0003649586365179758,-0.00681726664194271,-0.018272730329213394,-0.00617549710513976,-0.008046395495496985,-0.004708941571647222,0.02165776510337744,-0.001666464532371494,-0.01827273032921344,0.016097164572669215,0.006364657431673574,0.0022151569099134326,0.4609375,41.58375398279227,0.04530748906551311,0.0003649586365179758,0.0006012867811180378,-0.007776216064793173,-0.018272730329213394,-0.00617549710513976,0.009320600920227268
20997,2026-03-17,0.0026657056912926524,0.0036347468646167336,-0.01732688781822389,-0.003274393672629272,-0.0029041076957642404,-0.002629635345922136,0.02314679606958553,-0.0017526703743270349,-0.017326887818223908,0.01760078092784516,-0.015101289134438244,0.0020076510445446744,0.4293193717277487,45.812194966983846,0.1961889559069744,0.0026657056912926524,0.0003649586365179758,0.0006012867811180378,-0.01732688781822389,-0.003274393672629272,0.006390497003297281
20997,2026-03-18,0.00017820502658549842,0.0032103824796985148,-0.014445537224148208,-0.005310170586986462,-0.0006395689524829607,-0.002971216452581075,0.022267419500634676,-0.0017297665137194873,-0.014445537224148248,0.01591363806399576,-0.1518987341772152,0.0023367458987473117,0.4507462686567164,42.817210529140965,0.26596231903161355,0.00017820502658549842,0.0026657056912926524,0.0003649586365179758,-0.014445537224148208,-0.005310170586986462,-0.002231755676638538
20997,2026-03-19,0.0054799928645585805,0.008339965838259245,-0.004953355381619562,-0.0005646790365458898,0.005555473433641789,0.0019702721943272994,0.026810868007638187,-0.001018993271121494,-0.004953355381619596,0.01584409693597002,-0.14093226511289145,0.002561484733070692,0.42433234421364985,49.32260546601816,1.0,0.0054799928645585805,0.00017820502658549842,0.0026657056912926524,-0.004953355381619562,-0.0005646790365458898,-0.0074013753959469636
20997,2026-03-20,0.0009648185426869293,0.006629453072553915,0.002432076241016823,-0.0028957346301459186,0.006174639643842489,0.0025131640885086614,0.026780920394803794,-0.00041042090196063177,0.002432076241016844,0.01280777788313756,-0.11923920994879295,0.002435202150665432,0.5,46.30740359174721,1.0,0.0009648185426869293,0.0054799928645585805,0.00017820502658549842,0.002432076241016823,-0.0028957346301459186,-0.007329648953258498
20997,2026-03-21,0.0009476854919265865,0.007403896762771867,0.011245731882026933,-0.006657373320280935,0.005519354130968258,0.0031274283299149836,0.026740175061529647,0.00010936574492996927,0.01124573188202692,0.010109193350368402,0.04933586337760906,0.002296931175974796,0.47848101265822784,40.55686558711535,1.0,0.0009476854919265865,0.0009648185426869293,0.0054799928645585805,0.011245731882026933,-0.006657373320280935,-0.010992549427729908
20997,2026-03-22,-0.0006274028108175234,0.0012848150842617034,0.010003971430518899,-0.007978126633742422,0.0034616658648962476,0.0022943353002895027,0.025065087962621357,0.00036990888093777456,0.010003971430519005,0.006119881605094004,0.042611415168100034,0.0026406746465746675,0.48031496062992124,38.649758353747075,0.9382778545006076,-0.0006274028108175234,0.0009476854919265865,0.0009648185426869293,0.010003971430518899,-0.007978126633742422,-0.013620101337426591
20997,2026-03-23,-0.00031189010031729136,7.698292696645126e-06,0.009320600920227351,-0.009122442236107697,0.0018229113886661878,0.0019053695165247948,0.023731229732445538,0.0004903706089941776,0.009320600920227268,0.002287143495205241,-0.04368546465448771,0.002284167891814042,0.48255813953488375,36.81074101506174,0.8752253402284659,-0.00031189010031729136,-0.0006274028108175234,0.0009476854919265865,0.009320600920227351,-0.009122442236107697,-0.014801513172584085
20997,2026-03-24,-0.00024507876008861285,-0.0011839458377129741,0.006390497003297302,-0.011047118239605469,0.0006682167349533671,0.0015919002924158288,0.022515040456999987,0.0005236524717557137,0.006390497003297281,0.0020352287683606395,-0.026602176541717093,0.0019069287477911027,0.48695652173913045,33.296781725309614,0.838907579524159,-0.00024507876008861285,-0.00031189010031729136,-0.0006274028108175234,0.006390497003297302,-0.011047118239605469,-0.015194745698794235
20997,2026-03-25,-0.008390823828896221,-0.00894304346545205,-0.0022317556766385804,-0.016645053991084735,-0.007413498623944718,-0.0066743538271156165,0.013264245998851636,-0.00045261309609383996,-0.002231755676638538,-0.004176668963137413,-0.09164639091646389,0.003150934582903734,0.5125,28.50997924105539,0.0,-0.008390823828896221,-0.00024507876008861285,-0.00031189010031729136,-0.0022317556766385804,-0.016645053991084735,-0.009473978921301739
20997,2026-03-26,0.00027041716593756426,-0.008365763750561306,-0.007401375395946985,-0.01231806913491762,-0.006093918851569715,-0.006317789597581643,0.012935085464364539,-0.0010419125945150417,-0.0074013753959469636,-0.002665329615371451,-0.18895348837209303,0.0036109290421587046,0.4910394265232975,32.41562889036892,0.02800159746203156,0.00027041716593756426,-0.008390823828896221,-0.00024507876008861285,-0.007401375395946985,-0.01231806913491762,-0.023117966342076083
20997,2026-03-27,0.0010371495372205608,-0.007093950577866326,-0.007329648953258494,-0.004915398977315855,-0.004017822729002027,-0.0053130480325858775,0.013332920593533148,-0.0012703298934948375,-0.007329648953258498,0.0007845675161614246,-0.04771871075763916,0.0026438412720970195,0.4646153846153846,41.76136773668438,0.13542709007664142,0.0010371495372205608,0.00027041716593756426,-0.008390823828896221,-0.007329648953258494,-0.004915398977315855,-0.02780825455264453
20997,2026-03-28,-0.0027457579037014623,-0.0014415017691983278,-0.01099254942772987,0.00012956319073276212,-0.005183627189685662,-0.008123858150809843,0.009947990242698867,-0.001696694582042353,-0.010992549427729908,0.002434230392744479,0.17445742904841405,0.002864556180881291,0.47512437810945274,50.25931609438483,0.0,-0.0027457579037014623,0.0010371495372205608,0.00027041716593756426,-0.01099254942772987,0.00012956319073276212,-0.026658355115717042
20997,2026-03-29,-0.003282492390500269,-0.004988330676803487,-0.013620101337426638,-0.003752385011567938,-0.0065059003939827,-0.011219546027761332,0.006065692854148859,-0.002300111354017574,-0.013620101337426591,-0.004890543592090885,0.1106471816283924,0.0028376242057899445,0.49473684210526314,43.21368801962467,0.0,-0.003282492390500269,-0.0027457579037014623,0.0010371495372205608,-0.013620101337426638,-0.003752385011567938,-0.015382730563547418
20997,2026-03-30,-0.00150924151238796,-0.007519394394260748,-0.014801513172584047,-0.005618871249653989,-0.005888772307367572,-0.01250724544545106,0.0040105951968510585,-0.002792500359761243,-0.014801513172584085,-0.006256660207051904,-0.045052631578947344,0.0027041376997877934,0.4567901234567901,40.23648416820357,0.0,-0.00150924151238796,-0.003282492390500269,-0.0027457579037014623,-0.014801513172584047,-0.005618871249653989,-0.013710716122705096
20997,2026-03-31,-0.0006441213474723817,-0.005427817909507082,-0.015194745698794199,-0.008901350672350983,-0.004348845068483284,-0.012832090401552943,0.0028076853962890227,-0.0030957326931093333,-0.015194745698794235,-0.009492956537643885,-0.11972437553832904,0.0020869219287331917,0.4657534246575342,33.317379727013744,0.0,-0.0006441213474723817,-0.00150924151238796,-0.003282492390500269,-0.015194745698794199,-0.008901350672350983,-0.017358973364535388
20997,2026-04-01,-0.0026305328408861017,-0.004777261631580654,-0.009473978921301751,-0.01168459099170227,-0.00561871213724179,-0.01493674609058123,-0.0003566379563733092,-0.0034968657581792204,-0.009473978921301739,-0.014994139913585183,-0.001713062098501022,0.0021916356216674735,0.4624624624624625,29.924929341820032,0.0,-0.0026305328408861017,-0.0006441213474723817,-0.00150924151238796,-0.009473978921301751,-0.01168459099170227,-0.015714820956408124
20997,2026-04-02,-0.013507794308327603,-0.016736543646489133,-0.02311796634207608,-0.030348236990734523,-0.015786646343485308,-0.02733338833125244,-0.014180266437728904,-0.005215901304736323,-0.023117966342076083,-0.02805379810336524,0.07736625514403285,0.0037338243605847575,0.5294117647058824,8.733133073591418,0.0,-0.013507794308327603,-0.0026305328408861017,-0.0006441213474723817,-0.02311796634207608,-0.030348236990734523,-0.009689689951820912
20997,2026-04-03,-0.0037691142480130724,-0.019811215428686357,-0.027808254552644573,-0.03493407876202925,-0.015551996527212042,-0.029901083888874604,-0.018177896105464324,-0.0066041466060278295,-0.02780825455264453,-0.03386702767067977,0.08470493777599365,0.003066034652511352,0.5077720207253886,5.692805639527776,0.0,-0.0037691142480130724,-0.013507794308327603,-0.0026305328408861017,-0.027808254552644573,-0.03493407876202925,-0.001567390428740163
20997,2026-04-04,-0.0015662147767102619,-0.018765231303371932,-0.026658355115717014,-0.03735786125717544,-0.013299240302691891,-0.030249197879642514,-0.019967513476714254,-0.007476447759734793,-0.026658355115717042,-0.03606054803510703,0.02411115651818558,0.0022164512055572708,0.49162011173184356,3.2425163065662588,0.0,-0.0015662147767102619,-0.0037691142480130724,-0.013507794308327603,-0.026658355115717014,-0.03735786125717544,0.001942881480931786
20997,2026-04-05,0.008263928600985349,0.0028904608245432506,-0.015382730563547442,-0.028793317551852216,-0.0029313426836167287,-0.021204613430112207,-0.012210777396156697,-0.006845374872695239,-0.015382730563547418,-0.03129609023268695,0.1111111111111111,0.0028606121041218654,0.4666666666666667,19.566962516583388,0.3677661874960688,0.008263928600985349,-0.0015662147767102619,-0.0037691142480130724,-0.015382730563547442,-0.028793317551852216,-0.008776028790493431
20997,2026-04-06,0.0001863320054262818,0.00687234832935002,-0.013710716122705136,-0.028309289949993377,-0.0007666256825297044,-0.019838615142174536,-0.012348047052963416,-0.006186011053359336,-0.013710716122705096,-0.03568463487986067,-0.12679524004924092,0.0032177077578317117,0.46381578947368424,20.00487276781925,0.38748380520847925,0.0001863320054262818,0.008263928600985349,-0.0015662147767102619,-0.013710716122705136,-0.028309289949993377,-0.006443727239076537
20997,2026-04-07,-0.0043407115680687,0.004074402044787373,-0.0173589733645354,-0.03228995387746336,-0.002599756249206816,-0.02274980969665951,-0.016909333098719354,-0.006058142391897202,-0.017358973364535388,-0.04054507806694204,-0.1135993485342019,0.0030648144915448997,0.48231511254019294,18.45150332566581,0.21305066179896176,-0.0043407115680687,0.0001863320054262818,0.008263928600985349,-0.0173589733645354,-0.03228995387746336,-0.007547174899164161
20997,2026-04-08,-0.0009617368444101437,-0.00511292902278726,-0.015714820956408082,-0.025039917995216876,-0.0012892231868409018,-0.022285174507696744,-0.01809406203297515,-0.005886606131374372,-0.015714820956408124,-0.042274800826932114,-0.12319736299958799,0.0024928649063035158,0.4901315789473684,21.6003294168829,0.36782064597793523,-0.0009617368444101437,-0.0043407115680687,0.0001863320054262818,-0.015714820956408082,-0.025039917995216876,-0.010545108627262274
20997,2026-04-09,-0.007469153372910986,-0.01272785354359296,-0.009689689951820957,-0.03258365036772559,-0.007373406768961618,-0.027896546842903075,-0.025476236588530116,-0.006450523631172315,-0.009689689951820912,-0.051042014072768115,-0.08940677966101701,0.0029791082885663065,0.4788273615635179,18.107004928276552,0.0,-0.007469153372910986,-0.0009617368444101437,-0.0043407115680687,-0.009689689951820957,-0.03258365036772559,0.0016902774087314133
20997,2026-04-10,0.004401744488000681,-0.00405904137455293,-0.0015673904287402118,-0.029332058589358945,-0.0027811492612319455,-0.022144452354999622,-0.0211905088732851,-0.006096090590096977,-0.001567390428740163,-0.044240524216696185,0.025940337224383866,0.0028604232736838524,0.4808259587020649,22.964686795134483,0.34143382573793507,0.004401744488000681,-0.007469153372910986,-0.0009617368444101437,-0.0015673904287402118,-0.029332058589358945,0.0016954336248835215
20997,2026-04-11,0.0019440612662986467,-0.0011622520695966365,0.0019428814809316908,-0.024767267659251635,-0.0011189679110031473,-0.01896300720372723,-0.01933842579598774,-0.005437153615309527,0.001942881480931786,-0.0384287602194116,0.0808823529411765,0.0027505476041402373,0.48179271708683474,26.868565844235647,0.49289423326209025,0.0019440612662986467,0.004401744488000681,-0.007469153372910986,0.0019428814809316908,-0.024767267659251635,0.0004918383242632451
20997,2026-04-12,-0.002522605023181468,0.0038157284440196726,-0.00877602879049344,-0.024023760067738764,-0.0023815353458279272,-0.020290146933332708,-0.021743462708296673,-0.005122209342130369,-0.008776028790493431,-0.03466682916659837,0.19084628670120907,0.0029511289226915836,0.5025380710659898,27.287732509456546,0.29597782519412685,-0.002522605023181468,0.0019440612662986467,0.004401744488000681,-0.00877602879049344,-0.024023760067738764,0.002958070507236892
20997,2026-04-13,0.0025397215536993034,0.001954791903006292,-0.006443727239076491,-0.02006609524683456,0.0010797818929062463,-0.016989239316067793,-0.019159103440635393,-0.004451631455786148,-0.006443727239076537,-0.024630467478226215,-0.1690757774857644,0.002745851519010378,0.45387453874538747,31.39894670958097,0.7492571751921029,0.0025397215536993034,-0.002522605023181468,0.0019440612662986467,-0.006443727239076491,-0.02006609524683456,0.004718368677109614
20997,2026-04-14,-0.0054464948459617135,-0.0054358433607513135,-0.007547174899164122,-0.02477513705564749,-0.003294540807413663,-0.021338985646394172,-0.024341118577743327,-0.004503579743965732,-0.007547174899164161,-0.03052574466438166,-0.03321678321678315,0.002512128508601399,0.4810126582278481,28.885642880926326,0.11746656132958307,-0.0054464948459617135,0.0025397215536993034,-0.002522605023181468,-0.007547174899164122,-0.02477513705564749,0.010025189288022667
20997,2026-04-15,-0.003979563414121756,-0.006888546550458785,-0.010545108627262323,-0.02609421508962706,-0.005758252512756388,-0.024092530933720352,-0.028024230786573418,-0.004851798245377944,-0.010545108627262274,-0.03473611033490051,-0.2614968440036068,0.0021456437966210313,0.45726495726495725,28.28283853463131,0.0,-0.003979563414121756,-0.0054464948459617135,0.0025397215536993034,-0.010545108627262323,-0.02609421508962706,0.015449022227427117
20997,2026-04-16,0.004804269263128491,-0.004645295516343628,0.0016902774087315109,-0.008015790807112677,-0.0012221772205093294,-0.018320047206086355,-0.023200835875050993,-0.0043606966405113365,0.0016902774087314133,-0.03267732027164308,-0.34281650071123754,0.003398454546805105,0.51010101010101,42.2851280694028,0.5060499741796887,0.004804269263128491,-0.003979563414121756,-0.0054464948459617135,0.0016902774087315109,-0.008015790807112677,0.008644031944038243
20997,2026-04-17,0.004406914661471362,0.005216051769249219,0.0016954336248835578,0.00012538578970722192,0.002936075617914465,-0.013039246208134916,-0.018762572447324485,-0.003382570134206877,0.0016954336248835215,-0.028587522358377995,-0.24810892586989408,0.002682072402118465,0.4694835680751174,50.11884558846517,0.9724753596708136,0.004406914661471362,0.004804269263128491,-0.003979563414121756,0.0016954336248835578,0.00012538578970722192,0.005199210172546464
20997,2026-04-18,0.000740167225112387,0.009979356641634851,0.0004918383242631386,0.002435675388766878,0.0036076753329289295,-0.011191961225972344,-0.017900348729747988,-0.0025474231876670265,0.0004918383242632451,-0.03316675396982587,-0.09314775160599563,0.0024528767916966437,0.47520661157024796,52.34167792939856,1.0,0.000740167225112387,0.004406914661471362,0.004804269263128491,0.0004918383242631386,0.002435675388766878,0.007000586128422204
20997,2026-04-19,-6.380350272050528e-05,0.0050862116276886304,0.002958070507236954,-0.005843918395192382,0.003119494414861099,-0.010101144495544296,-0.017831622016184302,-0.0019271168013804457,0.002958070507236892,-0.034160301367972434,-0.22691611345805676,0.002290663308993727,0.4918032786885246,43.2748181312851,0.9935426477935224,-6.380350272050528e-05,0.000740167225112387,0.004406914661471362,0.002958070507236954,-0.005843918395192382,0.006021940048420781
20997,2026-04-20,0.004299285476629056,0.004978509651452967,0.004718368677109508,-0.0017557624427355645,0.006751754820382462,-0.00479279963183773,-0.013561307462899987,-0.000957594198497549,0.004718368677109614,-0.030926257904882626,-0.17175572519083973,0.0020272209495206406,0.44086021505376344,48.15287916001596,1.0,0.004299285476629056,-6.380350272050528e-05,0.000740167225112387,0.004718368677109508,-0.0017557624427355645,0.00034799374944700353
20997,2026-04-21,-0.00019336401412806126,0.004041024713553165,0.010025189288022762,0.0024023525319045724,0.005122521844728013,-0.003945742198807892,-0.01373711382535024,-0.0003186770732170147,0.010025189288022667,-0.030505378242877353,-0.28,0.0031305070115762047,0.4652777777777778,52.75698731991963,0.9862437311663887,-0.00019336401412806126,0.004299285476629056,-6.380350272050528e-05,0.010025189288022762,0.0024023525319045724,-0.000779280042298516
20997,2026-04-22,0.001369064035538825,0.005479774302209028,0.015449022227427056,0.004741001982591531,0.00430163879652165,-0.0015950907567602744,-0.012372505794727493,0.0002670009942687139,0.015449022227427117,-0.028875193810358336,-0.19271623672230648,0.002347982820503162,0.46710526315789475,55.38488452368667,1.0,0.001369064035538825,-0.00019336401412806126,0.004299285476629056,0.015449022227427056,0.004741001982591531,-0.002301748144251113
20997,2026-04-23,-0.0019293856416195965,-0.0007562182159047692,0.008644031944038177,0.010348920164684916,0.0011353871798221412,-0.002478633952280605,-0.014219762397140788,0.00041263087328507174,0.008644031944038243,-0.030511266971030595,-0.11544461778471136,0.002937151981953774,0.5,63.342968661510184,0.6848483303892817,-0.0019293856416195965,0.001369064035538825,-0.00019336401412806126,0.008644031944038177,0.010348920164684916,0.001412976600214113
20997,2026-04-24,0.0009765639158332284,0.00041305108785083533,0.005199210172546431,0.006903458713179322,0.001371580322145451,-0.0007788592083381636,-0.01319958629526396,0.0006074832709328054,0.005199210172546464,-0.02135284337566258,-0.015273311897106154,0.0024418730818556254,0.38857142857142857,59.8031627397445,0.8248217145326898,0.0009765639158332284,-0.0019293856416195965,0.001369064035538825,0.005199210172546431,0.006903458713179322,0.001639867616354437
20997,2026-04-25,0.0025335523144309757,0.0015764276229195406,0.007000586128422137,0.007495867609235818,0.0029086946085672325,0.0024058294839798293,-0.010668752627378578,0.0010095750559319092,0.007000586128422204,-0.019138631358471353,0.1744186046511628,0.0024921159980156858,0.43564356435643564,60.48436143538382,1.0,0.0025335523144309757,0.0009765639158332284,-0.0019293856416195965,0.007000586128422137,0.007495867609235818,-0.0039169126382521
20997,2026-04-26,-0.001035584107849874,0.0024733687153815076,0.006021940048420715,0.008997823878911237,0.0010125040682270857,0.0020911640228707833,-0.011496879108739337,0.0011157589181075313,0.006021940048420781,-0.021169589311303583,0.22231204527081644,0.001971377040292707,0.4722222222222222,63.09526518092327,0.7041437883372966,-0.001035584107849874,0.0025335523144309757,0.0009765639158332284,0.006021940048420715,0.008997823878911237,-0.002461703906307924
20997,2026-04-27,-0.0013649450804280594,0.00012835835652080796,0.00034799374944705086,0.005068004389363834,-0.0004034814955085909,0.0013986227805854086,-0.012651911992413967,0.0009880165603227658,0.00034799374944700353,-0.01981428639471955,0.062146892655367235,0.0027036150631888516,0.48936170212765956,57.65358992970414,0.31459620814178707,-0.0013649450804280594,-0.001035584107849874,0.0025335523144309757,0.00034799374944705086,0.005068004389363834,0.0011446989256391359
20997,2026-04-28,-0.0013200277597470444,-0.003715976533304688,-0.0007792800422985469,0.009238096815791685,-0.001611935348175747,0.0006842123002952996,-0.01376667420705659,0.0007180180890588003,-0.000779280042298516,-0.01788437166980072,-0.021209740769835058,0.0029181335676568857,0.48314606741573035,65.84706964874766,0.0,-0.0013200277597470444,-0.0013649450804280594,-0.001035584107849874,-0.0007792800422985469,0.009238096815791685,0.004479847911076862
20997,2026-04-29,-0.00015667740258995533,-0.0028394280850936315,-0.0023017481442511034,0.013111714324933521,-0.0014398369415519212,0.001089423106312031,-0.01372205381226611,0.0005003142044202908,-0.002301748144251113,-0.016553989451177906,-0.050115651503469506,0.0021677518808216677,0.4602272727272727,75.78264705348822,0.0,-0.00015667740258995533,-0.0013200277597470444,-0.0013649450804280594,-0.0023017481442511034,0.013111714324933521,0.004527946860047442
20997,2026-04-30,0.001786725518227117,0.0003075890771424561,0.0014129766002142219,0.010069222359120777,0.00014264882859748443,0.0033599294810133305,-0.011828969342690725,0.0005503910289566865,0.001412976600214113,-0.014161841965588834,-0.005291005291005291,0.0023973135779451573,0.4787234042553192,72.55041503387582,0.45965243276784373,0.001786725518227117,-0.00015667740258995533,-0.0013200277597470444,0.0014129766002142219,0.010069222359120777,0.00033228405226836126
20997,2026-05-01,0.0012033560535689158,0.002835085421093453,0.0016398676163544845,0.0068476038052935895,0.0011117180643166597,0.004920017509890223,-0.01055918904609165,0.0007049983896489734,0.001639867616354437,-0.01037227943107106,-0.00149365197908883,0.0024831346910225514,0.4712041884816754,67.97212071277607,0.7697805500241309,0.0012033560535689158,0.001786725518227117,-0.00015667740258995533,0.0016398676163544845,0.0068476038052935895,-0.0017351229214027275
20997,2026-05-02,-0.0030281858193941247,-4.501521404642883e-05,-0.0039169126382521124,0.003056252805888615,-0.00135991589701944,0.0018722281007742141,-0.013492367022917548,0.00042810644178413096,-0.0039169126382521,0.00014063795593110897,0.20320466132556447,0.0027752404193448084,0.4788135593220339,57.159652024979124,0.0,-0.0030281858193941247,0.0012033560535689158,0.001786725518227117,-0.0039169126382521124,0.003056252805888615,0.0007964808936037644
20997,2026-05-03,0.00042383404647106104,-0.0014054146745201557,-0.002461703906307955,0.0035454119087721114,-0.0005846545241900338,0.002151839316067247,-0.01305237872665755,0.0002832262928676957,-0.002461703906307924,0.004350041661575287,0.2682236376503892,0.0023904493939113027,0.50390625,58.166782500071115,0.13953919059903147,0.00042383404647106104,-0.0030281858193941247,0.0012033560535689158,-0.002461703906307955,0.0035454119087721114,-0.0019425900950219546
20997,2026-05-04,0.0022454228665937936,-0.00036606310748610316,0.001144698925639176,0.0014930910231572003,0.0014955983481461986,0.004129186309502513,-0.010896276181122018,0.0004413780345915242,0.0011446989256391359,0.00818426530515433,-0.030239099859353004,0.0026402193315488093,0.5076142131979695,53.81353051396815,0.8791147144466187,0.0022454228665937936,0.00042383404647106104,-0.0030281858193941247,0.001144698925639176,0.0014930910231572003,-0.00327317103249913
20997,2026-05-05,0.002006910393916872,0.004682477863034107,0.004479847911076806,0.0036970768127086995,0.0028643214494691225,0.006079462831055968,-0.008988583311280711,0.0007636722011642587,0.004479847911076862,0.001927741467346041,0.12415654520917674,0.002800182591566862,0.4579831932773109,58.63927719882155,1.0,0.002006910393916872,0.0022454228665937936,0.00042383404647106104,0.004479847911076806,0.0036970768127086995,-0.0068656826870523964
20997,2026-05-06,-0.0001088004710096957,0.004147576005834708,0.004527946860047427,0.0022157765225139237,0.0021081400702412027,0.005915038938469964,-0.009141516875485454,0.0009347282818388937,0.004527946860047442,0.0016320951401700284,-0.21059782608695649,0.002840332862491709,0.41566265060240964,55.50927310021926,0.9766555379429324,-0.0001088004710096957,0.002006910393916872,0.0022454228665937936,0.004527946860047427,0.0022157765225139237,-0.006437041159108363
20997,2026-05-07,-0.002397487891386607,-0.0005041464933340789,0.0003322840522683723,0.0017457301620729115,-0.00034182525739630027,0.003383409403112502,-0.011473873670407565,0.0007344749919646108,0.00033228405226836126,0.0035869759163705095,-0.177319587628866,0.003065828169872945,0.4619883040935672,54.23254067001471,0.46230136978921865,-0.002397487891386607,-0.0001088004710096957,0.002006910393916872,0.0003322840522683723,0.0017457301620729115,0.0012801011125283515
20997,2026-05-08,-0.0008658511822338122,-0.0033697088499320405,-0.0017351229214027653,-9.810067693749591e-05,-0.0009596127148585597,0.0023917017422923244,-0.012255413497600466,0.00047884943564809366,-0.0017351229214027275,0.003683298154753401,-0.09366391184572997,0.002559130193289764,0.4627659574468085,49.76065425063793,0.2769880528953312,-0.0008658511822338122,-0.002397487891386607,-0.0001088004710096957,-0.0017351229214027653,-9.810067693749591e-05,0.00016871344229282806
20997,2026-05-09,-0.0004998612171904782,-0.003759494244090056,0.0007964808936038459,-0.003123551490726628,-0.0015723423106121963,0.0015355324491124385,-0.01264903297198158,0.00023843883515880192,0.0007964808936037644,0.010730899909830885,0.2330623306233062,0.0023886002738690466,0.46923076923076923,41.518134670306374,0.08750364275204883,-0.0004998612171904782,-0.0008658511822338122,-0.002397487891386607,0.0007964808936038459,-0.003123551490726628,-0.0006651201376206181
20997,2026-05-10,-0.0023142170483126945,-0.003676337088998949,-0.0019425900950219566,-0.004399511919704557,-0.00360694628959453,-0.0009139111672045812,-0.014816376582966395,-0.00019565249534789268,-0.0019425900950219546,0.003972618291335665,0.12654745529573586,0.0025211553803392685,0.5042735042735043,38.83651808654672,0.0,-0.0023142170483126945,-0.0004998612171904782,-0.0008658511822338122,-0.0019425900950219566,-0.004399511919704557,0.0012936123223441156
20997,2026-05-11,0.0009092585927701347,-0.0019062205584071679,-0.0032731710324991337,-0.00213221890222437,-0.002234148321465001,-0.0001030438771777062,-0.013822423449576937,-0.00036566289605849796,-0.00327317103249913,0.0029357205345445373,0.05070993914807306,0.0025972930994990445,0.4189189189189189,44.46796060167848,0.1463831864075893,0.0009092585927701347,-0.0023142170483126945,-0.0004998612171904782,-0.0032731710324991337,-0.00213221890222437,0.00013703181018512035
20997,2026-05-12,-0.001604632306566045,-0.003009437165615969,-0.0068656826870523435,-0.0024165919902192634,-0.002854198917630073,-0.0018351867823499833,-0.015331934322266559,-0.0006511320311810965,-0.0068656826870523964,0.0038587165168155304,-0.07907627711686492,0.0021922451081016012,0.44680851063829785,43.828477460028346,0.0,-0.001604632306566045,0.0009092585927701347,-0.0023142170483126945,-0.0068656826870523435,-0.0024165919902192634,-0.0008463710993004258
20997,2026-05-13,0.00032275735966069696,-0.00037430028774332325,-0.00643704115910837,-0.0019382408793653383,-0.0016106584924470667,-0.001567392343597008,-0.014944659653553113,-0.0007775873995017508,-0.006437041159108363,0.0016388355659218451,-0.16097560975609757,0.0022228757194935017,0.4883720930232558,45.09230716073851,0.07352448699811653,0.00032275735966069696,-0.001604632306566045,0.0009092585927701347,-0.00643704115910837,-0.0019382408793653383,-0.004146398865668444
20997,2026-05-14,0.005351030154682412,0.004061775178059834,0.001280101112528298,0.0016128105219817002,0.00354778325095793,0.0033603513296671466,-0.00964652771721473,-0.00021068807156821368,0.0012801011125283515,0.012513283559510643,0.13651424784625574,0.002924651869143423,0.5020408163265306,53.46701679504473,1.0,0.005351030154682412,0.00032275735966069696,-0.001604632306566045,0.001280101112528298,0.0016128105219817002,-0.014946346415408976
20997,2026-05-15,-0.0019748569166666563,0.0036894493527797056,0.00016871344229274499,-0.0015667022176707457,0.0015417471690143388,0.0008996854304450805,-0.011548592926574213,-6.642575063063561e-05,0.00016871344229282806,0.014551185477737365,0.09514687100893994,0.002673329285642661,0.4816326530612245,46.73673596465325,0.6500642873194404,-0.0019748569166666563,0.005351030154682412,0.00032275735966069696,0.00016871344229274499,-0.0015667022176707457,-0.00875952394428435
20997,2026-05-16,-0.0013331374111407168,0.0020279814930674878,-0.0006651201376206561,0.00013083100050148566,0.0003016831288049184,-0.0007105028451838484,-0.012785300583426572,-0.00012610487631921986,-0.0006651201376206181,0.008354244035893134,0.1057382333978078,0.0025415202621528812,0.4530612244897959,50.29234983203889,0.41430488069151017,-0.0013331374111407168,-0.0019748569166666563,0.005351030154682412,-0.0006651201376206561,0.00013083100050148566,-0.0069048312538229914
20997,2026-05-17,-0.00035871687785737905,-0.0036628927610441453,0.001293612322344151,-0.0006514907311619966,-0.00024164983187215832,-0.0011872703020172253,-0.013034467066262607,-0.00020254062026994548,0.0012936123223441156,0.0035698835162195834,-0.029431000654022182,0.0022086543767985078,0.4386792452830189,48.53933960056795,0.3509519712587909,-0.00035871687785737905,-0.0013331374111407168,-0.0019748569166666563,0.001293612322344151,-0.0006514907311619966,-0.010893053632113004
20997,2026-05-18,-0.0002468779576697555,-0.001937836464308118,0.00013703181018520638,-0.0031365877508656714,-0.0005080219225127387,-0.0015193822671350642,-0.013109853328379335,-0.00027428006640477714,0.00013703181018512035,0.0025800473414045425,-0.06697612732095486,0.0020118395577782386,0.5024875621890548,42.25803329801433,0.307366549524844,-0.0002468779576697555,-0.00035871687785737905,-0.0013331374111407168,0.00013703181018520638,-0.0031365877508656714,-0.017365631999818214
20997,2026-05-19,-0.0025863226931619465,-0.003190262934775867,-0.0008463710993004137,-0.0077062428709495645,-0.0029727510516599697,-0.0041034566656390865,-0.015422958795571876,-0.0006134987405587937,-0.0008463710993004258,5.085856092886216e-05,0.019417475728155303,0.0024553527361672466,0.5022222222222222,31.46346327219038,0.0,-0.0025863226931619465,-0.0002468779576697555,-0.00035871687785737905,-0.0008463710993004137,-0.0077062428709495645,-0.018648455954281162
20997,2026-05-20,-0.0029811318312824575,-0.005805249734876061,-0.004146398865668477,-0.010556749484616379,-0.005356915260145059,-0.00683400639319394,-0.018047586446426653,-0.0011611322428347868,-0.004146398865668444,-0.0071987608351491966,-0.04465408805031445,0.0024659547608840457,0.48847926267281105,27.670490071694644,0.0,-0.0029811318312824575,-0.0025863226931619465,-0.0002468779576697555,-0.004146398865668477,-0.010556749484616379,-0.010753463831110916
20997,2026-05-21,-0.0055519162044819215,-0.01108079332523948,-0.014946346415408929,-0.013685378137555215,-0.008753850160768671,-0.011935564483819867,-0.02309452147253853,-0.0021254628142162377,-0.014946346415408976,-0.012519766980969533,0.0711586901763224,0.003678675283030987,0.4897119341563786,24.466271059433055,0.0,-0.0055519162044819215,-0.0029811318312824575,-0.0025863226931619465,-0.014946346415408929,-0.013685378137555215,-0.009420387839110167
20997,2026-05-22,0.004293435535735357,-0.004259626536945782,-0.008759523944284364,-0.008592288351429,-0.0032453368694965734,-0.007373918101588249,-0.018500294442960988,-0.002185584504804556,-0.00875952394428435,-0.009635956052348819,-0.16459016393442624,0.0027192445403980965,0.45604395604395603,35.771340919433996,0.3633081236560852,0.004293435535735357,-0.0055519162044819215,-0.0029811318312824575,-0.008759523944284364,-0.008592288351429,-0.017019251928964935
20997,2026-05-23,0.0005354506610693033,-0.0007475534197342038,-0.006904831253823018,-0.0075653588491297885,-0.001722761019000145,-0.006604243538468564,-0.01757993234231787,-0.0020897568436479617,-0.0069048312538229914,-0.0071901519045438345,0.08970976253298146,0.0027909090787301954,0.4745762711864407,37.49101649647342,0.421765950309342,0.0005354506610693033,0.004293435535735357,-0.0055519162044819215,-0.006904831253823018,-0.0075653588491297885,-0.014475444781680115
20997,2026-05-24,-0.00437322813627361,0.0004368291087299969,-0.010893053632113014,-0.009613532698175331,-0.004531832059199319,-0.01053578924434618,-0.021460573322570193,-0.0024681193179164097,-0.010893053632113004,-0.012496296349940695,0.129903536977492,0.0025626916361065244,0.4820717131474104,35.13699366219629,0.038985358085666895,-0.00437322813627361,0.0005354506610693033,0.004293435535735357,-0.010893053632113014,-0.009613532698175331,-0.007069402272710062
20997,2026-05-25,-0.0067891234191328476,-0.010603171499562802,-0.01736563199981822,-0.017230979833620985,-0.008816051515745103,-0.016539480644219996,-0.027632643526028938,-0.0034232890219393153,-0.017365631999818214,-0.02167920777826114,0.1852760736196319,0.0032315490003530954,0.5072463768115942,27.39927131496748,0.0,-0.0067891234191328476,-0.00437322813627361,0.0005354506610693033,-0.01736563199981822,-0.017230979833620985,-0.00035348721955055724
20997,2026-05-26,-0.003888440957519168,-0.014977813431709452,-0.018648455954281218,-0.01947904353941532,-0.010016765440453212,-0.01956042598886146,-0.030929345186069688,-0.004384587676914269,-0.018648455954281162,-0.024473110272546793,0.006703229737964708,0.0037654138285818364,0.4830508474576271,25.893493164726323,0.0,-0.003888440957519168,-0.0067891234191328476,-0.00437322813627361,-0.018648455954281218,-0.01947904353941532,0.0021559846049740965
20997,2026-05-27,0.005039904217016167,-0.0056649419068333096,-0.010753463831110865,-0.014855274546548003,-0.0034876322504536197,-0.014018207217335607,-0.02565918860099802,-0.004283443593666564,-0.010753463831110916,-0.018216467584581085,-0.07434491163924431,0.0029368627298628014,0.511520737327189,33.49652076848761,0.3314514160945382,0.005039904217016167,-0.003888440957519168,-0.0067891234191328476,-0.010753463831110865,-0.014855274546548003,-0.0026794554984392897
20997,2026-05-28,-0.004211830778524384,-0.003084732116597544,-0.009420387839110145,-0.024225933874508332,-0.006345200210923421,-0.017479252598331906,-0.029289673766695678,-0.00456648070539198,-0.009420387839110167,-0.021059344844306216,-0.0782608695652174,0.0029650793824504045,0.4481132075471698,22.199840298257627,0.053062579951349984,-0.004211830778524384,0.005039904217016167,-0.003888440957519168,-0.009420387839110145,-0.024225933874508332,0.002985193169214262
20997,2026-05-29,-0.0034106290636982672,-0.002606534702058627,-0.017019251928964918,-0.02562969532846371,-0.007302734327051294,-0.020035511145099587,-0.032094155516861414,-0.004996791612089921,-0.017019251928964935,-0.024245269577688595,0.021531100478468884,0.002929169943028012,0.48360655737704916,21.531174231801643,0.0,-0.0034106290636982672,-0.004211830778524384,0.005039904217016167,-0.017019251928964918,-0.02562969532846371,0.003993931546285551
20997,2026-05-30,0.0031246867529237665,-0.004507181010026229,-0.014475444781680169,-0.021280325531961575,-0.0021158074944925363,-0.0162164987015089,-0.028565319036507397,-0.004749726366974441,-0.014475444781680115,-0.02294207602299113,-0.02999400119976003,0.0022548588072696823,0.4458874458874459,27.2585129144487,0.23305834815701157,0.0031246867529237665,-0.0034106290636982672,-0.004211830778524384,-0.014475444781680169,-0.021280325531961575,0.0019472224172207018
20997,2026-05-31,0.003108730741816279,0.002811209235733525,-0.007069402272710024,-0.017885448526719472,0.00200649675369534,-0.012458562910766014,-0.02503915196794775,-0.00406945679606911,-0.007069402272710062,-0.021082652134685926,0.32951945080091527,0.0026205852084818754,0.5301204819277109,31.92989868632526,0.8143474932598105,0.003108730741816279,0.0031246867529237665,-0.0034106290636982672,-0.007069402272710024,-0.017885448526719472,0.0008163638460003499
20997,2026-06-01,-7.131263531900967e-05,0.006171373455042595,-0.0003534872195505301,-0.017712980690397395,0.0019857553179765453,-0.011926791148357839,-0.02460399623372025,-0.0034999235544916608,-0.00035348721955055724,-0.018179325867926987,-0.03278688524590164,0.002804950457993611,0.423728813559322,32.04440392827536,0.8049874747076933,-7.131263531900967e-05,0.003108730741816279,0.0031246867529237665,-0.0003534872195505301,-0.017712980690397395,0.004971913171734256
20997,2026-06-02,-0.0013878431366478594,0.0016451381258690834,0.002155984604974126,-0.016532677133251017,0.00028754973445578016,-0.012636781393005775,-0.025413883226994595,-0.003175081035346208,0.0021559846049740965,-0.019957314409088486,-0.08264462809917356,0.0020986526527121,0.5,32.859190084688834,0.6228414765927462,-0.0013878431366478594,-7.131263531900967e-05,0.003108730741816279,0.002155984604974126,-0.016532677133251017,0.006717124723737565
20997,2026-06-03,0.00019054909362448136,-0.0012687857295419214,-0.002679455498439287,-0.013404105901760666,0.0008624760754863744,-0.011717955814010516,-0.024677826365757015,-0.002836000116943421,-0.0026794554984392897,-0.021966666574799815,-0.26226529376135677,0.002290796419562562,0.5057471264367817,35.29225205186192,0.7955021505751446,0.00019054909362448136,-0.0013878431366478594,-7.131263531900967e-05,-0.002679455498439287,-0.013404105901760666,0.003567130776326983
20997,2026-06-04,0.001444114200393809,0.0002448262938898882,0.0029851931692141953,-0.006463316347324555,0.0018808660610483982,-0.009538091817768794,-0.022696038699065516,-0.002352687385312372,0.002985193169214262,-0.022515997553938343,0.004166666666666667,0.001740333670098594,0.42323651452282157,42.245084067284196,1.0,0.001444114200393809,0.00019054909362448136,-0.0013878431366478594,0.0029851931692141953,-0.006463316347324555,-0.0021503031303128665
20997,2026-06-05,-0.00240832319568407,-0.0007773221872513503,0.0039939315462855784,-0.013093294109852605,-0.0010993520540147606,-0.01109638962328433,-0.024398631626333767,-0.0022413563397920846,0.003993931546285551,-0.024763988813076596,0.03795966785290627,0.002355569455182569,0.504,33.468762828955434,0.26396552742610235,-0.00240832319568407,0.001444114200393809,0.00019054909362448136,0.0039939315462855784,-0.013093294109852605,-0.00023111956268854225
20997,2026-06-06,0.0010797496378103233,0.00011101788922629474,0.0019472224172207842,-0.012556409275037539,-0.0002983348589996007,-0.009314925457628284,-0.022696114738717597,-0.001968567586205674,0.0019472224172207018,-0.021364711829746003,-0.04451038575667659,0.0022709128563030046,0.46956521739130436,34.347673492554094,0.44726108756600813,0.0010797496378103233,-0.00240832319568407,0.001444114200393809,0.0019472224172207842,-0.012556409275037539,-0.002898112080810956
20997,2026-06-07,0.0019765612216606776,0.0006427561308919305,0.0008163638460003675,-0.006258809631138007,0.0015607307419613831,-0.006734557523251976,-0.020124678700349858,-0.0014950827714247607,0.0008163638460003499,-0.018580616135213404,0.16810344827586207,0.002502855142365089,0.4797047970479705,41.73305336776654,1.0,0.0019765612216606776,0.0010797496378103233,-0.00240832319568407,0.0008163638460003675,-0.006258809631138007,-0.004499966319116009
20997,2026-06-08,0.004080550915944503,0.007151476107432053,0.004971913171734288,0.004616668444420879,0.004933392991895914,-0.002207671475062147,-0.01550749403339777,-0.0006611084621272027,0.004971913171734256,-0.014083062729145304,-0.09918392969240432,0.002924907579760555,0.4878048780487805,56.52802520302691,1.0,0.004080550915944503,0.0019765612216606776,0.0010797496378103233,0.004971913171734288,0.004616668444420879,-0.006455667137960643
20997,2026-06-09,0.0003463242060279814,0.006413602320152201,0.006717124723737644,0.008887591346205648,0.004319066375017598,-0.0014771798923352026,-0.014581849355393934,-5.692767921828979e-05,0.006717124723737565,-0.011453905603941193,-0.0625394819962097,0.0026460779550464197,0.4811320754716981,63.91117551446324,1.0,0.0003463242060279814,0.004080550915944503,0.0019765612216606776,0.006717124723737644,0.008887591346205648,-0.00717685591981209
20997,2026-06-10,-0.00293902335381635,0.0014762501189355959,0.0035671307763269766,0.0008781173097154316,0.0008584395823633517,-0.0038997793029440933,-0.016909382584182647,-6.5311184566855445e-06,0.003567130776326983,-0.01525465382939115,-0.06580565805658053,0.002435111652569701,0.4792626728110599,51.477340674140116,0.6052056708932719,-0.00293902335381635,0.0003463242060279814,0.004080550915944503,0.0035671307763269766,0.0008781173097154316,-0.008463094017286427
20997,2026-06-11,-0.004261224643959283,-0.006843889235865652,-0.002150303130312836,0.0008284709686849911,-0.003100594865188106,-0.007547193394230166,-0.02055832187079011,-0.00047108445743144134,-0.0021503031303128665,-0.017874925342633737,-0.02922885572139307,0.0028542348903355776,0.47085201793721976,51.38546828603823,0.034484454339498025,-0.004261224643959283,-0.00293902335381635,0.0003463242060279814,-0.002150303130312836,0.0008284709686849911,-0.00786478960352136
20997,2026-06-12,-0.0004896358830279723,-0.007673840674393473,-0.00023111956268850875,0.0037618889078845363,-0.003555923400788633,-0.007408629006906588,-0.020579243243104013,-0.000814694594647849,-0.00023111956268854225,-0.01867253968086267,0.09565217391304348,0.0025305869753277817,0.503968253968254,56.948361883665655,0.0,-0.0004896358830279723,-0.004261224643959283,-0.00293902335381635,-0.00023111956268850875,0.0037618889078845363,-0.013637236349500639
20997,2026-06-13,-0.0015907397668608603,-0.006331959781586294,-0.0028981120808109218,-0.0009565329324016103,-0.004729875739974501,-0.008131989211901707,-0.021655273964869777,-0.0011964732396812173,-0.002898112080810956,-0.025448431128628622,0.3771827706635624,0.0022407259435626432,0.4408284023668639,48.1217053788135,0.0,-0.0015907397668608603,-0.0004896358830279723,-0.004261224643959283,-0.0028981120808109218,-0.0009565329324016103,-0.018782015670000235
20997,2026-06-14,0.00036687577153626805,-0.0017134839487504827,-0.004499966319115978,-0.003687276082926849,-0.003724190016824839,-0.006989352266759772,-0.020813562009440196,-0.0013624998657018844,-0.004499966319116009,-0.023161776046858876,0.1213000580383053,0.0020832261886359247,0.5072463768115942,41.8603838756659,0.039285195902565434,0.00036687577153626805,-0.0015907397668608603,-0.0004896358830279723,-0.004499966319115978,-0.003687276082926849,-0.013672514938666962
20997,2026-06-15,0.0021079933175771615,0.0008809645910163866,-0.006455667137960641,-0.001515850982701905,-0.0006979710732355071,-0.004229033076995678,-0.01825791576000458,-0.0011797163937256863,-0.006455667137960643,-0.019795860789875826,-0.05470085470085473,0.0024916347221051946,0.4641350210970464,46.92909512558867,0.26509272784497995,0.0021079933175771615,0.00036687577153626805,-0.0015907397668608603,-0.006455667137960641,-0.001515850982701905,-0.017793001665498135
20997,2026-06-16,-0.0003798019698473265,0.0020949002370573844,-0.007176855919812097,-0.0005079390324121968,-4.5991610850033656e-05,-0.003939070348436856,-0.018132882556047655,-0.0010659023817054009,-0.00717685591981209,-0.019816535900831295,-0.013919821826280562,0.0019961032625175255,0.4782608695652174,48.92863076215913,0.32875057404241426,-0.0003798019698473265,0.0021079933175771615,0.00036687577153626805,-0.007176855919812097,-0.0005079390324121968,-0.012496809252470717
20997,2026-06-17,-0.0042307517158253205,-0.0025106691493952393,-0.008463094017286399,-0.004926152204091427,-0.003066153197224927,-0.007355708009524513,-0.02168420348923705,-0.0014502357918472824,-0.008463094017286427,-0.023722427360140255,0.10506666666666677,0.0029672948859505543,0.5472972972972973,41.120178954955314,0.0,-0.0042307517158253205,-0.0003798019698473265,0.0021079933175771615,-0.008463094017286399,-0.004926152204091427,-0.008982894341915279
20997,2026-06-18,-0.003660384775409864,-0.008252461094411023,-0.007864789603521327,-0.009998181052130573,-0.005596767064594557,-0.010160213566493284,-0.02461431604105621,-0.0020785268041505723,-0.00786478960352136,-0.024773729088178337,-0.06079664570230602,0.0027995204642627244,0.5234375,33.276703201794234,0.0,-0.003660384775409864,-0.0042307517158253205,-0.0003798019698473265,-0.007864789603521327,-0.009998181052130573,-3.8073433688813546e-05
20997,2026-06-19,-0.006304992790494124,-0.01413098718412209,-0.013637236349500648,-0.013865204080087845,-0.009934186495200446,-0.015470434830872322,-0.03003954978614003,-0.0031524611956842506,-0.013637236349500639,-0.028024937898534424,0.024742268041237022,0.002723093465842775,0.4471830985915493,29.494211298376086,0.0,-0.006304992790494124,-0.003660384775409864,-0.0042307517158253205,-0.013637236349500648,-0.013865204080087845,0.017393706902467998
20997,2026-06-20,-0.006798352528348706,-0.016673060141998097,-0.018782015670000263,-0.021625695364295927,-0.0140137508971826,-0.02120254985952948,-0.03584924836928911,-0.004537963779202254,-0.018782015670000235,-0.029243206647841077,-0.022556390977443608,0.00323355794617028,0.4846153846153846,22.54914235653341,0.0,-0.006798352528348706,-0.006304992790494124,-0.003660384775409864,-0.018782015670000263,-0.021625695364295927,0.02159978881955529
20997,2026-06-21,0.0055760906096096186,-0.00755721757522676,-0.013672514938666946,-0.018110955401061335,-0.006565264441124718,-0.014813469932925089,-0.029744459177531407,-0.004648711273044558,-0.013672514938666962,-0.02800338362158904,0.027972027972028034,0.0027801997535571972,0.4542124542124542,28.834534574973517,0.25738302661280177,0.0055760906096096186,-0.006798352528348706,-0.006304992790494124,-0.013672514938666946,-0.018110955401061335,0.00740721406965714
20997,2026-06-22,-0.0020784181409454483,-0.0033359691288815663,-0.01779300166549813,-0.02413380310732116,-0.006080065800539918,-0.015845001001832237,-0.031013892001448672,-0.004809035151752364,-0.017793001665498135,-0.030542695576539634,-0.1975982532751092,0.0021928537237910772,0.5285714285714286,20.263079128267705,0.16384639235462084,-0.0020784181409454483,0.0055760906096096186,-0.006798352528348706,-0.01779300166549813,-0.02413380310732116,0.01496829746213085
20997,2026-06-23,0.005010284761048922,0.008513834050469127,-0.012496809252470764,-0.01958397737282047,0.0007068944078461659,-0.010200283111964449,-0.025553947625982402,-0.004172265838742991,-0.012496809252470717,-0.021405822828097554,-0.1783119060927893,0.0024524530934440176,0.41904761904761906,28.291294074154592,0.502120325363586,0.005010284761048922,-0.0020784181409454483,0.0055760906096096186,-0.012496809252470764,-0.01958397737282047,-0.012505029137065424
20997,2026-06-24,-0.0006874230037736684,0.0022320218754889876,-0.008982894341915237,-0.017369965279838695,0.0013156162736498833,-0.010370557342220517,-0.025608145129900572,-0.0036995435052309296,-0.008982894341915279,-0.015393918772159839,-0.07263219058686811,0.002036931765779987,0.40350877192982454,29.787086434708897,0.5909749981028769,-0.0006874230037736684,0.005010284761048922,-0.0020784181409454483,-0.008982894341915237,-0.017369965279838695,-0.030906720997941357
20997,2026-06-25,0.00533247656984126,0.009674927335115768,-3.807343368877891e-05,-0.007902563597664725,0.006660620274430208,-0.004884838499630235,-0.01983746502563234,-0.002647314507511383,-3.8073433688813546e-05,-0.006279506446027696,-0.03945818610129569,0.0034668647537028593,0.44206008583690987,41.04711789198518,1.0,0.00533247656984126,-0.0006874230037736684,0.005010284761048922,-3.807343368877891e-05,-0.007902563597664725,-0.04533502911936578
20997,2026-06-26,0.01101753982461462,0.015710064399639734,0.017393706902467887,0.0035192684609444136,0.015228002437651721,0.006091343746255539,-0.008606999278367783,-0.0005879405365730198,0.017393706902467998,-0.00036919484412542,-0.013365735115431331,0.003285973095457713,0.4870689655172414,53.22266944286808,1.0,0.01101753982461462,0.00533247656984126,-0.0006874230037736684,0.017393706902467887,0.0035192684609444136,-0.055714029177651704
20997,2026-06-27,-0.002692284777870424,0.01367230531548902,0.021599788819555377,0.0024120855774774075,0.009407766099753467,0.003343903967647021,-0.010853260384590016,0.0004496970086693582,0.02159978881955529,0.0011562149157561832,0.225,0.00264398945205961,0.4421768707482993,52.16130714338362,0.867865103822545,-0.002692284777870424,0.01101753982461462,0.00533247656984126,0.021599788819555377,0.0024120855774774075,-0.04839580170721647
20997,2026-06-28,-0.008393874917867694,-0.00016791439330898772,0.007407214069657053,-0.0063665761140311306,-0.00011632911468174171,-0.004950503106015307,-0.018662722120831556,0.00012305147618361977,0.00740721406965714,-0.0038498665284676854,0.12701252236135951,0.0032619297947086515,0.4925925925925926,45.01250398084395,0.4570104562041733,-0.008393874917867694,-0.002692284777870424,0.01101753982461462,0.007407214069657053,-0.0063665761140311306,-0.026851020109322818
20997,2026-06-29,0.00541147094680916,-0.005711960186147946,0.014968297462130797,-0.0030910351450406104,0.0031698511968830056,0.0004869428752857137,-0.012921291184202394,0.00053661911236946,0.01496829746213085,-0.001578981951463298,-0.12343470483005371,0.0022392275904944354,0.49523809523809526,47.69164713879826,0.646183875261721,0.00541147094680916,-0.008393874917867694,-0.002692284777870424,0.014968297462130797,-0.0030910351450406104,-0.03724376018778417
20997,2026-06-30,-0.022193496734226548,-0.02515412584287413,-0.012505029137065415,-0.0248455654257137,-0.017350270968742098,-0.02083932407108375,-0.034200062479988205,-0.0018147863612263193,-0.012505029137065424,-0.026762967437109063,0.6709911779968865,0.005878997963817784,0.4043478260869565,35.99966798883695,0.0,-0.022193496734226548,0.00541147094680916,-0.008393874917867694,-0.012505029137065415,-0.0248455654257137,-0.015835254245945247
20997,2026-07-01,-0.0193093326409568,-0.03588508913236432,-0.03090672099794134,-0.039611983530677075,-0.03207484628329656,-0.03827928482685283,-0.052181670028485214,-0.005525355612925378,-0.030906720997941357,-0.04548745623242255,0.3554817275747508,0.003279698868632751,0.42401960784313725,30.913550640300713,0.0,-0.0193093326409568,-0.022193496734226548,0.00541147094680916,-0.03090672099794134,-0.039611983530677075,0.003187349084795783
20997,2026-07-02,-0.009635377454862537,-0.05031389895284033,-0.04533502911936582,-0.04537137649282963,-0.035126482246715024,-0.045837902809711666,-0.06059683054983948,-0.008884498543361046,-0.04533502911936578,-0.05337077199999409,0.02096627164995437,0.003470107290806347,0.478125,29.33249576577512,0.0,-0.009635377454862537,-0.0193093326409568,-0.022193496734226548,-0.04533502911936582,-0.04537137649282963,0.011819254585451092
20997,2026-07-03,2.588157293681448e-05,-0.02873352013377406,-0.05571402917765167,-0.039289395769055324,-0.027189756230601384,-0.04409376028764734,-0.059870735648690054,-0.01079994635172529,-0.055714029177651704,-0.05352662139101903,0.11820128479657394,0.002881134533129115,0.5067024128686327,31.136502844189494,0.0004607112548692349,2.588157293681448e-05,-0.009635377454862537,-0.0193093326409568,-0.05571402917765167,-0.039289395769055324,0.009538262389784242
20997,2026-07-04,0.005036861840351126,-0.004621286379497769,-0.04839580170721647,-0.027841351984290164,-0.015295138760681434,-0.03765250268386693,-0.05439132153637124,-0.011126178604234668,-0.04839580170721647,-0.05013108493615171,0.11573311367380568,0.0032190694166885467,0.4263565891472868,36.46919698424647,0.09556287538291666,0.005036861840351126,2.588157293681448e-05,-0.009635377454862537,-0.04839580170721647,-0.027841351984290164,0.004402286662564566
20997,2026-07-05,0.014056569746369707,0.019190610159902866,-0.026851020109322832,-0.019642697293604128,0.002492212196464398,-0.022991138230391443,-0.040483346091619986,-0.00935053173350534,-0.026851020109322818,-0.03445383906576655,0.08072100313479628,0.0027807661574257617,0.41116751269035534,41.10023520924844,0.3622270608874244,0.014056569746369707,0.005036861840351126,2.588157293681448e-05,-0.026851020109322832,-0.019642697293604128,-0.009587622977143165
20997,2026-07-06,-0.005325816257281124,0.013736351147733972,-0.03724376018778419,-0.02283293840675238,0.0026785098568620873,-0.026859397817024486,-0.04497271525408516,-0.008507580441007837,-0.03724376018778417,-0.04063203771662786,-0.05391432791728207,0.004060152748435606,0.46174863387978143,39.96215993701196,0.46479202763339617,-0.005325816257281124,0.014056569746369707,0.005036861840351126,-0.03724376018778419,-0.02283293840675238,-0.007752894847600316
20997,2026-07-07,-0.0004503228450424279,0.008201669991006133,-0.01583525424594523,-0.0281422630672723,0.004541138853371407,-0.02588000423327728,-0.04478720245718197,-0.007729546561959657,-0.015835254245945247,-0.04295571963882002,-0.08272129880170077,0.0033175790072469025,0.49262536873156343,37.04552600270943,0.6933634561507303,-0.0004503228450424279,-0.005325816257281124,0.014056569746369707,-0.01583525424594523,-0.0281422630672723,-0.0068299273232182945
20997,2026-07-08,-0.0003538786523694659,-0.006125576214362605,0.0031873490847957875,-0.027817882422032425,0.0037281652306353384,-0.024657016114008674,-0.04458587426745359,-0.007008207832054852,0.003187349084795783,-0.047182417836636875,-0.2181002853648594,0.0026049602472523197,0.48905109489051096,37.16305175547377,0.6746778915585655,-0.0003538786523694659,-0.0004503228450424279,-0.005325816257281124,0.0031873490847957875,-0.027817882422032425,-0.001833241184846975
20997,2026-07-09,-0.0011138048485086482,-0.0019169514402475052,0.011819254585451189,-0.03405160078471536,0.0009355452542669264,-0.024125399966445665,-0.045052332468120765,-0.006436222103981122,0.011819254585451092,-0.04857317281991155,-0.17493796526054595,0.002582265509129666,0.4807017543859649,33.55773741075329,0.6153686423993977,-0.0011138048485086482,-0.0003538786523694659,-0.0004503228450424279,0.011819254585451189,-0.03405160078471536,0.00098886762328169
20997,2026-07-10,-0.002228524261895015,-0.0036925437211006162,0.009538262389784169,-0.04670718181695599,-0.0026394926871064076,-0.024707783668418283,-0.046539953454680996,-0.006110411906608127,0.009538262389784242,-0.04789519232265571,-0.21310763888888895,0.003232944821668769,0.444015444015444,25.0635141126385,0.3186297457837832,-0.002228524261895015,-0.0011138048485086482,-0.0003538786523694659,0.009538262389784169,-0.04670718181695599,0.0005248706894083626
20997,2026-07-11,-7.621323533146818e-05,-0.0034158056640641865,0.004402286662564592,-0.04420656723703176,-0.0033378618082911685,-0.023324557514056238,-0.045997664268072475,-0.0057049290890178565,0.004402286662564566,-0.043893571033061594,-0.05277401894451964,0.0026974226805004937,0.48333333333333334,25.78476254429701,0.0,-7.621323533146818e-05,-0.002228524261895015,-0.0011138048485086482,0.004402286662564592,-0.04420656723703176,0.0013096103957634128
20997,2026-07-12,-6.781046331982843e-05,-0.002372221843701894,-0.009587622977143218,-0.036181205629106095,-0.0020300338649051355,-0.021943134163544292,-0.045418681720705574,-0.005259842291794319,-0.009587622977143165,-0.0434900634655929,-0.022180273714016072,0.002448584881249697,0.43243243243243246,28.373847277324586,0.0,-6.781046331982843e-05,-7.621323533146818e-05,-0.002228524261895015,-0.009587622977143218,-0.036181205629106095,0.0010128870675375182
20997,2026-07-13,-0.0034831931772580926,-0.0036267100634913563,-0.007752894847600333,-0.044707908078919334,-0.00440097716970775,-0.023844991657169388,-0.04812471028396057,-0.0052019241097580075,-0.007752894847600316,-0.04530309802323577,-0.006363191385217734,0.002735358870792149,0.5,22.456259823441428,0.0,-0.0034831931772580926,-6.781046331982843e-05,-7.621323533146818e-05,-0.007752894847600333,-0.044707908078919334,0.004164045002426022
20997,2026-07-14,0.0004794373792302853,-0.003073032435041756,-0.006829927323218299,-0.022557027933519103,-0.0029479754813446137,-0.021869737832753366,-0.04709571739607224,-0.004936381754847901,-0.0068299273232182945,-0.045195675215913944,-0.11378780112762689,0.0028629008747468776,0.5425101214574899,31.441037384676306,0.0684602727253437,0.0004794373792302853,-0.0034831931772580926,-6.781046331982843e-05,-0.006829927323218299,-0.022557027933519103,0.0031568600585514064
20997,2026-07-15,0.004675388796610447,0.0016559114915954964,-0.0018332411848469565,0.001348264720336001,0.0019769721756190475,-0.01585692317156556,-0.04206044468572897,-0.004055594569126306,-0.001833241184846975,-0.042749471490208954,-0.02618069815195069,0.0026374065927122366,0.4797047970479705,51.43621292619159,0.8768223354765965,0.004675388796610447,0.0004794373792302853,-0.0034831931772580926,-0.0018332411848469565,0.001348264720336001,-0.011174162900484313
20997,2026-07-16,0.0017103380161578308,0.006876226077144221,0.000988867623281653,0.012819809886923661,0.003548540734088356,-0.01279567504126713,-0.03981013155432184,-0.0031479693123527123,0.00098886762328169,-0.0407479236921495,0.017985611510791366,0.0023381726876088903,0.46996466431095407,66.27084125081612,1.0,0.0017103380161578308,0.004675388796610447,0.0004794373792302853,0.000988867623281653,0.012819809886923661,-0.01948258274597176
20997,2026-07-17,-0.0026910298105811137,0.0036854877973639955,0.0005248706894083188,0.010068139433548895,0.0007728979826158982,-0.01412996112280974,-0.04174743287647897,-0.002767750630726849,0.0005248706894083626,-0.03926466696667103,-0.12182477967858989,0.0028349040057408436,0.5165289256198347,61.95922814084796,0.6059562455421331,-0.0026910298105811137,0.0017103380161578308,0.004675388796610447,0.0005248706894083188,0.010068139433548895,-0.008542981607591012
20997,2026-07-18,0.0007080550240496919,-0.0002779369835864687,0.0013096103957634941,0.0057176623387062975,0.0012941387868727282,-0.012251956648630633,-0.040428939477158116,-0.0023457657556165815,0.0013096103957634128,-0.03505233374069185,0.1553049718093285,0.002218204870688684,0.4968944099378882,57.606789694882266,0.7093567538114056,0.0007080550240496919,-0.0026910298105811137,0.0017103380161578308,0.0013096103957634941,0.0057176623387062975,-0.01051609741779602
20997,2026-07-19,-0.00036412561319865144,-0.0023482830511932784,0.001012887067537438,-0.008584447088927583,0.0007847422984652139,-0.011630292937935367,-0.040087208802923345,-0.0020357676845253656,0.0010128870675375182,-0.029283334322665056,0.1103202846975089,0.0020758361512647682,0.49038461538461536,31.78256408584842,0.6561441770791206,-0.00036412561319865144,0.0007080550240496919,-0.0026910298105811137,0.001012887067537438,-0.008584447088927583,-0.02360069558151542
20997,2026-07-20,-0.00034618876538838883,-2.6361507505789916e-06,0.0041640450024260645,-0.0036211332482187775,-0.00015428314059010186,-0.011206600442215997,-0.039726195219066666,-0.001806812135242144,0.004164045002426022,-0.022977240378571274,-0.06353305785123961,0.0025421432623191327,0.4555984555984556,40.306395344539574,0.5760089628093042,-0.00034618876538838883,-0.00036412561319865144,0.0007080550240496919,0.0041640450024260645,-0.0036211332482187775,-0.04232901625547261
20997,2026-07-21,-0.0005240518723510501,-0.0012338680192216511,0.003156860058551425,-0.0036946283894363496,-0.0011270037388212786,-0.010754807909662831,-0.039515099495870384,-0.0016589286454678817,0.0031568600585514064,-0.028904169327524293,-0.047570332480818385,0.0022893900239390566,0.4774436090225564,40.15197949423551,0.0,-0.0005240518723510501,-0.00034618876538838883,-0.00036412561319865144,0.003156860058551425,-0.0036946283894363496,-0.04193746197705072
20997,2026-07-22,-0.009677327749017306,-0.010538967117683429,-0.011174162900484341,-0.012986919149695964,-0.009211211074826763,-0.0191215655201288,-0.0480241505598342,-0.002637765380818484,-0.011174162900484313,-0.03629880791656904,0.17301038062283736,0.002684100289788371,0.4749262536873156,26.85524003931461,0.0,-0.009677327749017306,-0.0005240518723510501,-0.00034618876538838883,-0.011174162900484341,-0.012986919149695964,-0.038120033659065494
20997,2026-07-23,-0.006706341382325287,-0.016834269658341228,-0.01948258274597181,-0.01851298081798547,-0.013098849951512007,-0.024117977789274367,-0.05354878671374132,-0.003967667081128837,-0.01948258274597176,-0.04753384376921229,0.07010710808179156,0.0027287198623471816,0.49044585987261147,22.44986869434878,0.0,-0.006706341382325287,-0.009677327749017306,-0.0005240518723510501,-0.01948258274597181,-0.01851298081798547,-0.035289786974546475
20997,2026-07-24,0.008435914141272205,-0.008020519266325521,-0.008542981607591038,-0.008022594878828615,-0.003552722869202414,-0.014579324126193153,-0.04475328111049315,-0.003729478824066506,-0.008542981607591012,-0.0388381963185827,0.03667136812411856,0.003021500976366037,0.473015873015873,39.90576287226866,0.47272267410785607,0.008435914141272205,-0.006706341382325287,-0.009677327749017306,-0.008542981607591038,-0.008022594878828615,-0.06029245665736649
20997,2026-07-25,-0.0012834714346252607,0.0003873799582552184,-0.010516097417796022,-0.00922025901253376,-0.003325729273030609,-0.014314619696816413,-0.04516597804163999,-0.003600320643859713,-0.01051609741779602,-0.04516346349659344,0.13416898792943358,0.003524634259604156,0.4154727793696275,38.7389097676249,0.408681910704269,-0.0012834714346252607,0.008435914141272205,-0.006706341382325287,-0.010516097417796022,-0.00922025901253376,-0.05770542309211241
20997,2026-07-26,-0.01358296999485642,-0.006538358891431728,-0.023600695581515452,-0.022611713353317353,-0.01351461375058182,-0.025384067946601814,-0.05721058869178974,-0.004982314311174658,-0.02360069558151542,-0.06839695319086381,0.21274685816876124,0.00335526698324749,0.46113989637305697,29.191232004176115,0.0,-0.01358296999485642,-0.0012834714346252607,0.008435914141272205,-0.023600695581515452,-0.022611713353317353,-0.036301205150258996
20997,2026-07-27,-0.019520554268337542,-0.0340797014758647,-0.042329016255472585,-0.03834123118164279,-0.026827850329241513,-0.041605380370743225,-0.07453033937905319,-0.00798578615574634,-0.04232901625547261,-0.08411654193018546,0.004784688995215261,0.003625598476943591,0.47575757575757577,22.680755890404114,0.0,-0.019520554268337542,-0.01358296999485642,-0.0012834714346252607,-0.042329016255472585,-0.03834123118164279,-0.0008594529414099954
20997,2026-07-28,-0.00011540517603059186,-0.03294999261761811,-0.04193746197705073,-0.03891299261717163,-0.020982988907724265,-0.03917466595216895,-0.07355126621821932,-0.00971006782617674,-0.04193746197705072,-0.07647024638713196,-0.14995678478824542,0.003289947315383087,0.5088967971530249,22.11364238353947,0.0,-0.00011540517603059186,-0.019520554268337542,-0.01358296999485642,-0.04193746197705073,-0.03891299261717163,-0.001476895644232353
20997,2026-07-29,-0.005731357978823515,-0.02525253684880524,-0.038120033659065466,-0.048868237093671496,-0.021199944526904744,-0.0417846474917029,-0.07770548869651324,-0.0111848138063019,-0.038120033659065494,-0.08670559216307472,-0.11455108359133127,0.003465670204635113,0.44755244755244755,15.230731627100411,0.0,-0.005731357978823515,-0.00011540517603059186,-0.019520554268337542,-0.038120033659065466,-0.048868237093671496,0.0029670820180375383
20997,2026-07-30,-0.003783662688069178,-0.009607644737573695,-0.03528978697454643,-0.05408483352569893,-0.019909168920804025,-0.04313572162164824,-0.07999256627415692,-0.012224240455431253,-0.035289786974546475,-0.06951037160828633,-0.1336633663366337,0.002934714346521016,0.41454545454545455,12.462074799219337,0.0,-0.003783662688069178,-0.005731357978823515,-0.00011540517603059186,-0.03528978697454643,-0.05408483352569893,-0.00024636830015380514
20997,2026-07-31,-0.01770000700596419,-0.02702531004900488,-0.06029245665736649,-0.06832036091665716,-0.028685565583426907,-0.05791924218186658,-0.09495999593259809,-0.014555702952718928,-0.06029245665736649,-0.06798342650530284,0.2609630266552021,0.0050706863673620015,0.4964200477326969,10.428051062853598,0.0,-0.01770000700596419,-0.003783662688069178,-0.005731357978823515,-0.06029245665736649,-0.06832036091665716,0.012138965359830403
20997,2026-08-01,0.0014660150411160977,-0.019982080999457752,-0.05770542309211246,-0.06761468465913667,-0.01891258090212657,-0.054723300773108864,-0.09231967212275025,-0.015451985779732409,-0.05770542309211241,-0.05753608058887479,0.170598146588037,0.003521484544147835,0.473551637279597,11.105438642169318,0.030315159517628185,0.0014660150411160977,-0.01770000700596419,-0.003783662688069178,-0.05770542309211246,-0.06761468465913667,-0.009421169266569161
20997,2026-08-02,0.008823489311180488,-0.007579920540850993,-0.03630120515025903,-0.05904516703978102,-0.004956322214039906,-0.04481000155075486,-0.08303973980406068,-0.014523834904385174,-0.036301205150258996,-0.04924486730808937,0.08081667375584865,0.003713746940834838,0.3939393939393939,18.863873696892142,0.36933470949555297,0.008823489311180488,0.0014660150411160977,-0.01770000700596419,-0.03630120515025903,-0.05904516703978102,-0.03609790451334773
20997,2026-08-03,0.016538336483839178,0.027011161418880603,-0.0008594529414099883,-0.04315208939935489,0.011625787788604281,-0.02775733388512269,-0.06671486931185869,-0.01152340055433409,-0.0008594529414099954,-0.03836458374237156,0.04085930918281374,0.003320290797177535,0.43909348441926344,30.398159329242944,0.9724653060074425,0.016538336483839178,0.008823489311180488,0.0014660150411160977,-0.0008594529414099883,-0.04315208939935489,-0.05681854616213528
20997,2026-08-04,-0.0007333076808945238,0.024755738919122194,-0.0014768956442323677,-0.043352420366359,0.01109992264192769,-0.026727729382920857,-0.06623141575377382,-0.009274065668944887,-0.001476895644232353,-0.05238990576136284,-0.09950041631973362,0.0030823427962783753,0.4886731391585761,30.349187703695804,0.9721183713149626,-0.0007333076808945238,0.016538336483839178,0.008823489311180488,-0.0014768956442323677,-0.043352420366359,-0.056588646301413525
20997,2026-08-05,-0.001306315016709636,0.014465955593179869,0.0029670820180376367,-0.03526605690742479,0.00934837051033031,-0.026389100711602786,-0.06629536442866982,-0.007655273582404527,0.0029670820180375383,-0.04856059158831552,-0.21830394626364397,0.0039139744895678695,0.4699248120300752,32.859728856396586,0.9224864330195216,-0.001306315016709636,-0.0007333076808945238,0.016538336483839178,0.0029670820180376367,-0.03526605690742479,-0.07213344920893999
20997,2026-08-06,-0.006975483998576393,-0.0089999280918861,-0.0002463683001537875,-0.035527460989870585,0.002343045162529933,-0.031371665754699025,-0.07159985124379825,-0.0071642650190266105,-0.00024636830015380514,-0.05477168405285423,-0.15054211843202664,0.003461279656447598,0.4845360824742268,32.85233773216784,0.6578071390934879,-0.006975483998576393,-0.001306315016709636,-0.0007333076808945238,-0.0002463683001537875,-0.035527460989870585,-0.06954655679834969
20997,2026-08-07,-0.005530895755279763,-0.0137578272225648,0.0121389653598305,-0.04888537934035897,-0.004900296394678478,-0.0347624618167183,-0.07548228786453559,-0.007252203247894943,0.012138965359830403,-0.05966687951584123,-0.05198776758409786,0.002831747719797593,0.49032258064516127,25.471599173875845,0.41780736586440126,-0.005530895755279763,-0.006975483998576393,-0.001306315016709636,0.0121389653598305,-0.04888537934035897,-0.06690421506814986
20997,2026-08-08,-0.019866769138746188,-0.0320868733317925,-0.009421169266569107,-0.06658293980013175,-0.023375525459929214,-0.051431864226556996,-0.09245756133160649,-0.009385194493445891,-0.009421169266569161,-0.07732057571763194,0.22416048844308772,0.00399483820508481,0.43640897755610975,21.64592775954422,0.0,-0.019866769138746188,-0.005530895755279763,-0.006975483998576393,-0.009421169266569107,-0.06658293980013175,-0.03282551361728795
20997,2026-08-09,-0.018344582830195577,-0.043168472849418604,-0.03609790451334771,-0.07108871222637325,-0.0363486694546985,-0.06588737985489578,-0.10756068830441072,-0.012594351902638244,-0.03609790451334773,-0.09222374342995837,0.30678466076696165,0.004171522271701759,0.48758465011286684,21.012375351785025,0.0,-0.018344582830195577,-0.019866769138746188,-0.005530895755279763,-0.03609790451334771,-0.07108871222637325,0.0011385426422866477
20997,2026-08-10,-0.005313806686263356,-0.0429595999296386,-0.05681854616213533,-0.057629166236919604,-0.03349661168745639,-0.06775026806239937,-0.11073016277908063,-0.014908141681932895,-0.05681854616213528,-0.09697866879452695,0.1376451077943616,0.0031563989347928568,0.5127551020408163,23.849013356785548,0.0,-0.005313806686263356,-0.018344582830195577,-0.019866769138746188,-0.05681854616213533,-0.057629166236919604,0.006708030287086334
20997,2026-08-11,-0.0004897370800803769,-0.024039108378396734,-0.05658864630141347,-0.057981966420410314,-0.02590648383074055,-0.06507469583297663,-0.10958041452216732,-0.0160061273310685,-0.056588646301413525,-0.09735970336779597,-0.013480392156862768,0.0028421293223934835,0.48985507246376814,23.7743346640366,0.0,-0.0004897370800803769,-0.005313806686263356,-0.018344582830195577,-0.05658864630141347,-0.057981966420410314,0.01628825858286012
