item_id,date,pct_change_1d,pct_change_3d,pct_change_7d,pct_change_14d,pct_vs_7ma,pct_vs_30ma,pct_vs_90ma,ema_crossover,slope_7d_pct,slope_30d_pct,vol_pct_7d,spread_pct,volume_ratio,rsi_14,range_position_7d,lag_return_1d,lag_return_2d,lag_return_3d,lag_return_7d,lag_return_14d,target_pct_7d
22124,2025-11-19,0.027480045610034143,0.026251352428677155,0.010258422557318125,0.10911440704043329,0.021605688094197002,-0.007280238696350767,-0.08574694606404133,-0.0045981109176120895,0.010258422557318235,-0.06456970829440466,-0.336631144011706,0.024858506270114305,0.26369982863900754,72.06870799103808,1.0,0.027480045610034143,0.0037195994277539057,-0.004897215420534118,0.010258422557318125,0.10911440704043329,0.1866607479746976
22124,2025-11-20,0.0015536566418821174,0.03290414878397718,0.014158894257781718,0.0223153602174897,0.02110911765181279,-0.0038026591018219345,-0.08241904727476478,-0.0018301368882141476,0.014158894257781773,-0.05536947875235503,-0.6944547275298764,0.011800554016620498,0.4376862020223986,57.4677786201668,1.0,0.0015536566418821174,0.027480045610034143,0.0037195994277539057,0.014158894257781718,0.0223153602174897,0.20686980609418282
22124,2025-11-21,0.04819944598337944,0.07867730900798175,0.07426754485578013,0.05745584618824062,0.0591302400716536,0.04431340441386155,-0.03664025743905164,0.005669232264302833,0.07426754485578015,-0.0027408812987560617,-0.25574448766141405,0.01918604651162791,0.3436315010884943,65.70904645476773,1.0,0.04819944598337944,0.0015536566418821174,0.027480045610034143,0.07426754485578013,0.05745584618824062,0.14397463002114164
22124,2025-11-22,0.04513742071881599,0.09721451559205407,0.13136514475340433,0.08636413580925173,0.08697837319972983,0.08985087624216215,0.008040945609766058,0.015677899244600273,0.13136514475340427,0.042053119730185495,0.04136154256574213,0.019975725700414684,0.31942797266080825,70.59748427672956,1.0,0.04513742071881599,0.04819944598337944,0.0015536566418821174,0.13136514475340433,0.08636413580925173,0.07788004450288258
22124,2025-11-23,0.03651259229290993,0.13551246537396122,0.16713171231706614,0.10705412120557423,0.1012841867712643,0.12684729064039413,0.04589927470164794,0.025901017789560662,0.16713171231706622,0.07056672760511883,0.2700967211140989,0.01800351288056206,0.39543242645432425,73.450070989115,1.0,0.03651259229290993,0.04513742071881599,0.04819944598337944,0.16713171231706614,0.10705412120557423,0.03483606557377049
22124,2025-11-24,0.05830405932864946,0.14645877378435523,0.24125894134477832,0.18854794520547946,0.12895838445123542,0.18701945440118203,0.10712363586663405,0.038498355416535346,0.24125894134477827,0.1326892950391645,0.16833409152508788,0.02830667096952653,0.2947219320962042,83.36242001163467,1.0,0.05830405932864946,0.03651259229290993,0.04513742071881599,0.24125894134477832,0.18854794520547946,-0.027799548199714166
22124,2025-11-25,-0.014245539624729187,0.08131890361080196,0.21904218928164187,0.19172890424701827,0.08196768713629948,0.16520832462929907,0.09174088641612642,0.043136269062922686,0.21904218928164196,0.12088488152652548,0.142739624602092,0.01805256758020765,0.39568597394065474,83.34625823962776,0.9157808667211774,-0.014245539624729187,0.05830405932864946,0.03651259229290993,0.21904218928164187,0.19172890424701827,-0.014872322514264335
22124,2025-11-26,0.0001870732391731078,0.04342310694769713,0.18666074797469756,0.19883401535960532,0.05647887423341023,0.16068666453192082,0.09226734825789613,0.044507630994640834,0.1866607479746976,0.11746263977427109,0.05029733843704374,0.022771906854951837,0.45966256118702176,85.0563352441194,0.9162318044493271,0.0001870732391731078,-0.014245539624729187,0.05830405932864946,0.18666074797469756,0.19883401535960532,0.002712054615168802
22124,2025-11-27,0.01861030580753753,0.004287492508413537,0.20686980609418293,0.22395774806157998,0.04851031058975603,0.17635411585338412,0.11265665675209552,0.045994821691588604,0.20686980609418282,0.14676774057696357,-0.17476120117521235,0.008446566287183254,0.3483327748761916,86.7983751846381,1.0,0.01861030580753753,0.0001870732391731078,-0.014245539624729187,0.20686980609418293,0.22395774806157998,0.00697759823723834
22124,2025-11-28,-0.006426735218509005,0.012253297165840449,0.14397463002114175,0.22893481717011133,0.022617898580559837,0.16237064034929125,0.10566215084084277,0.04450288223164105,0.14397463002114164,0.16528480671906967,-0.16304624017981548,0.015939752356311218,0.37220976439680414,87.54189944134077,0.9303482587064676,-0.006426735218509005,0.01861030580753753,0.0001870732391731078,0.14397463002114175,0.22893481717011133,0.07493993716503419
22124,2025-11-29,-0.015246719645167217,-0.003366688487795755,0.07788004450288266,0.21947591257580967,-0.0033334001349392198,0.13863122786336138,0.08915989913861283,0.04016274899491623,0.07788004450288258,0.1607668010020695,-0.036624975725709996,0.020174533170685936,0.27509170430764907,84.4592166726554,0.6350931677018633,-0.015246719645167217,-0.006426735218509005,0.01861030580753753,0.07788004450288266,0.21947591257580967,0.09810453223233555
22124,2025-11-30,-0.004879421976165865,-0.0263496143958869,0.0348360655737705,0.20778998918057057,-0.012904641282884871,0.1271283115926112,0.08422710550724216,0.035413821220879244,0.03483606557377049,0.16238285745602016,-0.03492636710559829,0.012965582272512965,0.34089147771305717,82.65616609987471,0.0,-0.004879421976165865,-0.015246719645167217,-0.006426735218509005,0.0348360655737705,0.20778998918057057,0.1404997642621405
22124,2025-12-01,-0.005752003771805736,-0.025688412493069634,-0.027799548199714197,0.20675250357653785,-0.014632062373171065,0.11449937901329175,0.07857383569638855,0.03047059844075497,-0.027799548199714166,0.17318497913769124,0.06971511084777218,0.01863619119878604,0.376625018969093,82.12697848123777,0.0,-0.005752003771805736,-0.004879421976165865,-0.015246719645167217,-0.027799548199714197,0.20675250357653785,0.11399848254931715
22124,2025-12-02,-0.0011380880121396597,-0.011729379750398783,-0.014872322514264291,0.2009122006841506,-0.013659776573683882,0.10696336573479606,0.07787801720388297,0.02611093853616974,-0.014872322514264335,0.1800560224089636,-0.14617077544696974,0.0166635017090771,0.32522748095642884,81.56574704407022,0.0,-0.0011380880121396597,-0.005752003771805736,-0.004879421976165865,-0.014872322514264291,0.2009122006841506,0.1170717812381314
22124,2025-12-03,0.018040258260539233,0.011032531824610947,0.0027120546151688796,0.18987903673288198,0.003744617112900206,0.12001532073435059,0.097556606375628,0.02449795443749525,0.002712054615168802,0.19678535550842727,0.002068492825376061,0.024389106509979483,0.3517232502931671,81.22262773722628,0.5277777777777778,0.018040258260539233,-0.0011380880121396597,-0.005752003771805736,0.0027120546151688796,0.18987903673288198,0.10357209475844059
22124,2025-12-04,0.022943480693900398,0.04021244309559946,0.006977598237238425,0.2152908587257618,0.02573146292585168,0.13616234442251823,0.12258898734198811,0.02530086005884992,0.00697759823723834,0.28220715454758005,-0.0666743083117218,0.013448212983223923,0.26452726145079186,82.68842530282637,1.0,0.022943480693900398,0.018040258260539233,-0.0011380880121396597,0.006977598237238425,0.2152908587257618,0.07658643326039387
22124,2025-12-05,0.060630926331145085,0.10453854918344097,0.07493993716503411,0.22970401691331932,0.07626121780045196,0.19062484007983216,0.1895791246173808,0.032056150749796376,0.07493993716503419,0.4318419595052003,0.09637269913822974,0.018266999054414167,0.23997999316092747,83.93191755153029,1.0,0.060630926331145085,0.022943480693900398,0.018040258260539233,0.07493993716503411,0.22970401691331932,0.015731109773919023
22124,2025-12-06,0.005974383220149537,0.09144749113971273,0.0981045322323355,0.183624962071407,0.06793426893418412,0.18610626390463164,0.19543448392495447,0.035889373190438056,0.09810453223233555,0.3256116900770276,0.3961412280979356,0.020679342020935697,0.32520778239516435,81.91246264721391,1.0,0.005974383220149537,0.060630926331145085,0.022943480693900398,0.0981045322323355,0.183624962071407,0.051484725486007264
22124,2025-12-07,0.03353984191412085,0.10275346462436175,0.1404997642621404,0.1802302888368461,0.08272109365508694,0.21298328366291874,0.23362770180105913,0.04104639827075625,0.1404997642621405,0.3520008942544154,0.28053094414167623,0.01558495245969409,0.31621151240480305,82.1105702364395,1.0,0.03353984191412085,0.005974383220149537,0.060630926331145085,0.1404997642621404,0.1802302888368461,0.006862339809838776
22124,2025-12-08,-0.028854898718478683,0.009713745379523742,0.11399848254931721,0.08302982803927894,0.035561125210174016,0.16765827157548366,0.19655207736150507,0.039288186752964825,0.11399848254931715,0.29062740358202394,0.07458852754084899,0.014175038310914354,0.3635696670635909,67.1360608943863,0.7767114523352527,-0.028854898718478683,0.03353984191412085,0.005974383220149537,0.11399848254931721,0.08302982803927894,0.043802145411203815
22124,2025-12-09,0.0016175719393836108,0.005340739158299579,0.11707178123813144,0.10045832943597421,0.021375020928545343,0.15990752288512833,0.19688223960591103,0.03697428741985726,0.1170717812381314,0.2709301069460949,-0.15526934210058577,0.015597110072248194,0.3820312768123734,71.54895666131621,0.7596504005826656,0.0016175719393836108,-0.028854898718478683,0.03353984191412085,0.11707178123813144,0.10045832943597421,0.063918402039949
22124,2025-12-10,0.005737356566085872,-0.02170318313352626,0.10357209475844065,0.1065650425512017,0.013279586993222646,0.15627412467141594,0.20184725082061478,0.03487591735665152,0.10357209475844059,0.2967123287671233,-0.17462773378941207,0.015127825903232622,0.38416365456835727,72.27761485826002,0.7670807453416149,0.005737356566085872,0.0016175719393836108,-0.028854898718478683,0.10357209475844065,0.1065650425512017,0.03410099302767801
22124,2025-12-11,-0.002070568349883839,0.005278392644304519,0.07658643326039383,0.08409842085934627,0.0008960790487031734,0.1433145276856143,0.19743166052487912,0.03207224667708996,0.07658643326039387,0.3162412217144131,-0.10878908438197989,0.018419715447154473,0.4213512147237951,69.21947125472093,0.3787878787878788,-0.002070568349883839,0.005737356566085872,0.0016175719393836108,0.07658643326039383,0.08409842085934627,0.06343157181571815
22124,2025-12-12,0.0006775067750677266,0.004334891627709281,0.015731109773919005,0.09184993531694685,-0.0006403673050203039,0.13349268144500498,0.19649570683019885,0.02924201506071215,0.015731109773919023,0.32473793374068055,-0.18711558206450227,0.010917400135409615,0.40739566477532746,71.41318397242568,0.289171974522293,0.0006775067750677266,-0.002070568349883839,0.005737356566085872,0.015731109773919005,0.09184993531694685,0.03461408259986459
22124,2025-12-13,0.04138456330399465,0.03993238960490175,0.051484725486007354,0.15464014262925785,0.033196389480313095,0.16768441679833357,0.24379548271270843,0.031230089613597696,0.051484725486007264,0.3827396336667041,0.011326029514090476,0.005770012190166599,0.2866914153366147,81.1531190926276,1.0,0.04138456330399465,0.0006775067750677266,-0.002070568349883839,0.051484725486007354,0.15464014262925785,-0.030150345388053636
22124,2025-12-14,-0.010321007720438868,0.031334688346883466,0.006862339809838858,0.14832626119754844,0.021515748857106907,0.14343660067509514,0.22883424886915107,0.030158627458968905,0.006862339809838776,0.38292073586191233,0.31306735733196334,0.013384792248316636,0.4719304473321268,78.9154411764706,0.7728085867620751,-0.010321007720438868,0.04138456330399465,0.0006775067750677266,0.006862339809838858,0.14832626119754844,-0.029191985547708982
22124,2025-12-15,0.006774511414025186,0.03761848341232232,0.04380214541120386,0.16279400606980277,0.02213422259274698,0.13863332425270558,0.2347854208606889,0.029220388592581498,0.043802145411203815,0.40296372582675366,-0.1058704111107252,0.013620977937278251,0.3597238599322062,81.30585445923765,0.9175925925925926,0.006774511414025186,-0.010321007720438868,0.04138456330399465,0.04380214541120386,0.16279400606980277,-0.03291056645324416
22124,2025-12-16,0.02092084335875377,0.017228768793173588,0.06391840203994903,0.18847322445879233,0.03425522622378042,0.1491621744445992,0.2578515930966833,0.0300621177231272,0.063918402039949,0.42554524229827456,0.05461353182502008,0.009027722297675162,0.2539208163045157,83.23844608171467,1.0,0.02092084335875377,0.006774511414025186,-0.010321007720438868,0.06391840203994903,0.18847322445879233,-0.1036989694016138
22124,2025-12-17,-0.02244946872253739,0.004762686812284533,0.034100993027678106,0.14120499906733808,0.006244089261693652,0.11146436065365299,0.2273331382956492,0.02686990231213374,0.03410099302767801,0.4004005722460658,-0.127730808977078,0.015691402419091206,0.37221955085394737,74.60188495287618,0.6036671368124118,-0.02244946872253739,0.02092084335875377,0.006774511414025186,0.034100993027678106,0.14120499906733808,-0.03922850604772801
22124,2025-12-18,0.02623406341941803,0.024183353044329392,0.06343157181571812,0.1448760029175784,0.02363470149470993,0.1276919300472379,0.25670326810904043,0.026944151897565317,0.06343157181571815,0.43181299885974916,0.06728149692445429,0.019311937564704944,0.3116064782119066,75.20621827411168,1.0,0.02623406341941803,-0.02244946872253739,0.02092084335875377,0.06343157181571812,0.1448760029175784,-0.051365772079318306
22124,2025-12-19,-0.026439436171059927,-0.02332827354797473,0.03461408259986465,0.050889710306885494,-0.008153827430935864,0.08741416321738205,0.22098394493503906,0.022916306067326187,0.03461408259986459,0.35667517478637223,-0.01138523433409961,0.020858895705521473,0.2769629816167212,60.50017736786094,0.12401055408970976,-0.026439436171059927,0.02623406341941803,-0.02244946872253739,0.03461408259986465,0.050889710306885494,-0.014723926380368098
22124,2025-12-20,-0.023803680981595132,-0.024681268388362265,-0.030150345388053612,0.019782097842341306,-0.02758199225911591,0.05245210581550191,0.18982984943511166,0.016763801356294007,-0.030150345388053636,0.3223268698060942,0.07164715619366918,0.02203787497905145,0.33035916772232365,53.806939648084196,0.0,-0.023803680981595132,-0.026439436171059927,0.02623406341941803,-0.030150345388053612,0.019782097842341306,0.022792022792022793
22124,2025-12-21,-0.009343053460700523,-0.05849327068567334,-0.029191985547708965,-0.022529971062422494,-0.03266434449223868,0.03542803092781998,0.17676496773373,0.011130584645976728,-0.029191985547708982,0.24973572938689217,0.16137318551173088,0.02072319729329668,0.3901292596944771,45.062511324515306,0.0,-0.009343053460700523,-0.023803680981595132,-0.026439436171059927,-0.029191985547708965,-0.022529971062422494,0.048720659758934234
22124,2025-12-22,0.0029181645168112613,-0.03010224948875251,-0.032910566453244194,0.009450025540609586,-0.025244132310023138,0.03251144017799222,0.17788538485227448,0.00742440676478716,-0.03291056645324416,0.1992515424294528,-0.047696844398220896,0.017289364932107615,0.35285469626939586,52.26993865030675,0.04697072838665759,0.0029181645168112613,-0.009343053460700523,-0.023803680981595132,-0.032910566453244194,0.009450025540609586,0.02757864552584971
22124,2025-12-23,-0.05380787720333979,-0.05991285403050106,-0.10369896940161383,-0.04640883977900556,-0.06341643758832682,-0.02579161486683038,0.11292426579635245,-0.001485860677720345,-0.1036989694016138,0.09475019516003122,0.007738247766249161,-0.08717354487922274,0.4241095343378364,41.090078328981726,0.0,-0.05380787720333979,0.0029181645168112613,-0.009343053460700523,-0.10369896940161383,-0.04640883977900556,0.08146893662536768
22124,2025-12-24,0.047865228630002754,-0.005624867836751979,-0.039228506047727985,-0.006465244031269801,-0.012936230441223278,0.018155783493220078,0.1636064497432848,-0.0019793396659481205,-0.03922850604772801,0.08395186943893782,-0.19175847898606574,0.012972099353521605,0.3201695488137978,48.917503891325886,0.4013452914798206,0.047865228630002754,-0.05380787720333979,0.0029181645168112613,-0.039228506047727985,-0.006465244031269801,0.030410003402517864
22124,2025-12-25,0.013269819666553273,0.004638610103736118,-0.05136577207931836,0.008807588075880668,0.00796006068261909,0.028042760318976255,0.1760853431976713,-0.000694332020070763,-0.051365772079318306,0.1142082125151997,-0.2554597583611273,0.011836803223640027,0.3091231607648308,51.41882673942702,0.6888667992047713,0.013269819666553273,0.047865228630002754,-0.05380787720333979,-0.05136577207931836,0.008807588075880668,0.029046339825386167
22124,2025-12-26,0.01116521155137673,0.07362510027631686,-0.014723926380368124,0.019380501015572094,0.021436662204481118,0.03549363258101123,0.18603021502370579,0.001469799367401747,-0.014723926380368098,0.12643785654166276,0.07329180288325358,0.016936488169364883,0.3245233906837717,53.02110817941952,1.0,0.01116521155137673,0.013269819666553273,0.047865228630002754,-0.014723926380368124,0.019380501015572094,0.035990037359900376
22124,2025-12-27,0.013366542133665504,0.03827832596121139,0.02279202279202286,-0.008045509955302732,0.0316901621034201,0.04539822655148204,0.19839703187990942,0.004392342254501404,0.022792022792022793,0.12063900110172604,0.09099148407103907,0.015648041946583646,0.2826386484557717,48.570190641247834,1.0,0.013366542133665504,0.01116521155137673,0.013269819666553273,0.02279202279202286,-0.008045509955302732,0.028592495494019335
22124,2025-12-28,0.01577093232836302,0.04084116856950981,0.04872065975893425,0.01810642141566765,0.0407225982840389,0.05712730688395343,0.2134691800262298,0.007990860714251553,0.048720659758934234,0.14567547588246166,0.2699061407729004,0.018228011452998346,0.27430650549863106,53.12544294826364,1.0,0.01577093232836302,0.013366542133665504,0.01116521155137673,0.04872065975893425,0.01810642141566765,0.009275315562366415
22124,2025-12-29,-0.017300479896761756,0.011540058115400598,0.027578645525849765,-0.0062395497736633665,0.018723012882149465,0.03434956272470405,0.1887931076538802,0.00797165209279111,0.02757864552584971,0.14328610303087172,0.07914581866471773,0.01604563361785949,0.3036146640057535,48.954775242519474,0.818143281051293,-0.017300479896761756,0.01577093232836302,0.013366542133665504,0.027578645525849765,-0.0062395497736633665,0.01871306631648063
22124,2025-12-30,-0.004185817465528596,-0.005980665246600014,0.08146893662536758,-0.030678277542542154,0.0035032994818897946,0.025585395713555073,0.18009284300497505,0.0071995695552754015,0.08146893662536768,0.14408297972654407,-0.05795514758876539,0.013063545701804995,0.28848369604628116,44.44122756224667,0.5867704280155642,-0.004185817465528596,-0.017300479896761756,0.01577093232836302,0.08146893662536758,-0.030678277542542154,0.01203329761806643
22124,2025-12-31,-0.0016071870106321162,-0.022986651611081932,0.03041000340251787,-0.010011441647597263,-0.0023237481174699223,0.019428914466209802,0.17461015212511338,0.006269514661075957,0.030410003402517864,0.14885242792109257,-0.030893472976028905,0.017831345193379287,0.3836148920259209,48.0814408770556,0.4141829393627955,-0.0016071870106321162,-0.004185817465528596,-0.017300479896761756,0.03041000340251787,-0.010011441647597263,-0.002105089363107277
22124,2026-01-01,0.011928839724274498,0.006073539067629641,0.02904633982538618,-0.023811419925141353,0.005484075089643556,0.026618835582976282,0.1849539780682227,0.006844531990254085,0.029046339825386167,0.16388150398784657,0.03384793798183403,0.013501386849404471,0.34675461801337437,45.043103448275865,0.6025459688826026,0.011928839724274498,-0.0016071870106321162,-0.004185817465528596,0.02904633982538618,-0.023811419925141353,-0.02414749551313428
22124,2026-01-02,0.01798825256975034,0.02847605703453393,0.03599003735990047,0.020736196319018463,0.018397719522218855,0.0399862207486078,0.20263622306272186,0.00909083592380005,0.035990037359900376,0.16382204812534976,0.1621745303192352,0.014264535000200345,0.3295575734763652,54.363918058185575,1.0,0.01798825256975034,0.011928839724274498,-0.0016071870106321162,0.03599003735990047,0.020736196319018463,-0.0619064791441279
22124,2026-01-03,0.006130544536602889,0.03644693936517118,0.02859249549401932,0.05203619909502266,0.02048873380902347,0.041768946628184034,0.2062849157538173,0.010952126700917043,0.028592495494019335,0.14469365426695843,0.10717817044657546,0.015890083632019117,0.3470307886204519,61.54275092936803,1.0,0.006130544536602889,0.01798825256975034,0.011928839724274498,0.02859249549401932,0.05203619909502266,-0.08920748705694942
22124,2026-01-04,-0.0033054559936280814,0.02084353075542511,0.009275315562366382,0.05844787481497149,0.015759171107026668,0.03580287449403879,0.19874762238781993,0.011385646597799167,0.009275315562366415,0.07568984784664318,0.21548680461226905,0.014624205857673713,0.31757226099256064,63.18702290076336,0.9060022650056625,-0.0033054559936280814,0.006130544536602889,0.01798825256975034,0.009275315562366382,0.05844787481497149,-0.09154113557358054
22124,2026-01-05,-0.008111239860950192,-0.005329166165805144,0.01871306631648073,0.046807792864974385,0.004863323830286832,0.02539389241294987,0.1857553952252614,0.010323835723086835,0.01871306631648063,0.06062807092501602,-0.06155064860385057,0.017281662906864326,0.3202469936734708,60.32750279121698,0.6761041902604756,-0.008111239860950192,-0.0033054559936280814,0.006130544536602889,0.01871306631648073,0.046807792864974385,-0.09655978085723493
22124,2026-01-06,-0.010715436674186285,-0.0219832735961768,0.012033297618066374,0.09448257420447459,-0.007579999884539183,0.013892616064240448,0.17015481036643373,0.00803519361185096,0.01203329761806643,0.015212897891690782,-0.043920020007839275,0.015555012623177784,0.38637503245852023,74.28964252978918,0.37485843714609285,-0.010715436674186285,-0.008111239860950192,-0.0033054559936280814,0.012033297618066374,0.09448257420447459,-0.1344572033553221
22124,2026-01-07,-0.015555012623177822,-0.03400327646142165,-0.002105089363107271,0.028240898264715986,-0.022729372632356998,-0.002817157022475356,0.14962800775844617,0.004471258483211623,-0.002105089363107277,0.02911629490890516,-0.232162577479219,0.02026803441429517,0.3426492396348443,59.04139433551198,0.0,-0.015555012623177822,-0.010715436674186285,-0.008111239860950192,-0.002105089363107271,0.028240898264715986,-0.1261168100595632
22124,2026-01-08,-0.010423560555923195,-0.0362552368675475,-0.02414749551313433,0.004197447951645339,-0.02959855368069722,-0.013745614746270255,0.13555505160511155,0.000796705881467758,-0.02414749551313428,0.016744581385465362,-0.1224847787231538,0.021526500585186424,0.2818714998676132,51.38427464008859,0.0,-0.010423560555923195,-0.015555012623177822,-0.010715436674186285,-0.02414749551313433,0.004197447951645339,-0.11168700886139442
22124,2026-01-09,-0.021401103494398943,-0.046665037869533355,-0.061906479144127946,-0.02814445828144463,-0.0417877460811198,-0.03451688729432142,0.10926445450424807,-0.0040979144275000955,-0.0619064791441279,-0.010690893724910205,-0.11760621497740774,0.017042542286007177,0.39834856791488615,41.21306376360808,0.0,-0.021401103494398943,-0.010423560555923195,-0.015555012623177822,-0.061906479144127946,-0.02814445828144463,-0.07675550999487442
22124,2026-01-10,-0.023150521100290478,-0.054020516214427494,-0.08920748705694947,-0.06316565623463866,-0.05154895699415253,-0.05590017668330762,0.08183026570356818,-0.009827232979497278,-0.08920748705694942,-0.03158875338753388,0.05877723222164136,0.017184083952776562,0.3152184343214055,31.09367336929867,0.0,-0.023150521100290478,-0.021401103494398943,-0.010423560555923195,-0.08920748705694947,-0.06316565623463866,-0.04932225623087014
22124,2026-01-11,-0.0058592041976388565,-0.04965724795184756,-0.09154113557358057,-0.08311489293059648,-0.04413213213213215,-0.06027323277691132,0.07373084000925631,-0.013956015509187725,-0.09154113557358054,-0.037914691943127965,0.09164059266673437,0.01913265306122449,0.34769273817513285,23.072903057224977,0.0,-0.0058592041976388565,-0.023150521100290478,-0.021401103494398943,-0.09154113557358057,-0.08311489293059648,-0.039320900774102746
22124,2026-01-12,-0.013590781140042196,-0.042072441483000156,-0.09655978085723493,-0.07965364412344056,-0.043350822349378114,-0.07024853346599506,0.05737693324385788,-0.017781192237336065,-0.09655978085723493,-0.08870377895164568,0.0947629419295042,0.016141258304721986,0.31272369401458344,23.81980037766388,0.0,-0.013590781140042196,-0.0058592041976388565,-0.023150521100290478,-0.09655978085723493,-0.07965364412344056,-0.011281045168769786
22124,2026-01-13,-0.0522138493779819,-0.07057280279842593,-0.13445720335532207,-0.12404186928212313,-0.07468237137828741,-0.11500322672421574,0.0010654085496418844,-0.025718009402300252,-0.1344572033553221,-0.1272786992938085,0.021141072768496933,0.010161836657884832,0.3574938546422694,18.48827470686767,0.0,-0.0522138493779819,-0.013590781140042196,-0.0058592041976388565,-0.13445720335532207,-0.12404186928212313,0.06671057583741061
22124,2026-01-14,-0.006068874670681179,-0.07076882477128787,-0.1261168100595632,-0.12795641226730503,-0.06252218672346468,-0.11621123027089132,-0.006135892856302861,-0.030898454907818763,-0.1261168100595632,-0.13841197341054606,-0.010708302354399027,0.021678420977895584,0.4043166577817682,18.14632141389231,0.0,-0.006068874670681179,-0.0522138493779819,-0.013590781140042196,-0.1261168100595632,-0.12795641226730503,0.10649879301367918
22124,2026-01-15,0.005916599611871076,-0.05239220582333792,-0.11168700886139438,-0.13313754282917278,-0.04072736652050552,-0.10626898561613977,-0.0015337087039274731,-0.03273138287806943,-0.11168700886139442,-0.15107453862746664,-0.01694637292953583,0.012187088274044796,0.3872682816538973,15.29136537643555,0.05470459518599562,0.005916599611871076,-0.006068874670681179,-0.0522138493779819,-0.11168700886139438,-0.13313754282917278,0.13852813852813853
22124,2026-01-16,0.017080745341614856,0.016889348889725264,-0.07675550999487446,-0.1339103257603077,-0.012904235955715852,-0.08734827842457271,0.014015922137588399,-0.03098315734227083,-0.07675550999487442,-0.1167456685191239,0.1917495030748556,0.021003932454314134,0.3516733649981732,13.862456747404849,0.2799770510613884,0.017080745341614856,0.005916599611871076,-0.006068874670681179,-0.07675550999487446,-0.1339103257603077,0.12371038630580615
22124,2026-01-17,0.0058755493869997455,0.02910967009040566,-0.049322256230870165,-0.13412982875348467,0.00025631757089804953,-0.07760839437735097,0.01856367935945598,-0.028161793614462936,-0.04932225623087014,-0.13426773910965994,0.12027274982007825,0.020283322601416614,0.3485649554017649,13.375380600260982,0.382224984462399,0.0058755493869997455,0.017080745341614856,0.005916599611871076,-0.049322256230870165,-0.13412982875348467,0.19510624597553122
22124,2026-01-18,0.004599392880139774,0.027762092979484176,-0.039320900774102774,-0.12726255643904583,0.010795909057853619,-0.06993578716083874,0.021878231089888126,-0.024864733735802252,-0.039320900774102746,-0.10666666666666667,0.24052246114516393,0.019000091566706345,0.4214270568452474,15.49295774647888,0.55,0.004599392880139774,0.0058755493869997455,0.017080745341614856,-0.039320900774102774,-0.12726255643904583,0.1525501327717242
22124,2026-01-19,0.015200073253365032,0.02586167013647933,-0.011281045168769821,-0.10675153077666777,0.027879317652044974,-0.05352300245575798,0.035760050945655326,-0.020124341727596463,-0.011281045168769786,-0.07097368862074745,-0.02887154032998367,0.013033282222422657,0.41346001020553275,22.069983136593592,1.0,0.015200073253365032,0.004599392880139774,0.0058755493869997455,-0.011281045168769821,-0.10675153077666777,0.1260936231622621
22124,2026-01-20,0.022548931180662146,0.04286634164290315,0.06671057583741069,-0.07671634497923285,0.0412790468817655,-0.030842025625937637,0.057084292301165414,-0.013721941940943368,0.06671057583741061,-0.04106576443222669,-0.060148448558415044,0.014951045250066155,0.27256653439605927,31.07673764564082,1.0,0.022548931180662146,0.015200073253365032,0.004599392880139774,0.06671057583741069,-0.07671634497923285,0.08159124988974155
22124,2026-01-21,0.031004674958101885,0.07027744712022699,0.10649879301367915,-0.03304930509596293,0.05794693423672714,-0.0003136002736874597,0.08737987515388691,-0.005439725394465436,0.10649879301367918,-0.014211014590537235,-0.14410823634838751,0.018051931385549898,0.26287699582570867,42.4608416682393,1.0,0.031004674958101885,0.022548931180662146,0.015200073253365032,0.10649879301367915,-0.03304930509596293,0.038285494289258676
22124,2026-01-22,0.035034435556316135,0.09118787769459735,0.1385281385281385,0.011369336231399352,0.07455906610836181,0.03212339752704436,0.12254518630474673,0.004268190383564003,0.13852813852813853,0.07834922898654069,-0.1443683598507983,0.01611836667217722,0.3497345274305972,52.318445277872485,1.0,0.035034435556316135,0.031004674958101885,0.022548931180662146,0.1385281385281385,0.011369336231399352,0.0014465200859646223
22124,2026-01-23,0.003843610514134621,0.07122695598482842,0.12371038630580622,0.03745942251836665,0.060694723445668515,0.03494705744498028,0.12388254915549811,0.010783964983991706,0.12371038630580615,0.03304695474651242,-0.08895711075957914,0.015150891349993824,0.3898489869742427,58.050302919038,1.0,0.003843610514134621,0.035034435556316135,0.031004674958101885,0.12371038630580622,0.03745942251836665,-4.117090040759191e-05
22124,2026-01-24,0.06978467619086826,0.11151986995765073,0.19510624597553128,0.13616090948841286,0.10546020323819703,0.1037842047506107,0.1980573372405172,0.02288818125106031,0.19510624597553122,0.09066487575554064,0.00984630163304515,0.0234375,0.302743183762021,73.5909090909091,1.0,0.06978467619086826,0.003843610514134621,0.035034435556316135,0.19510624597553128,0.13616090948841286,-0.07204433497536945
22124,2026-01-25,-0.031173029556650245,0.040419904116382854,0.15255013277172425,0.10723082336382839,0.049741463530869424,0.06773701451557945,0.15713208811458246,0.025809517649426995,0.1525501327717242,0.04499792444997924,0.20943865874418163,0.013466274727893858,0.302659265804879,66.75371083012644,0.7874015748031497,-0.031173029556650245,0.06978467619086826,0.003843610514134621,0.15255013277172425,0.10723082336382839,-0.04663541749424009
22124,2026-01-26,-0.008103598951298974,0.028037383177569986,0.12609362316226203,0.11339011013510492,0.024176159002484456,0.05824964294140005,0.1442639144182446,0.02579507617219138,0.1260936231622621,0.022857611010978208,-0.0029753273594291074,0.01525830997196636,0.2988139881527683,67.73113931111422,0.693655589123867,-0.008103598951298974,-0.031173029556650245,0.06978467619086826,0.12609362316226203,0.11339011013510492,-0.055506607929515416
22124,2026-01-27,-0.01786143372046456,-0.056188423645320174,0.08159124988974154,0.15374482499059083,-0.004903949824362018,0.03974878249391598,0.1204312865497076,0.022774711703565306,0.08159124988974155,-0.011009396297939266,0.08275890373422994,0.01745229163268635,0.3281528622655424,75.34905367669873,0.43996931338703493,-0.01786143372046456,-0.008103598951298974,-0.031173029556650245,0.08159124988974154,0.15374482499059083,-0.04819768390148426
22124,2026-01-28,-0.010275648344478916,-0.03583061889250816,0.03828549428925876,0.1488616462346759,-0.02021233038654282,0.029204322839075175,0.10560119038581248,0.018850491079797062,0.038285494289258676,-0.003939592908732764,-0.12873121998335044,0.01944627554383652,0.37753096342844616,73.93819455015984,0.042505592841163314,-0.010275648344478916,-0.01786143372046456,-0.008103598951298974,0.03828549428925876,0.1488616462346759,-0.033289386947923535
22124,2026-01-29,-0.0016891891891891442,-0.029595514617541063,0.0014465200859645755,0.1401750423489554,-0.022064758654090102,0.027516633378706794,0.10040094580016079,0.01547808196783875,0.0014465200859646223,-0.00144234731723399,-0.162822013333987,0.010399900953324255,0.2921697472748466,72.96838858905166,0.0,-0.0016891891891891442,-0.010275648344478916,-0.01786143372046456,0.0014465200859645755,0.1401750423489554,-0.0229870826627048
22124,2026-01-30,0.0023523585489662047,-0.009623226227369108,-4.1170900407561106e-05,0.12366412213740463,-0.01975865269858105,0.029844923988444134,0.09948710520001995,0.013044641201902784,-4.117090040759191e-05,0.00251785198332439,-0.24958944997830732,0.012928194993412384,0.41720706487136555,71.62971354588122,0.032515687393040504,0.0023523585489662047,-0.0016891891891891442,-0.010275648344478916,-4.1170900407561106e-05,0.12366412213740463,-0.006258234519104084
22124,2026-01-31,-0.007246376811594235,-0.0065919578114700395,-0.07204433497536944,0.10900561125931385,-0.016244003940059863,0.022966398913904236,0.08809264391249642,0.010185531409689242,-0.07204433497536945,-0.016479034100179476,0.05324113546752606,0.016630723291307232,0.33603941160144324,69.02697495183044,0.0,-0.007246376811594235,0.0023523585489662047,-0.0016891891891891442,-0.07204433497536944,0.10900561125931385,0.0019907100199071004
22124,2026-02-01,-0.004644990046449915,-0.009533242540547215,-0.04663541749424005,0.09880047614687304,-0.014067149069525914,0.019594626169878636,0.07974571988296753,0.007449607630023787,-0.04663541749424009,-0.0383459550426734,0.08108550379763337,0.016791666666666667,0.2917104635504392,67.29166666666667,0.0,-0.004644990046449915,-0.007246376811594235,0.0023523585489662047,-0.04663541749424005,0.09880047614687304,0.0115
22124,2026-02-02,-0.01733333333333331,-0.02898550724637683,-0.05550660792951545,0.06358798592946702,-0.02321150694333509,0.0040914683730771395,0.05760640415516696,0.0034106574814125514,-0.055506607929515416,-0.060772600557546796,0.0021923672165694895,0.021328018995929444,0.3437098948007562,61.14800759013282,0.0,-0.01733333333333331,-0.004644990046449915,-0.007246376811594235,-0.05550660792951545,0.06358798592946702,0.03735583446404342
22124,2026-02-03,-0.010261194029850706,-0.03193430656934304,-0.04819768390148427,0.029461056716944434,-0.026425707118555155,-0.0038295644652835575,0.04306766499175784,-0.0005199578510484927,-0.04819768390148426,-0.06732728653054701,0.07042800825224928,0.018764458915260046,0.2996036883752979,55.50609957138147,0.0,-0.010261194029850706,-0.01733333333333331,-0.004644990046449915,-0.04819768390148427,0.029461056716944434,0.05522234598577671
22124,2026-02-04,0.005226630108816632,-0.022333333333333316,-0.033289386947923494,0.003721606707447478,-0.016602702654157326,0.003318167824034419,0.04550441419354328,-0.0024754401595096934,-0.033289386947923535,-0.05478569126651627,-0.25603367197304244,0.013211728605523354,0.31473257385595677,50.793072014585235,0.12896405919661733,0.005226630108816632,-0.010261194029850706,-0.01733333333333331,-0.033289386947923494,0.003721606707447478,0.051824070917149676
22124,2026-02-05,0.008949880668257748,0.0038161465400270433,-0.022987082662704772,-0.021573813853529522,-0.0044814494425220635,0.013574841446080208,0.05185053538899009,-0.002637546991654062,-0.0229870826627048,-0.035996416646306706,-0.005783474504576927,0.01816338599307257,0.39400422538977886,44.64725184577523,0.35095137420718814,0.008949880668257748,0.005226630108816632,-0.010261194029850706,-0.022987082662704772,-0.021573813853529522,0.06336064881304385
22124,2026-02-06,0.01951507983441747,0.03401593693770888,-0.006258234519104122,-0.006299147762361512,0.015873779402568733,0.03341382794704489,0.06924517268469017,-0.0003892798229509461,-0.006258234519104084,-0.0016545334215751159,-0.035511742541889976,0.013133907855485582,0.32116747231230497,48.54146806482365,1.0,0.01951507983441747,0.008949880668257748,0.005226630108816632,-0.006258234519104122,-0.006299147762361512,0.06554524361948956
22124,2026-02-07,0.0009943652635067135,0.0296624616433685,0.001990710019907027,-0.07019704433497542,0.01659052656888673,0.034093114035588304,0.06734210022530808,0.0011972985834096243,0.0019907100199071004,0.009864571141949507,0.3476380777184193,0.017259933774834438,0.30422184524000045,24.482372691662007,1.0,0.0009943652635067135,0.01951507983441747,0.008949880668257748,0.001990710019907027,-0.07019704433497542,0.08778973509933775
22124,2026-02-08,0.004801324503311166,0.02542874039030152,0.011500000000000066,-0.0356717247954238,0.019779639453659407,0.03777886708997846,0.06930379065364949,0.0027487511497562666,0.0115,0.03690415171706817,0.19535632471725767,0.013140550337782171,0.34954939531698637,34.40972222222223,1.0,0.004801324503311166,0.0009943652635067135,0.01951507983441747,0.011500000000000066,-0.0356717247954238,0.10491843796342067
22124,2026-02-09,0.007785467128027745,0.013631090487238984,0.03735583446404345,-0.020224269122947502,0.022314153190422466,0.04348679131543736,0.07419945466759757,0.004574814122756656,0.03735583446404342,0.06974202011368605,-0.19655018109786726,0.011608420192111179,0.32741568560541434,41.18673647469459,1.0,0.007785467128027745,0.004801324503311166,0.0009943652635067135,0.03735583446404345,-0.020224269122947502,0.12855099121193542
22124,2026-02-10,0.006785203351727054,0.019495033112582716,0.0552223459857768,0.004363072908171617,0.02139141973626523,0.04774422977123272,0.07791637552387473,0.006398962317271135,0.05522234598577671,0.08334799437016185,-0.05455065213981246,0.015752507003369737,0.2651042306086871,52.06963249516441,1.0,0.006785203351727054,0.007785467128027745,0.004801324503311166,0.0552223459857768,0.004363072908171617,0.0937030571231375
22124,2026-02-11,0.001989362997848243,0.01664195089800624,0.05182407091714958,0.016809492419248562,0.016103798331980633,0.046485496338572796,0.07645850386225288,0.007594244294942482,0.051824070917149676,0.10045926784679181,-0.21867181066181293,0.010656401944894651,0.30350282552251606,58.56423173803526,1.0,0.001989362997848243,0.006785203351727054,0.007785467128027745,0.05182407091714958,0.016809492419248562,0.06081847649918963
22124,2026-02-12,0.020016207455429536,0.02898017576129175,0.06336064881304382,0.03891708967851093,0.027378412098739455,0.061553577377363056,0.09399588120685955,0.010457769815931363,0.06336064881304385,0.184324426044411,0.031458601236825666,0.011519822038611266,0.29656729999671094,66.63139329805998,1.0,0.020016207455429536,0.001989362997848243,0.006785203351727054,0.06336064881304382,0.03891708967851093,-0.017240009533645826
22124,2026-02-13,0.021609597203463782,0.044131379156347794,0.06554524361948966,0.05887681159420288,0.0399875219521212,0.0775397335269965,0.11320750179753619,0.014496321528060786,0.06554524361948956,0.2173048705448005,0.048281576434567416,0.022591181273816003,0.29772003905606065,71.52317880794702,1.0,0.021609597203463782,0.020016207455429536,0.001989362997848243,0.06554524361948966,0.05887681159420288,-0.054125515203359516
22124,2026-02-14,0.02189128237032434,0.06487034035656403,0.08778973509933774,0.08995520902455212,0.04989014124696812,0.09344857284317708,0.13282613849436412,0.019185310671771358,0.08778973509933775,0.23663655185394317,0.1435933484573917,0.015981127049960048,0.288887780150478,79.23968724723645,1.0,0.02189128237032434,0.021609597203463782,0.020016207455429536,0.08778973509933774,0.08995520902455212,-0.07552985046231117
22124,2026-02-15,0.0206232639549484,0.06550409152299985,0.10491843796342071,0.11762500000000009,0.05618995117341313,0.10799620520008761,0.15103540117951492,0.02397089767093,0.10491843796342067,0.2409437890353921,0.353608634333196,0.013346754650859338,0.27751540955276843,84.10244020294758,1.0,0.0206232639549484,0.02189128237032434,0.021609597203463782,0.10491843796342071,0.11762500000000009,-0.076874324273944
22124,2026-02-16,0.029340491369347133,0.07356715141146286,0.12855099121193536,0.17070895522388052,0.06827992947042016,0.13136417961413688,0.17914578956833935,0.029681205518914112,0.12855099121193542,0.2698923742066047,0.1952335585496376,0.015610286128214416,0.2679204936704004,94.63414634146342,1.0,0.029340491369347133,0.0206232639549484,0.02189128237032434,0.12855099121193536,0.17070895522388052,-0.1116262223831945
22124,2026-02-17,-0.02430278884462156,0.02503709904493734,0.09370305712313742,0.1540999057492931,0.02918815663801337,0.09623695440450777,0.1456416653672229,0.02928603698292699,0.0937030571231375,0.23335775112169216,-0.12069736532110015,0.014551393889899402,0.3117940152308694,86.41425389755011,0.7709897610921501,-0.02430278884462156,0.029340491369347133,0.0206232639549484,0.09370305712313742,0.1540999057492931,-0.0842273284086269
22124,2026-02-18,-0.028137644307509535,-0.023934682921373462,0.0608184764991897,0.11579440845550626,-0.007898184337884256,0.059632043538501524,0.10914456221248044,0.024674758707260585,0.06081847649918963,0.18070713448182557,-0.2227643820067022,0.01604216798441618,0.3448908287724372,74.3677130044843,0.4133825944170772,-0.028137644307509535,-0.02430278884462156,0.029340491369347133,0.0608184764991897,0.11579440845550626,-0.06932508307551277
22124,2026-02-19,-0.0550399144417707,-0.10394784498370158,-0.017240009533645795,0.04502830108980316,-0.06029561782388822,-0.0014731701410610862,0.045233849127868694,0.014429831815769949,-0.017240009533645826,0.09111757960659786,-0.062073835471240076,0.020331447049312855,0.3369983146914749,57.83132530120482,0.0,-0.0550399144417707,-0.028137644307509535,-0.02430278884462156,-0.017240009533645795,0.04502830108980316,-0.019644300727566694
22124,2026-02-20,-0.01673403395311235,-0.09699691896506923,-0.05412551520335951,0.007872058336095389,-0.06898851831601964,-0.019434486539360814,0.025551423486960982,0.005355060573449054,-0.054125515203359516,0.0405954570731916,0.015133324651223364,0.019978623694812136,0.3087082981704616,51.40574134359277,0.0,-0.01673403395311235,-0.0550399144417707,-0.028137644307509535,-0.05412551520335951,0.007872058336095389,0.006495108114774315
22124,2026-02-21,-0.0012332483762229618,-0.07199877773958219,-0.0755298504623112,0.005629139072847789,-0.05993422325401432,-0.020775340433992904,0.022466640450052842,-0.0009245599266539247,-0.07552985046231117,0.004132914531327492,0.004615000383223435,0.01378827790582812,0.3493852354989695,51.00532229450029,0.0,-0.0012332483762229618,-0.01673403395311235,-0.0550399144417707,-0.0755298504623112,0.005629139072847789,0.0025518603885413237
22124,2026-02-22,0.01913895291405998,0.0008488278092158019,-0.07687432427394403,0.01997857966716099,-0.030896881796782873,-0.002666430366694622,0.04054185929345561,-0.002851705863445477,-0.076874324273944,0.019432664992383383,0.09838424233380588,0.01082347239610678,0.3219126885557075,53.40925066779136,0.14031382015691007,0.01913895291405998,-0.0012332483762229618,-0.01673403395311235,-0.07687432427394403,0.01997857966716099,-0.022777755341060538
22124,2026-02-23,-0.009409959210048058,0.00830387239990138,-0.11162622238319453,0.0025751072961373023,-0.02318357408218654,-0.010116229014205816,0.029238500957427888,-0.005105261526977255,-0.1116262223831945,-0.05603448275862069,-0.06334458353163082,0.01797945205479452,0.34199976692693157,50.44012854547996,0.08777903897086645,-0.009409959210048058,0.01913895291405998,-0.0012332483762229618,-0.11162622238319453,0.0025751072961373023,-0.0066046966731898235
22124,2026-02-24,0.005789302022178644,0.015393480408297577,-0.0842273284086269,0.0015833705493077943,-0.004680061324941499,-0.0037100057077010203,0.03361446641276701,-0.0057455606442929725,-0.0842273284086269,-0.02002065623262096,-0.14132089731297337,0.0139440616132955,0.2983516723598613,50.27337726061966,0.1984084880636605,0.005789302022178644,-0.009409959210048058,0.01913895291405998,-0.0842273284086269,0.0015833705493077943,-0.002959059586542359
22124,2026-02-25,-0.012322659100121647,-0.015952505956948415,-0.06932508307551277,-0.012722852512155547,-0.0065526219224519245,-0.01518621707991357,0.0196519697304334,-0.007406257956935874,-0.06932508307551277,-0.02418902683219864,-0.29398615438803904,0.012845768694081917,0.254752366207524,47.87493232268543,0.15053763440860216,-0.012322659100121647,0.005789302022178644,-0.009409959210048058,-0.06932508307551277,-0.012722852512155547,-0.002462447672986949
22124,2026-02-26,-0.004596568989575611,-0.011170906718851903,-0.019644300727566733,-0.03654564232938751,-0.008311867337223477,-0.019356264707230106,0.01373482841333119,-0.00878173660819196,-0.019644300727566694,-0.01100962322622737,-0.08355986107756769,0.01678073719798796,0.3446273306714991,43.43419925777905,0.0,-0.004596568989575611,-0.012322659100121647,0.005789302022178644,-0.019644300727566733,-0.03654564232938751,-0.025191720953244824
22124,2026-02-27,0.009482971880926838,-0.007539521686258599,0.006495108114774384,-0.04798195816159889,0.00016923534801213194,-0.010339614709900616,0.02184372036513637,-0.008301558877338305,0.006495108114774315,0.00873434410019776,0.0783062864502252,0.01458095082502859,0.3085439458027982,40.78003586371787,0.4536489151873767,0.009482971880926838,-0.004596568989575611,-0.012322659100121647,0.006495108114774384,-0.04798195816159889,-0.03177585361868976
22124,2026-02-28,-0.005146217938245434,-0.00032832635639823415,0.0025518603885412716,-0.07317073170731703,-0.005337735749995646,-0.01560106746272837,0.01510323888233167,-0.00831406989590874,0.0025518603885413237,0.005241219924889604,0.1951854888809334,0.016462763773708842,0.40442359688494295,34.62829736211032,0.20512820512820512,-0.005146217938245434,0.009482971880926838,-0.004596568989575611,0.0025518603885412716,-0.07317073170731703,-0.03440348140241399
22124,2026-03-01,-0.00660973807373344,-0.0023501278139688164,-0.022777755341060524,-0.09790105506468327,-0.008650508905107844,-0.021987793541085647,0.006944059125764247,-0.008817298229536344,-0.022777755341060538,-0.0037467061923583665,0.1330362499328878,0.008182832582551557,0.3365521305044728,27.647259107933266,0.0,-0.00660973807373344,-0.005146217938245434,0.009482971880926838,-0.022777755341060524,-0.09790105506468327,-0.01772947059552837
22124,2026-03-02,0.006984336901268762,-0.004819473942166308,-0.006604696673189858,-0.11749366171676934,-0.0007791675210170187,-0.01549393656967694,0.012431129254012253,-0.008048415021490823,-0.0066046966731898235,0.01053417385534174,-0.008769825892916814,0.012312238364934745,0.4301900679639822,19.1400304414003,0.3572938689217759,0.006984336901268762,-0.00660973807373344,-0.005146217938245434,-0.006604696673189858,-0.11749366171676934,-0.022900763358778626
22124,2026-03-03,0.00948042354099976,0.009811971426225474,-0.002959059586542412,-0.08693715431159288,0.009125435172486592,-0.006958864511405822,0.020543830880702198,-0.006177676129725686,-0.002959059586542359,0.024875,-0.10548155679374266,0.0190267105744603,0.316224085202064,25.685215946843854,1.0,0.00948042354099976,0.006984336901268762,-0.00660973807373344,-0.002959059586542412,-0.08693715431159288,-0.03923242671870553
22124,2026-03-04,-0.011830711062324695,0.0045046906641319495,-0.002462447672986978,-0.07161682135900083,-0.002462447672986949,-0.01965977550507329,0.007369434644677903,-0.006144280479842224,-0.002462447672986949,0.030613975576662143,-0.05784167611834412,0.019953920842590307,0.28558369577768367,28.44332030351805,0.2725,-0.011830711062324695,0.00948042354099976,0.006984336901268762,-0.002462447672986978,-0.07161682135900083,-0.03838558380646754
22124,2026-03-05,-0.027277215502345076,-0.029672494459492715,-0.025191720953244845,-0.04434114793856103,-0.0261840177462916,-0.04678647070839562,-0.02027888765393112,-0.009103969804354321,-0.025191720953244824,0.012895210350441265,-0.1266614837755875,0.02309351605126253,0.28353856547039935,34.640156818818255,0.0,-0.027277215502345076,-0.011830711062324695,0.00948042354099976,-0.025191720953244845,-0.04434114793856103,-0.022966628600431416
22124,2026-03-06,0.0026646364674534073,-0.03622392974753019,-0.03177585361868973,-0.025487133108608062,-0.019098792360483015,-0.044557235479199174,-0.017804407022325153,-0.010446027105001672,-0.03177585361868976,0.010313672008182747,-0.11655934794877502,0.019488737028600354,0.39263336402986143,40.372670807453424,0.0660377358490566,0.0026646364674534073,-0.027277215502345076,-0.011830711062324695,-0.03177585361868973,-0.025487133108608062,-0.027841052898000505
22124,2026-03-07,-0.007846114907618329,-0.03233769439644529,-0.034403481402414005,-0.031939413895291424,-0.02195027772002251,-0.05185758513931894,-0.025210161428844424,-0.011891243837094122,-0.03440348140241399,-0.006505026611472502,0.19603406289232078,0.016879251700680272,0.3065613018340484,38.50710900473934,0.0,-0.007846114907618329,0.0026646364674534073,-0.027277215502345076,-0.034403481402414005,-0.031939413895291424,-0.02304421768707483
22124,2026-03-08,0.01054421768707492,0.00528697711796311,-0.01772947059552832,-0.0401033883930374,-0.00911224137314922,-0.04138613435436346,-0.015056949905171688,-0.011239073226925649,-0.01772947059552837,-0.015246934040437522,0.14088509605977736,0.008835408953214406,0.31824173104095543,34.283000949667624,0.23026926648096566,0.01054421768707492,-0.007846114907618329,0.0026646364674534073,-0.01772947059552832,-0.0401033883930374,-0.04274654998317065
22124,2026-03-09,0.0016829350387075337,0.004302708175145442,-0.022900763358778664,-0.02935420743639927,-0.004135095728661168,-0.039318225837691324,-0.013525626594367976,-0.010248300263352111,-0.022900763358778626,-0.01456953642384106,-0.06324289061260996,0.012390793010752688,0.3191223716064985,37.862440997977075,0.26740947075208915,0.0016829350387075337,0.01054421768707492,-0.007846114907618329,-0.022900763358778664,-0.02935420743639927,-0.05880376344086022
22124,2026-03-10,-0.007392473118279619,0.004761904761904745,-0.039232426718705526,-0.04207539521686254,-0.0057638100046278765,-0.045593327122833316,-0.020803235260806952,-0.010126476543396446,-0.03923242671870553,-0.0265282583621684,0.0373514408669761,0.01806872037914692,0.28296005256654355,32.7,0.14249363867684478,-0.007392473118279619,0.0016829350387075337,0.01054421768707492,-0.039232426718705526,-0.04207539521686254,-0.06584292484766419
22124,2026-03-11,-0.010959715639810463,-0.016618983507236673,-0.038385583806467505,-0.04075350898793406,-0.011115140525838644,-0.054663653914600326,-0.031426594156153544,-0.010989081957213124,-0.03838558380646754,-0.04463519313304721,-0.15670239104629477,0.01916741539383049,0.3061859356041091,33.19796954314721,0.0,-0.010959715639810463,-0.007392473118279619,0.0016829350387075337,-0.038385583806467505,-0.04075350898793406,-0.06182347152697557
22124,2026-03-12,-0.011680143755615435,-0.029737903225806495,-0.022966628600431416,-0.047579780654737336,-0.019447324855827897,-0.0637728737309259,-0.042505127134041476,-0.01254765297843428,-0.022966628600431416,-0.06215744387154399,-0.13055160925438633,0.015454545454545455,0.278061519008219,31.482670089858786,0.0,-0.011680143755615435,-0.010959715639810463,-0.007392473118279619,-0.022966628600431416,-0.047579780654737336,-0.04961038961038961
22124,2026-03-13,-0.002337662337662305,-0.02479688557887605,-0.02784105289800054,-0.058732233295213154,-0.01780854444830036,-0.06389500806286733,-0.044054851140258616,-0.01343253930783772,-0.027841052898000505,-0.06620745542949757,-0.0005508583313292529,0.014405970667360931,0.3308820069822808,25.544217687074834,0.0,-0.002337662337662305,-0.011680143755615435,-0.010959715639810463,-0.02784105289800054,-0.058732233295213154,-0.03514709711012757
22124,2026-03-14,-0.0029506204981342155,-0.016899841697685325,-0.023044217687074875,-0.056654897774858326,-0.01746434134571337,-0.0638737056526905,-0.046269765614299165,-0.01391710147962284,-0.02304421768707483,-0.08723285929927703,0.014349779822957785,0.013752284794150927,0.32542503328321926,26.058292852185986,0.0,-0.0029506204981342155,-0.002337662337662305,-0.011680143755615435,-0.023044217687074875,-0.056654897774858326,-0.031247280006963182
22124,2026-03-15,-0.009835494821133217,-0.015064935064935114,-0.04274654998317062,-0.05971814687771215,-0.02105243747272401,-0.06933239161232002,-0.05487911824165268,-0.014920504572165193,-0.04274654998317065,-0.11532778598646862,0.2388098305831457,0.019207102672292545,0.29313221806243295,25.483542585680354,0.0,-0.009835494821133217,-0.0029506204981342155,-0.002337662337662305,-0.04274654998317062,-0.05971814687771215,-0.012570323488045007
22124,2026-03-16,-0.015119549929676457,-0.027683762908964682,-0.058803763440860246,-0.08035787572847408,-0.027484825375568057,-0.0785375910167558,-0.06803933909870546,-0.016842202800026504,-0.05880376344086022,-0.14736882158213158,0.03601708212336086,0.018252409853623707,0.2778951928228629,18.64189622037155,0.0,-0.015119549929676457,-0.009835494821133217,-0.0029506204981342155,-0.058803763440860246,-0.08035787572847408,0.009594787575865762
22124,2026-03-17,-0.014816137093895065,-0.039254939507354814,-0.06584292484766419,-0.10249217384233855,-0.03256058547701477,-0.08624441044221152,-0.08082966082797682,-0.019267925198229237,-0.06584292484766419,-0.17697498415538904,-0.029492315329619836,0.01784743612973365,0.2800104628839064,10.890474713000316,0.0,-0.014816137093895065,-0.015119549929676457,-0.009835494821133217,-0.06584292484766419,-0.10249217384233855,0.022513136437760463
22124,2026-03-18,-0.006704113063960904,-0.03621659634317864,-0.06182347152697554,-0.09783592528593765,-0.030273931062367285,-0.0851987256416639,-0.08564417996527017,-0.02101873713696931,-0.06182347152697557,-0.20579500181093807,-0.24584862610078384,0.013909157241882525,0.3480069927814369,11.39610389610391,0.0,-0.006704113063960904,-0.014816137093895065,-0.015119549929676457,-0.06182347152697554,-0.09783592528593765,0.043141189346953664
22124,2026-03-19,0.0011856986501277422,-0.020260621206711904,-0.04961038961038966,-0.07143763481791654,-0.022043756602308673,-0.07772061356462898,-0.08350016420239387,-0.021365482596985657,-0.04961038961038961,-0.18504770036007276,-0.23362301324016538,0.010977498405757492,0.3264772591233673,15.431846090871872,0.023255813953488372,0.0011856986501277422,-0.006704113063960904,-0.014816137093895065,-0.04961038961038966,-0.07143763481791654,0.047918374783638515
22124,2026-03-20,0.012845039628313737,0.007247689798876689,-0.035147097110127534,-0.062009617818273854,-0.004349717268377625,-0.060684871517945486,-0.07102445219761547,-0.01942940981488319,-0.03514709711012757,-0.1506817921393377,-0.051406114469102794,0.015605324698686814,0.3276712008066211,22.38918106686701,0.29333333333333333,0.012845039628313737,0.0011856986501277422,-0.006704113063960904,-0.035147097110127534,-0.062009617818273854,0.025364274150026983
22124,2026-03-21,0.0010793308148948633,0.015140459686245888,-0.031247280006963196,-0.0535714285714286,0.0013237883480921209,-0.05637582185596384,-0.06942349684768027,-0.017402645459373083,-0.031247280006963182,-0.10024252223120453,0.010511001405825983,0.016756513926325246,0.35006731337837665,24.799999999999997,0.4029126213592233,0.0010793308148948633,0.012845039628313737,0.0011856986501277422,-0.031247280006963196,-0.0535714285714286,0.020305480682839175
22124,2026-03-22,0.009254267744833733,0.023321490388995114,-0.012570323488044988,-0.05477953550992931,0.012451071281417364,-0.045133649837002084,-0.060266934868802934,-0.014429997634539261,-0.012570323488045007,-0.07646139932582421,0.24457730459269536,0.01513398023680228,0.3186889313963708,23.515052888527265,1.0,0.009254267744833733,0.0010793308148948633,0.012845039628313737,-0.012570323488044988,-0.05477953550992931,0.04001602421436838
22124,2026-03-23,0.006988337932876343,0.01740420939017806,0.009594787575865737,-0.049773185483870996,0.01811717660068272,-0.03617623167330345,-0.053781120515141716,-0.011196871308639895,0.009594787575865762,-0.06885907145209087,-0.030498367602046158,0.01458692481103302,0.34153258021328403,26.990291262135926,1.0,0.006988337932876343,0.009254267744833733,0.0010793308148948633,0.009594787575865737,-0.049773185483870996,0.03956150819961986
22124,2026-03-24,-0.002210140122883786,0.014061096136567919,0.022513136437760428,-0.04481211916046035,0.012631376570110181,-0.035308899449553864,-0.05546021888019525,-0.008981216443232208,0.022513136437760463,-0.0883647671741852,-0.06690165610747115,0.013821822531342755,0.35932983698188914,28.37893017558187,0.9280575539568345,-0.002210140122883786,0.006988337932876343,0.009254267744833733,0.022513136437760428,-0.04481211916046035,0.01851769813493997
22124,2026-03-25,0.013334514685686472,0.018160776284162683,0.04314118934695377,-0.021349420271253194,0.01995082364032466,-0.020136451518015956,-0.0424423009925545,-0.005681040959125786,0.043141189346953664,-0.0674331376386171,-0.08724702809918623,0.01062341523126694,0.26600002928129074,39.983942191890804,1.0,0.013334514685686472,-0.002210140122883786,0.006988337932876343,0.04314118934695377,-0.021349420271253194,-0.008830987146979103
22124,2026-03-26,0.005770744076243783,0.016929673341289808,0.04791837478363847,-0.004069264069264111,0.019008086662701446,-0.012134692510498637,-0.036430641332487565,-0.00267021491341692,0.047918374783638515,-0.06745034454803404,0.018251921649168747,0.020212118577762322,0.29079345219476593,47.99999999999999,1.0,0.005770744076243783,0.013334514685686472,-0.002210140122883786,0.04791837478363847,-0.004069264069264111,-0.025515083021820394
22124,2026-03-27,-0.008954185864557096,0.010056261905816655,0.025364274150027066,-0.010674303566779453,0.006292480548795051,-0.018780878277185855,-0.04434170652069132,-0.0016871821248471274,0.025364274150026983,-0.06426988426495937,-0.049949719035615577,0.01793859649122807,0.3656150815366094,45.08393285371703,0.7238605898123325,-0.008954185864557096,0.005770744076243783,0.013334514685686472,0.025364274150027066,-0.010674303566779453,-0.012675438596491229
22124,2026-03-28,-0.0038596491228070073,-0.007082276820844613,0.020305480682839105,-0.01157629036469665,-0.00044010210368805564,-0.020401121414707787,-0.04710492530508698,-0.0014442357481886316,0.020305480682839175,-0.06357714191473571,0.025204240877625097,0.011447692849594928,0.2628238328814145,44.72640761300555,0.45555555555555555,-0.0038596491228070073,-0.008954185864557096,0.005770744076243783,0.020305480682839105,-0.01157629036469665,-0.022058823529411766
22124,2026-03-29,0.028751320887636433,0.01560462488046599,0.04001602421436834,0.026942686357243284,0.022519114990028274,0.00938754174280811,-0.019249362093499246,0.0021042314269687605,0.04001602421436838,-0.0457033164515602,0.2052240892521452,0.012411726942007276,0.29617867021821537,60.3933536792133,1.0,0.028751320887636433,-0.0038596491228070073,-0.008954185864557096,0.04001602421436834,0.026942686357243284,-0.04609458591910978
22124,2026-03-30,0.006548255938369385,0.03149122807017535,0.0395615081996199,0.04953588004284182,0.023488013528300034,0.01722773219375681,-0.01248265002624364,0.005098575081359686,0.03956150819961986,-0.034485589949913784,-0.08711777172267629,0.020282336933412706,0.24612594312246083,70.12327773749094,1.0,0.006548255938369385,0.028751320887636433,-0.0038596491228070073,0.0395615081996199,0.04953588004284182,-0.05502168551747597
22124,2026-03-31,-0.02240836805850832,0.012284255019372914,0.018517698134939975,0.041447726037325605,-0.0020401076482333535,-0.0038345718061483136,-0.03405427939083316,0.00419586527058553,0.01851769813493997,-0.04984088936645038,-0.16224992882615455,0.018094036797007523,0.2757109285453579,65.49271926854047,0.34615384615384615,-0.02240836805850832,0.006548255938369385,0.028751320887636433,0.018517698134939975,0.041447726037325605,-0.039015266843547475
22124,2026-04-01,-0.013874994563089937,-0.029659747485555332,-0.008830987146979052,0.033929222911346146,-0.014652560472855578,-0.015247049693712508,-0.046636094557058694,0.001850162826511796,-0.008830987146979103,-0.06952310596733152,0.0007239312945371998,0.0167166549047283,0.26360580175913395,61.9078104993598,0.0,-0.013874994563089937,-0.02240836805850832,0.006548255938369385,-0.008830987146979052,0.033929222911346146,-0.024258997882851095
22124,2026-04-02,-0.011159139026111542,-0.04673016412960285,-0.025515083021820373,0.02118065045094286,-0.0220841615932501,-0.02315569931141464,-0.05615558737499158,-0.0010324376342205927,-0.025515083021820394,-0.08854738382729602,-0.01806219502424552,0.017663588920112404,0.3609351584661704,56.93822739480752,0.0,-0.011159139026111542,-0.013874994563089937,-0.02240836805850832,-0.025515083021820373,0.02118065045094286,-0.011106650608858558
22124,2026-04-03,0.004103662072349357,-0.020877734765777922,-0.012675438596491229,0.01236733225400255,-0.01629959797238245,-0.016583226302499653,-0.051128768924828996,-0.0024093947770497375,-0.012675438596491229,-0.07385007816999918,0.061253742885180026,0.016169872506774464,0.3396587782604489,54.349889275545706,0.08371246587807098,0.004103662072349357,-0.011159139026111542,-0.013874994563089937,-0.012675438596491229,0.01236733225400255,-0.022700013326818
22124,2026-04-04,-0.013326818000088836,-0.02033345095271699,-0.022058823529411797,-0.002201257861635275,-0.02636407472117334,-0.02766144354327967,-0.0625378105388348,-0.004774885747948256,-0.022058823529411766,-0.06056760986338451,-0.13532482439231472,0.01080545675566161,0.2759217022983032,49.28716904276986,0.0,-0.013326818000088836,0.004103662072349357,-0.011159139026111542,-0.022058823529411797,-0.002201257861635275,-0.01256134347845662
22124,2026-04-05,0.0034667507091081795,-0.005843257950845282,-0.046094585919109754,-0.007923083771031791,-0.01635458041737591,-0.022267455122918396,-0.058167739221318744,-0.005766745225491669,-0.04609458591910978,-0.05981608031721927,0.1336951661252582,0.014940775305096913,0.3112476200215233,47.30955259975816,0.05891354246365723,0.0034667507091081795,-0.013326818000088836,0.004103662072349357,-0.046094585919109754,-0.007923083771031791,-0.01615218951902369
22124,2026-04-06,-0.002871500358937573,-0.012749322553418319,-0.05502168551747599,-0.017636918180612637,-0.011111393628111595,-0.023223923630034695,-0.05984191566328483,-0.00655770786655474,-0.05502168551747597,-0.05510204081632653,0.02792457413914865,0.01408387329013679,0.3250747645711377,43.79471228615863,0.016666666666666666,-0.002871500358937573,0.0034667507091081795,-0.013326818000088836,-0.05502168551747599,-0.017636918180612637,-0.021463282937365012
22124,2026-04-07,-0.005849532037436989,-0.00526766016838498,-0.0390152668435475,-0.02122004164267044,-0.011258223105888625,-0.026550232193368106,-0.06442582302542126,-0.00753727586939588,-0.039015266843547475,-0.07043083136990912,-0.15923344811852377,0.012311034670046166,0.3448825595968648,42.731411229135055,0.0,-0.005849532037436989,-0.002871500358937573,0.0034667507091081795,-0.0390152668435475,-0.02122004164267044,-0.029419751968860323
22124,2026-04-08,0.0012673123925046603,-0.007447954055994299,-0.02425899788285113,-0.03287575413132815,-0.006511878564692145,-0.022897121958976054,-0.062445257743027414,-0.0077838619774605435,-0.024258997882851095,-0.07081653225806452,-0.09213153616663274,0.01017087062652563,0.2791972763637368,37.55790866975513,0.0671462829736211,0.0012673123925046603,-0.005849532037436989,-0.002871500358937573,-0.02425899788285113,-0.03287575413132815,-0.03462616399963837
22124,2026-04-09,0.002169785733658891,-0.0024298056155507286,-0.011106650608858515,-0.03633834651829959,-0.002763140984449346,-0.018664699372925173,-0.05986111595376053,-0.007437144409289894,-0.011106650608858558,-0.06186526743398781,-0.16687315623308785,0.011321605773567885,0.33372693217325256,35.77263444520082,0.18225419664268586,0.002169785733658891,0.0012673123925046603,-0.005849532037436989,-0.011106650608858515,-0.03633834651829959,-0.016824537663509248
22124,2026-04-10,-0.007668019846639562,-0.004254548746265963,-0.022700013326818036,-0.03508771929824561,-0.007149810778226971,-0.024212828052994177,-0.06668753264236789,-0.007859038522112694,-0.022700013326818,-0.058742994052967096,0.013965680477360048,0.01659090909090909,0.2697769352437663,36.216402481047545,0.0,-0.007668019846639562,0.002169785733658891,0.0012673123925046603,-0.022700013326818036,-0.03508771929824561,0.010818181818181819
22124,2026-04-11,-0.003090909090909144,-0.008588735195732777,-0.01256134347845661,-0.03434307854878482,-0.008435057805334836,-0.025546164224706742,-0.06921956813689244,-0.008235138415096254,-0.01256134347845662,-0.050562770562770566,0.20956944077169246,0.015274484771110706,0.30579786775615925,36.4677307425399,0.0,-0.003090909090909144,-0.007668019846639562,0.002169785733658891,-0.01256134347845661,-0.03434307854878482,0.01896771840233449
22124,2026-04-12,-0.00018238190771480145,-0.010915651781686964,-0.01615218951902364,-0.06150224695056705,-0.006305431475367456,-0.024108021023867728,-0.06917029883882118,-0.008231588750248705,-0.01615218951902369,-0.0485116723075588,0.07194127382963579,0.013589930682232762,0.32608521736347784,17.82355575459023,0.0,-0.00018238190771480145,-0.003090909090909144,-0.007668019846639562,-0.01615218951902364,-0.06150224695056705,0.020339292229113463
22124,2026-04-13,-0.00825428675665818,-0.011499999999999955,-0.02146328293736499,-0.07530402245088863,-0.011455066139369972,-0.030392652260500006,-0.07706737135161444,-0.008918505398584865,-0.021463282937365012,-0.0535729828531639,-0.11467067080236198,0.015450406952683128,0.3771216531140917,10.835913312693492,0.0,-0.00825428675665818,-0.00018238190771480145,-0.003090909090909144,-0.02146328293736499,-0.07530402245088863,0.03802823377937187
22124,2026-04-14,-0.013932956269830377,-0.022250592741200115,-0.029419751968860375,-0.06728719933887173,-0.02109649609046393,-0.042039931382826606,-0.09006257010317398,-0.010691975516859782,-0.029419751968860323,-0.05748945147679325,-0.033781813776884835,0.01907293415407573,0.3043958504817702,12.027491408934708,0.0,-0.013932956269830377,-0.00825428675665818,-0.00018238190771480145,-0.029419751968860375,-0.06728719933887173,0.07209475844058945
22124,2026-04-15,-0.004103711994030923,-0.02608537030280922,-0.03462616399963836,-0.05804516584333097,-0.020219299107991397,-0.04447427293064877,-0.0938411237644884,-0.01198015131534144,-0.03462616399963837,-0.04694751874330596,-0.18220221917147228,0.013204719985015921,0.3723117297036506,13.565891472868216,0.0,-0.004103711994030923,-0.013932956269830377,-0.00825428675665818,-0.03462616399963836,-0.05804516584333097,0.07960292189548604
22124,2026-04-16,0.020649934444652462,0.0022991677012922374,-0.01682453766350922,-0.02774432401088367,0.00246379858610807,-0.024336748624707406,-0.07520835425243505,-0.010060260527427527,-0.016824537663509248,-0.012638159086791086,-0.1496302245022714,0.013671606184337295,0.26460804420294454,34.40320962888667,0.6847826086956522,0.020649934444652462,-0.004103711994030923,-0.013932956269830377,-0.01682453766350922,-0.02774432401088367,0.05831077671239161
22124,2026-04-17,0.02023214203789503,0.037026674127961234,0.010818181818181838,-0.012127404380080864,0.021149027170989574,-0.005057186021227931,-0.05671839880325943,-0.006115841264428139,0.010818181818181819,0.014137176213060926,-0.17215148636769648,0.01870671823005666,0.3100677420562147,44.1741357234315,1.0,0.02023214203789503,0.020649934444652462,-0.004103711994030923,0.010818181818181838,-0.012127404380080864,0.03372605450130407
22124,2026-04-18,0.004946487993524595,0.04645064618842487,0.018967718402334466,0.006168114898023491,0.023407345379371777,-0.0007228825874725735,-0.05227848119159258,-0.002769798835115973,0.01896771840233449,0.017946615650906442,0.0429527623318927,0.016601038124216934,0.25888147422172003,53.1816070599164,1.0,0.004946487993524595,0.02023214203789503,0.020649934444652462,0.018967718402334466,0.006168114898023491,0.03154644710936102
22124,2026-04-19,0.0011634150706998359,0.026471532779740237,0.02033929222911346,0.003858578607322416,0.021617178938579604,0.00023395716944609861,-0.05126529527639745,-0.0003724771486891743,0.020339292229113463,0.0062061521856449,0.04885408231529048,0.01403414677750961,0.35993978791539627,52.04567078972408,1.0,0.0011634150706998359,0.004946487993524595,0.02023214203789503,0.02033929222911346,0.003858578607322416,0.027710735675337446
22124,2026-04-20,0.008938946992044228,0.015109272416584218,0.03802823377937181,0.015748740100791858,0.02521880737813935,0.00870300889068287,-0.04273950477037695,0.00224426252852158,0.03802823377937187,0.014106019766397125,-0.02958903370587346,0.017586604057765572,0.3646073291152875,57.81948168007149,1.0,0.008938946992044228,0.0011634150706998359,0.004946487993524595,0.03802823377937181,0.015748740100791858,0.0204660228581554
22124,2026-04-21,0.018428280322494883,0.028727402899588306,0.07209475844058955,0.04055399656015202,0.03374294211733273,0.02649050976259892,-0.024921040800534547,0.006029734497963391,0.07209475844058945,0.023324134247307043,-0.04906182119159404,0.008742931709438887,0.27312016033524644,67.74960380348654,1.0,0.018428280322494883,0.008938946992044228,0.0011634150706998359,0.07209475844058955,0.04055399656015202,0.0017398869073510222
22124,2026-04-22,0.002870813397129135,0.03048180924287114,0.07960292189548612,0.042220414067444256,0.0255119871391626,0.028774388919792764,-0.021596139646423502,0.00860182140394913,0.07960292189548604,0.01913981346417363,0.026749479892939482,0.016481609993060375,0.26915851115567313,68.22794691647151,1.0,0.002870813397129135,0.018428280322494883,0.008938946992044228,0.07960292189548612,0.042220414067444256,0.011016655100624566
22124,2026-04-23,0.00052047189451776,0.02188358288296266,0.0583107767123916,0.04050518718989626,0.01782562654429933,0.028552574279646012,-0.020523008594460934,0.010026448994123464,0.05831077671239161,0.021928853054534177,-0.16905380957213395,0.010924224033292873,0.32304796236792344,67.77513855898654,1.0,0.00052047189451776,0.002870813397129135,0.018428280322494883,0.0583107767123916,0.04050518718989626,0.011444425177735392
22124,2026-04-24,-0.003468007629616743,-8.699434536751927e-05,0.03372605450130406,0.04490909090909101,0.009523331534899992,0.02481190828940931,-0.022538238941711416,0.010194303622833344,0.03372605450130407,0.004983824429483256,-0.003569307812592812,0.02127196798329563,0.307156687906946,70.27914614121511,0.8888888888888888,-0.003468007629616743,0.00052047189451776,0.002870813397129135,0.03372605450130406,0.04490909090909101,0.012354271793979467
22124,2026-04-25,0.0028275622063684835,-0.0001301179736293845,0.03154644710936094,0.051112529637060033,0.00791990156336865,0.02763785494583872,-0.018791168046974616,0.010288736947465278,0.03154644710936102,0.0020429453186125357,0.04814614250334143,0.01726456426495467,0.3336672710940135,73.0374023838882,0.978386167146974,0.0028275622063684835,-0.003468007629616743,0.00052047189451776,0.03154644710936094,0.051112529637060033,0.007070663254240229
22124,2026-04-26,-0.0025593198282218843,-0.003207907057395487,0.02771073567533744,0.04861364465523521,0.0014621429415826778,0.02471241146551312,-0.020386948717366092,0.009700608385507866,0.027710735675337446,0.008508771929824561,0.17026802476808922,0.017352352787683743,0.3252848039592032,71.42282958199357,0.8502024291497976,-0.0025593198282218843,0.0028275622063684835,-0.003468007629616743,0.02771073567533744,0.04861364465523521,0.023006001565625815
22124,2026-04-27,0.0018265634513350282,0.0020880459370105076,0.020466022858155464,0.05927254333931109,0.00041567143344599513,0.02609026173408483,-0.017905866302864937,0.009206010571809857,0.0204660228581554,0.014265586474110602,-0.16387937158428412,0.015367251258899114,0.3499647914209843,77.43720732226478,0.6,0.0018265634513350282,-0.0025593198282218843,0.0028275622063684835,0.020466022858155464,0.05927254333931109,0.05990623372113214
22124,2026-04-28,-0.0002604618857440233,-0.0009977009499848588,0.0017398869073510514,0.07396008207423987,-9.30376802605732e-05,0.02633349822408214,-0.01758367388726317,0.008544682020204768,0.0017398869073510222,-0.01433768457093944,-0.13060682343918167,0.00985670864090317,0.3974718110249291,88.64522417153997,0.525,-0.0002604618857440233,0.0018265634513350282,-0.0025593198282218843,0.0017398869073510514,0.07396008207423987,0.06061658706035606
22124,2026-04-29,0.012158054711246091,0.013742715490997703,0.01101665510062455,0.09149653493163523,0.010471949912991737,0.03913279293871147,-0.005205139986827133,0.009246845954409035,0.011016655100624566,-0.008844289480397992,0.06662717807494142,0.014843414843414844,0.3206481550579025,93.53832442067736,1.0,0.012158054711246091,-0.0002604618857440233,0.0018265634513350282,0.01101665510062455,0.09149653493163523,0.021664521664521666
22124,2026-04-30,0.0009438009438009765,0.012849453030040037,0.011444425177735473,0.07042253521126751,0.009774766141347625,0.03958675550195604,-0.003814659088267481,0.009497504480053773,0.011444425177735392,0.014831890739854726,-0.11242827604763393,0.017358134750557176,0.3191902880003895,92.05479452054794,1.0,0.0009438009438009765,0.012158054711246091,-0.0002604618857440233,0.011444425177735473,0.07042253521126751,0.007843305331733242
22124,2026-05-01,-0.002571575518601099,0.010508033000434125,0.012354271793979521,0.046496987139131196,0.0054126781338912425,0.03599018260706985,-0.005980311150829031,0.009035858986838641,0.012354271793979467,0.02646436132674665,0.01831368769104717,0.011515984874527329,0.3361957662949406,85.803324099723,0.8224852071005917,-0.002571575518601099,0.0009438009438009765,0.012158054711246091,0.012354271793979521,0.046496987139131196,0.005886902715709866
22124,2026-05-02,-0.0024063251976623734,-0.004032604032604081,0.007070663254240328,0.03884016466797924,0.001985325852395339,0.03227642384871572,-0.008003144855639986,0.008150524583863098,0.007070663254240229,0.035550202952852494,0.2167986604151363,0.014860441075120606,0.3842566003585165,81.22302158273381,0.6568047337278107,-0.0024063251976623734,-0.002571575518601099,0.0009438009438009765,0.007070663254240328,0.03884016466797924,0.006374913852515506
22124,2026-05-03,0.013223638869745091,0.008186182067546621,0.02300600156562571,0.05135425046929476,0.01193468494767057,0.04436041822365944,0.00514377306246791,0.008843410125171694,0.023006001565625815,0.04495579938696637,0.25884049066904974,0.016409471581005825,0.2678119323932726,84.38061041292639,1.0,0.013223638869745091,-0.0024063251976623734,-0.002571575518601099,0.02300600156562571,0.05135425046929476,-0.004888832206776347
22124,2026-05-04,0.037962844875228496,0.04915778618081812,0.05990623372113224,0.08159829892797021,0.04151762046081936,0.08048147274014639,0.04277016670542069,0.013429183723588275,0.05990623372113214,0.09927513394264104,-0.10517827825119197,0.012368938401048492,0.24048504944959612,88.95939086294416,1.0,0.037962844875228496,0.013223638869745091,-0.0024063251976623734,0.05990623372113224,0.08159829892797021,-0.03825360419397117
22124,2026-05-05,0.00040956749672349524,0.052119228118538974,0.06061658706035611,0.0624619399739017,0.033155080213903676,0.0775257404515498,0.04272124279979054,0.015948403381857455,0.06061658706035606,0.09592605886575736,-0.16741200454742353,0.018627691803815606,0.26155407784890106,86.67007150153218,1.0,0.00040956749672349524,0.037962844875228496,0.013223638869745091,0.06061658706035611,0.0624619399739017,-0.03938426267092442
22124,2026-05-06,-0.025014328993695267,0.012413382646771165,0.021664521664521708,0.03291984732824438,0.004246987951807251,0.0481200735275779,0.016570282956897005,0.014032610379454346,0.021664521664521666,0.07158927285817135,-0.08671011120820042,0.023682553012807056,0.2756405330218404,65.1618058330004,0.49504132231404957,-0.025014328993695267,0.00040956749672349524,0.037962844875228496,0.021664521664521708,0.03291984732824438,-0.019861431870669747
22124,2026-05-07,-0.012597102666386695,-0.03690203145478377,0.007843305331733275,0.019377492630483717,-0.009495556103813309,0.03276384557951601,0.004060172920288095,0.010847822820959748,0.007843305331733242,0.06431610391961619,-0.24026154482368975,0.016415054220710185,0.3210366082838457,58.00788247939806,0.24710743801652893,-0.012597102666386695,-0.025014328993695267,0.00040956749672349524,0.007843305331733275,0.019377492630483717,-0.019774611949819266
22124,2026-05-08,-0.004507761003614719,-0.041635961680176914,0.005886902715709796,0.018313902905863877,-0.014772727272727272,0.02617493501198929,-0.0001096324181636298,0.007894541694314604,0.005886902715709866,0.05817737998372661,0.005587797315491094,0.017429193899782137,0.3436070019986439,57.472488462903804,0.15950413223140497,-0.004507761003614719,-0.012597102666386695,-0.025014328993695267,0.005886902715709796,0.018313902905863877,-0.016788414712290145
22124,2026-05-09,-0.0019223375624759509,-0.01893764434180134,0.00637491385251554,0.013490651975881729,-0.017540908763245853,0.022418463396596283,-0.0015996171174700539,0.00548865625167046,0.006374913852515506,0.05385656292286874,0.09611846922283279,0.011727443930833761,0.29251693878707286,55.55952806578476,0.0,-0.0019223375624759509,-0.004507761003614719,-0.012597102666386695,0.00637491385251554,0.013490651975881729,-0.016435541859270673
22124,2026-05-10,0.0018832391713747842,-0.004550287050818613,-0.004888832206776383,0.018004696877446325,-0.015010249289162225,0.02224441342205277,0.0007828710846944522,0.003959039884805555,-0.004888832206776347,0.064,0.13004964879274178,0.016020164046479837,0.34790695500020036,57.440690150970525,0.04143126177024482,0.0018832391713747842,-0.0019223375624759509,-0.004507761003614719,-0.004888832206776383,0.018004696877446325,-0.014439507860560492
22124,2026-05-11,0.003161312371838587,0.0031184587124610808,-0.03825360419397117,0.019361000173641285,-0.006317291242239382,0.023167453148760616,0.0044949363641159385,0.0031997168276094454,-0.03825360419397117,0.07067298923946745,-0.08878893895470856,0.008006132356698748,0.2531124502196408,57.92466240227435,0.1111111111111111,0.003161312371838587,0.0018832391713747842,-0.0019223375624759509,-0.03825360419397117,0.019361000173641285,-0.019930159270930926
22124,2026-05-12,-0.0007665445873434873,0.004280089025851641,-0.03938426267092443,0.018844984802431686,-0.0012708489149138625,0.020107384301023847,0.004305402512095068,0.002510277927970262,-0.03938426267092442,0.0700474279460051,0.059167200280426935,0.014618138424821002,0.3126054029694151,57.67869780608634,0.22172949002217296,-0.0007665445873434873,0.003161312371838587,0.0018832391713747842,-0.03938426267092443,0.018844984802431686,-0.016962154790317083
22124,2026-05-13,-0.005199454483464039,-0.0028195488721804995,-0.0198614318706698,0.00137280137280138,-0.0035979119914137745,0.012463131108669197,-4.521925388227631e-05,0.0013724294047445936,-0.019861431870669747,0.07334344967121902,-0.055632927545040664,0.011524290977636877,0.2900642868757213,50.599700149925035,0.0,-0.005199454483464039,-0.0007665445873434873,0.003161312371838587,-0.0198614318706698,0.00137280137280138,-0.013880558649644418
22124,2026-05-14,-0.012509639276840012,-0.018397070096243917,-0.01977461194981922,-0.012086404937424966,-0.013264513603923637,-0.0025185864757965018,-0.01129869455206284,-0.0008696726503751813,-0.019774611949819266,0.0748927438910651,0.004209297069627858,0.01457700650759219,0.3598533462154095,45.20081688223281,0.0,-0.012509639276840012,-0.005199454483464039,-0.0007665445873434873,-0.01977461194981922,-0.012086404937424966,-0.00893709327548807
22124,2026-05-15,-0.0014750542299348801,-0.019093078758949833,-0.01678841471229009,-0.011000343760742548,-0.012346284467221679,-0.006369206770412092,-0.011218449007180224,-0.0024747875872229985,-0.016788414712290145,0.07772991196853343,0.0252132320381041,0.01759645464025026,0.2878809795129248,45.604395604395606,0.0,-0.0014750542299348801,-0.012509639276840012,-0.005199454483464039,-0.01678841471229009,-0.011000343760742548,-0.0074730622175877654
22124,2026-05-16,-0.0015641293013556323,-0.015508525404849594,-0.016435541859270653,-0.010165403170227405,-0.011564316525543432,-0.009609403395255513,-0.010950701042848801,-0.003621733916909363,-0.016435541859270673,0.05427352387943295,0.042983042732729876,0.014360313315926894,0.28232039760681493,45.91977869986169,0.0,-0.0015641293013556323,-0.0014750542299348801,-0.012509639276840012,-0.016435541859270653,-0.010165403170227405,-0.003307223672758921
22124,2026-05-17,0.003916449086161844,0.0008676789587851452,-0.014439507860560474,-0.019257747736258102,-0.005627940198517234,-0.006917570284149885,-0.004916707363654713,-0.0037970162007600144,-0.014439507860560492,0.03741343646011332,0.24742398090257822,0.016341569137407887,0.3197337897154814,41.53271028037383,0.17928286852589642,0.003916449086161844,-0.0015641293013556323,-0.0014750542299348801,-0.014439507860560474,-0.019257747736258102,-0.006328565236237538
22124,2026-05-18,-0.002427394885132217,-8.689607229750429e-05,-0.01993015927093089,-0.05742136304062906,-0.005174883904752517,-0.010273987330612588,-0.005461353267064765,-0.00406806061580433,-0.019930159270930926,0.029801324503311258,-0.10439159185843885,0.011992700095593986,0.35540121698754334,11.86071817192601,0.07024793388429752,-0.002427394885132217,0.003916449086161844,-0.0015641293013556323,-0.01993015927093089,-0.05742136304062906,0.008907621447814373
22124,2026-05-19,0.0022594942209090974,0.003742384682332567,-0.01696215479031704,-0.055678375501514776,-0.00047047753469765065,-0.009020749585767315,-0.0017210710746090698,-0.0038474674401206134,-0.016962154790317083,0.030928756592473405,-0.05039454033808195,0.014870371976068672,0.34387269093557965,13.829787234042556,0.23756906077348067,0.0022594942209090974,-0.002427394885132217,0.003916449086161844,-0.01696215479031704,-0.055678375501514776,0.006416370415329923
22124,2026-05-20,-0.0020809849995664376,-0.002254009536194146,-0.013880558649644437,-0.03346630275036744,-0.0005458583001475847,-0.011711364875637403,-0.0029728601976035927,-0.0038188400787442576,-0.013880558649644418,0.019668645344201294,-0.28180160151162337,0.01060039968720132,0.306464071551987,19.741837509491276,0.4222222222222222,-0.0020809849995664376,0.0022594942209090974,-0.002427394885132217,-0.013880558649644437,-0.03346630275036744,0.009557737422886436
22124,2026-05-21,-0.007559301416282915,-0.007386808029894887,-0.008937093275488084,-0.02853497767382518,-0.0068319586604393,-0.018977149261999813,-0.00980342578077031,-0.004554859261306145,-0.00893709327548807,-0.006350587211831231,-0.03287867262327538,0.012388373314655927,0.22997102595496474,21.830394626364395,0.0,-0.007559301416282915,-0.0020809849995664376,0.0022594942209090974,-0.008937093275488084,-0.02853497767382518,0.018560672386622307
22124,2026-05-22,0.0,-0.009624555622994913,-0.007473062217587811,-0.024136016062198284,-0.0057698525205799244,-0.018679343896100126,-0.009110481029349868,-0.004884815942769224,-0.0074730622175877654,-0.00919500346981263,0.009241802423523451,0.011162668534407285,0.3265135638180939,23.963133640552996,0.0,0.0,-0.007559301416282915,-0.0020809849995664376,-0.007473062217587811,-0.024136016062198284,0.016634564874803012
22124,2026-05-23,0.002626510243390001,-0.004952645755495699,-0.00330722367275893,-0.019688409518918037,-0.0026872356307539413,-0.015870787924967093,-0.005617928746950144,-0.004633523524512337,-0.003307223672758921,-0.0071094156407144095,0.2766064744961439,0.015936081033880545,0.35552585391443137,29.09090909090908,0.26548672566371684,0.002626510243390001,0.0,-0.007559301416282915,-0.00330722367275893,-0.019688409518918037,0.0070730003492839675
22124,2026-05-24,0.0008732099196646637,0.003502013657853187,-0.006328565236237593,-0.020676691729323293,-0.000909011667725037,-0.014921140120062406,-0.003978947592017338,-0.0042146290898049344,-0.006328565236237538,-0.002784061249347486,0.101615430415844,0.010731111498865818,0.2918089586714324,27.509293680297404,0.36036036036036034,0.0008732099196646637,0.002626510243390001,0.0,-0.006328565236237593,-0.020676691729323293,0.009596928982725527
22124,2026-05-25,0.012868609317745694,0.016415689021187285,0.008907621447814318,-0.011200068137296681,0.010657944645844016,-0.002481730710021284,0.00954563658753272,-0.0023039510710393643,0.008907621447814373,0.007200798160759988,0.21646141778996122,0.016538179938843187,0.26751362512923466,39.86121819583654,1.0,0.012868609317745694,0.0008732099196646637,0.002626510243390001,0.008907621447814318,-0.011200068137296681,-0.006718635600155045
22124,2026-05-26,-0.00021534088462038525,0.01353475375480273,0.006416370415329942,-0.01065461984316396,0.009511266284393718,-0.0030106381608049505,0.009890279335981831,-0.0010123410315301122,0.006416370415329923,0.009567713316517353,-0.029894220981500238,0.010640130955457914,0.325698010985442,40.26479750778816,0.9866666666666667,-0.00021534088462038525,0.012868609317745694,0.0008732099196646637,0.006416370415329942,-0.01065461984316396,-0.01046782114241406
22124,2026-05-27,0.0010338588782630165,0.01369743500261733,0.009557737422886348,-0.004455487961614213,0.009175677939287885,-0.0022684174746859832,0.01143108343573777,-1.8999298993841407e-05,0.009557737422886436,0.008768883486716443,-0.2927220934110239,0.008821757466219124,0.3293373179732938,45.61551433389545,1.0,0.0010338588782630165,-0.00021534088462038525,0.012868609317745694,0.009557737422886348,-0.004455487961614213,-0.014243910835700146
22124,2026-05-28,0.0012909888974954598,0.002110340669279509,0.01856067238662229,0.009457700650759238,0.007827437488784821,-0.0013205276960296794,0.013332739756320574,0.0007774886916966327,0.018560672386622307,0.01033434650455927,0.007667135760185829,0.013881725975588791,0.31852966118806286,61.79653679653679,1.0,0.0012909888974954598,0.0010338588782630165,-0.00021534088462038525,0.01856067238662229,0.009457700650759238,-0.020113460546673543
22124,2026-05-29,-0.0018910091112257499,0.0004307745326095347,0.01663456487480297,0.009037191518943333,0.0035619262798550987,-0.0030863800067823717,0.011971823825803116,0.0010468077513863454,0.016634564874803012,-0.0036894036894036895,-0.05018593010649185,0.013520496038580779,0.32594054476921985,61.13490364025696,0.8791208791208791,-0.0018910091112257499,0.0012909888974954598,0.0010338588782630165,0.01663456487480297,0.009037191518943333,-0.020840509817430245
22124,2026-05-30,-0.006803306923871877,-0.007401669678974043,0.007073000349284042,0.003742384682332567,-0.004261407436186833,-0.00949169137044791,0.0056377409894482105,0.0003909607452868066,0.0070730003492839675,-0.011400651465798045,0.025873636005618036,0.013266279372236192,0.30721538811715027,54.071969696969695,0.4127906976744186,-0.006803306923871877,-0.0018910091112257499,0.0012909888974954598,0.007073000349284042,0.003742384682332567,-0.0067198473944333655
22124,2026-05-31,0.003381600624295489,-0.005329207495272437,0.009596928982725572,0.0032076289553533144,-0.0022479106748043757,-0.005960059156772595,0.009636078096826177,0.0003446650270292484,0.009596928982725527,-0.005500171880371262,0.1442091336730693,0.011017974421016246,0.36112726553272617,53.54406130268199,0.38613861386138615,0.003381600624295489,-0.006803306923871877,-0.0018910091112257499,0.009596928982725572,0.0032076289553533144,-0.015900449360525405
22124,2026-06-01,-0.0034998271690286353,-0.006932483637616227,-0.006718635600155065,0.002129138785087248,-0.004783715640160952,-0.00922200105967098,0.006851168977068708,-0.00010541417722214805,-0.006718635600155045,-0.006590282563749139,-0.05549066675121527,0.009539088583445345,0.2522427260633762,52.291861552853135,0.0,-0.0034998271690286353,0.003381600624295489,-0.006803306923871877,-0.006718635600155065,0.002129138785087248,-0.018514503750596194
22124,2026-06-02,-0.0039890734076225565,-0.004118616144975329,-0.010467821142414069,-0.004118616144975329,-0.007266598342943996,-0.012393626626233549,0.003484594539103023,-0.0008594442215374361,-0.01046782114241406,-0.023466394592526463,-0.1359493805998731,0.011928083235383745,0.2978284183442061,45.716862037871955,0.0,-0.0039890734076225565,-0.0034998271690286353,0.003381600624295489,-0.010467821142414069,-0.004118616144975329,-0.021374776892603718
22124,2026-06-03,-0.002786121631622507,-0.01024023505012095,-0.014243910835700091,-0.0048223129724563885,-0.008005295620595938,-0.013010776007548828,0.00104638318017945,-0.0016458978173155973,-0.014243910835700146,-0.06180373525557012,-0.10562649412370986,0.01231064740035797,0.27112235057800116,45.06666666666666,0.0,-0.002786121631622507,-0.0039890734076225565,-0.0034998271690286353,-0.014243910835700091,-0.0048223129724563885,-0.019251757104815123
22124,2026-06-04,-0.004671061247653596,-0.011403546806573295,-0.02011346054667351,-0.0019261075118193194,-0.009771986970684038,-0.0153215392654932,-0.0031910516480137484,-0.002646756367603392,-0.020113460546673543,-0.06656841070989929,-0.11031623791750361,0.008815789473684211,0.2870125407294241,47.92060491493384,0.0,-0.004671061247653596,-0.002786121631622507,-0.0039890734076225565,-0.02011346054667351,-0.0019261075118193194,-0.02026315789473684
22124,2026-06-05,-0.0026315789473684292,-0.010056157764137374,-0.02084050981743024,-0.0045526177552092095,-0.009403140188311662,-0.01639060625634405,-0.005437389353330155,-0.003517300372104755,-0.020840509817430245,-0.045139617887885786,0.04193695237574558,0.0012313104661389623,0.27990323321149196,45.348837209302324,0.0,-0.0026315789473684292,-0.004671061247653596,-0.002786121631622507,-0.02084050981743024,-0.0045526177552092095,-0.03289357959542656
22124,2026-06-06,0.007519788918205705,0.00017461911206173575,-0.00671984739443332,0.00030562347188256567,-0.0009904320526237331,-0.008130292482726344,0.002459002047709922,-0.0030971789931419054,-0.0067198473944333655,-0.025685732511163087,0.029817345882272972,0.010824494784164812,0.34317369781620344,50.28478437754272,0.42326732673267325,0.007519788918205705,-0.0026315789473684292,-0.004671061247653596,-0.00671984739443332,0.00030562347188256567,-0.025620880799615903
22124,2026-06-07,-0.00589236611234778,-0.001052631578947416,-0.01590044936052537,-0.006456115861106282,-0.004595175066180578,-0.013073226534706696,-0.0029476141835691866,-0.0034089843152246527,-0.015900449360525405,-0.02704088171216199,0.4375716614287785,0.0172550052687039,0.33349624594484745,44.49404761904761,0.11145510835913312,-0.00589236611234778,0.007519788918205705,-0.0026315789473684292,-0.01590044936052537,-0.006456115861106282,-0.017562346329469618
22124,2026-06-08,-0.006146821215314402,-0.004573438874230451,-0.018514503750596156,-0.02510874714673328,-0.008069312199122398,-0.01810720890453053,-0.008596022003947618,-0.004214839984029055,-0.018514503750596194,-0.03115904810820065,0.047455841828629865,0.013076515285386111,0.26599213305831565,25.48359966358285,0.0,-0.006146821215314402,-0.00589236611234778,0.007519788918205705,-0.018514503750596156,-0.02510874714673328,-0.006891676974730518
22124,2026-06-09,-0.006891676974730476,-0.01881192440312518,-0.021374776892603697,-0.031618850693546974,-0.011868131868131869,-0.02356390487566511,-0.015000406521678744,-0.005401867582098089,-0.021374776892603718,-0.039644565960355434,0.21933770634747626,0.0054715302491103205,0.3124109498502061,22.611940298507463,0.0,-0.006891676974730476,-0.006146821215314402,-0.00589236611234778,-0.021374776892603697,-0.031618850693546974,-0.0033807829181494663
22124,2026-06-10,-0.0006227758007117945,-0.013610818405338954,-0.01925175710481508,-0.03322144762888368,-0.009741261515405298,-0.022734423823947848,-0.01530990168877899,-0.006071757787664268,-0.019251757104815123,-0.04326718337449962,-0.1154230255357946,0.016068726074957716,0.2799378721201139,20.977443609022544,0.0,-0.0006227758007117945,-0.006891676974730476,-0.006146821215314402,-0.01925175710481508,-0.03322144762888368,-0.003427401406569928
22124,2026-06-11,-0.005697498442090221,-0.01316487011839551,-0.020263157894736872,-0.03996905621454361,-0.012510499093762433,-0.026713316573061797,-0.020582470919568663,-0.006970603405705867,-0.02026315789473684,-0.04798840777361064,-0.026234971012284482,0.0160265019249709,0.26241580982311097,17.436974789915965,0.0,-0.005697498442090221,-0.0006227758007117945,-0.006891676974730476,-0.020263157894736872,-0.03996905621454361,-0.0037604082728982004
22124,2026-06-12,-0.015489300743128265,-0.02170818505338079,-0.0328935795954266,-0.05304857044436795,-0.02319177152139297,-0.03990640047847511,-0.03528956471345721,-0.009126711575225445,-0.03289357959542656,-0.057835661040185074,-0.028419575330717078,0.01677882866496908,0.2877975392979477,14.393063583815035,0.0,-0.015489300743128265,-0.005697498442090221,-0.0006227758007117945,-0.0328935795954266,-0.05304857044436795,0.012140778464896326
22124,2026-06-13,0.015096398690432888,-0.006320662334193927,-0.025620880799615886,-0.03216855978496491,-0.00473849132550376,-0.024381716553258315,-0.020521583128377523,-0.008509379661708965,-0.025620880799615903,-0.03149674620390455,0.11101530604338185,0.01590216807023831,0.3385715719326605,30.514705882352942,0.42346938775510207,0.015096398690432888,-0.015489300743128265,-0.005697498442090221,-0.025620880799615886,-0.03216855978496491,-0.005375380756136893
22124,2026-06-14,0.002329331660992695,0.0017011370758348576,-0.017562346329469625,-0.033183546491531324,0.00012770413505982354,-0.021196616590139893,-0.018224737144620477,-0.007554889910649883,-0.017562346329469618,-0.02780674313521029,0.1095330769112892,0.012021809081158383,0.2626234724769628,29.55271565495208,0.5962732919254659,0.002329331660992695,0.015096398690432888,-0.015489300743128265,-0.017562346329469625,-0.033183546491531324,-0.0077761887736860925
22124,2026-06-15,0.0046478369681801635,0.02218988723172055,-0.006891676974730476,-0.025278584746130206,0.005777982308125039,-0.015929854359369524,-0.013855832468572438,-0.006141033768452287,-0.006891676974730518,-0.02175805047867711,-0.09939732352350406,0.016103202846975088,0.4035996727570221,34.66596528143083,1.0,0.0046478369681801635,0.002329331660992695,0.015096398690432888,-0.006891676974730476,-0.025278584746130206,-0.014234875444839857
22124,2026-06-16,-0.003380782918149472,0.003583587170757907,-0.003380782918149472,-0.024683296330155424,0.002864816472694718,-0.01830275571057374,-0.017417741702049135,-0.0054126812821891765,-0.0033807829181494663,-0.028868660598179455,-0.12314758402616077,0.010132119264417068,0.23773747620213478,34.9602122015915,0.8442622950819673,-0.003380782918149472,0.0046478369681801635,0.002329331660992695,-0.003380782918149472,-0.024683296330155424,-0.012988752008569898
22124,2026-06-17,-0.0006695232994108347,0.0005809796210225482,-0.003427401406569941,-0.022613175012005104,0.002687088539567379,-0.01806364085575687,-0.018283705344310328,-0.004837087882767656,-0.003427401406569928,-0.0271573824628487,-0.17471904313381417,0.014203403457054804,0.27444918251924,35.89324618736383,0.8135245901639344,-0.0006695232994108347,-0.003380782918149472,0.0046478369681801635,-0.003427401406569941,-0.022613175012005104,-0.012908124525436599
22124,2026-06-18,-0.0060297467506365,-0.010053380782918175,-0.0037604082728982524,-0.023947368421052606,-0.0028229600752789352,-0.022824473737364834,-0.024211763284412262,-0.005005868584805052,-0.0037604082728982004,-0.03520332957599931,0.006569016719838594,0.01694077469219017,0.33434631030328593,35.354077253218875,0.5368852459016393,-0.0060297467506365,-0.0006695232994108347,-0.003380782918149472,-0.0037604082728982524,-0.023947368421052606,-0.006515682573919296
22124,2026-06-19,0.00022467870944553603,-0.006472058560971217,0.012140778464896362,-0.02115215479331578,-0.004300704216351692,-0.02151790227927116,-0.023992048934133363,-0.004924384867430901,0.012140778464896326,-0.03297419410895821,0.03154411008964775,0.017431151444359586,0.413670926884007,36.7053620784964,0.022123893805309734,0.00022467870944553603,-0.0060297467506365,-0.0006695232994108347,0.012140778464896362,-0.02115215479331578,-0.012354553214430119
22124,2026-06-20,-0.0024709106428860705,-0.008262986287909224,-0.0053753807561368605,-0.03085853956614726,-0.005998746530575701,-0.023019440757390253,-0.026279386033085914,-0.004996116986238662,-0.005375380756136893,-0.028016109262826126,-0.043145740887489535,0.016933885786344804,0.32557824875711644,29.119905493207327,0.0,-0.0024709106428860705,0.00022467870944553603,-0.0060297467506365,-0.0053753807561368605,-0.03085853956614726,-0.012430192758061611
22124,2026-06-21,-9.00738605656981e-05,-0.002336658578233175,-0.007776188773686132,-0.02520196698278887,-0.004981048965376017,-0.02218672789438218,-0.02616732427753773,-0.004888206577437454,-0.0077761887736860925,-0.028103659604272458,0.12555169792754722,0.01279164039275741,0.2765411956648409,31.602564102564102,0.0,-9.00738605656981e-05,-0.0024709106428860705,0.00022467870944553603,-0.007776188773686132,-0.02520196698278887,-0.014863525808485722
22124,2026-06-22,-0.0018917214665346016,-0.004447639157194816,-0.014234875444839812,-0.021028450256229014,-0.00482447136111686,-0.022969332582826442,-0.027813863206625145,-0.0048764531796118,-0.014234875444839857,-0.03248340901152637,0.016933449849797104,0.01128158844765343,0.308693162747537,33.720930232558146,0.0,-0.0018917214665346016,-9.00738605656981e-05,-0.0024709106428860705,-0.014234875444839812,-0.021028450256229014,-0.013628158844765342
22124,2026-06-23,-0.002120938628158875,-0.004098360655737654,-0.01298875200856986,-0.01632562277580074,-0.005077740855245751,-0.023878119767281072,-0.02951580388726178,-0.0049544188637501065,-0.012988752008569898,-0.03537777002268365,0.04981984294287859,0.009134898023786912,0.26563483899124035,36.43754619364375,0.0,-0.002120938628158875,-0.0018917214665346016,-9.00738605656981e-05,-0.01298875200856986,-0.01632562277580074,-0.027811694478361144
22124,2026-06-24,-0.0005878894767783471,-0.004594180704441064,-0.012908124525436548,-0.016291284607851897,-0.003812173196301115,-0.02284306977607933,-0.029657643312101932,-0.004909861869576044,-0.012908124525436599,-0.04819328997803523,-0.22757817873961586,0.009230769230769232,0.28953880668584736,36.46449704142012,0.0,-0.0005878894767783471,-0.002120938628158875,-0.0018917214665346016,-0.012908124525436548,-0.016291284607851897,-0.04701357466063348
22124,2026-06-25,0.00040723981900447903,-0.0023014440433213323,-0.006515682573919324,-0.010251589220163004,-0.0024750720284632583,-0.020850494689944078,-0.028935128136680404,-0.004671019626821636,-0.006515682573919296,-0.04760058585336435,0.023060431442849836,0.010674385996652947,0.2628812219832612,40.71370640713707,0.05660377358490566,0.00040723981900447903,-0.0005878894767783471,-0.002120938628158875,-0.006515682573919324,-0.010251589220163004,-0.07503731512053914
22124,2026-06-26,-0.005653806142295048,-0.005833672500339171,-0.01235455321443013,-0.00036376864314291435,-0.006353633968696684,-0.024580708137368002,-0.03408217155762162,-0.005019919081798982,-0.012354553214430119,-0.05396333591531113,-0.051680392816967353,0.014874454148471616,0.31599063044819115,49.604743083003946,0.0,-0.005653806142295048,0.00040723981900447903,-0.0005878894767783471,-0.01235455321443013,-0.00036376864314291435,-0.062318049490538575
22124,2026-06-27,-0.002547307132459986,-0.0077828054298642035,-0.012430192758061565,-0.017738756495251695,-0.007115319930658043,-0.025133372851215124,-0.035866289908429,-0.005377834813841588,-0.012430192758061611,-0.057589822932783225,0.1613001965739961,0.0158245165997811,0.2980009140613098,23.097826086956516,0.0,-0.002547307132459986,-0.005653806142295048,0.00040723981900447903,-0.012430192758061565,-0.017738756495251695,-0.05764319591390003
22124,2026-06-28,-0.002553812477198103,-0.010719616445791336,-0.014863525808485711,-0.02252413299964251,-0.007532443960431981,-0.025670875850845192,-0.03755457661260754,-0.005730664052409319,-0.014863525808485722,-0.05821563899414399,0.07906495545071032,0.011201536210680322,0.3261763237067443,15.945945945945951,0.0,-0.002553812477198103,-0.002547307132459986,-0.005653806142295048,-0.014863525808485711,-0.02252413299964251,-0.05573335771762985
22124,2026-06-29,-0.000640087783467469,-0.005731441048034913,-0.013628158844765315,-0.02766903914590746,-0.006222233768932927,-0.024544805426633346,-0.037637520014362824,-0.005846246954103348,-0.013628158844765342,-0.05237145582242261,0.038954668904663634,0.01148320980876567,0.2253056557304952,2.1538461538461604,0.0,-0.000640087783467469,-0.002553812477198103,-0.002547307132459986,-0.013628158844765315,-0.02766903914590746,-0.06423277518528685
22124,2026-06-30,-0.016469942355201717,-0.01960963152134254,-0.027811694478361182,-0.040439207284413525,-0.018669831560688365,-0.03825563604804107,-0.052943661303104295,-0.007647716422826964,-0.027811694478361144,-0.07111994469408918,0.05013390570819973,0.023257977486277795,0.26654407196640245,1.4989293361884393,0.0,-0.016469942355201717,-0.000640087783467469,-0.002553812477198103,-0.027811694478361182,-0.040439207284413525,-0.054981858777560705
22124,2026-07-01,-0.0203274723230068,-0.03707937088515001,-0.047013574660633495,-0.05931484210996474,-0.03205961525835462,-0.05498420561418629,-0.07157778730178169,-0.010928034047063674,-0.04701357466063348,-0.08680570610935265,-0.07009137503304534,0.0177579412183657,0.28917743598145834,1.0324483775811188,0.0,-0.0203274723230068,-0.016469942355201717,-0.000640087783467469,-0.047013574660633495,-0.05931484210996474,-0.03826978775936565
22124,2026-07-02,-0.02901096814016424,-0.06441577454478908,-0.07503731512053913,-0.08106407836793383,-0.04979057556869847,-0.07892702129352569,-0.09760125203229705,-0.016063409310836396,-0.07503731512053914,-0.10974707239562927,0.08796265371320874,0.015696821515892422,0.25566809449450595,0.7641921397380003,0.0,-0.02901096814016424,-0.0203274723230068,-0.016469942355201717,-0.07503731512053913,-0.08106407836793383,-0.004841075794621027
22124,2026-07-03,0.00801955990220038,-0.04112010419573919,-0.06231804949053854,-0.0739026910463183,-0.03338000147373068,-0.06833308726712851,-0.0896515988727982,-0.018042353929727882,-0.062318049490538575,-0.10010040598943554,0.01793662493993215,0.012079169496458717,0.30457848619874994,8.689100954294332,0.11096075778078485,0.00801955990220038,-0.02901096814016424,-0.0203274723230068,-0.06231804949053854,-0.0739026910463183,-0.005530222179101581
22124,2026-07-04,0.002425536043465515,-0.018850007122168888,-0.05764319591389999,-0.06935687263556112,-0.022760899085915783,-0.0630582701823645,-0.0867157448425928,-0.01848871720695381,-0.05764319591390003,-0.09368421052631579,0.2401821967681098,0.00992063492063492,0.29332967203524396,11.228600201409876,0.15049226441631505,0.002425536043465515,0.00801955990220038,-0.02901096814016424,-0.05764319591389999,-0.06935687263556112,0.004984514130855594
22124,2026-07-05,-0.0005323267518388963,0.009926650366748113,-0.05573335771762988,-0.06976848932528601,-0.015170506410169149,-0.06059388527112983,-0.08649716036981044,-0.01824645900904224,-0.05573335771762985,-0.09177660510114335,0.12495237435488898,0.012395293661937734,0.336309661263092,11.1779448621554,0.14417613636363635,-0.0005323267518388963,0.002425536043465515,0.00801955990220038,-0.05573335771762988,-0.06976848932528601,0.028325182782162398
22124,2026-07-06,-0.009635404057521946,-0.007761715339089981,-0.0642327751852868,-0.07698555956678699,-0.015241344209527167,-0.06616669050887386,-0.0945693639173452,-0.01861231434332071,-0.06423277518528685,-0.10724106324472961,-0.027530464977128834,0.013395912779896353,0.2602850149450446,10.362453531598504,0.003816793893129771,-0.009635404057521946,-0.0005323267518388963,0.002425536043465515,-0.0642327751852868,-0.07698555956678699,0.03842769140510414
22124,2026-07-07,-0.006746846582575516,-0.016840882694541204,-0.05498185877756068,-0.08126441459774791,-0.013868471417080435,-0.0689816356520703,-0.09987860146524977,-0.019030664712098484,-0.054981858777560705,-0.10800842992623814,-0.24224614416115836,0.014914353219137625,0.24982747524560547,9.942041908158728,0.0,-0.006746846582575516,-0.009635404057521946,-0.0005323267518388963,-0.05498185877756068,-0.08126441459774791,0.03952549714510731
22124,2026-07-08,-0.003002559558968332,-0.01927080811504378,-0.038269787759365625,-0.08348416289592764,-0.011303571677614555,-0.06838868728124044,-0.10173444413181952,-0.01903799557870451,-0.03826978775936565,-0.10518642869764976,0.05192549311409022,0.01273759565539373,0.29753884117733004,9.733740724574417,0.0,-0.003002559558968332,-0.006746846582575516,-0.009635404057521946,-0.038269787759365625,-0.08348416289592764,0.04161935324611207
22124,2026-07-09,0.004739570476425481,-0.005035689840617974,-0.004841075794621008,-0.07951512958523677,-0.005931322266183838,-0.060908005808087064,-0.09674310890528577,-0.017880315691121168,-0.004841075794621027,-0.09470640569395018,-0.07811887327258438,0.008943049481597956,0.37893414812454307,13.036164844407068,0.23471882640586797,0.004739570476425481,-0.003002559558968332,-0.006746846582575516,-0.004841075794621008,-0.07951512958523677,0.029728268881136062
22124,2026-07-10,0.007321507542626948,0.009056900964756753,-0.005530222179101596,-0.06750363901018919,0.0021439595510952983,-0.05116313514214046,-0.08948690489703058,-0.01569016682434608,-0.005530222179101581,-0.08751001513398024,0.003660578507904529,0.015560975609756098,0.28474435202973486,19.10907577019151,0.5990220048899756,0.007321507542626948,0.004739570476425481,-0.003002559558968332,-0.005530222179101596,-0.06750363901018919,0.015560975609756098
22124,2026-07-11,0.01302439024390245,0.025277709207603083,0.004984514130855544,-0.05294600510762493,0.014466558731576673,-0.03646973125205885,-0.07709924455687409,-0.012225887959289253,0.004984514130855594,-0.07032858805622706,0.07679973831546422,0.016661048779313334,0.31475780663044867,27.78415614236509,1.0,0.01302439024390245,0.007321507542626948,0.004739570476425481,0.004984514130855544,-0.05294600510762493,-0.009486204073770887
22124,2026-07-12,0.02268021380074159,0.04358508181416143,0.02832518278216245,-0.028986832479882985,0.03325664959237142,-0.013466246127118829,-0.05593037843390991,-0.006906447979178769,0.028325182782162398,-0.034285194616224084,0.31406664831962694,0.0143610509464168,0.28744855479116854,39.53104359313078,1.0,0.02268021380074159,0.01302439024390245,0.007321507542626948,0.02832518278216245,-0.028986832479882985,-0.031829739146812315
22124,2026-07-13,9.417082587814818e-05,0.03609756097560979,0.03842769140510405,-0.02827340104309639,0.02773956742035154,-0.011714563561549915,-0.05574633382992767,-0.003220582106814351,0.03842769140510414,-0.04855760616376993,0.1200030904248862,0.015489642184557438,0.25033752155703376,39.754641909814325,1.0,9.417082587814818e-05,0.02268021380074159,0.01302439024390245,0.03842769140510405,-0.02827340104309639,-0.032015065913371
22124,2026-07-14,-0.00569679849340865,0.016949968700341822,0.039525497145107336,-0.017629546934598617,0.016243899085722092,-0.015425115307631982,-0.06101563121381625,-0.0014000301095672882,0.03952549714510731,-0.05617626027887022,-0.1714166118935807,0.016288650030777972,0.26510182270984695,43.176089305005405,0.8771573604060914,-0.00569679849340865,9.417082587814818e-05,0.02268021380074159,0.039525497145107336,-0.017629546934598617,-0.024764430134002556
22124,2026-07-15,-0.0009943652635068245,-0.0065919578114700395,0.04161935324611199,0.0017568016713356283,0.009383991853082167,-0.014287182649809813,-0.0616252866292401,-0.0002890568743138274,0.04161935324611207,-0.06147686832740214,-0.22168205910874295,0.009858754384301829,0.2823708557654836,50.78356628547226,0.8402699662542182,-0.0009943652635068245,-0.00569679849340865,9.417082587814818e-05,0.04161935324611199,0.0017568016713356283,-0.02313015451701583
22124,2026-07-16,-0.006730495781590684,-0.01337099811676079,0.029728268881136,0.02474327628361861,-0.0015382730502729166,-0.018708656304533073,-0.06735013386159291,-0.00034778953602569485,0.029728268881136062,-0.06463131583645777,-0.19574969319954175,0.013981675892345868,0.3230977094851218,63.372093023255815,0.6162162162162163,-0.006730495781590684,-0.0009943652635068245,-0.00569679849340865,0.029728268881136,0.02474327628361861,-0.14993319335751099
22124,2026-07-17,-0.006537507157854505,-0.014205218050097113,0.015560975609756111,0.009944697778208944,-0.010214823719581281,-0.022728979683803406,-0.07274624896509092,-0.0011374498652241235,0.015560975609756098,-0.07012372147036491,0.08546421484748423,0.01748402901196023,0.3533221085351638,55.49597855227882,0.10993657505285412,-0.006537507157854505,-0.006730495781590684,-0.0009943652635068245,0.015560975609756111,0.009944697778208944,-0.027667034920024976
22124,2026-07-18,-0.011960228637302506,-0.02502606882168923,-0.009486204073770876,-0.004548974061169164,-0.020742655059847685,-0.03186635959159848,-0.08301777448666478,-0.0030062361242819747,-0.009486204073770887,-0.07567178934124202,0.029039149743283595,0.019008264462809916,0.2315691558485972,47.72286821705426,0.0,-0.011960228637302506,-0.006537507157854505,-0.006730495781590684,-0.009486204073770876,-0.004548974061169164,-0.012445308701993193
22124,2026-07-19,-0.0003889158969372364,-0.01880129795762553,-0.03182973914681231,-0.004406139543891907,-0.016602443223743615,-0.029659517236497488,-0.08246000159651508,-0.004172673321826186,-0.031829739146812315,-0.07623882474504695,0.2967225087485302,0.01371461920046688,0.3947001030752972,47.79233381853469,0.0,-0.0003889158969372364,-0.011960228637302506,-0.006537507157854505,-0.03182973914681231,-0.004406139543891907,-0.014590020426028597
22124,2026-07-20,-9.726680284016798e-05,-0.012440559104664017,-0.032015065913371,0.005182360418499954,-0.01210839900057659,-0.02723827457808356,-0.08144254821260062,-0.004807854262284645,-0.032015065913371,-0.07404071338497568,-0.03832250206461533,0.015418287937743191,0.31196119875057077,52.84334763948498,0.0,-9.726680284016798e-05,-0.0003889158969372364,-0.011960228637302506,-0.032015065913371,0.005182360418499954,-0.010311284046692607
22124,2026-07-21,0.0017509727626459082,0.0012639766650461848,-0.024764430134002535,0.01378224059854305,-0.006813124737360561,-0.02306056461622388,-0.07870912717326957,-0.004860464333571137,-0.024764430134002556,-0.07233582560129719,-0.10070647122331546,0.014128957079044475,0.3187782089610063,57.945516458569806,0.06691449814126393,0.0017509727626459082,-9.726680284016798e-05,-0.0003889158969372364,-0.024764430134002535,0.01378224059854305,-0.013109341619731986
22124,2026-07-22,0.0006797436395415968,0.0023344032681644755,-0.023130154517015833,0.017526536657615388,-0.0027855923358193493,-0.019994769501438386,-0.07695523115929226,-0.004654958300728711,-0.02313015451701583,-0.06994584837545126,-0.09758591677970926,0.0217855409995148,0.3800039265109151,60.34985422740525,0.12626262626262627,0.0006797436395415968,0.0017509727626459082,-9.726680284016798e-05,-0.023130154517015833,0.017526536657615388,-0.016205725376031054
22124,2026-07-23,-0.13566229985443956,-0.13356031128404666,-0.14993319335751099,-0.12466217876271435,-0.11893507429467752,-0.1471331724692635,-0.2001181418010937,-0.02045932567378744,-0.14993319335751099,-0.19441052774386108,0.08929390147801292,-0.24166385988548333,0.29133008748764033,21.268403171007932,0.0,-0.13566229985443956,0.0006797436395415968,0.0017509727626459082,-0.14993319335751099,-0.12466217876271435,0.1343886830582688
22124,2026-07-24,0.13635342988660604,-0.017139250339871848,-0.02766703492002498,-0.01253658536585367,0.0052924692277676755,-0.027961181831714275,-0.08977543027666902,-0.016094595685843954,-0.027667034920024976,-0.08402714932126697,-0.08368690499149681,0.018673121572889393,0.2625663972725751,48.0806572068708,0.8687410586552218,0.13635342988660604,-0.13566229985443956,0.0006797436395415968,-0.02766703492002498,-0.01253658536585367,-0.004297781949315813
22124,2026-07-25,0.0035073852689819773,-0.014361960213488567,-0.01244530870199323,-0.02181345403765589,0.010653949210726522,-0.02174122421199301,-0.08535825794532038,-0.012306138602751515,-0.012445308701993193,-0.0811886562033561,0.08691361273768018,0.012454464901053461,0.3048208667410941,46.51484843822127,0.894134477825465,0.0035073852689819773,0.13635342988660604,-0.13566229985443956,-0.01244530870199323,-0.02181345403765589,-0.01673722555872797
22124,2026-07-26,-0.0025598109678054426,0.13742000673627475,-0.014590020426028638,-0.04595536302853376,0.010220870519020792,-0.02154072004146528,-0.08643173938070456,-0.009734346595173192,-0.014590020426028597,-0.0783296943231441,0.08235737235089291,0.012930609021814234,0.30316828974435867,41.97368421052631,0.8755364806866953,-0.0025598109678054426,0.0035073852689819773,0.13635342988660604,-0.014590020426028638,-0.04595536302853376,-0.029365314381601025
22124,2026-07-27,0.00424439838120616,0.005186978214691607,-0.01031128404669257,-0.04199623352165727,0.016042857040952416,-0.014882306805968484,-0.08131983897061595,-0.0072397947301356715,-0.010311284046692607,-0.07205399489237505,0.02634167900931549,0.01626695498329074,0.36144657408344527,42.7644386761843,0.9062947067238912,0.00424439838120616,-0.0025598109678054426,0.0035073852689819773,-0.01031128404669257,-0.04199623352165727,-0.04452526046785925
22124,2026-07-28,-0.0010811873402791772,0.0005907256079551448,-0.013109341619731985,-0.037549126379089914,0.01690287813489418,-0.01348614175979905,-0.08093734001660938,-0.005504106114877696,-0.013109341619731986,-0.07068397951719092,-0.02222019978047314,0.01421824264488832,0.2668746350915691,43.46248969497115,0.8984263233190272,-0.0010811873402791772,0.00424439838120616,-0.0025598109678054426,-0.013109341619731985,-0.037549126379089914,-0.045163829577880545
22124,2026-07-29,-0.0024599035717799422,0.0006909485736847909,-0.016205725376031044,-0.038961038961038974,0.016828696904350765,-0.01338774503920311,-0.08178838020816295,-0.004480669133378549,-0.016205725376031054,-0.07237624668313661,-0.11109155704166483,0.013809429867824028,0.2893826717481687,43.255661306202825,0.9715864246250987,-0.0024599035717799422,-0.0010811873402791772,0.00424439838120616,-0.016205725376031044,-0.038961038961038974,-0.031268494772144405
22124,2026-07-30,-0.0033537186821858134,-0.0068802830745036125,0.1343886830582688,-0.03569383470127885,-0.0036696084577079895,-0.014634844061868218,-0.08345474346136536,-0.004058112212933342,0.1343886830582688,-0.060005581914596706,-0.13433049125224017,0.013212589073634205,0.32232619261450685,43.78737541528239,0.0,-0.0033537186821858134,-0.0024599035717799422,-0.0010811873402791772,0.1343886830582688,-0.03569383470127885,-0.012717735550277118
22124,2026-07-31,-0.002573238321456839,-0.008363672144051981,-0.004297781949315849,-0.0318459099860704,-0.005624074987666502,-0.015722589645130805,-0.0844012979612479,-0.003948593688145447,-0.004297781949315813,-0.04297041925834481,-0.10378116895372977,0.013742806112323874,0.2793627852451382,44.41449031171019,0.0,-0.002573238321456839,-0.0033537186821858134,-0.0024599035717799422,-0.004297781949315849,-0.0318459099860704,-0.009624925580472316
22124,2026-08-01,-0.00902956935899979,-0.014894456500295972,-0.01673722555872792,-0.028974234321827885,-0.012235959025079528,-0.023853856642280048,-0.09104055595556881,-0.004799487011448331,-0.01673722555872797,-0.023276283618581906,0.09117725520866132,0.014368679283067988,0.2936071154290756,44.92160872528971,0.0,-0.00902956935899979,-0.002573238321456839,-0.0033537186821858134,-0.01673722555872792,-0.028974234321827885,0.0021527986382296987
22124,2026-08-02,-0.015369980975267872,-0.026771575613618315,-0.02936531438160106,-0.04352689427098533,-0.023312404668156553,-0.03737216845375221,-0.10285697197565283,-0.006982759403079798,-0.029365314381601025,-0.04593965266323857,0.3000225398440787,0.019525092795037374,0.3910796856979639,42.74363547916329,0.0,-0.015369980975267872,-0.00902956935899979,-0.002573238321456839,-0.02936531438160106,-0.04352689427098533,0.017745461941323027
22124,2026-08-03,-0.011440484059592193,-0.03542369517761457,-0.04452526046785921,-0.054377431906614815,-0.028240115959414204,-0.0464840263268889,-0.11087465872349252,-0.009504284196961926,-0.04452526046785925,-0.05913666279519938,-0.04136804943344698,0.02000822960600761,0.4018786058829093,41.25195618153365,0.0,-0.011440484059592193,-0.015369980975267872,-0.00902956935899979,-0.04452526046785921,-0.054377431906614815,0.027672050200596647
22124,2026-08-04,-0.001748791276617645,-0.028336837889256006,-0.045163829577880565,-0.05768110312682073,-0.023538966872947,-0.046210248521989516,-0.1104375087850102,-0.011050984828049738,-0.045163829577880545,-0.06028179925434562,-0.19249329938046178,0.016230420445177248,0.34828760917624035,40.701314965560435,0.0,-0.001748791276617645,-0.011440484059592193,-0.015369980975267872,-0.045163829577880565,-0.05768110312682073,0.03266694146743611
22124,2026-08-05,0.012056883759274495,-0.0012711648955102683,-0.03126849477214444,-0.04696749150897628,-0.007242034123482793,-0.033424808533602794,-0.0979328968377287,-0.010318182924336105,-0.031268494772144405,-0.03969883641341547,-0.07475291136691609,0.011505956623561756,0.31820706421523354,42.67554479418886,0.2925,0.012056883759274495,-0.001748791276617645,-0.011440484059592193,-0.03126849477214444,-0.04696749150897628,0.016698910497912636
22124,2026-08-06,0.015731595560533496,0.026180434111716888,-0.01271773555027711,0.1199618277759067,0.010250289351851904,-0.01763087750626973,-0.08212229474793749,-0.007672906661706943,-0.012717735550277118,-0.017966135065957865,-0.11673310570631082,0.01383389303794296,0.28329201124848163,75.92817277359865,0.7259358288770054,0.015731595560533496,0.012056883759274495,-0.001748791276617645,-0.01271773555027711,0.1199618277759067,0.000551350809483234
22124,2026-08-07,0.0005513508094832087,0.02854492992580382,-0.009624925580472343,-0.013881341698364857,0.012227808121930452,-0.016616336523919507,-0.08001632495049517,-0.005633079713422316,-0.009624925580472316,-0.01446556405825722,-0.18868019617314594,0.0193868349864743,0.36793367111929987,41.74985320023488,0.9787985865724381,0.0005513508094832087,0.015731595560533496,0.012056883759274495,-0.009624925580472343,-0.013881341698364857,0.0020038072337441137
22124,2026-08-08,0.0027552349463981773,0.019091742185113558,0.0021527986382297026,-0.014620458796888891,0.014700664064480154,-0.01336575507890484,-0.07587686360446648,-0.003796528668638071,0.0021527986382296987,-0.016411969927767677,0.05067952288294328,0.013488534745466354,0.3028569782016741,41.19739181979846,1.0,0.0027552349463981773,0.0005513508094832087,0.015731595560533496,0.0021527986382297026,-0.014620458796888891,-0.0029974521656591898
22124,2026-08-09,-4.995753609426945e-05,0.003257982056037223,0.017745461941323093,-0.01214095350903166,0.012092055649460488,-0.01262987925894621,-0.07427715158721919,-0.0024828183634090324,0.017745461941323027,-0.023609756097560976,0.13809217653463324,0.012140287769784174,0.3448984084784541,42.48166259168704,0.9983579638752053,-4.995753609426945e-05,0.0027552349463981773,0.0005513508094832087,0.017745461941323093,-0.01214095350903166,0.0027478017585931256
22124,2026-08-10,-0.0017985611510791255,0.0009017132551849549,0.02767205020059671,-0.018085315510123823,0.00636081049965459,-0.01312864890495803,-0.07428476116835123,-0.001757359540051936,0.027672050200596647,-0.03789666297491212,0.02389885848493315,0.014414414414414415,0.31821049541192714,38.39848675914249,0.9392446633825944,-0.0017985611510791255,-4.995753609426945e-05,0.0027552349463981773,0.02767205020059671,-0.018085315510123823,0.004004004004004004
22124,2026-08-11,0.003103103103103022,0.0012489384023579575,0.032666941467436095,-0.013972252287710374,0.0048993625098488905,-0.008113128487012114,-0.06983196146035636,-0.0008646680750899221,0.03266694146743611,-0.05631415387512948,-0.17991123573571569,0.006236902504740046,0.3099700622390294,41.26691266912669,1.0,0.003103103103103022,-0.0017985611510791255,-4.995753609426945e-05,0.032666941467436095,-0.013972252287710374,0.0007983235206067259
22124,2026-08-12,-0.003592455842730269,-0.00229816147082329,0.016698910497912722,-0.015091734069836216,-0.0010576112278295453,-0.009601460056735829,-0.07169914230434307,-0.0006767383395508337,0.016698910497912636,-0.059792843691148775,-0.09803639306010309,0.009414121181772659,0.31873544166076423,40.71601941747573,0.2087912087912088,-0.003592455842730269,0.003103103103103022,-0.0017985611510791255,0.016698910497912722,-0.015091734069836216,0.005708562844266399
22124,2026-08-13,-0.00040060090135207727,-0.0009009009009008917,0.0005513508094832087,-0.01217339667458428,-0.0015362739283596427,-0.00810102177884589,-0.07060500842186292,-0.0005787820020354917,0.000551350809483234,-0.054784790946541026,-0.1026137412835088,0.00846608556256888,0.25629112424271777,42.2544080604534,0.0,-0.00040060090135207727,-0.003592455842730269,0.003103103103103022,0.0005513508094832087,-0.01217339667458428,0.006812944594729987
22124,2026-08-14,0.0020038072337440482,-0.0019958088015168407,0.0020038072337440482,-0.007640404842230608,0.00017858546028611335,-0.004305946188117579,-0.06730580917119762,-0.0002620764728325407,0.0020038072337441137,-0.05194805194805195,0.05384382661116824,0.014698530146985302,0.36622356813530144,45.11421319796954,0.5,0.0020038072337440482,-0.00040060090135207727,-0.003592455842730269,0.0020038072337440482,-0.007640404842230608,0.0024997500249975004
