item_id,date,pct_change_1d,pct_change_3d,pct_change_7d,pct_change_14d,pct_vs_7ma,pct_vs_30ma,pct_vs_90ma,ema_crossover,slope_7d_pct,slope_30d_pct,vol_pct_7d,spread_pct,volume_ratio,rsi_14,range_position_7d,lag_return_1d,lag_return_2d,lag_return_3d,lag_return_7d,lag_return_14d,target_pct_7d
3024,2025-11-26,-0.018445721197459908,-0.005667024046561497,-0.015916325602546633,-0.02785265049415997,-0.0028525036204853447,-0.059116798794185375,-0.1282564681764673,-0.012356934734313303,-0.015916325602546612,-0.13312858859660837,0.007385157246406391,0.019331484904497844,0.670042980828305,43.09576837416481,0.31843575418994413,-0.018445721197459908,0.023363762958378498,-0.010108745596569157,-0.015916325602546633,-0.02785265049415997,-0.05514479359211337
3024,2025-11-27,0.0023875539125077783,0.006885347361906158,0.011266511266511348,-0.022604385701411878,-0.0020593035610616565,-0.051288032306503605,-0.12348966872421668,-0.011525146856210807,0.011266511266511266,-0.15765969840139796,-0.060695180245354766,0.01736457933154053,0.6885835526912952,44.394785847299815,0.38439306358381503,0.0023875539125077783,-0.018445721197459908,0.023363762958378498,0.011266511266511348,-0.022604385701411878,-0.07975412985017288
3024,2025-11-28,-0.006838263542066847,-0.02283035984275783,0.0034156186927496446,-0.03974444692073398,-0.009360938064530236,-0.05323681287156516,-0.1267088196148583,-0.011399810894199888,0.003415618692749573,-0.1324249949661051,-0.03822114283250186,0.02019186136469132,0.719568754038027,39.8250285279574,0.0,-0.006838263542066847,0.0023875539125077783,-0.018445721197459908,0.0034156186927496446,-0.03974444692073398,-0.09933467429986075
3024,2025-11-29,-0.01640105214296761,-0.020794824399260614,-0.03681818181818186,-0.08169014084507042,-0.020396033065128657,-0.06397932715078367,-0.1379436340226962,-0.012851923671822566,-0.03681818181818182,-0.14141004862236628,0.1958559935068937,0.019584709768758847,0.669425907433031,26.984126984126974,0.0,-0.01640105214296761,-0.006838263542066847,0.0023875539125077783,-0.03681818181818186,-0.08169014084507042,-0.10209218184678308
3024,2025-11-30,-0.008337266005977617,-0.03127160968113718,-0.03446163271557667,-0.08862223507300848,-0.0237276136325925,-0.06684594224530323,-0.14181669672940136,-0.014349214956607551,-0.03446163271557666,-0.14603088593876998,0.21557881076933222,0.018083756345177664,0.6777361257867089,25.97962382445141,0.0,-0.008337266005977617,-0.01640105214296761,-0.006838263542066847,-0.03446163271557667,-0.08862223507300848,-0.10580583756345177
3024,2025-12-01,-0.0076142131979695105,-0.03202846975088969,-0.03202846975088969,-0.09043326548415243,-0.026703857223821178,-0.0681115704018173,-0.1452131160233828,-0.015745337983686863,-0.03202846975088968,-0.16874833909115067,0.10680375550329756,0.019820971867007674,0.670151563560845,25.797665369649806,0.0,-0.0076142131979695105,-0.008337266005977617,-0.01640105214296761,-0.03202846975088969,-0.09043326548415243,-0.06697570332480818
3024,2025-12-02,-0.00591432225063937,-0.0217083529966966,-0.059721802237677646,-0.0736575556714083,-0.023890938036032542,-0.06786541329529593,-0.1473956960779684,-0.01683514755663733,-0.05972180223767765,-0.1666889990620394,0.08714719580605844,0.020582087152275285,0.6922759284492046,28.639308855291574,0.0,-0.00591432225063937,-0.0076142131979695105,-0.008337266005977617,-0.059721802237677646,-0.0736575556714083,-0.06311304068178164
3024,2025-12-03,-0.01366779224955783,-0.026967005076142136,-0.05514479359211333,-0.07018341670456263,-0.029441348990178664,-0.07438565252491716,-0.1562521492598904,-0.018584082513649607,-0.05514479359211337,-0.1798368765877791,-0.05452295200548376,0.019807629605477665,0.6689527624935231,29.440497335701608,0.0,-0.01366779224955783,-0.00591432225063937,-0.0076142131979695105,-0.05514479359211333,-0.07018341670456263,-0.06521030322791001
3024,2025-12-04,-0.023720247799152272,-0.04275895140664965,-0.07975412985017283,-0.06938616938616937,-0.04121542033095847,-0.08934464038604839,-0.17339889314144927,-0.021867952221412128,-0.07975412985017288,-0.2032331027142097,0.0038922149506714567,0.01937046004842615,0.699707015683762,29.878323569175294,0.0,-0.023720247799152272,-0.01366779224955783,-0.00591432225063937,-0.07975412985017283,-0.06938616938616937,-0.0466727895132337
3024,2025-12-05,-0.02797027636302918,-0.06399742723910595,-0.09933467429986076,-0.09625834497748798,-0.05414408245221039,-0.10810231056814242,-0.19361591434526024,-0.026538167047857986,-0.09933467429986075,-0.20325759649603067,0.06423056134551641,0.016062532210960316,0.6853438884790136,25.609756097560975,0.0,-0.02797027636302918,-0.023720247799152272,-0.01366779224955783,-0.09933467429986076,-0.09625834497748798,-0.024222642157704862
3024,2025-12-06,-0.019412472083834342,-0.06944897293772412,-0.10209218184678304,-0.13515151515151513,-0.05831889796255053,-0.1201631839364528,-0.20630236585919787,-0.031004830907742517,-0.10209218184678308,-0.16998691289806603,0.08053547730768826,0.017957252978276102,0.7398165817136311,13.591836734693885,0.0,-0.019412472083834342,-0.02797027636302918,-0.023720247799152272,-0.10209218184678304,-0.13515151515151513,-0.019533987386124736
3024,2025-12-07,-0.012438682550805935,-0.05869583368122233,-0.10580583756345174,-0.13662122836575274,-0.05517976223257144,-0.1262023050153848,-0.21329671675859582,-0.034417350567357764,-0.10580583756345177,-0.1623448993238725,0.16130944737841285,0.03317367394003903,0.6935115539347294,13.591836734693885,0.0,-0.012438682550805935,-0.019412472083834342,-0.02797027636302918,-0.10580583756345174,-0.13662122836575274,0.0007095973035302466
3024,2025-12-08,0.03547986517651225,0.002748668613640204,-0.06697570332480818,-0.0968590437877147,-0.01174279529320712,-0.0914915860115334,-0.18295581090076585,-0.03163603430714944,-0.06697570332480818,-0.1192092953070771,0.038886122817830306,0.01704642795956827,0.6873706556145691,26.96835908756438,0.3436426116838488,0.03547986517651225,-0.012438682550805935,-0.019412472083834342,-0.06697570332480818,-0.0968590437877147,-0.013191708069213636
3024,2025-12-09,-0.0017988692821655494,0.02076033637000707,-0.06311304068178158,-0.11906561838524343,-0.004065735495213976,-0.08943390132473442,-0.18246043729639855,-0.028999207460640598,-0.06311304068178164,-0.11826573849878935,-0.013408122744541125,0.013558740238565176,0.7342500583563383,17.685679113664335,0.3812877263581489,-0.0017988692821655494,0.03547986517651225,-0.012438682550805935,-0.06311304068178158,-0.11906561838524343,0.008238221917102892
3024,2025-12-10,-0.015875740152750395,0.017207734610608538,-0.06521030322791,-0.11675908810844116,-0.01020911422371272,-0.10004080735788047,-0.19364050079103112,-0.028180191420762994,-0.06521030322791001,-0.12524790236460717,-0.06491072120283299,0.020579002441576563,0.7242533183898346,18.124474348191754,0.2759601706970128,-0.015875740152750395,-0.0017988692821655494,0.03547986517651225,-0.06521030322791,-0.11675908810844116,-0.00017439832577607255
3024,2025-12-11,-0.004359958144401821,-0.021929073154017487,-0.046672789513233726,-0.12270457164809834,-0.007685144950027868,-0.09938476100331282,-0.19520956958333557,-0.027242682599427633,-0.0466727895132337,-0.14548720251459363,-0.0930227722412324,0.015852163251007183,0.7079997680746468,16.687526074259495,0.36,-0.004359958144401821,-0.015875740152750395,-0.0017988692821655494,-0.046672789513233726,-0.12270457164809834,0.0031529164477141357
3024,2025-12-12,-0.005079698721317194,-0.02514373980949114,-0.024222642157704866,-0.12115116818814797,-0.009257067390952223,-0.09923244454781895,-0.19735403171801885,-0.02633937928515309,-0.024222642157704862,-0.14944594189877208,-0.10605633562287166,0.01663732394366197,0.7189363133846626,16.9061707523246,0.215,-0.005079698721317194,-0.004359958144401821,-0.015875740152750395,-0.024222642157704866,-0.12115116818814797,-0.0007042253521126761
3024,2025-12-13,-0.01470070422535208,-0.023979769794210015,-0.019533987386124774,-0.11963190184049077,-0.02110194902548721,-0.1074660904096263,-0.2069844753574541,-0.02660096496790584,-0.019533987386124736,-0.15943226194052268,0.09634212151856325,0.018583042973286876,0.7304845853858607,17.233950883239984,0.0,-0.01470070422535208,-0.005079698721317194,-0.004359958144401821,-0.019533987386124774,-0.11963190184049077,0.025730367193781828
3024,2025-12-14,0.007951398195300552,-0.01191101769136449,0.0007095973035302627,-0.10517131979695427,-0.013416949830101872,-0.09512835456980773,-0.19833632166974186,-0.025012441164424054,0.0007095973035302466,-0.16187504643042866,0.058605506881368966,0.014713703244105656,0.7349835778111925,21.223958333333343,0.18503118503118504,0.007951398195300552,-0.01470070422535208,-0.005079698721317194,0.0007095973035302627,-0.10517131979695427,0.014181882644921113
3024,2025-12-15,0.02109555043432021,0.014084507042253502,-0.013191708069213659,-0.07928388746803072,0.009337372017923819,-0.07026044006596423,-0.17895632107812662,-0.020723124744014373,-0.013191708069213636,-0.16793066088840736,0.0772728894278431,0.01597222222222222,0.6620873777353835,29.721995094031072,0.7108695652173913,0.02109555043432021,0.007951398195300552,-0.01470070422535208,-0.013191708069213659,-0.07928388746803072,-0.010850694444444444
3024,2025-12-16,0.019878472222222276,0.04967390333243982,0.008238221917102884,-0.05539475799967841,0.028166020752594098,-0.04642996277378589,-0.16004842345741582,-0.014911979748728934,0.008238221917102892,-0.1507156281624982,0.10898335975078838,0.012767044003744999,0.7061137927475691,36.75509419454056,1.0,0.019878472222222276,0.02109555043432021,0.007951398195300552,0.008238221917102884,-0.05539475799967841,-0.006553749255255766
3024,2025-12-17,-0.024087156353732264,0.016309165041659357,-0.0001743983257760373,-0.0653733289859798,0.0034255138270740384,-0.06359741058740903,-0.177591573967666,-0.013505591148785929,-0.00017439832577607255,-0.16647281186391394,-0.047307566800036366,0.021367521367521368,0.7416204380995395,35.22476050110538,0.4910071942446043,-0.024087156353732264,0.019878472222222276,0.02109555043432021,-0.0001743983257760373,-0.0653733289859798,0.024245595674167102
3024,2025-12-18,-0.0010465724751439476,-0.005729166666666674,0.0031529164477142047,-0.04366702847123649,0.0019244226731980406,-0.05952612290588422,-0.17547756410512763,-0.012265410877541637,0.0031529164477141357,-0.14694272734043345,0.013224779790397104,0.017024620220010476,0.768626231565053,39.26078028747433,0.4694244604316547,-0.0010465724751439476,-0.024087156353732264,0.019878472222222276,0.0031529164477142047,-0.04366702847123649,0.01885804085908853
3024,2025-12-19,-0.00890518596123624,-0.03379010979657848,-0.0007042253521126751,-0.024909809311114972,-0.006898620275944833,-0.06317825085894589,-0.17959292815656533,-0.012091322362132008,-0.0007042253521126761,-0.13960891314233742,-0.07574176340242263,0.01656095842142354,0.7652396458896217,43.415077202543145,0.28597122302158273,-0.00890518596123624,-0.0010465724751439476,-0.024087156353732264,-0.0007042253521126751,-0.024909809311114972,0.023960535588442564
3024,2025-12-20,0.011363636363636465,0.0013082155939299067,0.025730367193781856,0.005693763139453356,0.0007845188284518828,-0.048898486212438336,-0.16703345602638947,-0.010265351230897809,0.025730367193781828,-0.10792540792540793,0.07671527758212159,0.010974653775803502,0.7811787382137102,51.5439429928741,0.4261241970021413,0.011363636363636465,-0.00890518596123624,-0.0010465724751439476,0.025730367193781856,0.005693763139453356,0.015242574688615975
3024,2025-12-21,-0.003396916644891612,-0.0010476689366160086,0.014181882644921151,0.014901543374135073,-0.004598329687810721,-0.0483451530088883,-0.16669498890577433,-0.009133287450949231,0.014181882644921113,-0.11178388448998602,0.09877120458990099,0.015032337004020277,0.7266534438097365,54.1958041958042,0.22670025188916876,-0.003396916644891612,0.011363636363636465,-0.00890518596123624,0.014181882644921151,0.014901543374135073,0.02464604090194022
3024,2025-12-22,-0.004107673483656704,0.0037878787878788955,-0.01085069444444442,-0.02389926332019876,-0.007144724231070838,-0.04748769131746791,-0.1669218715603187,-0.00857304680866215,-0.010850694444444444,-0.13674242424242425,-0.010074069436135423,0.016673979815708645,0.7591518724893093,41.540327471194665,0.10831234256926953,-0.004107673483656704,-0.003396916644891612,0.011363636363636465,-0.01085069444444442,-0.02389926332019876,0.03501535761298815
3024,2025-12-23,0.024308907415533154,0.016636181517289517,-0.006553749255255759,0.0016304814210932328,0.01796616082330368,-0.020550646560766613,-0.14357271903106517,-0.00510381310252493,-0.006553749255255766,-0.10614182876397611,0.023557275614254365,0.016363947909527072,0.6657911539100697,50.49868766404199,1.0,0.024308907415533154,-0.004107673483656704,-0.003396916644891612,-0.006553749255255759,0.0016304814210932328,0.00205620287868403
3024,2025-12-24,0.006168608636052175,0.026393987065198354,0.024245595674167175,0.024066968957098034,0.020710206108765783,-0.011239739002315303,-0.13528655250162805,-0.0019561838381868027,0.024245595674167102,-0.09144360204239517,-0.043147292537193634,0.013623978201634877,0.7077737606903488,57.700892857142854,1.0,0.006168608636052175,0.024308907415533154,-0.004107673483656704,0.024245595674167175,0.024066968957098034,-0.006641689373297003
3024,2025-12-25,-0.006301089918256175,0.024133391838525586,0.0188580408590886,0.02207041513399899,0.011565704096289991,-0.013155113074214977,-0.13781214598827762,-0.0005967946020268331,0.01885804085908853,-0.11778046567886302,-0.19276547041889475,0.013967437874892888,0.7609416971294749,56.93832599118944,0.8112244897959183,-0.006301089918256175,0.006168608636052175,0.024308907415533154,0.0188580408590886,0.02207041513399899,-0.0005141388174807198
3024,2025-12-26,-0.003941730934018839,-0.004112405757368043,0.023960535588442466,0.02323943661971839,0.004196080367280514,-0.013262329269086371,-0.13835591165463076,-0.00015734576585772747,0.023960535588442564,-0.10474430067775724,0.05871150753677004,0.01952856159669649,0.7606342745925919,57.31707317073171,0.6561604584527221,-0.003941730934018839,-0.006301089918256175,0.006168608636052175,0.023960535588442466,0.02323943661971839,-0.008947006194081212
3024,2025-12-27,0.002752924982794225,-0.007493188010899154,0.015242574688616006,0.041365138926114486,0.004790463406524457,-0.006726355496977613,-0.1331523131307956,0.00045498085341111013,0.015242574688615975,-0.10441797925470611,0.05764184394213353,0.01501372683596431,0.7616961986719067,63.87058118633912,0.7478510028653295,0.002752924982794225,-0.003941730934018839,-0.006301089918256175,0.015242574688616006,0.041365138926114486,-0.012611530542210021
3024,2025-12-28,0.005833905284831742,0.004627249357326502,0.024646040901940225,0.039177450806594516,0.007154691047431998,0.0024911214606978455,-0.12542924137725245,0.001519230256569496,0.02464604090194022,-0.09299087111248647,0.1584535620819267,0.013561924257932446,0.7033457870280231,63.41019417475728,0.9426934097421203,0.005833905284831742,0.002752924982794225,-0.003941730934018839,0.024646040901940225,0.039177450806594516,-0.02652678266803139
3024,2025-12-29,0.005970658478335,0.014624913971094333,0.03501535761298813,0.023784722222222276,0.008231156269845103,0.011128067077039082,-0.11760598271556494,0.0028577938016890255,0.03501535761298815,-0.07236117665565518,0.050575293746724065,0.014159742241817874,0.7150169849284893,59.256756756756765,1.0,0.005970658478335,0.005833905284831742,0.002752924982794225,0.03501535761298813,0.023784722222222276,-0.039850771578768866
3024,2025-12-30,-0.008309309818551824,0.0034317089910775866,0.0020562028786841324,-0.0045110222146566015,-0.0004395175074473578,0.005346490398666019,-0.12227263213981072,0.0026511884449102988,0.00205620287868403,-0.07233502538071065,0.04324285903117769,0.01581737346101231,0.7341403782981436,48.035581912527796,0.4235294117647059,-0.008309309818551824,0.005970658478335,0.005833905284831742,0.0020562028786841324,-0.0045110222146566015,-0.03787619699042408
3024,2025-12-31,-0.002564979480164209,-0.004947117024906134,-0.006641689373297011,0.017442874585731794,-0.002053036783575706,0.005204384090439067,-0.12194901661032882,0.0021288808289811776,-0.006641689373297003,-0.0676150895140665,-0.07457245384791543,0.01380078861649237,0.7610294986673172,59.12408759124087,0.24705882352941178,-0.002564979480164209,-0.008309309818551824,0.005970658478335,-0.006641689373297011,0.017442874585731794,-0.04440253728784502
3024,2026-01-01,-0.00017143836790678435,-0.011022553840936089,-0.0005141388174807471,0.01833420639078054,-0.002150958154086798,0.0072712827509974895,-0.11956669423192726,0.0016984754191883267,-0.0005141388174807198,-0.06222865412445731,0.013564266241833557,0.01586076817558299,0.75139524558397,59.66850828729281,0.23529411764705882,-0.00017143836790678435,-0.002564979480164209,-0.008309309818551824,-0.0005141388174807471,0.01833420639078054,-0.054698216735253775
3024,2026-01-02,-0.012345679012345734,-0.015047879616963078,-0.008947006194081175,0.014799154334038,-0.01321585903083696,-0.0030174875809904156,-0.12787029762435498,-7.928582102496667e-05,-0.008947006194081212,-0.06097163351809586,0.10850748214850352,0.017274305555555557,0.7487585450073035,57.4468085106383,0.0,-0.012345679012345734,-0.00017143836790678435,-0.002564979480164209,-0.008947006194081175,0.014799154334038,-0.05763888888888889
3024,2026-01-03,-0.0009548611111110938,-0.013457911880678908,-0.012611530542209981,0.0024388119501785877,-0.012381547816066547,-0.0026229280890177676,-0.1261605173133787,-0.0013461530702528954,-0.012611530542210021,-0.039074893545963094,-0.003120134699987644,0.014423494656355895,0.7533636355388621,51.386138613861384,0.0,-0.0009548611111110938,-0.012345679012345734,-0.00017143836790678435,-0.012611530542209981,0.0024388119501785877,-0.05925797202189591
3024,2026-01-04,-0.008341298114519113,-0.021519204389574775,-0.026526782668031434,-0.002534521936724321,-0.01687135438458322,-0.010287643554396736,-0.13091779183045635,-0.0030958751429949805,-0.02652678266803139,-0.019670159766363167,0.10525889738931096,0.016472443704547444,0.7740378319954014,48.641049671977505,0.0,-0.008341298114519113,-0.0009548611111110938,-0.012345679012345734,-0.026526782668031434,-0.002534521936724321,-0.06729168492070446
3024,2026-01-05,-0.007798124945237905,-0.017013888888888884,-0.03985077157876882,-0.006230802983764772,-0.018863253787503757,-0.017744327858045448,-0.13510889637193138,-0.005039171832261278,-0.039850771578768866,-0.00805886475122635,-0.01752132681950273,0.019162839985870716,0.7707151767151768,46.79891794409377,0.0,-0.007798124945237905,-0.008341298114519113,-0.0009548611111110938,-0.03985077157876882,-0.006230802983764772,-0.06446485340868952
3024,2026-01-06,-0.006269869304132869,-0.022243461638717488,-0.037876196990424105,-0.03589787525702537,-0.01963932345144301,-0.023843671566869857,-0.13796757579394361,-0.0068689329257630325,-0.03787619699042408,-0.0018626929217668972,-0.005821795295222201,0.01741757753487959,0.7614002858060583,26.799557032115175,0.0,-0.006269869304132869,-0.007798124945237905,-0.008341298114519113,-0.037876196990424105,-0.03589787525702537,-0.04647649515684706
3024,2026-01-07,-0.00933084510797122,-0.02321913607289927,-0.044402537287845045,-0.050749318801089904,-0.02248499956157376,-0.03147896093365387,-0.1434739961225321,-0.008919540090539664,-0.04440253728784502,-0.04505739249614528,-0.0004835954107238923,0.017491926803013993,0.7612441392167564,18.16239316239316,0.0,-0.00933084510797122,-0.006269869304132869,-0.007798124945237905,-0.044402537287845045,-0.050749318801089904,-0.00968783638320775
3024,2026-01-08,-0.010943667025475445,-0.02631578947368418,-0.05469821673525377,-0.05518423307626397,-0.025393658530425623,-0.04033561272241444,-0.15031235871932921,-0.011234857386021056,-0.054698216735253775,-0.053805886896078264,-0.08380635515380762,0.018138944313440958,0.7638081815237279,17.276422764227647,0.0,-0.010943667025475445,-0.00933084510797122,-0.006269869304132869,-0.05469821673525377,-0.05518423307626397,0.0014511155450752766
3024,2026-01-09,-0.015418102666424849,-0.03527948102728162,-0.057638888888888906,-0.06607019958706128,-0.032306536438767776,-0.053451177227955816,-0.16076275554028513,-0.014165367537596915,-0.05763888888888889,-0.0533658876874782,-0.004612187675440068,0.016488577745025792,0.7731141107582115,15.34296028880867,0.0,-0.015418102666424849,-0.010943667025475445,-0.00933084510797122,-0.057638888888888906,-0.06607019958706128,0.02929255711127487
3024,2026-01-10,-0.0026713338246131535,-0.02879440258342303,-0.059257972021895866,-0.07112216884008238,-0.026436471540329107,-0.05435542098521025,-0.1603816423580624,-0.01594428428916886,-0.05925797202189591,-0.051760378349973726,0.08053965214160143,0.01773344416735938,0.7843272610110991,12.488687782805428,0.0,-0.0026713338246131535,-0.015418102666424849,-0.010943667025475445,-0.059257972021895866,-0.07112216884008238,0.03629814353006373
3024,2026-01-11,-0.016809827283642775,-0.034554688917105,-0.06729168492070448,-0.09203343568747868,-0.03326457271111453,-0.0683121088792613,-0.17187029987449043,-0.018534778473487414,-0.06729168492070446,-0.06294014084507042,0.138032347672189,0.018224518553311413,0.7897417572045442,5.742411812961436,0.0,-0.016809827283642775,-0.0026713338246131535,-0.015418102666424849,-0.06729168492070448,-0.09203343568747868,0.04931892907468295
3024,2026-01-12,-0.004790981681540685,-0.024134119380987418,-0.06446485340868946,-0.10174665083940992,-0.028697166957000093,-0.07115259844636809,-0.17334406109274023,-0.020198013106599414,-0.06446485340868952,-0.053515590100955954,-0.009417908240475644,0.015386067585425713,0.7692415367301735,0.0,0.0,-0.004790981681540685,-0.016809827283642775,-0.0026713338246131535,-0.06446485340868946,-0.10174665083940992,0.05059467623182934
3024,2026-01-13,0.012837455163299927,-0.008959083772051346,-0.04647649515684704,-0.08259233926128595,-0.00944267137921025,-0.05770840773504598,-0.1603214724502493,-0.019178191498933246,-0.04647649515684706,-0.04892749512497784,-0.009721911701913723,0.012954333643988816,0.7498079940965112,10.985460420032311,0.24548736462093862,0.012837455163299927,-0.004790981681540685,-0.016809827283642775,-0.04647649515684704,-0.08259233926128595,0.0331780055917987
3024,2026-01-14,0.028890959925442772,0.037106622827618674,-0.009687836383207804,-0.05366020915480885,0.0206291766818986,-0.029120521554579715,-0.13377946248295627,-0.014547856054056205,-0.00968783638320775,-0.041666666666666664,-0.04172900194151958,0.014945652173913044,0.7040313051081167,29.38076416337286,1.0,0.028890959925442772,0.012837455163299927,-0.004790981681540685,-0.009687836383207804,-0.05366020915480885,0.018115942028985508
3024,2026-01-15,0.00018115942028984477,0.042288087596752844,0.0014511155450753765,-0.05332647462277096,0.020598410225262126,-0.02692794637323134,-0.13109852061693422,-0.01103129700658601,0.0014511155450752766,-0.060175334070984764,-0.07155394258581596,0.014399565296142003,0.6907212665848433,29.512516469038204,1.0,0.00018115942028984477,0.028890959925442772,0.012837455163299927,0.0014511155450753765,-0.05332647462277096,0.0161202680673791
3024,2026-01-16,0.011954356094910246,0.04137931034482767,0.029292557111274764,-0.030034722222222254,0.028480513332982623,-0.014450144795448918,-0.11781888997078875,-0.006972812821992913,0.02929255711127487,-0.025466596895168322,-0.10834466995926964,0.01190263110792912,0.7459139441848642,38.512616201859224,1.0,0.011954356094910246,0.00018115942028984477,0.028890959925442772,0.029292557111274764,-0.030034722222222254,0.0004474673348845534
3024,2026-01-17,0.0041166994809378465,0.016304347826086918,0.036298143530063776,-0.025110782865583436,0.02740532408921442,-0.009711651333770673,-0.11108528933302346,-0.0036214225383662487,0.03629814353006373,-0.020429544264012573,-0.004632705795496493,0.011853832442067736,0.7356088963992109,40.62297209604153,1.0,0.0041166994809378465,0.011954356094910246,0.00018115942028984477,0.036298143530063776,-0.025110782865583436,-0.0022281639928698753
3024,2026-01-18,-0.004456327985739805,0.01159210287991308,0.04931892907468294,-0.0212915096819416,0.015850331297908228,-0.013596531250827932,-0.11184262837332827,-0.0018548426854304622,0.04931892907468295,-0.01603241719520789,0.16421179580407397,0.0144136078782453,0.769564589352043,41.87290969899666,0.9201277955271565,-0.004456327985739805,0.0041166994809378465,0.011954356094910246,0.04931892907468294,-0.0212915096819416,0.016651745747538048
3024,2026-01-19,-0.0035810205908684,-0.003937712546984051,0.05059467623182923,-0.017131755563405182,0.005212499677444374,-0.0161123028688621,-0.11163809961324281,-0.00106710301802971,0.05059467623182934,-0.03057224980402404,0.006244213553567967,0.012578616352201259,0.7552912916545952,43.291839557399726,0.8163265306122449,-0.0035810205908684,-0.004456327985739805,0.0041166994809378465,0.05059467623182923,-0.017131755563405182,0.018149146451033243
3024,2026-01-20,-0.003953279424977585,-0.01194295900178255,0.03317800559179873,-0.014840486981249401,-0.0033392412216485343,-0.018972779724611488,-0.11193907631837537,-0.0009824765432380066,0.0331780055917987,-0.031113441705995455,-0.021245177851489622,0.01208731733718203,0.793687347379368,44.11557434813249,0.25555555555555554,-0.003953279424977585,-0.0035810205908684,-0.004456327985739805,0.03317800559179873,-0.014840486981249401,0.014342413855313008
3024,2026-01-21,0.013891394551686753,0.006266786034019756,0.018115942028985588,0.008252601363473167,0.007916784094693914,-0.004889968334725289,-0.09655178573023375,0.0007226894295518066,0.018115942028985508,-0.013602457218078104,-0.04211572755628853,0.014412811387900355,0.7195336698816793,53.13351498637602,1.0,0.013891394551686753,-0.003953279424977585,-0.0035810205908684,0.018115942028985588,0.008252601363473167,-0.007473309608540925
3024,2026-01-22,-0.001779359430605032,0.008086253369272267,0.016120268067379095,0.017594775984037803,0.0038343558282208823,-0.005333845540107214,-0.09499180402064539,0.0015941321909269896,0.0161202680673791,-0.0387251542152159,0.0715429046044761,0.015864527629233512,0.745736898775628,57.10102489019033,0.8701298701298701,-0.001779359430605032,0.013891394551686753,-0.003953279424977585,0.016120268067379095,0.017594775984037803,-0.028342245989304814
3024,2026-01-23,-0.0036541889483066026,0.008388959047447297,0.00044746733488465473,0.029753131908621944,0.00010224295482137109,-0.007311153208619518,-0.09508566515174542,0.0016774158705070406,0.0004474673348845534,-0.04810967302452316,-0.02927417464645605,0.014491457196529207,0.758873169020615,63.05578011317704,0.6038961038961039,-0.0036541889483066026,-0.001779359430605032,0.013891394551686753,0.00044746733488465473,0.029753131908621944,-0.03792825834153323
3024,2026-01-24,0.0014312550317558959,-0.0040035587188611554,-0.002228163992869847,0.03398910132077204,0.0018537458450524629,-0.004490685162954071,-0.0907573187019457,0.0018425525782688878,-0.0022281639928698753,-0.04070265638389032,0.05364915547608791,0.011433675748101831,0.741149653020237,65.03267973856208,0.7077922077922078,0.0014312550317558959,-0.0036541889483066026,-0.001779359430605032,-0.002228163992869847,0.03398910132077204,-0.03983921393479232
3024,2026-01-25,0.014381420276909251,0.0121212121212122,0.016651745747538138,0.06679192108971344,0.01385098079228628,0.010628988095414597,-0.0746565407995307,0.0035653967543452935,0.016651745747538048,-0.023055746730901584,0.15218359797463377,0.01294469883761888,0.7234165814452398,79.55112219451371,1.0,0.014381420276909251,0.0014312550317558959,-0.0036541889483066026,0.016651745747538138,0.06679192108971344,-0.05723846424797464
3024,2026-01-26,-0.0021134202183867856,0.013686376241166531,0.01814914645103327,0.06966207287143655,0.009108487685731685,0.009463347714929663,-0.0731557036257507,0.0043107179014284175,0.018149146451033243,-0.027796842827728208,-0.016706362191000426,0.014825273561595482,0.7293742995614544,81.37755102040816,0.9111111111111111,-0.0021134202183867856,0.014381420276909251,0.0014312550317558959,0.01814914645103327,0.06966207287143655,-0.06106600776561948
3024,2026-01-27,-0.007677373808683385,0.004466279589102173,0.014342413855312985,0.0479962721342031,-0.0006601749463607164,0.00314010954700358,-0.07720713943787189,0.0037470068163581735,0.014342413855313008,-0.040856363016035485,-0.08483118524051289,0.01707425522454424,0.7541990598938081,72.84826974267969,0.3728813559322034,-0.007677373808683385,-0.0021134202183867856,0.014381420276909251,0.014342413855312985,0.0479962721342031,-0.05833703868385949
3024,2026-01-28,-0.00791462872387727,-0.017611835153222954,-0.007473309608540979,0.010507246376811663,-0.007511152345487521,-0.0029077388755153655,-0.08145201647099506,0.0023317130628203353,-0.007473309608540925,-0.05409530269628625,-0.2091506491168332,0.015955539619935462,0.7568706362576387,56.40176600441501,0.0,-0.00791462872387727,-0.007677373808683385,-0.0021134202183867856,-0.007473309608540979,0.010507246376811663,-0.06794550017927573
3024,2026-01-29,-0.022768017210469726,-0.037945640663607505,-0.028342245989304793,-0.01267886252490491,-0.02617239839213935,-0.02329915009765224,-0.09918280296471486,-0.0013186994811529953,-0.028342245989304814,-0.06788645690834473,-0.06975974362418683,0.015501742799486332,0.770828713325735,43.95509499136442,0.0,-0.022768017210469726,-0.00791462872387727,-0.007677373808683385,-0.028342245989304793,-0.01267886252490491,-0.04833975417354614
3024,2026-01-30,-0.013483764446890478,-0.04357492218763892,-0.03792825834153324,-0.03749776266332561,-0.034077058287679075,-0.033840293935337884,-0.10780946692548905,-0.005215060807798477,-0.03792825834153323,-0.07809017658151894,-0.27256136861354124,0.016922361692236168,0.7448305854921329,32.13981244671781,0.0,-0.013483764446890478,-0.022768017210469726,-0.00791462872387727,-0.03792825834153324,-0.03749776266332561,-0.035239423523942354
3024,2026-01-31,-0.0005578800557880514,-0.03648261025457156,-0.039839213934792284,-0.04197860962566846,-0.029059939350925913,-0.03172629985947471,-0.10486084958690234,-0.0076653718768479265,-0.03983921393479232,-0.07844650205761317,-0.027973786211649455,0.014699041771327566,0.679874685455016,29.21447484554281,0.0,-0.0005578800557880514,-0.013483764446890478,-0.022768017210469726,-0.039839213934792284,-0.04197860962566846,-0.02837473253325891
3024,2026-02-01,-0.004000372127639817,-0.017978352595854008,-0.05723846424797463,-0.04153983885407342,-0.024764135597631617,-0.03323681152963989,-0.1049201800303767,-0.009481852335864578,-0.05723846424797464,-0.07065972222222222,-0.029194718927639928,0.01419764617971231,0.7795193566031995,29.39609236234459,0.0,-0.004000372127639817,-0.0005578800557880514,-0.013483764446890478,-0.05723846424797463,-0.04153983885407342,-0.02344479730991967
3024,2026-02-02,-0.006164767420138273,-0.010692701069270116,-0.061066007765619434,-0.04402515723270439,-0.021968930967919846,-0.036676897447737035,-0.10679390687188516,-0.01107432474952061,-0.06106600776561948,-0.07550612564080285,-0.11859054873079551,0.01362781954887218,0.7266081130747534,28.732638888888886,0.0,-0.006164767420138273,-0.004000372127639817,-0.0005578800557880514,-0.061066007765619434,-0.04402515723270439,-0.007894736842105263
3024,2026-02-03,-0.004793233082706738,-0.014885105591217807,-0.05833703868385953,-0.044831318780443774,-0.018199398651602004,-0.03890430189181584,-0.10772702163715868,-0.012311051683204031,-0.05833703868385949,-0.07219837027950583,-0.19814977180365995,0.013032392105014638,0.7201008194710732,28.559102674719583,0.0,-0.004793233082706738,-0.006164767420138273,-0.004000372127639817,-0.05833703868385953,-0.044831318780443774,0.01246576636131835
3024,2026-02-04,-0.01803758617433182,-0.028768914627311792,-0.0679455001792757,-0.07491103202846972,-0.026130935656083168,-0.053588711267797906,-0.12105973998651277,-0.014807026928344728,-0.06794550017927573,-0.0817732250088308,-0.20591911029799165,0.015676091556068476,0.7538396435416822,14.799331103678924,0.0,-0.01803758617433182,-0.004793233082706738,-0.006164767420138273,-0.0679455001792757,-0.07491103202846972,0.028659357568763224
3024,2026-02-05,-0.0022119638391998597,-0.02490601503759393,-0.04833975417354619,-0.07531194295900179,-0.021384681722632505,-0.053159936116814965,-0.12045627949473921,-0.01622612362279833,-0.04833975417354614,-0.0780236381409402,-0.12226924420028215,0.01253012048192771,0.6842208170657575,14.762301918265223,0.0,-0.0022119638391998597,-0.01803758617433182,-0.004793233082706738,-0.04833975417354619,-0.07531194295900179,0.029108433734939758
3024,2026-02-06,9.638554216873096e-05,-0.020115213901218287,-0.03523942352394238,-0.0718311119062528,-0.01626643912613608,-0.050839602016142536,-0.11798041467690258,-0.016624279541864236,-0.035239423523942354,-0.06925008970218874,-0.0383223577508431,0.01117964533538936,0.7513191880547593,15.358067299396026,0.00267379679144385,9.638554216873096e-05,-0.0022119638391998597,-0.01803758617433182,-0.03523942352394238,-0.0718311119062528,0.030454895913646876
3024,2026-02-07,0.0065535851966076475,0.0044239276783997195,-0.02837473253325895,-0.06708351942831625,-0.0057121096725057125,-0.042920722971796534,-0.10986950510426335,-0.015591018023022882,-0.02837473253325891,-0.052784327952113186,0.17282905600370516,0.010915358100344696,0.7012665365512842,18.9925681255161,0.2084592145015106,0.0065535851966076475,9.638554216873096e-05,-0.0022119638391998597,-0.02837473253325895,-0.06708351942831625,0.028150134048257374
3024,2026-02-08,0.0010532363079280849,0.007710843373494036,-0.023444797309919663,-0.0793413173652695,-0.0012555099144342453,-0.040737682356179465,-0.10668597061685617,-0.014283205431178113,-0.02344479730991967,-0.03693809874723655,0.15014953815165497,0.010712577714012433,0.7321494913366832,7.540056550424126,0.3018867924528302,0.0010532363079280849,0.0065535851966076475,9.638554216873096e-05,-0.023444797309919663,-0.0793413173652695,0.02381635581061693
3024,2026-02-09,0.009660449545672023,0.017347725520431734,-0.007894736842105288,-0.06847864454641728,0.009550093588184688,-0.030667372719230895,-0.09564700876423933,-0.011836772276559862,-0.007894736842105263,-0.02503001754872079,-0.0494193993903445,0.009662751042061386,0.7216636586069829,15.90509666080844,0.8457943925233645,0.009660449545672023,0.0010532363079280849,0.0065535851966076475,-0.007894736842105288,-0.06847864454641728,0.018757104964001514
3024,2026-02-10,0.015630920803334503,0.02652240520873228,0.012465766361318353,-0.04659848821698531,0.023484486873508355,-0.015744778517328438,-0.07920151467147124,-0.008023928890386386,0.01246576636131835,0.007139502113668389,-0.0733185185954045,0.01660292883126574,0.6728243891383313,28.453947368421055,1.0,0.015630920803334503,0.009660449545672023,0.0010532363079280849,0.012465766361318353,-0.04659848821698531,0.0027049715511612725
3024,2026-02-11,-0.0023318720268631354,0.023051171688187377,0.028659357568763255,-0.04123341699533878,0.01696480719340416,-0.01834635046210039,-0.07904605917739436,-0.005556394334694161,0.028659357568763224,0.009628091372474987,-0.11508666640471978,0.014678384442782348,0.6690653555312247,30.03472222222223,0.9277456647398844,-0.0023318720268631354,0.015630920803334503,0.009660449545672023,0.028659357568763255,-0.04123341699533878,-0.004113687359760658
3024,2026-02-12,-0.0017763649962603267,0.01146267525577871,0.029108433734939654,-0.02063841496973029,0.01101115995941828,-0.01993121680170366,-0.07822692042053567,-0.0039771038168455505,0.029108433734939758,-0.004939422180801492,-0.11438559462204763,0.010489837969467078,0.7082563233624113,37.73173391494003,0.8724637681159421,-0.0017763649962603267,-0.0023318720268631354,0.015630920803334503,0.029108433734939654,-0.02063841496973029,-0.007680059941931254
3024,2026-02-13,0.001404889013767896,-0.0027049715511612282,0.030454895913646807,-0.0058577405857740406,0.008122196629894508,-0.017508178242811066,-0.07413162556154132,-0.002653646674651935,0.030454895913646876,-0.03152173913043478,-0.10538141165252042,0.009072203516647961,0.7257249189519592,45.98726114649681,0.8953068592057761,0.001404889013767896,-0.0017763649962603267,-0.0023318720268631354,0.030454895913646807,-0.0058577405857740406,-0.012439206883651329
3024,2026-02-14,0.004302282080059783,0.003926701570680535,0.02815013404825728,-0.0010233510093962117,0.008465821426175598,-0.012361576100952839,-0.06737011342065614,-0.001201676262030756,0.028150134048257374,-0.027531244339793516,0.0029925397513159116,0.01052337493015459,0.7360119909995958,49.333333333333336,1.0,0.004302282080059783,0.001404889013767896,-0.0017763649962603267,0.02815013404825728,-0.0010233510093962117,-0.013782827342149376
3024,2026-02-15,-0.00316632520022353,0.0025288002247823016,0.02381635581061703,-0.0001868111339435874,0.0019255455712452593,-0.01406807449754686,-0.06757686712563843,-0.0005907446823325348,0.02381635581061693,-0.042061929479148025,0.15585028087512048,0.011584454409566517,0.7068070175438597,49.877450980392155,0.8131868131868132,-0.00316632520022353,0.004302282080059783,0.001404889013767896,0.02381635581061703,-0.0001868111339435874,-0.002428998505231689
3024,2026-02-16,0.004671150971599314,0.005798728020950161,0.018757104964001625,0.010714285714285676,0.00394761409404919,-0.008043390030623983,-0.0607914946637866,0.00037165261778867453,0.018757104964001514,-0.041532976827094475,-0.02450902191637024,0.010507718058396875,0.7212514715226811,57.125,1.0,0.004671150971599314,-0.00316632520022353,0.004302282080059783,0.018757104964001625,0.010714285714285676,0.009856797470708573
3024,2026-02-17,-0.00037195462153616354,0.0011175265412552982,0.0027049715511613392,0.015204457455850307,0.003186199357427553,-0.007130190631003465,-0.05890889849055792,0.0009400965687953153,0.0027049715511612725,-0.03760071620411817,-0.00582014337426355,0.013116279069767442,0.7037486158881343,60.69057104913679,0.948051948051948,-0.00037195462153616354,0.004671150971599314,-0.00316632520022353,0.0027049715511613392,0.015204457455850307,0.01441860465116279
3024,2026-02-18,-0.009116279069767419,-0.004857997010463411,-0.004113687359760698,0.024427774572033156,-0.005375698640735329,-0.01473154548649863,-0.06547194310246,0.0002097572098085848,-0.004113687359760658,-0.04294699011680144,0.020936841897073434,0.014926774314682688,0.7097892903510333,69.24242424242425,0.0,-0.009116279069767419,-0.00037195462153616354,0.004671150971599314,-0.004113687359760698,0.024427774572033156,0.022530980097634247
3024,2026-02-19,-0.005351107773188146,-0.01478519620606289,-0.0076800599419312165,0.021204819277108378,-0.009614742605328195,-0.018518003872198877,-0.06839580013619176,-0.000895374537277968,-0.007680059941931254,-0.044290095616092366,-0.0003642071080151358,0.013402548371873525,0.7133930051186421,65.85014409221903,0.0,-0.005351107773188146,-0.009116279069767419,-0.00037195462153616354,-0.0076800599419312165,0.021204819277108378,0.02878716375648891
3024,2026-02-20,-0.003397829164700328,-0.017767441860465083,-0.0124392068836513,0.017636854279105663,-0.01122377996575345,-0.01979168600657254,-0.06915946071958906,-0.001980296611570057,-0.012439206883651329,-0.06058718861209964,0.035277535490328714,0.01136471256747798,0.7387450721545084,62.5514403292181,0.0,-0.003397829164700328,-0.005351107773188146,-0.009116279069767419,-0.0124392068836513,0.017636854279105663,0.032105313003125295
3024,2026-02-21,0.0029358840799318386,-0.0058205031918888706,-0.013782827342149417,0.013979318268862562,-0.006353546726717114,-0.014993675124637316,-0.06416429704805748,-0.002281494756296434,-0.013782827342149376,-0.05614973262032086,0.019167236551614907,0.010292728989612842,0.6959177014452674,60.54913294797688,0.15897435897435896,0.0029358840799318386,-0.003397829164700328,-0.005351107773188146,-0.013782827342149417,0.013979318268862562,0.03031161473087819
3024,2026-02-22,0.00830972615675174,0.007833883907503614,-0.0024289985052317054,0.021329507412721105,0.0022526750516238033,-0.005263403046252737,-0.05430033457980714,-0.001435860168530669,-0.002428998505231689,-0.04481617318185884,0.2198563501742033,0.011331710058063308,0.7276727500631414,64.49934980494149,0.6102564102564103,0.00830972615675174,0.0029358840799318386,-0.003397829164700328,-0.0024289985052317054,0.021329507412721105,0.027158643940812886
3024,2026-02-23,0.017044390335268833,0.028506487356757315,0.009856797470708667,0.028798787419477057,0.017888704407905333,0.012744793285669822,-0.03593494780200264,0.0011508352214207177,0.009856797470708573,-0.02992407324698526,0.05625493730400039,0.014640883977900553,0.6323789145834257,67.88235294117646,1.0,0.017044390335268833,0.00830972615675174,0.0029358840799318386,0.009856797470708667,0.028798787419477057,0.0023941068139963165
3024,2026-02-24,0.004143646408839796,0.02974504249291776,0.014418604651162736,0.017162578117712934,0.019989577626638565,0.018368928774875632,-0.02995098606082716,0.0032738150326552646,0.01441860465116279,-0.03971468827051779,0.09944478850058965,0.012471343420449334,0.674661997267891,62.6027397260274,1.0,0.004143646408839796,0.017044390335268833,0.00830972615675174,0.014418604651162736,0.017162578117712934,-0.01228794131132508
3024,2026-02-25,-0.0011921137093076073,0.020041206218393004,0.022530980097634323,0.018324607329842868,0.015516988771826935,0.018549978336019263,-0.029070055366817563,0.004395320610948847,0.022530980097634247,-0.03882809742322626,-0.05917776016056416,0.010190965846492839,0.7065971329335486,63.64902506963789,0.9624277456647399,-0.0011921137093076073,0.004143646408839796,0.017044390335268833,0.022530980097634323,0.018324607329842868,-0.014138817480719794
3024,2026-02-26,0.0007344840249725593,0.0036832412523020164,0.02878716375648893,0.020886016671349594,0.012151119600976359,0.020395426631384505,-0.02640322984029443,0.0050591967946747776,0.02878716375648891,-0.030680302356602934,-0.04168517624850458,0.011559633027522935,0.7255131045507146,65.77086280056577,0.9855491329479769,0.0007344840249725593,-0.0011921137093076073,0.004143646408839796,0.02878716375648893,0.020886016671349594,-0.015045871559633028
3024,2026-02-27,-0.00018348623853214896,-0.0006419073819349252,0.032105313003125246,0.01926674148896379,0.007434993330956176,0.021030211801153054,-0.024824316854048706,0.005297013659720489,0.032105313003125295,-0.023126568662603084,-0.009949322521090919,0.010552394934850431,0.7389789796201599,64.84149855907782,0.9777777777777777,-0.00018348623853214896,0.0007344840249725593,-0.0011921137093076073,0.032105313003125246,0.01926674148896379,-0.018260231235089006
3024,2026-02-28,0.001192879427417859,0.0017443995593096062,0.030311614730878178,0.016111007636431474,0.004379043711535499,0.02221944630951074,-0.02201095319049775,0.005412467801839337,0.03031161473087819,0.000825536598789213,0.133485838128581,0.00953166529190725,0.7428494741810086,63.08623298033283,1.0,0.001192879427417859,-0.00018348623853214896,0.0007344840249725593,0.030311614730878178,0.016111007636431474,-0.010448171569975254
3024,2026-03-01,0.005224085784987675,0.006238532110091732,0.02715864394081291,0.024663677130044803,0.00579034244242406,0.026876552610883026,-0.015387807254921669,0.00591617304890474,0.027158643940812886,0.0198047419804742,0.19311540426861568,0.009846827133479213,0.7115073792204516,69.2982456140351,1.0,0.005224085784987675,0.001192879427417859,-0.00018348623853214896,0.02715864394081291,0.024663677130044803,-0.016776075857038657
3024,2026-03-02,-0.007476294675419437,-0.0011011194714626305,0.0023941068139963217,0.012274502510693619,-0.0020691461498167293,0.018763745262271304,-0.021233872297064367,0.005165230951704779,0.0023941068139963165,0.01274537166248023,-0.044449966557004214,0.014054749219180599,0.7298365224106256,59.21787709497206,0.0,-0.007476294675419437,0.005224085784987675,0.001192879427417859,0.0023941068139963217,0.012274502510693619,-0.014330332537203748
3024,2026-03-03,-0.010564027190887337,-0.012831087892952064,-0.012287941311325046,0.001953488372093082,-0.010875554272820227,0.0077971493621932396,-0.030123121807147147,0.003271252091234559,-0.01228794131132508,0.006071361853166449,-0.11598628786947608,0.01671154024695943,0.7297346208637466,51.26964933494559,0.0,-0.010564027190887337,-0.007476294675419437,0.005224085784987675,-0.012287941311325046,0.001953488372093082,-0.012162287624176028
3024,2026-03-04,-0.00306378237860927,-0.020970094821298302,-0.014138817480719768,0.008073601201652236,-0.011909769691870789,0.004402484348108134,-0.03189452837389894,0.0015745518418199941,-0.014138817480719794,0.009210526315789473,-0.06905778792338843,0.013503445706835537,0.7091544296475476,55.643044619422575,0.0,-0.00306378237860927,-0.010564027190887337,-0.007476294675419437,-0.014138817480719768,0.008073601201652236,-0.01080275656546843
3024,2026-03-05,-0.0001862544235425867,-0.013779165901157464,-0.015045871559632995,0.013308164228409636,-0.009959424566580598,0.0037553564472145905,-0.03119557468619442,0.00039583775761950095,-0.015045871559633028,0.01388233072055907,-0.13507370840377936,0.007730998509687034,0.745181455113735,59.97171145685997,0.0,-0.0001862544235425867,-0.00306378237860927,-0.010564027190887337,-0.015045871559632995,0.013308164228409636,-0.013692250372578242
3024,2026-03-06,-0.003446348733234017,-0.006684616098783791,-0.01826023123508902,0.013258831328724296,-0.010778110924725005,-0.000641392881161742,-0.03383983721238248,-0.0007851364845610504,-0.018260231235089006,0.02894787459126755,-0.10747513825708724,0.012524535003271334,0.7453244708763337,59.88700564971751,0.0,-0.003446348733234017,-0.0001862544235425867,-0.00306378237860927,-0.01826023123508902,0.013258831328724296,-0.001869333582577811
3024,2026-03-07,0.00915973455463126,0.005494505494505475,-0.01044817156997524,0.019546742209631818,-0.00021165420993447137,0.007189099434698057,-0.024523193586565926,-0.0004668084493060993,-0.010448171569975254,0.04067469879518072,0.03873082014032374,0.007779938871908864,0.7465295272512465,63.35483870967742,0.3643122676579926,0.00915973455463126,-0.003446348733234017,-0.0001862544235425867,-0.01044817156997524,0.019546742209631818,-0.0030564045568213394
3024,2026-03-08,-0.001204038158747811,0.0044709388971684305,-0.016776075857038664,0.009926952612848927,0.001021071196509793,0.004701775743309176,-0.024826453953654685,-0.00038501981991809724,-0.016776075857038657,0.03932151117964534,0.2581438856716694,0.010200296735905045,0.737370564487869,57.57142857142857,0.45454545454545453,-0.001204038158747811,0.00915973455463126,-0.003446348733234017,-0.016776075857038664,0.009926952612848927,-0.006491097922848665
3024,2026-03-09,-0.005007418397626084,0.0028974670529955393,-0.014330332537203727,-0.011970534069981609,-0.0019267822736031312,-0.0012162883348020598,-0.028808885438267918,-0.0009036929095317372,-0.014330332537203748,0.02738414400612792,0.010409198937126742,0.014165890027958993,0.7098421453424041,38.63636363636364,0.3163265306122449,-0.005007418397626084,-0.001204038158747811,0.00915973455463126,-0.014330332537203727,-0.011970534069981609,-0.0060577819198508855
3024,2026-03-10,-0.008387698042870428,-0.014541076224877325,-0.012162287624176038,-0.024300779458963806,-0.008572493477450614,-0.010161965039367171,-0.036152339464408344,-0.0021883963151806654,-0.012162287624176028,0.017694882831181254,0.04671484048859192,0.01738721804511278,0.7139822636058173,28.52512155591573,0.0,-0.008387698042870428,-0.005007418397626084,-0.001204038158747811,-0.012162287624176038,-0.024300779458963806,0.004135338345864661
3024,2026-03-11,-0.0016917293233082997,-0.015022255192878364,-0.010802756565468474,-0.024788835842820434,-0.008719069965870236,-0.01203870491686372,-0.03701136874170211,-0.003150061142099381,-0.01080275656546843,0.006252368321333838,-0.09929196118365881,0.012050461306721898,0.7126954088805713,28.295819935691313,0.0,-0.0016917293233082997,-0.008387698042870428,-0.005007418397626084,-0.010802756565468474,-0.024788835842820434,0.017793259273206553
3024,2026-03-12,-0.003106759555639216,-0.013140726933830393,-0.013692250372578263,-0.028532110091743168,-0.009858270661626142,-0.014704833271817604,-0.039256979427411166,-0.004033762569572957,-0.013692250372578242,-0.012312284301837515,-0.07660530496577946,0.01057701388233072,0.7457461057644608,25.965996908809885,0.0,-0.003106759555639216,-0.0016917293233082997,-0.008387698042870428,-0.013692250372578263,-0.028532110091743168,0.022192841628104636
3024,2026-03-13,0.008499386155444322,0.0036654135338345384,-0.0018693335825777924,-0.020095430354193478,-0.0011758260846328277,-0.006278032469586948,-0.03058893303356647,-0.0034923483710287842,-0.001869333582577811,-0.0015893792071802542,-0.049182689715540504,0.009364172675344134,0.7652382615334894,35.10204081632652,0.4326923076923077,0.008499386155444322,-0.003106759555639216,-0.0016917293233082997,-0.0018693335825777924,-0.020095430354193478,0.017885569809907294
3024,2026-03-14,0.007959546774042536,0.013368480512144565,-0.003056404556821324,-0.013472642287599701,0.007218479307025962,0.0013613205119061165,-0.02236206995728213,-0.0020959691928947007,-0.0030564045568213394,0.00814835627985389,0.025978095180596013,0.011148272017837236,0.7260661274642453,40.89219330855019,0.8974358974358975,0.007959546774042536,0.008499386155444322,-0.003106759555639216,-0.003056404556821324,-0.013472642287599701,0.008361204013377926
3024,2026-03-15,-0.004645113340765561,0.011804702993672755,-0.006491097922848632,-0.023158278628738094,0.0034788193422355183,-0.0033581082966670415,-0.026111161049294368,-0.0016640155746410427,-0.006491097922848665,0.00205761316872428,0.14060542079630167,0.012040321075228672,0.7556383833954542,34.125,0.7142857142857143,-0.004645113340765561,0.007959546774042536,0.008499386155444322,-0.006491097922848632,-0.023158278628738094,0.011946985252940079
3024,2026-03-16,-0.004573455292141149,-0.0013109841745482242,-0.0060577819198508465,-0.02030130442770528,-0.00024105098228282586,-0.007691591973451546,-0.029502673834639885,-0.0018621453201740784,-0.0060577819198508855,-0.006798286459303408,0.03449756622325732,0.014627285513361463,0.7132302505144476,35.59322033898306,0.4342857142857143,-0.004573455292141149,-0.004645113340765561,0.007959546774042536,-0.0060577819198508465,-0.02030130442770528,0.011251758087201125
3024,2026-03-17,0.0017815283638067392,-0.007432181345224831,0.004135338345864659,-0.008077244452697085,0.0009502522852898026,-0.00586210105145622,-0.027004382507611936,-0.0017218407094202778,0.004135338345864661,-0.0018684603886397607,-0.11622392445980316,0.012261325346312243,0.6874833315313367,43.51713859910581,0.5428571428571428,0.0017815283638067392,-0.004573455292141149,-0.004645113340765561,0.004135338345864659,-0.008077244452697085,0.005990265818045676
3024,2026-03-18,0.011886933732684346,0.009053574761993755,0.01779325927320663,0.006798286459303471,0.010292900435212108,0.005777335355245687,-0.014797428929003929,-0.0001890969448649632,0.017793259273206553,0.00530035335689046,-0.17536990680979322,0.008694847840162797,0.7580640527007295,54.77124183006535,1.0,0.011886933732684346,0.0017815283638067392,-0.004573455292141149,0.01779325927320663,0.006798286459303471,-0.010267320321894367
3024,2026-03-19,0.0012024789566182914,0.014908579465541472,0.02219284162810453,0.008196721311475308,0.008344312692138853,0.006755730279251308,-0.013085111987324163,0.000952326023464207,0.022192841628104636,0.006883720930232558,-0.0509098402466161,0.011917960088691795,0.7062179814846368,55.670103092783506,1.0,0.0012024789566182914,0.011886933732684346,0.0017815283638067392,0.02219284162810453,0.008196721311475308,-0.011825572801182557
3024,2026-03-20,0.004249815225424891,0.017409210033695333,0.017885569809907187,0.015982802131040197,0.010062124993362665,0.010351376723809418,-0.00827702959557616,0.002158622055376321,0.017885569809907294,0.02046564025535111,-0.012570426302888514,0.010395584176632935,0.690827671537123,60.891719745222936,1.0,0.004249815225424891,0.0012024789566182914,0.011886933732684346,0.017885569809907187,0.015982802131040197,-0.019319227230910764
3024,2026-03-21,-0.0014719411223551582,0.003977430394968007,0.008361204013378032,0.005279244234509539,0.007371854366100004,0.00805527865320201,-0.009146171378376896,0.00269488857937583,0.008361204013377926,0.024445493157149598,0.05347299563722996,0.012806338676985444,0.7702407902437318,54.05405405405405,0.9219512195121952,-0.0014719411223551582,0.004249815225424891,0.0012024789566182914,0.008361204013378032,0.005279244234509539,-0.014188317670904735
3024,2026-03-22,-0.001105583195135429,0.001662971175166339,0.011946985252940134,0.00537833827893186,0.004553275976174695,0.006059368823480218,-0.009686153996045912,0.0028227488825828843,0.011946985252940079,0.02680178047163557,0.15111620285321994,0.010422431285740639,0.7372147549956346,54.13105413105413,0.8634146341463415,-0.001105583195135429,-0.0014719411223551582,0.004249815225424891,0.011946985252940134,0.00537833827893186,-0.01365061796716473
3024,2026-03-23,-0.0052573325954621275,-0.007819687212511472,0.011251758087201136,0.005125815470643058,-0.002312673450508788,0.0001669263298463603,-0.014004959179713967,0.002196159620427057,0.011251758087201125,0.018413597733711047,-0.015898675329669588,0.013351877607788595,0.7538415222666222,53.90070921985815,0.543010752688172,-0.0052573325954621275,-0.001105583195135429,-0.0014719411223551582,0.011251758087201136,0.005125815470643058,-0.01808066759388039
3024,2026-03-24,-0.0034306907742234216,-0.009765984890362955,0.005990265818045737,0.010150375939849576,-0.006575646341141339,-0.0034799700833832528,-0.016392442454605822,0.0013158534547202101,0.005990265818045676,0.006555534744334145,-0.04638126975719504,0.01358392259024935,0.7868957803620802,58.28220858895706,0.0,-0.0034306907742234216,-0.0052573325954621275,-0.001105583195135429,0.005990265818045737,0.010150375939849576,-0.01470040937848902
3024,2026-03-25,-0.004465947152958671,-0.013097214536063495,-0.010267320321894369,0.0073432498587837625,-0.00956058342038793,-0.007439565128661873,-0.019818396675321755,0.00017967440895264174,-0.010267320321894367,-0.014732965009208104,-0.0900494712309558,0.015981308411214954,0.7305726419477967,55.718475073313776,0.0,-0.004465947152958671,-0.0034306907742234216,-0.0052573325954621275,-0.010267320321894369,0.0073432498587837625,-0.007476635514018692
3024,2026-03-26,-0.00037383177570093906,-0.00825220213259159,-0.011825572801182571,0.010104825762583758,-0.008252202132591563,-0.007169002187520327,-0.019258453272042036,-0.0006094909914638942,-0.011825572801182557,-0.01916552040348464,-0.03882142099513028,0.01206058339566193,0.7344253573292135,58.192955589586525,0.0,-0.00037383177570093906,-0.004465947152958671,-0.0034306907742234216,-0.011825572801182571,0.010104825762583758,-0.004674644727000748
3024,2026-03-27,-0.0033657442034404905,-0.008187569780424231,-0.01931922723091073,-0.0017791928083153996,-0.008833100883310088,-0.009799823510287492,-0.02156653378165457,-0.0014944991825053449,-0.019319227230910764,-0.02130003672420125,-0.020963862441951114,0.012101313320825516,0.7709377894299483,48.41402337228715,0.0,-0.0033657442034404905,-0.00037383177570093906,-0.004465947152958671,-0.01931922723091073,-0.0017791928083153996,0.0
3024,2026-03-28,0.0037523452157599557,0.0,-0.014188317670904782,-0.0059457450761798425,-0.0030746296468834437,-0.005468374823788261,-0.016868414524212342,-0.001585907982349073,-0.014188317670904735,-0.01834862385321101,0.08480468542627577,0.012616822429906542,0.7375824286541901,44.22382671480144,0.21978021978021978,0.0037523452157599557,-0.0033657442034404905,-0.00037383177570093906,-0.014188317670904782,-0.0059457450761798425,0.0011214953271028037
3024,2026-03-29,-0.0005607476635514086,-0.00018698578908005192,-0.013650617967164713,-0.0018667164457718544,-0.0016670445300935122,-0.0053974287034079926,-0.01631502938912925,-0.0016580255897577412,-0.01365061796716473,-0.018719031014865113,0.18262754258152528,0.013746025808864784,0.6817540119542395,48.03921568627451,0.272,-0.0005607476635514086,0.0037523452157599557,-0.0033657442034404905,-0.013650617967164713,-0.0018667164457718544,0.0044884982233027865
3024,2026-03-30,-0.00972507948382273,-0.0065666041275797005,-0.018080667593880384,-0.007032348804500654,-0.008798202920254586,-0.01408887785501495,-0.02477906349730953,-0.0027846205544038256,-0.01808066759388039,-0.029419851525982952,0.04247367414421129,0.0182247403210576,0.7526030455890864,43.36283185840708,0.0,-0.00972507948382273,-0.0005607476635514086,0.0037523452157599557,-0.018080667593880384,-0.007032348804500654,0.019546742209631728
3024,2026-03-31,0.0,-0.010280373831775713,-0.014700409378489043,-0.008798202920254572,-0.006699718611818231,-0.012931007698951747,-0.023704187797890075,-0.0034274154175356055,-0.01470040937848902,-0.03446389496717724,0.004781945351272634,0.015769593956562796,0.74422846268504,41.39194139194139,0.0,0.0,-0.00972507948382273,-0.0005607476635514086,-0.014700409378489043,-0.008798202920254572,0.013220018885741265
3024,2026-04-01,0.0028328611898016387,-0.006919768094258427,-0.00747663551401867,-0.017667190824160572,-0.0028169014084507044,-0.009316036269107836,-0.019890340105640166,-0.0034042316584710717,-0.007476635514018692,-0.024435054198052544,-0.13582034581244057,0.012900188323917138,0.6900908903017539,28.73051224944321,0.2727272727272727,0.0028328611898016387,0.0,-0.00972507948382273,-0.00747663551401867,-0.017667190824160572,0.011676082862523541
3024,2026-04-02,0.0024482109227872417,0.005288007554296481,-0.004674644727000743,-0.016444937176644525,0.00029530201342279434,-0.006504474742667369,-0.016609481660599126,-0.0029912028396776634,-0.004674644727000748,-0.011605236282610714,-0.10513268751110359,0.011741499154612062,0.7248993006056315,30.735930735930737,0.509090909090909,0.0024482109227872417,0.0028328611898016387,0.0,-0.004674644727000743,-0.016444937176644525,-0.0012211159120796543
3024,2026-04-03,0.0013150479053165576,0.006610009442870712,0.0,-0.01931922723091073,0.0016107382550335325,-0.004956548524703434,-0.014457499635326672,-0.0024696351048042334,0.0,-0.007263922518159807,-0.09581550643002033,0.0100375234521576,0.7473896689740954,25.581395348837205,0.6363636363636364,0.0013150479053165576,0.0024482109227872417,0.0028328611898016387,0.0,-0.01931922723091073,-0.007035647279549718
3024,2026-04-04,0.004878048780487809,0.00866290018832383,0.0011214953271028172,-0.013082734475769353,0.00633455013957476,-2.8005190295200137e-05,-0.008936308881928309,-0.00147901201031861,0.0011214953271028037,-0.0022354694485842027,0.06363458817372054,0.009988797610156834,0.7317358163126375,34.763948497854074,1.0,0.004878048780487809,0.0013150479053165576,0.0024482109227872417,0.0011214953271028172,-0.013082734475769353,-0.013722927557879015
3024,2026-04-05,0.002800597460791643,0.009017471350742046,0.004488498223302884,-0.009223390518354524,0.008503218884120246,0.002638358244247236,-0.005565778741008715,-0.0004585087080724171,0.0044884982233027865,0.004019067202542294,0.015252664489285788,0.00949543846583504,0.7308566416358064,39.6694214876033,1.0,0.002800597460791643,0.004878048780487809,0.0013150479053165576,0.004488498223302884,-0.009223390518354524,-0.021969838018990877
3024,2026-04-06,0.00512008936883257,0.012851782363977549,0.019546742209631818,0.0011126564673156203,0.010860406328995412,0.0077719562430773985,-5.14543574115087e-06,0.0008185273364207952,0.019546742209631728,0.0,-0.04356500269051681,0.009076595350560341,0.7387846259567309,51.2448132780083,1.0,0.00512008936883257,0.002800597460791643,0.004878048780487809,0.019546742209631818,0.0011126564673156203,-0.025284801333703807
3024,2026-04-07,-0.006205427433546351,0.0016803584764750745,0.013220018885741203,-0.0016747301823595295,0.0027100271002710027,0.0016865925229806805,-0.005782870061987954,0.0008904235073466258,0.013220018885741265,-0.005007418397626113,-0.019722110761013226,0.012022367194780987,0.6979140611513706,48.2421875,0.6214689265536724,-0.006205427433546351,0.00512008936883257,0.002800597460791643,0.013220018885741203,-0.0016747301823595295,-0.012488350419384902
3024,2026-04-08,0.0013047530288909925,0.0001861850679576449,0.011676082862523529,0.00411214953271033,0.0023590249363595896,0.0029498525073746655,-0.004196553162347355,0.001059702413061146,0.011676082862523541,0.00130475302889096,-0.10241030348433329,0.010517498138495904,0.7383297821404465,54.60251046025105,0.6490066225165563,0.0013047530288909925,-0.006205427433546351,0.00512008936883257,0.011676082862523529,0.00411214953271033,-0.01600893521965748
3024,2026-04-09,-0.010331347728965046,-0.015189404464203027,-0.0012211159120796289,-0.005890052356020914,-0.00782478871737452,-0.007390350535994841,-0.014258167389772619,-7.423947778722538e-05,-0.0012211159120796543,-0.0006578947368421052,-0.07507012764740313,0.014671306310542651,0.7049399535775558,44.61538461538461,0.0,-0.010331347728965046,0.0013047530288909925,-0.006205427433546351,-0.0012211159120796289,-0.005890052356020914,-0.009968964544343083
3024,2026-04-10,-0.004514248095551565,-0.013513513513513487,-0.0070356472795497504,-0.0070356472795497504,-0.011315266269031106,-0.011757456555295445,-0.018463377190722996,-0.0013347191348056307,-0.007035647279549718,-0.0034833364714742985,-0.011181266686719548,0.015682569674067077,0.7225444009987281,43.718592964824126,0.0,-0.004514248095551565,-0.010331347728965046,0.0013047530288909925,-0.0070356472795497504,-0.0070356472795497504,0.0014170996693434106
3024,2026-04-11,-0.0018894662257912254,-0.0166604616530156,-0.013722927557878961,-0.012616822429906582,-0.011243916786993933,-0.013551029554565136,-0.020237199765067167,-0.0023313481781994526,-0.013722927557879015,-0.0022665029747851546,0.06507365269178272,0.012872692853762423,0.7112149719198902,38.30155979202773,0.0,-0.0018894662257912254,-0.004514248095551565,-0.010331347728965046,-0.013722927557878961,-0.012616822429906582,0.00766682442025556
3024,2026-04-12,-0.0055844770468528315,-0.01194394808614685,-0.021969838018990884,-0.017579951374602554,-0.013653433476394777,-0.018531378160314648,-0.02562030993340905,-0.0035525137560612576,-0.021969838018990877,-0.01620001872834535,0.12784372273050915,0.012849800114220445,0.7324443087683449,35.079365079365076,0.0,-0.0055844770468528315,-0.0018894662257912254,-0.004514248095551565,-0.021969838018990884,-0.017579951374602554,0.019417475728155338
3024,2026-04-13,0.0017133066818959541,-0.00576287198866321,-0.02528480133370381,-0.006232294617563694,-0.008332548090513744,-0.01611450617187769,-0.023743655921071676,-0.004033807948408658,-0.025284801333703807,-0.022296544035674472,-0.1140048148426056,0.00902698593690612,0.7370191978082693,43.93382352941177,0.07563025210084033,0.0017133066818959541,-0.0055844770468528315,-0.0018894662257912254,-0.02528480133370381,-0.006232294617563694,0.016818700114025087
3024,2026-04-14,0.0068415051311288,0.002934216753431196,-0.012488350419384897,0.0005665722379604166,0.0002562269901420528,-0.009018838867360952,-0.01661455712388319,-0.0034200421063804486,-0.012488350419384902,-0.011013627030054134,-0.2141587227230261,0.009437523593808984,0.7263003365604747,50.48701298701299,0.37815126050420167,0.0068415051311288,0.0017133066818959541,-0.0055844770468528315,-0.012488350419384897,0.0005665722379604166,0.009531898829747074
3024,2026-04-15,-0.0022650056625141968,0.006282124500285535,-0.016008935219657516,-0.004519774011299438,0.0003108906340816745,-0.010976674566546146,-0.01836617207376175,-0.003171583454210692,-0.01600893521965748,-0.008720112517580873,-0.2044860358959057,0.011161558834657586,0.6807701700369188,46.0655737704918,0.5196850393700787,-0.0022650056625141968,0.0068415051311288,0.0017133066818959541,-0.016008935219657516,-0.004519774011299438,0.00662126371547484
3024,2026-04-16,-0.004256526674233818,0.0002850627137971351,-0.00996896454434304,-0.011177907195190628,-0.0025177664974620024,-0.014704092998006417,-0.021891631006519502,-0.003401152096442499,-0.009968964544343083,-0.014694870834893299,-0.24123985527025377,0.012919160254583452,0.7010473302662763,40.54054054054054,0.23333333333333334,-0.004256526674233818,-0.0022650056625141968,0.0068415051311288,-0.00996896454434304,-0.011177907195190628,0.011114277571957822
3024,2026-04-17,0.006934549254298483,0.0003775009437523291,0.0014170996693434468,-0.0056285178236398226,0.004195425632697203,-0.007217962486575667,-0.01447808143468855,-0.00263193822878824,0.0014170996693434106,-0.01951715844972713,-0.31431747702282264,0.010283018867924529,0.6770440994277807,45.63953488372093,1.0,0.006934549254298483,-0.004256526674233818,-0.0022650056625141968,0.0014170996693434468,-0.0056285178236398226,-0.00669811320754717
3024,2026-04-18,0.004339622641509333,0.00699962164207335,0.007666824420255569,-0.00616131441374157,0.007448865095780828,-0.0023552637333116642,-0.009665206187964506,-0.0015372625576551228,0.00766682442025556,-0.016444937176644494,-0.14300170847157306,0.010990043208716889,0.7041663402160984,45.16129032258064,1.0,0.004339622641509333,0.006934549254298483,-0.004256526674233818,0.007666824420255569,-0.00616131441374157,-0.004602667668607928
3024,2026-04-19,0.006011647567161438,0.01738387004844677,0.01941747572815533,-0.002978961087320764,0.010717896865520802,0.004144086707045016,-0.0032789733121973688,-7.1615703200816e-05,0.019417475728155338,-0.014719411223551058,-0.016263407581953854,0.012324929971988795,0.6865272426891851,47.765363128491614,1.0,0.006011647567161438,0.004339622641509333,0.006934549254298483,0.01941747572815533,-0.002978961087320764,-0.0016806722689075631
3024,2026-04-20,-0.0008403361344537785,0.009528301886792434,0.016818700114024976,-0.008891358710752972,0.007464493221433133,0.0037802395715102453,-0.00371992560148803,0.0007826342893721311,0.016818700114025087,-0.014096185737976783,-0.02734450254874021,0.01457807681525091,0.6898353354317894,42.83582089552239,0.9508196721311475,-0.0008403361344537785,0.006011647567161438,0.004339622641509333,0.016818700114024976,-0.008891358710752972,0.006167647883375385
3024,2026-04-21,-0.0003737968414166959,0.004790531655081809,0.009531898829747032,-0.0030754892823858793,0.005721730487690245,0.003860158410390509,-0.00353260335167769,0.001266898052813818,0.009531898829747074,-0.013373916251614094,-0.19791869988192265,0.010283256987940545,0.7039125203836331,47.28171334431631,0.9289617486338798,-0.0003737968414166959,-0.0008403361344537785,0.006011647567161438,0.009531898829747032,-0.0030754892823858793,0.005515565111713565
3024,2026-04-22,-0.005141628493970263,-0.006349206349206327,0.006621263715474779,-0.009493670886076,-0.00038914160728900047,-0.0008543718489170474,-0.008062636901710397,0.0009369608113537482,0.00662126371547484,-0.013259156235512286,-0.08700976874057177,0.013061454613794399,0.6532014917315215,42.129629629629626,0.6284153005464481,-0.005141628493970263,-0.0003737968414166959,-0.0008403361344537785,0.006621263715474779,-0.009493670886076,0.01353129111069348
3024,2026-04-23,0.00018793459875965368,-0.005326604990187778,0.011114277571957931,0.0010345151885640114,-0.0017684887459807317,-0.00034123388922106747,-0.007326197113043043,0.0007131721523063291,0.011114277571957822,-0.009676218831410495,0.017017768455626324,0.011837655016910935,0.7164742212421266,51.0204081632653,0.4,0.00018793459875965368,-0.005141628493970263,-0.0003737968414166959,0.011114277571957931,0.0010345151885640114,0.0155956407365652
3024,2026-04-24,-0.010804208944006022,-0.015705337945218334,-0.006698113207547207,-0.005290505432215431,-0.011613405034263617,-0.010612106822695045,-0.0173731080795218,-0.0007176710815732243,-0.00669811320754717,-0.015981308411214954,0.03889382169852258,0.010637287491689618,0.6892120153254483,45.379537953795385,0.0,-0.010804208944006022,0.00018793459875965368,-0.005141628493970263,-0.006698113207547207,-0.005290505432215431,0.029917371070377053
3024,2026-04-25,0.006458353119954463,-0.004228528472091764,-0.0046026676686079515,0.003028868906767679,-0.00457595276435861,-0.003913409930473515,-0.01024797505201824,-0.0008783424291997311,-0.004602667668607928,-0.00925579655946148,0.025251999403958097,0.01056902897046334,0.6736363199935006,52.44648318042813,0.3756906077348066,0.006458353119954463,-0.010804208944006022,0.00018793459875965368,-0.0046026676686079515,0.003028868906767679,0.01519297914504105
3024,2026-04-26,0.00896480135887523,0.004509582863585049,-0.001680672268907557,0.017704169046259377,0.004590480792461972,0.004915552130229167,-0.0007113446490786458,8.985638558142524e-05,-0.0016806722689075631,0.00300187617260788,0.05859234484183779,0.013935652824541714,0.6075806597379123,63.47826086956522,0.9476744186046512,0.00896480135887523,0.006458353119954463,-0.010804208944006022,-0.001680672268907557,0.017704169046259377,0.015151515151515152
3024,2026-04-27,0.007014590347923733,0.0226042359198404,0.006167647883375427,0.02309007981755995,0.01074187318957186,0.011752250530918648,0.00679801389525268,0.001536036121791425,0.006167647883375385,0.006261682242990654,0.020757337886029334,0.01077366025819634,0.7218470044131161,66.26506024096386,1.0,0.007014590347923733,0.00896480135887523,0.006458353119954463,0.006167647883375427,0.02309007981755995,0.008265997956719607
3024,2026-04-28,-0.0010216401968978772,0.0150042464848541,0.005515565111713583,0.015100037750094275,0.008910983960228871,0.010522360015031942,0.006187590103597673,0.0023014268350791834,0.005515565111713565,0.005797643538432766,-0.03983685275029443,0.012179248791372258,0.676286340221446,61.66180758017492,0.9537815126050421,-0.0010216401968978772,0.007014590347923733,0.00896480135887523,0.005515565111713583,0.015100037750094275,0.006229081442915582
3024,2026-04-29,0.0027891409445890414,0.008791619902730918,0.01353129111069351,0.02024214907302313,0.009776517633841924,0.012719237847244002,0.009115659411770128,0.003047095254382015,0.01353129111069348,0.01850802644003777,-0.0328272746882676,0.01390691637307621,0.6690279096591538,65.46242774566474,1.0,0.0027891409445890414,-0.0010216401968978772,0.007014590347923733,0.01353129111069351,0.02024214907302313,0.016688299647691453
3024,2026-04-30,0.0022251066196921077,0.00399368440605552,0.015595640736565164,0.02688325258858182,0.009781549835194947,0.014274276277929281,0.011303228810863812,0.0036886800293928364,0.0155956407365652,0.02077431539187913,-0.1503154042709426,0.01341350601295097,0.669184252410611,71.08792846497764,1.0,0.0022251066196921077,0.0027891409445890414,-0.0010216401968978772,0.015595640736565164,0.02688325258858182,0.03256244218316374
3024,2026-05-01,0.003145235892692,0.008181480104128003,0.029917371070377063,0.02301886792452823,0.008717376282357994,0.01675209401175141,0.014383845690926586,0.004348815156166936,0.029917371070377053,0.021092278719397364,0.015584268844561327,0.010420509037255625,0.7100931685910565,69.30379746835443,1.0,0.003145235892692,0.0022251066196921077,0.0027891409445890414,0.029917371070377063,0.02301886792452823,0.03375138325341202
3024,2026-05-02,-0.007930652895610457,-0.0025959577229742736,0.015192979145041141,0.01052038324253246,-0.0014188535133199363,0.008335624484490909,0.006284732579276368,0.003699280911468396,0.01519297914504105,0.010520383242532407,0.24728449748477324,0.01189812232757018,0.6944772941400985,58.33333333333333,0.4342105263157895,-0.007930652895610457,0.003145235892692,0.0022251066196921077,0.015192979145041141,0.01052038324253246,0.042758877114705336
3024,2026-05-03,0.008923591745677584,0.004070305272895425,0.015151515151515138,0.013445378151260456,0.005332451207409931,0.01671735369973714,0.015038648693301052,0.004192847312859921,0.015151515151515152,0.018198874296435272,0.347991463825945,0.01658374792703151,0.6345200677380882,60.22727272727273,1.0,0.008923591745677584,-0.007930652895610457,0.003145235892692,0.015151515151515138,0.013445378151260456,0.034641606780910265
3024,2026-05-04,0.00018426386585601584,0.0011066027296200431,0.008265997956719673,0.01448462760489666,0.004334954535842697,0.016447676414593743,0.014944102450101533,0.00439323808270863,0.008265997956719607,0.01344286781179985,0.05210950869828461,0.012803979366249078,0.6234452107686036,61.119081779053076,1.0,0.00018426386585601584,0.008923591745677584,-0.007930652895610457,0.008265997956719673,0.01448462760489666,0.036477523949889464
3024,2026-05-05,-0.003039793662490742,0.006042015244469123,0.006229081442915563,0.011779003458913806,0.00039613896554906657,0.013101771968635672,0.011412355580383338,0.004019665224292231,0.006229081442915582,0.007540495252280767,-0.045348571867446556,0.012565832024392497,0.6914367094091145,58.67768595041322,0.6632653061224489,-0.003039793662490742,0.00018426386585601584,0.008923591745677584,0.006229081442915563,0.011779003458913806,0.035941975422710895
3024,2026-05-06,0.013212602790353856,0.01031877648793067,0.016688299647691363,0.030445404999060344,0.011210496502483245,0.025946485373916355,0.024147270331129875,0.005182116246460396,0.016688299647691453,0.015652496063721405,-0.22814601453282987,0.012493160678460697,0.6682543906938445,69.9017199017199,1.0,0.013212602790353856,-0.003039793662490742,0.00018426386585601584,0.016688299647691363,0.030445404999060344,0.01030457778588364
3024,2026-05-07,0.01787342695604588,0.028187177597641888,0.03256244218316384,0.04866591506952278,0.024533522153599992,0.04287867651638774,0.04160272734059415,0.007854448636957593,0.03256244218316374,0.040260950605778195,-0.1814135849840502,0.01854506360867228,0.5724603879520587,75.69444444444444,1.0,0.01787342695604588,0.013212602790353856,-0.003039793662490742,0.03256244218316384,0.04866591506952278,0.006629636265902168
3024,2026-05-08,0.004300304604909488,0.035757183775293466,0.03375138325341198,0.06467850698071986,0.024024846990042936,0.04584553952941612,0.04525176591499149,0.009816999462708536,0.03375138325341202,0.043373045420699925,-0.04892774384968594,0.012578055307760927,0.6338210617795438,86.18490967056323,1.0,0.004300304604909488,0.01787342695604588,0.013212602790353856,0.03375138325341198,0.06467850698071986,0.011775200713648529
3024,2026-05-09,0.0007136485280998528,0.022980120372058987,0.042758877114705385,0.05860149098801548,0.018640791812061335,0.04469133273111627,0.045171508874361464,0.010830726804438778,0.042758877114705336,0.055017398664534936,0.07443035015023504,0.010429666607238366,0.7008801536387039,85.24404086265608,1.0,0.0007136485280998528,0.004300304604909488,0.01787342695604588,0.042758877114705385,0.05860149098801548,0.013282224995542878
3024,2026-05-10,0.0010697093956142378,0.006092098190288553,0.03464160678091033,0.050317994762439255,0.014780868779448855,0.04371909736421425,0.045560016510475816,0.011241585472763162,0.034641606780910265,0.06093528578176665,0.010891799920042642,0.007658058771148709,0.7315926480739011,83.70927318295739,1.0,0.0010697093956142378,0.0007136485280998528,0.004300304604909488,0.03464160678091033,0.050317994762439255,0.013891362422083704
3024,2026-05-11,0.0019590382902938686,0.0037466547725244492,0.03647752394988957,0.04504504504504503,0.011597590578081452,0.04354277764896824,0.047033157911062023,0.011354712033601057,0.036477523949889464,0.06502602934216753,0.06140561786621753,0.008265197298258087,0.7174015920440179,82.5503355704698,1.0,0.0019590382902938686,0.0010697093956142378,0.0007136485280998528,0.03647752394988957,0.04504504504504503,-0.0009776039815143974
3024,2026-05-12,-0.00355492356914322,-0.0005348546978071189,0.035941975422710826,0.04239494235775387,0.0029904153354631887,0.03756851882127581,0.04275472095863832,0.010624651048376095,0.035941975422710895,0.06719969541214545,0.06580971821229999,0.009186585800927578,0.7388521207007913,79.45736434108527,0.8601398601398601,-0.00355492356914322,0.0019590382902938686,0.0010697093956142378,0.035941975422710826,0.04239494235775387,-0.006600071352122726
3024,2026-05-13,-0.011862290403139464,-0.013446126447016926,0.010304577785883673,0.027164843315408804,-0.010336510853336442,0.02350832676389441,0.02995740144694601,0.008403870176313676,0.01030457778588364,0.05273660205245154,0.013535556006499853,0.01714956223485874,0.7176842728404176,66.70467502850627,0.0,-0.011862290403139464,-0.00355492356914322,0.0019590382902938686,0.010304577785883673,0.027164843315408804,0.005325390378192978
3024,2026-05-14,0.01417095405722546,-0.0014219694276572659,0.0066296362659021835,0.039407955596669764,0.0027410533294236605,0.03597069236821399,0.04396625413461188,0.008322976322535786,0.006629636265902168,0.0604001510003775,0.10866013354702704,0.012370950516197935,0.6876661644979745,71.08910891089108,0.9075144508670521,0.01417095405722546,-0.011862290403139464,-0.00355492356914322,0.0066296362659021835,0.039407955596669764,-0.0068529725881096475
3024,2026-05-15,0.009433962264151052,0.011594719942918275,0.01177520071364846,0.04592401327923268,0.010500324555486284,0.0432750976556512,0.05315829873635037,0.00909299423713821,0.011775200713648529,0.07283390087022323,-0.05503266087991974,0.013666020102274731,0.6547607263448488,73.01293900184842,1.0,0.009433962264151052,0.01417095405722546,-0.011862290403139464,0.01177520071364846,0.04592401327923268,-0.010227473108799153
3024,2026-05-16,0.0022041967906893944,0.025995125913891082,0.01328222499554288,0.056609035136642394,0.010810742142839065,0.042888686365777175,0.054758180837781306,0.009540802731014182,0.013282224995542878,0.07979481333713309,-0.005784430874049551,0.011436614762030438,0.6818481278448726,79.82370225269344,1.0,0.0022041967906893944,0.009433962264151052,0.01417095405722546,0.01328222499554288,0.056609035136642394,-0.012756224157649336
3024,2026-05-17,0.0016715052344506987,0.013349946600213602,0.013891362422083775,0.049014188317670904,0.010497755914496492,0.04212684426979728,0.05583323287493396,0.009702795472103554,0.013891362422083704,0.07415094339622641,0.18079716156369255,0.00939750570876515,0.7463044306860376,78.17796610169492,1.0,0.0016715052344506987,0.0022041967906893944,0.009433962264151052,0.013891362422083775,0.049014188317670904,-0.011593184612682241
3024,2026-05-18,-0.012734937642719157,-0.008904955034385487,-0.0009776039815143633,0.03546425939572595,-0.0022317182962859413,0.02699114100990652,0.041860187303947693,0.007982286045727736,-0.0009776039815143974,0.05588953597595341,0.03655045287509763,0.01174272751534561,0.7698551598791742,67.70929162833487,0.5276872964169381,-0.012734937642719157,0.0016715052344506987,0.0022041967906893944,-0.0009776039815143633,0.03546425939572595,0.0018681611956231651
3024,2026-05-19,-0.009162885864246961,-0.020146036773115106,-0.006600071352122705,0.029104684468262088,-0.01044562058155333,0.016256329932024458,0.03179733368466993,0.005531251354404723,-0.006600071352122726,0.039962651727357607,-0.0943685984367653,0.016520021547854192,0.6930691238102988,63.61279170267934,0.19218241042345277,-0.009162885864246961,-0.012734937642719157,0.0016715052344506987,-0.006600071352122705,0.029104684468262088,0.012390016160890645
3024,2026-05-20,0.0,-0.0217811347268575,0.005325390378192907,0.015684844063468928,-0.011186079545454546,0.014907420906837766,0.031220970484666297,0.003752688991145842,0.005325390378192978,0.04083730492477339,-0.12642098709471125,0.010504578919015982,0.6616654876004225,58.48126232741617,0.0,0.0,-0.009162885864246961,-0.012734937642719157,0.005325390378192907,0.015684844063468928,0.01580175974142575
3024,2026-05-21,0.0018854372418746213,-0.007294724668623798,-0.006852972588109685,-0.00026876903780681527,-0.008353328001421844,0.01539609456041063,0.03252795652383996,0.002689603041382896,-0.0068529725881096475,0.043189679349350286,-0.018355516596966204,0.011291334348956,0.6983916961332268,49.82121573301549,0.0846774193548387,0.0018854372418746213,0.0,-0.009162885864246961,-0.006852972588109685,-0.00026876903780681527,0.012277085760372793
3024,2026-05-22,0.0060041222331750355,0.007900879870712973,-0.010227473108799123,0.0014272970561999276,-0.0009281037441992823,0.019686445963703326,0.03804863213765033,0.002606661952219581,-0.010227473108799153,0.05487690283781244,-0.013331412427447056,0.00935328701229289,0.709225939900423,50.93240093240094,0.3548387096774194,0.0060041222331750355,0.0018854372418746213,0.0,-0.010227473108799123,0.0014272970561999276,0.00427578834847675
3024,2026-05-23,-0.00035631569570637733,0.007541748967498707,-0.01275622415764932,0.0003565697985381533,0.0005604381607438079,0.017542374930483398,0.03709910448312927,0.0024239865161563194,-0.012756224157649336,0.05430289364900413,0.10614902365515849,0.011851719836036357,0.6869761575699904,50.23419203747072,0.3387096774193548,-0.00035631569570637733,0.0060041222331750355,0.0018854372418746213,-0.01275622415764932,0.0003565697985381533,-0.004544644448404919
3024,2026-05-24,0.002851541614685482,0.008513307644054224,-0.011593184612682217,0.0021371326803205637,0.005103472913317489,0.01821274439729652,0.03963582055848367,0.0025570335350720637,-0.011593184612682241,0.06885744135245513,0.13938160438863265,0.014128309934245601,0.6781353838351972,51.372997711670486,1.0,0.002851541614685482,-0.00035631569570637733,0.0060041222331750355,-0.011593184612682217,0.0021371326803205637,0.006397725253243291
3024,2026-05-25,0.0007108583614714448,0.003206841261357507,0.0018681611956232747,0.000888730892285805,0.005548540159950996,0.01689711840022151,0.03999376155599932,0.002640814135714677,0.0018681611956231651,0.06275360951212608,0.14044171032611488,0.01127686023796839,0.6902473075099776,50.581395348837205,1.0,0.0007108583614714448,0.002851541614685482,-0.00035631569570637733,0.0018681611956232747,0.000888730892285805,0.0024862369028591726
3024,2026-05-26,0.001243118451429659,0.0048119764747815985,0.012390016160890749,0.005708169818052111,0.005029476552452914,0.01637472583601232,0.04087648438028861,0.0027519982251208077,0.012390016160890645,0.054620276842499066,-0.02825607166966104,0.013479957431713374,0.6871624833498785,53.836930455635496,1.0,0.001243118451429659,0.0007108583614714448,0.002851541614685482,0.012390016160890749,0.005708169818052111,0.008424973394820859
3024,2026-05-27,0.003369989357928427,0.005331437711036058,0.015801759741425725,0.02121130065890431,0.006161625144512296,0.01812662541207094,0.043940947303670326,0.003125668719207324,0.01580175974142575,0.05080338070028792,-0.09342844386298264,0.012197277709033056,0.7377268232716,65.89986468200271,1.0,0.003369989357928427,0.001243118451429659,0.0007108583614714448,0.015801759741425725,0.02121130065890431,-0.005038006010252784
3024,2026-05-28,-0.0015909492663955804,0.0030190019534719337,0.012277085760372897,0.005339978640085397,0.0028154724159797544,0.014862974930895924,0.041854974082750664,0.0030768777462188077,0.012277085760372793,0.050204537002603196,-0.15111205530044286,0.011597025495750708,0.6683806260347284,55.0,0.8043478260869565,-0.0015909492663955804,0.003369989357928427,0.001243118451429659,0.012277085760372897,0.005339978640085397,-0.004160764872521246
3024,2026-05-29,-0.0019475920679886682,-0.00017736786094357804,0.00427578834847675,-0.005995415270675375,0.00025349185023703795,0.011408322243985532,0.03943919087117799,0.002714581331363258,0.00427578834847675,0.045243834600407935,0.07293405559323839,0.009934362249423453,0.6740560335897477,43.41085271317829,0.5652173913043478,-0.0019475920679886682,-0.0015909492663955804,0.003369989357928427,0.00427578834847675,-0.005995415270675375,-0.006563775057654781
3024,2026-05-30,-0.009136065282951966,-0.012639208060809648,-0.004544644448404966,-0.017242896102753535,-0.008243813968825724,0.0010873266699724475,0.02972866676772186,0.0013215110116000703,-0.004544644448404919,0.0333950046253469,0.33576389872039203,0.0100259600751947,0.7373618622149071,33.5016835016835,0.0,-0.009136065282951966,-0.0019475920679886682,-0.0015909492663955804,-0.004544644448404966,-0.017242896102753535,-0.0005371050040282875
3024,2026-05-31,0.013875212604063991,0.0026558073654390224,0.006397725253243225,-0.005269629369401008,0.004599652808575905,0.013518350594187068,0.04354609522483528,0.0019784471241685413,0.006397725253243291,0.044448542973072665,0.09725874418839209,0.01492141974218612,0.7005169308604974,45.89041095890411,1.0,0.013875212604063991,-0.009136065282951966,-0.0019475920679886682,0.006397725253243225,-0.005269629369401008,-0.01015362881864736
3024,2026-06-01,-0.0031785272823591226,0.0014191946070605255,0.002486236902859096,0.004359042789787493,0.0010513382395784744,0.008696170111382507,0.039676749651855144,0.0019658413053955186,0.0024862369028591726,0.04945157092396356,-0.030088896186602813,0.013906111603188663,0.662891199179123,53.94524959742351,0.7677419354838709,-0.0031785272823591226,0.013875212604063991,-0.009136065282951966,0.002486236902859096,0.004359042789787493,-0.012400354295837024
3024,2026-06-02,0.007174490699734193,0.017903500134276218,0.008424973394820956,0.0209193751122283,0.007021583461956888,0.014371225434660467,0.04645812286033326,0.002728930255107938,0.008424973394820859,0.04763220932375161,-0.15498429634539143,0.01090493360302524,0.6457752288889214,69.44908180300501,1.0,0.007174490699734193,-0.0031785272823591226,0.013875212604063991,0.008424973394820956,0.0209193751122283,-0.021018380089701874
3024,2026-06-03,-0.010025503473748976,-0.006092177291188383,-0.005038006010252838,0.01068414437062315,-0.0023548775083877373,0.003005660859286385,0.0354152422591435,0.001955452302516029,-0.005038006010252784,0.03693809874723655,-0.08010946800871488,0.027183086079772587,0.6508542967445153,58.34502103786816,0.43,-0.010025503473748976,0.007174490699734193,-0.0031785272823591226,-0.005038006010252838,0.01068414437062315,-0.019099227147552633
3024,2026-06-04,-0.0007106689171182401,-0.0036315323294950907,-0.004160764872521261,0.008065238820682774,-0.002470293141452809,0.0010263285912601458,0.03409814029643711,0.0013047111769877943,-0.004160764872521246,0.03936062089993532,-0.05945566605985142,0.012267757133967465,0.7138179873321494,56.42857142857142,0.39,-0.0007106689171182401,-0.010025503473748976,0.007174490699734193,-0.004160764872521261,0.008065238820682774,-0.025868966130322694
3024,2026-06-05,-0.00435594275046669,-0.015038255210623519,-0.006563775057654819,-0.002316052022091619,-0.005883546358287639,-0.004025397352367493,0.029170027464954184,0.00033066727426457566,-0.006563775057654781,0.0213386832026263,-0.025101390606844333,0.010625,0.7478242414642136,48.09384164222874,0.145,-0.00435594275046669,-0.0007106689171182401,-0.010025503473748976,-0.006563775057654819,-0.002316052022091619,-0.03214285714285714
3024,2026-06-06,-0.0031250000000000444,-0.008172692546859706,-0.0005371050040282599,-0.005079308501158453,-0.008914758172918341,-0.0071466470635313615,0.025554928450486934,-0.0006776551917543469,-0.0005371050040282875,0.00026876903780684465,0.1429186627676743,0.01038961038961039,0.7101506847834311,46.00280504908835,0.0,-0.0031250000000000444,-0.00435594275046669,-0.0007106689171182401,-0.0005371050040282599,-0.005079308501158453,-0.02857142857142857
3024,2026-06-07,0.004120017913121332,-0.0033780780513823494,-0.010153628818647342,-0.0038208636929092377,-0.003378078051382345,-0.0030590285805751362,0.029274950728966482,-0.0008336508688890749,-0.01015362881864736,8.920606601248885e-05,0.20895836154977787,0.015342074748015341,0.7340118877087335,47.04264099037139,0.22330097087378642,0.004120017913121332,-0.0031250000000000444,-0.00435594275046669,-0.010153628818647342,-0.0038208636929092377,-0.0297029702970297
3024,2026-06-08,-0.00544108464900539,-0.004464285714285698,-0.01240035429583708,-0.009944947611436716,-0.007035354884673613,-0.008283574566994955,0.02314228559892829,-0.0015419682422670483,-0.012400354295837024,-0.006061686575147085,-0.0010706355652548738,0.012197309417040359,0.692814983747907,42.820512820512825,0.0,-0.00544108464900539,0.004120017913121332,-0.0031250000000000444,-0.01240035429583708,-0.009944947611436716,-0.02493273542600897
3024,2026-06-09,-0.0016143497757847847,-0.002955665024630516,-0.021018380089701916,-0.012770485987938951,-0.005614823133071331,-0.009596792370016262,0.020959694775973346,-0.0021398664807325244,-0.021018380089701874,-0.008726625111308993,0.018263350793681354,0.013205174272367948,0.7244817965921929,40.816326530612244,0.0,-0.0016143497757847847,-0.00544108464900539,0.004120017913121332,-0.021018380089701916,-0.012770485987938951,-0.019403521379805964
3024,2026-06-10,-0.008084800574919115,-0.015074480421015113,-0.019099227147552633,-0.02404101113664492,-0.010940639035688213,-0.0169918038138083,0.012238162900490443,-0.0033993362136937573,-0.019099227147552633,-0.01866334873800213,-0.1326232916210623,0.017025901104872305,0.7061619010629114,33.73205741626795,0.0,-0.008084800574919115,-0.0016143497757847847,-0.00544108464900539,-0.019099227147552633,-0.02404101113664492,-0.001992392682485057
3024,2026-06-11,-0.007607317514942924,-0.017219730941704037,-0.025868966130322746,-0.02992209631728049,-0.014796167381643573,-0.02373400805388258,0.004252355291616228,-0.004991395043769624,-0.025868966130322694,-0.02265429896539422,0.0004752285311514482,0.01706515787552473,0.6881875374954425,31.263858093126387,0.0,-0.007607317514942924,-0.008084800574919115,-0.0016143497757847847,-0.025868966130322746,-0.02992209631728049,0.017338930461763095
3024,2026-06-12,-0.010768388392042305,-0.026230686309737683,-0.03214285714285714,-0.038495653716515865,-0.020877958140855225,-0.03356087645211037,-0.006638699955199031,-0.007114481477897121,-0.03214285714285714,-0.021572344074374944,0.013964511663878092,0.01651291512915129,0.6923480210106002,28.256513026052104,0.0,-0.010768388392042305,-0.007607317514942924,-0.008084800574919115,-0.03214285714285714,-0.038495653716515865,0.03477859778597786
3024,2026-06-13,0.0005535055350553986,-0.017750407534866897,-0.02857142857142858,-0.02909318771819891,-0.016286813770585332,-0.03190391040841639,-0.006222435790408117,-0.00820862673826423,-0.02857142857142857,-0.034709861160555355,0.08458793735429712,0.01327678406785912,0.7281618882563433,31.964483906770255,0.016172506738544475,0.0005535055350553986,-0.010768388392042305,-0.007607317514942924,-0.02857142857142858,-0.02909318771819891,0.030794763046284344
3024,2026-06-14,0.0029503964595243293,-0.007300602299689762,-0.02970297029702973,-0.0395550061804697,-0.009109127345600291,-0.027705362010970163,-0.0035064862361508693,-0.008314511175097999,-0.0297029702970297,-0.04090989243519661,0.07931346495068023,0.00864129435558007,0.6946017627990463,21.2082262210797,0.12258064516129032,0.0029503964595243293,0.0005535055350553986,-0.010768388392042305,-0.02970297029702973,-0.0395550061804697,0.026475455046883617
3024,2026-06-15,-0.0005515719801434393,0.002952029520295163,-0.024932735426008934,-0.03702391496899915,-0.006059972834604487,-0.026806387702002762,-0.004246666931256518,-0.008174386086402826,-0.02493273542600897,-0.043547110055423596,0.0630314240399788,0.006806475349521707,0.7473529993108716,22.058823529411754,0.1095890410958904,-0.0005515719801434393,0.0029503964595243293,0.0005535055350553986,-0.024932735426008934,-0.03702391496899915,0.03200883002207505
3024,2026-06-16,0.004047093451067019,0.006453992255209373,-0.019403521379805944,-0.04001407088206843,0.0007858340318525443,-0.02149554491833838,-0.0003235791517341567,-0.007343621289981847,-0.019403521379805964,-0.04127876339364132,0.05212157288083376,0.008427995602784902,0.6764559103743122,18.002812939521803,0.37623762376237624,0.004047093451067019,-0.0005515719801434393,0.0029503964595243293,-0.019403521379805944,-0.04001407088206843,0.022535727372663978
3024,2026-06-17,0.009527299377061205,0.013053870196727324,-0.001992392682485078,-0.021053566669627766,0.010611817109917512,-0.011520303301211156,0.008999403837819418,-0.005449589867675286,-0.001992392682485057,-0.019660172582510453,-0.022850031586388205,0.014519056261343012,0.6659147528848675,33.09557774607704,1.0,0.009527299377061205,0.004047093451067019,-0.0005515719801434393,-0.001992392682485078,-0.021053566669627766,-0.02323049001814882
3024,2026-06-18,0.011615245009074515,0.025386313465783683,0.017338930461763047,-0.008978575873410999,0.019811813904861548,-6.876694881045952e-05,0.020430579964850683,-0.0026771371455153966,0.017338930461763095,0.000897827258035554,0.1335957291339896,0.017581628991747398,0.693946154224302,43.848964677222895,1.0,0.011615245009074515,0.009527299377061205,0.004047093451067019,0.017338930461763047,-0.008978575873410999,-0.0068173663437387875
3024,2026-06-19,0.006189451022605041,0.027574203004763653,0.034778597785977805,0.0015178571428571264,0.021093150578046005,0.005882669440608387,0.026367559818827813,-6.171819215570181e-05,0.03477859778597786,0.007092835338480877,-0.015690796531702123,0.008736738878488009,0.7034975078935649,51.01070154577883,1.0,0.006189451022605041,0.011615245009074515,0.009527299377061205,0.034778597785977805,0.0015178571428571264,-0.005349023803155924
3024,2026-06-20,-0.003298564678612781,0.014519056261343088,0.030794763046284368,0.0013434841021047195,0.013323665367533762,0.002501770966903062,0.022630605945729996,0.0012442787487345474,0.030794763046284344,0.0018818890581593333,0.08206914247110293,0.009928443649373881,0.6615243833697527,50.889679715302485,0.8927536231884058,-0.003298564678612781,0.006189451022605041,0.011615245009074515,0.030794763046284368,0.0013434841021047195,-0.0037567084078711987
3024,2026-06-21,-0.001252236135957041,0.0016146393972011897,0.026475455046883534,-0.0040139149050040235,0.00829474064422918,0.0014259961794064302,0.020954695351280108,0.0019020362962521183,0.026475455046883617,-0.005344735435595938,0.05916443997726798,0.010030449579079347,0.7086044838806229,47.22564734895191,0.8521739130434782,-0.001252236135957041,-0.003298564678612781,0.006189451022605041,0.026475455046883534,-0.0040139149050040235,0.011642486118574243
3024,2026-06-22,0.004836109618484796,0.00026745119015769703,0.03200883002207511,0.00627802690582957,0.008642942453157283,0.00627501860980988,0.025400442329602493,0.0028307939018352908,0.03200883002207505,-0.00017822135091783995,-0.020928252230745653,0.009358288770053475,0.6833524131650839,54.35323383084577,1.0,0.004836109618484796,-0.001252236135957041,-0.003298564678612781,0.03200883002207511,0.00627802690582957,0.006417112299465241
3024,2026-06-23,-0.005169340463458072,-0.001610017889087656,0.02253572737266407,0.0026949335249730755,0.0002688412940227619,0.0013486479131841111,0.019621455714703237,0.0027308200842445446,0.022535727372663978,-0.008174871156921983,-0.030213278851303673,0.008421429851281132,0.721065531999628,51.77725118483412,0.71,-0.005169340463458072,0.004836109618484796,-0.001252236135957041,0.02253572737266407,0.0026949335249730755,0.0014334348683031715
3024,2026-06-24,-0.03565669234904134,-0.036002149382052706,-0.02323049001814881,-0.025176598442311127,-0.03222574720320581,-0.03291595664713053,-0.016802731306504774,-0.0016093974196577556,-0.02323049001814882,-0.04421949920085243,0.19938358519153265,0.004366406540319584,0.6841421213746708,37.93402777777777,0.0,-0.03565669234904134,-0.005169340463458072,0.004836109618484796,-0.02323049001814881,-0.025176598442311127,-0.003808992939427722
3024,2026-06-25,0.028613898179115527,-0.013190730837789655,-0.006817366343738751,0.010403358277057961,-0.0035612810326430032,-0.004635803264540526,0.010907674328009395,-0.001136864499179746,-0.0068173663437387875,-0.018091521816246896,-0.0743460700005188,0.014179913294797689,0.6881353317257881,54.14244186046512,0.6754385964912281,0.028613898179115527,-0.03565669234904134,-0.005169340463458072,-0.006817366343738751,0.010403358277057961,-0.03477239884393064
3024,2026-06-26,0.007677023121387183,-0.00044794839634476613,-0.005349023803155939,0.029243542435424263,0.004863550391786004,0.0034777394693448712,0.018196383031581276,0.0001040987670893672,-0.005349023803155924,-0.013876613045783984,-0.02250810693276035,0.010397060141615129,0.6800847933442964,61.801935964259116,0.8618421052631579,0.007677023121387183,0.028613898179115527,-0.03565669234904134,-0.005349023803155939,0.029243542435424263,-0.03737563861253025
3024,2026-06-27,-0.0017029667473335008,0.034745447788925965,-0.0037567084078712343,0.0269223676931587,0.0036946922591691448,0.0022436051254978357,0.01600500289369161,0.0007058507437085002,-0.0037567084078711987,-0.013987252124645893,0.08650760891071972,0.011222840725444425,0.7194953774739362,60.766961651917406,0.8201754385964912,-0.0017029667473335008,0.007677023121387183,0.028613898179115527,-0.0037567084078712343,0.0269223676931587,-0.034297001256958164
3024,2026-06-28,0.014185670676961859,0.020231213872832443,0.011642486118574213,0.0384261812833242,0.01623205541775366,0.016394032644100193,0.029680908708796933,0.0027293397032231463,0.011642486118574243,0.001951392584708178,0.11994378017576295,0.011862606232294617,0.7178490450629067,64.1025641025641,1.0,0.014185670676961859,-0.0017029667473335008,0.007677023121387183,0.011642486118574213,0.0384261812833242,-0.04567988668555241
3024,2026-06-29,-0.0003541076487252326,0.012100026888948623,0.0064171122994651775,0.03863134657836653,0.014933038866989358,0.015665522358972766,0.028584961899200047,0.0039044700253539513,0.006417112299465241,0.010831617581237131,-0.038112294146017404,0.010361317747077577,0.744398428115747,64.1891891891892,0.9924812030075187,-0.0003541076487252326,0.014185670676961859,-0.0017029667473335008,0.0064171122994651775,0.03863134657836653,-0.048352816153028694
3024,2026-06-30,-0.010095642933049986,0.0035913090321422203,0.0014334348683031628,0.024001465738365813,0.004480275235246567,0.005858056852846725,0.017626024812992195,0.003346211348747479,0.0014334348683031715,-0.013067278827476603,-0.06148434260383454,0.01404544641259617,0.7322584679081849,58.4516129032258,0.7781954887218046,-0.010095642933049986,-0.0003541076487252326,0.014185670676961859,0.0014334348683031628,0.024001465738365813,-0.04956163893361961
3024,2026-07-01,-0.04070495616389336,-0.05072592067988668,-0.0038089929394277133,-0.026950998185117925,-0.03589960953555277,-0.033441499909861186,-0.023872426851372353,-0.0019002394679053076,-0.003808992939427722,-0.05022143489813995,0.10829696105244571,0.02033013149305232,0.7426333414322386,42.188321935823254,0.0,-0.04070495616389336,-0.010095642933049986,-0.0003541076487252326,-0.0038089929394277133,-0.026950998185117925,-0.005129161615219621
3024,2026-07-02,-0.0033572694208710008,-0.053577754162238755,-0.034772398843930685,-0.041352709006099775,-0.034361244852912656,-0.03470265192571724,-0.027176117301625613,-0.005664161820378844,-0.03477239884393064,-0.06015302084249406,0.0912648492363066,0.018340039300084213,0.7455035142148306,37.258153676064126,0.0,-0.0033572694208710008,-0.04070495616389336,-0.010095642933049986,-0.034772398843930685,-0.041352709006099775,-0.004585009825021053
3024,2026-07-03,0.004959296341349395,-0.039184111647879716,-0.03737563861253024,-0.04252473923508959,-0.02432060632802974,-0.02840307702514034,-0.022379281641949723,-0.007381752152020666,-0.03737563861253025,-0.0459269787687661,0.056450067103459914,0.013594040968342644,0.6836801036919381,36.69827105409927,0.08702791461412152,0.004959296341349395,-0.0033572694208710008,-0.04070495616389336,-0.03737563861253024,-0.04252473923508959,0.00037243947858472997
3024,2026-07-04,0.0014897579143389184,0.0030774969691318432,-0.034297001256958115,-0.037924865831842625,-0.017998747913188624,-0.025506906736408454,-0.020936726604843924,-0.008092653443097068,-0.034297001256958164,-0.04382611787714463,0.018749642195870355,0.009297136481963555,0.7263611781987324,38.036117381489845,0.11330049261083744,0.0014897579143389184,0.004959296341349395,-0.0033572694208710008,-0.034297001256958115,-0.037924865831842625,0.0012086277426552623
3024,2026-07-05,0.002231312755671233,0.008702161504631878,-0.04567988668555245,-0.03456922801361273,-0.009139135458795035,-0.022092130169999898,-0.018735258777980577,-0.008033514928778221,-0.04567988668555241,-0.0375,0.11121790579499881,0.01085343228200371,0.7163636399141937,39.16947250280584,0.1537190082644628,0.002231312755671233,0.0014897579143389184,0.004959296341349395,-0.04567988668555245,-0.03456922801361273,-0.008534322820037106
3024,2026-07-06,-0.00315398886827456,0.0005586592178770111,-0.048352816153028666,-0.042245989304812825,-0.005131596349689123,-0.023939785701526325,-0.02184598580010923,-0.008097197995682504,-0.048352816153028694,-0.037527989252127185,-0.009010252167519685,0.012376698306346547,0.6815153881364603,36.54937570942111,0.12016293279022404,-0.00315398886827456,0.002231312755671233,0.0014897579143389184,-0.048352816153028666,-0.042245989304812825,-0.003443141634096408
3024,2026-07-07,-0.011353061604317927,-0.012272220156191893,-0.049561638933619645,-0.04819924744669413,-0.009166489021530543,-0.033303002729754325,-0.032833646901741766,-0.009193121544707566,-0.04956163893361961,-0.05235928998305236,-0.06703872978074854,0.015719126506024098,0.7428804374867131,35.26834611171961,0.0,-0.011353061604317927,-0.00315398886827456,0.002231312755671233,-0.049561638933619645,-0.04819924744669413,0.00235316265060241
3024,2026-07-08,0.004141566265060348,-0.010389610389610393,-0.005129161615219591,-0.00891861761426982,-0.004333275556325843,-0.027878184060409743,-0.0288624444320819,-0.009131435026008048,-0.005129161615219621,-0.04322869955156951,-0.11534312567631942,0.012560929883764529,0.7220807849303865,46.73913043478261,0.28205128205128205,0.004141566265060348,-0.011353061604317927,-0.00315398886827456,-0.005129161615219591,-0.00891861761426982,-0.007874015748031496
3024,2026-07-09,-0.0028121484814398467,-0.01005025125628145,-0.00458500982502108,-0.039197976878612706,-0.006484149855907708,-0.029155157518161175,-0.03164533916990656,-0.009117881816410241,-0.004585009825021053,-0.04437657204455624,-0.10231895831099962,0.011374318480917465,0.6480833887975721,31.825795644891116,0.08974358974358974,-0.0028121484814398467,0.004141566265060348,-0.011353061604317927,-0.00458500982502108,-0.039197976878612706,-0.013348373754465124
3024,2026-07-10,0.009964278999812004,0.011295180722891596,0.0003724394785846741,-0.037017119297302115,0.0033619723571161747,-0.018591707112104356,-0.022173413140227336,-0.007653885881112257,0.00037243947858472997,-0.02698786451729759,-0.11936049005109495,0.012565152643335815,0.7308553895534403,33.00411522633745,0.7692307692307693,0.009964278999812004,-0.0028121484814398467,0.004141566265060348,0.0003724394785846741,-0.037017119297302115,-0.017777364110201043
3024,2026-07-11,0.0023268801191362876,0.009467566554180795,0.0012086277426552883,-0.033129825821511916,0.005522282543451269,-0.015741674460831676,-0.020158722135166486,-0.006174885377415312,0.0012086277426552623,-0.017247672933016975,0.10417948960085759,0.015043179496703502,0.6866408159738986,34.88943488943488,0.9294871794871795,0.0023268801191362876,0.009964278999812004,-0.0028121484814398467,0.0012086277426552883,-0.033129825821511916,-0.01680750301792181
3024,2026-07-12,-0.007521589748351709,0.004700131603684987,-0.008534322820037077,-0.053824362606232246,-0.0008146693911348429,-0.022692290107746413,-0.027689894209522958,-0.005888360236640489,-0.008534322820037106,-0.014022140221402213,0.14918427999353528,0.015812125748502995,0.7606908392697043,23.426573426573427,0.4413793103448276,-0.007521589748351709,0.0023268801191362876,0.009964278999812004,-0.008534322820037077,-0.053824362606232246,0.000561377245508982
3024,2026-07-13,0.0019648203592814717,-0.003257632166790758,-0.003443141634096425,-0.05162947219270275,0.0016435061464458239,-0.02036298437557177,-0.02589074282387684,-0.005278172235699562,-0.003443141634096408,-0.01263138484233819,-0.10690293846962923,0.011579045662526847,0.7181550137763403,24.89233419465978,0.5862068965517241,0.0019648203592814717,-0.007521589748351709,0.0023268801191362876,-0.003443141634096425,-0.05162947219270275,-0.00905780184891213
3024,2026-07-14,-0.0056027640302549475,-0.011143095923484059,0.0023531626506023695,-0.04732510288065839,-0.004301075268817204,-0.02517095438470157,-0.03142382446154843,-0.005359882642214683,0.00235316265060241,-0.021051663908806768,0.031192689732902228,0.01314677434500892,0.7014201076739685,26.106594399277327,0.08396946564885496,-0.0056027640302549475,0.0019648203592814717,-0.007521589748351709,0.0023531626506023695,-0.04732510288065839,-0.012865057751901587
3024,2026-07-15,-0.006103859517325616,-0.009730538922155696,-0.007874015748031482,-0.012962790263918667,-0.009267059814658803,-0.03026897269959168,-0.037391328073762005,-0.005946605517644052,-0.007874015748031496,-0.026490066225165563,-0.05902149914214078,0.013699924414210128,0.7066372297035068,40.306834030683405,0.0,-0.006103859517325616,-0.0056027640302549475,0.0019648203592814717,-0.007874015748031482,-0.012962790263918667,-0.01870748299319728
3024,2026-07-16,-0.008314436885865417,-0.01988981230740494,-0.01334837375446507,-0.017872181154673927,-0.015635257707096874,-0.03709661142897335,-0.045294540338791926,-0.007099561411220042,-0.013348373754465124,-0.03847563209967021,-0.11939820297411362,0.015434451219512195,0.7061890339810489,37.581274382314696,0.0,-0.008314436885865417,-0.006103859517325616,-0.0056027640302549475,-0.01334837375446507,-0.017872181154673927,-0.030583079268292682
3024,2026-07-17,0.005430640243902385,-0.009014930979434732,-0.017777364110201033,-0.017411545623836178,-0.007750376101439859,-0.03048287520211665,-0.040019648986621636,-0.006992740201558779,-0.017777364110201043,-0.04237749546279492,-0.016679280456912665,0.010234056666350801,0.7317313406106783,37.904269081500644,0.2087912087912088,0.005430640243902385,-0.008314436885865417,-0.006103859517325616,-0.017777364110201033,-0.017411545623836178,-0.035913958116175496
3024,2026-07-18,0.0033165924381692857,0.00037792894935750887,-0.016807503017921777,-0.015619189289698743,-0.002033204518830779,-0.025596348287032483,-0.0367170015021603,-0.006306903326372749,-0.01680750301792181,-0.05023322569070685,0.059631192422335874,0.012939176426142803,0.7102738575085492,39.39393939393939,0.431924882629108,0.0033165924381692857,0.005430640243902385,-0.008314436885865417,-0.016807503017921777,-0.015619189289698743,-0.033717415942576504
3024,2026-07-19,0.010011333585190796,0.018864329268292623,0.0005613772455090871,-0.007977736549165115,0.007876348067265433,-0.014259773060366746,-0.02706636946731565,-0.004485318495602368,0.000561377245508982,-0.046625657484175805,0.11190853585225828,0.013371984290256218,0.6890579552237391,45.08009153318078,0.9295774647887324,0.010011333585190796,0.0033165924381692857,0.005430640243902385,0.0005613772455090871,-0.007977736549165115,-0.0347858612305966
3024,2026-07-20,-0.0076678511314756115,0.0055908272529139325,-0.00905780184891214,-0.012469756188349113,0.0014559965487488478,-0.020108158686090477,-0.03444371430015663,-0.00405229282571144,-0.00905780184891213,-0.05080500894454383,-0.01400810227261844,0.012721447418017338,0.745779876086238,42.73318872017353,0.5858585858585859,-0.0076678511314756115,0.010011333585190796,0.0033165924381692857,-0.00905780184891214,-0.012469756188349113,-0.034489257444402566
3024,2026-07-21,-0.009423294383716585,-0.007177937287495273,-0.01286505775190161,-0.010542168674698815,-0.0061454098515647156,-0.027384120972492557,-0.04341671553659179,-0.00473638702577485,-0.012865057751901587,-0.05857066093498119,0.022183628563236604,0.01902587519025875,0.7154935421373695,43.77777777777778,0.08080808080808081,-0.009423294383716585,-0.0076678511314756115,0.010011333585190796,-0.01286505775190161,-0.010542168674698815,-0.02987062404870624
3024,2026-07-22,-0.011986301369863006,-0.02880119693285954,-0.018707482993197244,-0.026434195725534293,-0.015425034872225506,-0.03656406054328159,-0.05463599936081687,-0.006419795280801062,-0.01870748299319728,-0.07433155080213903,0.08391118040402001,0.010591180435201233,0.7572763774234991,35.64154786150712,0.0,-0.011986301369863006,-0.009423294383716585,-0.0076678511314756115,-0.018707482993197244,-0.026434195725534293,-0.023011746581937224
3024,2026-07-23,-0.020315809743886026,-0.04117979645684133,-0.030583079268292734,-0.04352321865012221,-0.031215995647442898,-0.05324764746385125,-0.07351012942023934,-0.009662815156479385,-0.030583079268292682,-0.0884250134384519,-0.03997026476020552,0.01611793611793612,0.7180331257170194,30.094582975064483,0.0,-0.020315809743886026,-0.011986301369863006,-0.009423294383716585,-0.030583079268292734,-0.04352321865012221,-0.004619164619164619
3024,2026-07-24,-9.82800982800569e-05,-0.03215372907153724,-0.03591395811617548,-0.053052866716306823,-0.026291683187268475,-0.05160520526492415,-0.07320455270069891,-0.011491770552716668,-0.035913958116175496,-0.05481233742103307,-0.009205849913140201,0.01651267937880873,0.7459135460102376,23.06238185255198,0.0,-9.82800982800569e-05,-0.020315809743886026,-0.011986301369863006,-0.03591395811617548,-0.053052866716306823,-0.005700805976017299
3024,2026-07-25,0.005602516217810161,-0.014923936067783528,-0.03371741594257649,-0.04995821339028694,-0.016033743679929702,-0.04379305080891134,-0.06757709179726266,-0.011674358592015618,-0.033717415942576504,-0.07595736994219653,-0.0028350336490415903,0.011142605805884078,0.7319818664120349,25.321100917431195,0.10961538461538461,0.005602516217810161,-9.82800982800569e-05,-0.020315809743886026,-0.03371741594257649,-0.04995821339028694,-0.01329293324210732
3024,2026-07-26,0.008894536213468918,0.01444717444717436,-0.03478586123059657,-0.03424401197604787,-0.002181958791360623,-0.03277193333166748,-0.05885952390842065,-0.010382773577334177,-0.0347858612305966,-0.07484090705386753,0.09654538882724423,0.012110056190660724,0.7097613419502532,33.36363636363636,0.3378995433789954,0.008894536213468918,0.005602516217810161,-9.82800982800569e-05,-0.03478586123059657,-0.03424401197604787,-0.0327455919395466
3024,2026-07-27,-0.007362914163921763,0.007076862590918109,-0.034489257444402566,-0.043234662433467186,-0.00449712683563274,-0.037211050554407064,-0.06530612658617897,-0.010057711173788569,-0.034489257444402566,-0.08008619141677141,0.012938896017535133,0.014151864142104236,0.7228413502537305,29.956709956709958,0.21301775147928995,-0.007362914163921763,0.008894536213468918,0.005602516217810161,-0.034489257444402566,-0.043234662433467186,-0.032012492680070274
3024,2026-07-28,-0.0046847550263517945,-0.003225491154334903,-0.029870624048706218,-0.042351394497135875,-0.004823509730664063,-0.03841439266788614,-0.0691301353677201,-0.010059825593438982,-0.02987062404870624,-0.09720254957507082,-0.0884456261334674,0.01490488331045303,0.6411072150947409,30.27121609798776,0.11320754716981132,-0.0046847550263517945,-0.007362914163921763,0.008894536213468918,-0.029870624048706218,-0.042351394497135875,-0.02118062365169641
3024,2026-07-29,-0.005000980584428327,-0.016954078666925,-0.023011746581937276,-0.04128873771730912,-0.006490145888408605,-0.03976758344189746,-0.0731621669349388,-0.0103120973756146,-0.023011746581937224,-0.10139922068721219,-0.17456939333978044,0.009460924411156006,0.6579210623304431,30.646589902568635,0.0,-0.005000980584428327,-0.0046847550263517945,-0.007362914163921763,-0.023011746581937276,-0.04128873771730912,-0.009362373115206464
3024,2026-07-30,-0.001872474623041298,-0.011516689439781347,-0.004619164619164673,-0.03506097560975607,-0.007698121658315447,-0.038380590378109126,-0.07422491524494158,-0.010356513954256191,-0.004619164619164619,-0.0939345142243693,-0.10183881367629484,0.009379936808846762,0.6960469360945232,32.64150943396227,0.0,-0.001872474623041298,-0.005000980584428327,-0.0046847550263517945,-0.004619164619164673,-0.03506097560975607,-0.008787519747235387
3024,2026-07-31,-0.0011848341232227888,-0.008040792312218104,-0.005700805976017298,-0.04141002558514162,-0.008068582955118456,-0.03767123287671233,-0.07471848449123947,-0.01018361354016683,-0.005700805976017299,-0.056607292735242,-0.06252417931854425,0.010379596678529062,0.701929488615061,28.472906403940883,0.0,-0.0011848341232227888,-0.001872474623041298,-0.005000980584428327,-0.005700805976017298,-0.04141002558514162,-0.00830367734282325
3024,2026-08-01,-0.0020759193357058336,-0.005124667389376225,-0.013292933242107341,-0.04656214582546281,-0.008238365238870513,-0.03786280689269555,-0.07592648909022677,-0.009977611786025933,-0.01329293324210732,-0.055394404416580896,0.14114778049754928,0.009905894006934125,0.6781275379863635,25.37462537462538,0.0,-0.0020759193357058336,-0.0011848341232227888,-0.001872474623041298,-0.013292933242107341,-0.04656214582546281,-0.002278355621594849
3024,2026-08-02,-0.01099554234769684,-0.014218009478673022,-0.032745591939546626,-0.06639236955302041,-0.01446822912259928,-0.0461511025056368,-0.08527591061650423,-0.010794638041542423,-0.0327455919395466,-0.07039106145251396,0.22414121647206003,0.01061698717948718,0.7426075432810438,14.71172962226639,0.0,-0.01099554234769684,-0.0020759193357058336,-0.0011848341232227888,-0.032745591939546626,-0.06639236955302041,0.014623397435897436
3024,2026-08-03,-0.006610576923076872,-0.019572953736654797,-0.032012492680070226,-0.06539766302299288,-0.016433853738701775,-0.0499211301065861,-0.09048484650874652,-0.011742255022259066,-0.032012492680070274,-0.07791000371885459,0.01576822904598159,0.013611615245009074,0.7101460185368947,14.949494949494948,0.0,-0.006610576923076872,-0.01099554234769684,-0.0020759193357058336,-0.032012492680070226,-0.06539766302299288,0.022988505747126436
3024,2026-08-04,0.006452913893930212,-0.011193660227835522,-0.021180623651696373,-0.05041856925418564,-0.007048458149779761,-0.04134760673035056,-0.08369711558075962,-0.011235991035464693,-0.02118062365169641,-0.07402597402597402,-0.04757484062106953,0.010719294730514927,0.6906534305744475,22.222222222222214,0.2794759825327511,0.006452913893930212,-0.006610576923076872,-0.01099554234769684,-0.021180623651696373,-0.05041856925418564,0.020236425566018835
3024,2026-08-05,0.007012622720897532,0.006810897435897356,-0.00936237311520649,-0.032158675139611015,0.0012664532194948935,-0.03247540762700441,-0.0762255827964017,-0.009722117089621922,-0.009362373115206464,-0.0645821701098083,-0.03195603731969319,0.009649820931157979,0.6368585962583463,31.403118040089083,0.638095238095238,0.007012622720897532,0.006452913893930212,-0.006610576923076872,-0.00936237311520649,-0.032158675139611015,0.012733784321528054
3024,2026-08-06,-0.0012932749701551893,0.01220004033071187,-0.00878751974723535,-0.013366093366093401,0.001239563445701344,-0.031909661616794725,-0.07631581368673183,-0.008565111108860528,-0.008787519747235387,-0.05506400602409638,-0.1069367327481226,0.004582129694192649,0.7052854369276773,40.28571428571429,0.6111111111111112,-0.0012932749701551893,0.007012622720897532,0.006452913893930212,-0.00878751974723535,-0.013366093366093401,0.021416475744596077
3024,2026-08-07,-0.0006972806056380065,0.005009016229212682,-0.008303677342823224,-0.01395714566542161,0.0017403212461840538,-0.03060287765613079,-0.07583935277638174,-0.007609237849116233,-0.00830367734282325,-0.05961754780652419,0.01956293151950864,0.005681818181818182,0.7032963203359485,39.94334277620396,0.6440677966101694,-0.0006972806056380065,-0.0012932749701551893,0.007012622720897532,-0.008303677342823224,-0.01395714566542161,0.017743221690590113
3024,2026-08-08,0.003987240829345984,0.0019896538002388553,-0.002278355621594841,-0.015541002834522533,0.006064584254912365,-0.024960067119508277,-0.0710534271352664,-0.0062696836141190185,-0.002278355621594849,-0.0532054897537131,0.08590693251632098,0.005957108816521049,0.7562235834703506,38.46153846153846,1.0,0.003987240829345984,-0.0006972806056380065,-0.0012932749701551893,-0.002278355621594841,-0.015541002834522533,0.010127084988085783
3024,2026-08-09,0.00575853852263708,0.009064647873294085,0.014623397435897356,-0.01860104630885484,0.009754360982556096,-0.017398417620222397,-0.06462855483726665,-0.004516832076479362,0.014623397435897436,-0.0571481757259866,0.1610311184876096,0.010957551826258637,0.6965276603593772,35.365853658536594,1.0,0.00575853852263708,0.003987240829345984,-0.0006972806056380065,0.014623397435897356,-0.01860104630885484,0.001085883514313919
3024,2026-08-10,0.0015794669299111774,0.011363636363636465,0.02298850574712641,-0.009759906304899424,0.008076306189942178,-0.01386000038877985,-0.06212543407280207,-0.003042055662241634,0.022988505747126436,-0.05785123966942149,-0.13903713520914496,0.009757539917208752,0.6681044501732736,41.61073825503356,1.0,0.0015794669299111774,0.00575853852263708,0.003987240829345984,0.02298850574712641,-0.009759906304899424,-0.0034496353242657206
3024,2026-08-11,0.0037453183520599342,0.011119936457505863,0.02023642556601879,-0.0013728181996469635,0.008959026254334364,-0.008547674214840562,-0.0577466352499969,-0.001543833689680208,0.020236425566018835,-0.04715568862275449,-0.11260789249100665,0.008150039277297723,0.7165962995958736,48.80546075085324,1.0,0.0037453183520599342,0.0015794669299111774,0.00575853852263708,0.02023642556601879,-0.0013728181996469635,-0.013550667714061273
3024,2026-08-12,-0.00039277297721918014,0.0049358341559724295,0.012733784321528052,0.003252192766334927,0.006738906234547817,-0.007232832182039762,-0.05709310510911041,-0.0005658824023825046,0.012733784321528054,-0.04939770286674759,-0.032635886819197046,0.006777996070726915,0.7169005078587012,53.06122448979591,0.9736842105263158,-0.00039277297721918014,0.0037453183520599342,0.0015794669299111774,0.012733784321528052,0.003252192766334927,-0.020235756385068762
3024,2026-08-13,0.007269155206286904,0.010644589000591287,0.021416475744596042,0.012440758293838838,0.010986224964083418,0.0012694072844448784,-0.049174314951349,0.0009383004833233284,0.021416475744596077,-0.03709268475913231,-0.1383901129681849,0.010532475131655939,0.7254811219897599,60.6060606060606,1.0,0.007269155206286904,-0.00039277297721918014,0.0037453183520599342,0.021416475744596042,0.012440758293838838,-0.02730641700799688
3024,2026-08-14,-0.00429100838697094,0.0025530243519245044,0.017743221690590172,0.00929221035982608,0.004130605822187254,-0.0018119248116379848,-0.05212439049297996,0.0013774249574404203,0.017743221690590113,-0.035336356764928196,-0.06529679572216603,0.00940254652301665,0.764136861539705,57.50798722044728,0.7582417582417582,-0.00429100838697094,0.007269155206286904,-0.00039277297721918014,0.017743221690590172,0.00929221035982608,-0.021155729676787464
3024,2026-08-15,-0.0035259549461312822,-0.0005893909626718541,0.010127084988085677,0.007825656265477932,-0.000841774460562943,-0.0042866370451564205,-0.05428420636240356,0.001203754745701633,0.010127084988085783,-0.030678353658536585,0.037904140964375214,0.011893060743070573,0.7230577240458674,56.16224648985959,0.3548387096774194,-0.0035259549461312822,-0.00429100838697094,0.007269155206286904,0.010127084988085677,0.007825656265477932,-0.01100845291920582
3024,2026-08-16,-0.0032435620208374205,-0.01102008972108448,0.0010858835143139345,0.015725160256410353,-0.004236277686599591,-0.006180542398128933,-0.0562795271316146,0.0006722001598126171,0.001085883514313919,-0.03904103098644935,0.35438721678066987,0.008085987575189824,0.7398410256499806,63.94316163410302,0.0,-0.0032435620208374205,-0.0035259549461312822,-0.00429100838697094,0.0010858835143139345,0.015725160256410353,-0.008776254807218224
3024,2026-08-17,-0.0029582881372646197,-0.009696376101860915,-0.0034496353242656763,0.019459568461383414,-0.00669436101832877,-0.007574146477122092,-0.05807107397639151,-4.049036957804851e-05,-0.0034496353242657206,-0.04505100113335852,-0.07566571056764038,0.0102858273167837,0.7420023911656741,68.3111954459203,0.0,-0.0029582881372646197,-0.0032435620208374205,-0.0035259549461312822,-0.0034496353242656763,0.019459568461383414,-0.0006923153001681337
3024,2026-08-18,-0.006428642072989765,-0.01258108905052091,-0.013550667714061326,0.0064115407733920105,-0.011164857416052571,-0.011859133040652942,-0.0630673575129534,-0.001251377418349398,-0.013550667714061273,-0.06059472601458762,-0.026477105458261173,0.01065100537527374,0.7009160040445378,56.060606060606055,0.0,-0.006428642072989765,-0.0029582881372646197,-0.0032435620208374205,-0.013550667714061326,0.0064115407733920105,0.00875970535536532
3024,2026-08-19,-0.0071670316543898105,-0.016467803964106076,-0.020235756385068804,-0.007759649820931136,-0.015399802566633761,-0.016884665805841057,-0.06863869103510521,-0.00283137967357025,-0.020235756385068762,-0.060120618168111574,-0.11204196782135754,0.009324243031882895,0.706003445615634,42.641509433962256,0.0,-0.0071670316543898105,-0.006428642072989765,-0.0029582881372646197,-0.020235756385068804,-0.007759649820931136,0.013635452175656707
3024,2026-08-20,0.0,-0.013549599446147753,-0.027306417007996853,-0.0064747484809244416,-0.011496531219028742,-0.015143785320962026,-0.06742727489005912,-0.003769303313839916,-0.02730641700799688,-0.05117960426179604,-0.08233689697957126,0.008121114898736716,0.7102395369226273,43.7137330754352,0.0,0.0,-0.0071670316543898105,-0.006428642072989765,-0.027306417007996853,-0.0064747484809244416,0.011229195909364347
3024,2026-08-21,0.0020052135552435235,-0.0051761895281704495,-0.02115572967678747,-0.0037878787878787845,-0.0064759848893685655,-0.01189405099710304,-0.06436361934185274,-0.004024249867855112,-0.021155729676787464,-0.03774311573271712,-0.12363105741568466,0.00980588353011807,0.6611332846673809,46.41509433962264,0.1,0.0020052135552435235,0.0,-0.0071670316543898105,-0.02115572967678747,-0.0037878787878787845,0.0051030618371022615
