item_id,date,pct_change_1d,pct_change_3d,pct_change_7d,pct_change_14d,pct_vs_7ma,pct_vs_30ma,pct_vs_90ma,ema_crossover,slope_7d_pct,slope_30d_pct,vol_pct_7d,spread_pct,volume_ratio,rsi_14,range_position_7d,lag_return_1d,lag_return_2d,lag_return_3d,lag_return_7d,lag_return_14d,target_pct_7d
385,2025-09-28,-0.017610062893081757,-0.07023809523809521,-0.06801909307875897,0.01692708333333326,-0.052841302841302826,-0.007665918427851387,-0.0013780953869322525,0.006046124241708739,-0.06801909307875895,0.04133333333333333,0.31010928668896065,0.020486555697823303,0.7450822990254101,53.403141361256544,0.0,-0.017610062893081757,-0.030487804878048808,-0.023809523809523836,-0.06801909307875897,0.01692708333333326,0.17541613316261204
385,2025-09-29,-0.011523687580025643,-0.05853658536585371,-0.09495896834701056,0.0,-0.05043050430504305,-0.018644067796610122,-0.013922595478349696,-0.0001048256097380635,-0.09495896834701055,-0.0140485312899106,0.20466480429271067,0.01683937823834197,0.6704056086228168,50.0,0.0,-0.011523687580025643,-0.017610062893081757,-0.030487804878048808,-0.09495896834701056,0.0,0.22279792746113988
385,2025-09-30,0.002590673575129543,-0.026415094339622636,-0.08185053380782914,0.02516556291390737,-0.03628601921024543,-0.01380335527712895,-0.012573178164911407,-0.0038450995681488256,-0.08185053380782918,-0.06634499396863691,0.05447379233441909,0.016795865633074936,0.7140206531075587,55.24861878453039,0.029411764705882353,0.002590673575129543,-0.011523687580025643,-0.017610062893081757,-0.08185053380782914,0.02516556291390737,0.23772609819121446
385,2025-10-01,-0.0025839793281653423,-0.011523687580025643,-0.080952380952381,0.01981505944517825,-0.02700756211739289,-0.013838620395997493,-0.0163516670205989,-0.006467134530032365,-0.08095238095238096,-0.07211538461538461,0.047541574015533404,0.019430051813471502,0.6690134997035914,54.14364640883978,0.0,-0.0025839793281653423,0.002590673575129543,-0.011523687580025643,-0.080952380952381,0.01981505944517825,0.16580310880829016
385,2025-10-02,0.041450777202072464,0.041450777202072464,-0.042857142857142816,0.03608247422680422,0.019934758970641474,0.027519809150549503,0.02275618374558307,-0.003232108955585315,-0.04285714285714286,-0.013496932515337423,0.09655461088127017,0.01990049751243781,0.6647881022108265,57.21649484536082,0.6666666666666666,0.041450777202072464,-0.0025839793281653423,0.002590673575129543,-0.042857142857142816,0.03608247422680422,0.07338308457711443
385,2025-10-03,0.03731343283582089,0.07751937984496116,0.017073170731707332,0.058375634517766395,0.055314533622559586,0.06395645517945228,0.059511038337756186,0.003353709369119482,0.01707317073170732,0.05303030303030303,-0.08620191933575405,0.02038369304556355,0.6524790644389984,60.84905660377358,1.0,0.03731343283582089,0.041450777202072464,-0.0025839793281653423,0.017073170731707332,0.058375634517766395,-0.022781774580335732
385,2025-10-04,0.0455635491606714,0.1295336787564767,0.09685534591194966,0.058252427184465994,0.08825102513817074,0.10819283233076335,0.10589727330374128,0.012896834427149445,0.09685534591194969,0.11508951406649616,0.020078414973147416,0.01834862385321101,0.6394059773420151,61.21495327102804,1.0,0.0455635491606714,0.03731343283582089,0.041450777202072464,0.09685534591194966,0.058252427184465994,-0.04128440366972477
385,2025-10-05,0.05275229357798161,0.14179104477611948,0.17541613316261206,0.09546539379474939,0.11834319526627214,0.15811606391925995,0.16132296923098552,0.024881218741351695,0.17541613316261204,0.23387096774193547,0.09486105682521612,0.026143790849673203,0.6128786005299003,66.260162601626,1.0,0.05275229357798161,0.0455635491606714,0.03731343283582089,0.17541613316261206,0.09546539379474939,-0.04357298474945534
385,2025-10-06,0.028322440087146017,0.1318944844124701,0.2227979274611398,0.10668229777256744,0.11659344373099018,0.18118118118118112,0.19116719242902208,0.03499058633407308,0.22279792746113988,0.2620320855614973,0.025992713066186186,0.024364406779661018,0.6514658528628736,67.70428015564202,1.0,0.028322440087146017,0.05275229357798161,0.0455635491606714,0.2227979274611398,0.10668229777256744,-0.036016949152542374
385,2025-10-07,0.014830508474576343,0.09862385321100908,0.23772609819121437,0.13641755634638186,0.09898393969190436,0.1899142963607005,0.2058235318797813,0.041863507329478654,0.23772609819121446,0.2266325224071703,0.060107543419280283,0.021920668058455117,0.6535162898988193,72.03065134099617,1.0,0.014830508474576343,0.028322440087146017,0.05275229357798161,0.23772609819121437,0.13641755634638186,-0.05219206680584551
385,2025-10-08,-0.06054279749478075,-0.019607843137254943,0.16580310880829008,0.0714285714285714,0.011235955056179775,0.1128055063265054,0.13111114214296682,0.037188695794877075,0.16580310880829016,0.13924050632911392,-0.138514725452133,0.02,0.7358394162503057,59.49367088607595,0.6233766233766234,-0.06054279749478075,0.014830508474576343,0.028322440087146017,0.16580310880829008,0.0714285714285714,-0.035555555555555556
385,2025-10-09,-0.0411111111111111,-0.08580508474576276,0.0733830845771144,0.027380952380952284,-0.03943393226268089,0.06232817693159902,0.08350538474415484,0.028080661594242468,0.07338308457711443,0.14304635761589404,-0.14950688457038666,0.02085747392815759,0.6999536941442698,53.25779036827196,0.23387096774193547,-0.0411111111111111,-0.06054279749478075,0.014830508474576343,0.0733830845771144,0.027380952380952284,-0.05098493626882966
385,2025-10-10,-0.055619930475086954,-0.1492693110647182,-0.0227817745803357,-0.0060975609756097615,-0.09011164274322164,-0.0003679627131116823,0.022855628843552588,0.01483873739548932,-0.022781774580335732,0.12104539202200826,-0.18851091851205873,0.0196319018404908,0.7126254109626858,49.343832020997375,0.0,-0.055619930475086954,-0.0411111111111111,-0.06054279749478075,-0.0227817745803357,-0.0060975609756097615,-0.04171779141104295
385,2025-10-11,0.025766871165644245,-0.07111111111111112,-0.041284403669724745,0.051572327044025146,-0.061276868784087245,0.02088167053364272,0.04869957907061017,0.008493478118823037,-0.04128440366972477,0.14835164835164835,-0.10343807883090382,0.01555023923444976,0.7585565208591113,55.43766578249337,0.14685314685314685,0.025766871165644245,-0.055619930475086954,-0.0411111111111111,-0.041284403669724745,0.051572327044025146,-0.09090909090909091
385,2025-10-12,0.05023923444976086,0.017381228273464666,-0.04357298474945537,0.12419974391805377,-0.007749434937035877,0.06540468389758522,0.10048046793398784,0.009763240493503396,-0.04357298474945534,0.21606648199445982,0.12114969507827274,0.025056947608200455,0.6716519990514027,61.9753086419753,0.4405594405594406,0.05023923444976086,0.025766871165644245,-0.055619930475086954,-0.04357298474945537,0.12419974391805377,-0.10250569476082004
385,2025-10-13,0.036446469248291535,0.1165644171779141,-0.03601694915254239,0.1787564766839378,0.03409090909090909,0.0963855421686747,0.13897117109599896,0.014523227292838236,-0.036016949152542374,0.24147339699863574,0.14345851990978994,0.01868131868131868,0.6706651529620894,66.12149532710279,0.6643356643356644,0.036446469248291535,0.05023923444976086,0.025766871165644245,-0.03601694915254239,0.1787564766839378,-0.0978021978021978
385,2025-10-14,-0.00219780219780219,0.0861244019138756,-0.05219206680584554,0.17312661498708004,0.040261865793780646,0.08785942492012784,0.13503152865357373,0.016799892168705897,-0.05219206680584551,0.18229166666666666,-0.030749122161383487,0.018722466960352423,0.7080702872849854,65.65420560747663,0.9789473684210527,-0.00219780219780219,0.036446469248291535,0.05023923444976086,-0.05219206680584554,0.17312661498708004,-0.06607929515418502
385,2025-10-15,-0.04405286343612336,-0.011389521640091105,-0.03555555555555556,0.12435233160621761,-0.0003290556103982134,0.035964353914704,0.08394616345219919,0.012418984146868107,-0.035555555555555556,0.12435233160621761,-0.1660193159346175,0.012672811059907835,0.7168476346024258,60.30042918454936,0.5578947368421052,-0.04405286343612336,-0.00219780219780219,0.036446469248291535,-0.03555555555555556,0.12435233160621761,-0.04608294930875576
385,2025-10-16,-0.056451612903225756,-0.09999999999999998,-0.05098493626882972,0.018656716417910557,-0.04988399071925754,-0.025,0.02251446169212198,0.002598098093707808,-0.05098493626882966,0.0847682119205298,-0.09417191567754205,0.029304029304029304,0.6969663489425274,51.552795031055894,0.042105263157894736,-0.056451612903225756,-0.04405286343612336,-0.00219780219780219,-0.05098493626882972,0.018656716417910557,-0.001221001221001221
385,2025-10-17,-0.046398046398046344,-0.13986784140969166,-0.041717791411042926,-0.06354916067146288,-0.08883333333333329,-0.0711227402473834,-0.024129505192425193,-0.009190625597685192,-0.04171779141104295,0.031704095112285335,-0.18295851475605,0.01792573623559539,0.7308448816583206,44.60285132382892,0.0,-0.046398046398046344,-0.056451612903225756,-0.04405286343612336,-0.041717791411042926,-0.06354916067146288,0.08578745198463508
385,2025-10-18,-0.02688860435339313,-0.12442396313364057,-0.09090909090909094,-0.12844036697247707,-0.10195813639432821,-0.09552523008568707,-0.04894327030033367,-0.019728345346472522,-0.09090909090909091,-0.020618556701030927,-0.03408367160256552,0.02236842105263158,0.712219540297323,38.185654008438824,0.0,-0.02688860435339313,-0.046398046398046344,-0.056451612903225756,-0.09090909090909094,-0.12844036697247707,0.11578947368421053
385,2025-10-19,0.03684210526315779,-0.03785103785103783,-0.10250569476082005,-0.14161220043572986,-0.05450805622214606,-0.06220247540463343,-0.012517578913658005,-0.022122343347275763,-0.10250569476082004,0.0,0.08688931295747863,0.017766497461928935,0.6749584658229953,35.745614035087726,0.18666666666666668,0.03684210526315779,-0.02688860435339313,-0.046398046398046344,-0.10250569476082005,-0.14161220043572986,0.04314720812182741
385,2025-10-20,0.04187817258883242,0.05121638924455829,-0.09780219780219779,-0.13029661016949157,0.00034812880765889317,-0.022812933941678194,0.029624881556212082,-0.018244903524734957,-0.0978021978021978,-0.0036407766990291263,0.18246250173844544,0.014616321559074299,0.6345485184524376,36.7170626349892,0.41216216216216217,0.04187817258883242,0.03684210526315779,-0.02688860435339313,-0.09780219780219779,-0.13029661016949157,-0.05968331303288672
385,2025-10-21,0.032886723507917104,0.11578947368421044,-0.06607929515418498,-0.1148225469728601,0.04415127528583997,0.00892325996430696,0.06378233719892952,-0.011268490856075465,-0.06607929515418502,0.011933174224343675,0.12897178502141848,0.024764150943396228,0.5466719350822962,38.44537815126051,0.8148148148148148,0.032886723507917104,0.04187817258883242,0.03684210526315779,-0.06607929515418498,-0.1148225469728601,-0.1474056603773585
385,2025-10-22,-0.02358490566037741,0.050761421319796884,-0.04608294930875578,-0.07999999999999996,0.02674933569530556,-0.013894402540690706,0.03938852934612804,-0.009198386629225681,-0.04608294930875576,-0.029308323563892145,0.12761442377126012,0.010869565217391304,0.691798159607505,41.78082191780822,0.7727272727272727,-0.02358490566037741,0.032886723507917104,0.04187817258883242,-0.04608294930875578,-0.07999999999999996,-0.16545893719806765
385,2025-10-23,-0.012077294685990392,-0.0036540803897685548,-0.0012210012210012167,-0.052143684820394,0.014528703047483993,-0.024836081859725852,0.027666880705770704,-0.00896220640207396,-0.001221001221001221,-0.02965599051008304,-0.05259108984497671,0.019559902200488997,0.6461824383339126,44.52554744525548,0.6590909090909091,-0.012077294685990392,-0.02358490566037741,0.032886723507917104,-0.0012210012210012167,-0.052143684820394,-0.18337408312958436
385,2025-10-24,0.03667481662591676,0.0,0.08578745198463511,0.04049079754601226,0.0393976536508492,0.010606602312000927,0.06574317153549687,-0.004270398392622436,0.08578745198463508,0.009523809523809525,0.13126807160644718,0.02240566037735849,0.6160465809966155,54.19847328244274,1.0,0.03667481662591676,-0.012077294685990392,-0.02358490566037741,0.08578745198463511,0.04049079754601226,-0.27358490566037735
385,2025-10-25,0.0,0.024154589371980784,0.11578947368421044,0.014354066985645897,0.023624762890153455,0.010285532742941098,0.0660706802626065,-0.0010919408194512152,0.11578947368421053,0.009523809523809525,0.025674168477544237,0.01768867924528302,0.6485135800725023,51.61290322580645,1.0,0.0,0.03667481662591676,-0.012077294685990392,0.11578947368421044,0.014354066985645897,-0.28773584905660377
385,2025-10-26,-0.030660377358490587,0.004889975550122161,0.043147208121827374,-0.0637813211845103,-0.013543631064632322,-0.020767978398125657,0.033962264150943396,-0.002634597516540546,0.04314720812182741,0.0024390243902439024,0.13320814952024626,0.0170316301703163,0.7473245334068496,42.134831460674164,0.13333333333333333,-0.030660377358490587,0.0,0.03667481662591676,0.043147208121827374,-0.0637813211845103,-0.22627737226277372
385,2025-10-27,-0.06082725060827254,-0.089622641509434,-0.059683313032886764,-0.15164835164835166,-0.06569847856154916,-0.07949125596184416,-0.0280614386033629,-0.010653297652409527,-0.05968331303288672,-0.028930817610062894,-0.06485234320988463,0.022020725388601035,0.7810441028076215,31.55080213903743,0.0,-0.06082725060827254,-0.030660377358490587,0.0,-0.059683313032886764,-0.15164835164835166,-0.19948186528497408
385,2025-10-28,-0.06347150259067358,-0.14740566037735847,-0.14740566037735847,-0.20374449339207046,-0.10567238027920128,-0.13592542426898258,-0.08899995799907597,-0.022798184791909006,-0.1474056603773585,-0.07426376440460948,0.002499218994064355,0.019363762102351315,0.764028317596025,28.028503562945374,0.0,-0.06347150259067358,-0.06082725060827254,-0.030660377358490587,-0.14740566037735847,-0.20374449339207046,-0.16044260027662519
385,2025-10-29,-0.04426002766251724,-0.15936739659367394,-0.1654589371980676,-0.20391705069124422,-0.12404925751539302,-0.17149594340753763,-0.1283323521991422,-0.03511203318893144,-0.16545893719806765,-0.10492227979274611,-0.0718123549081465,0.020260492040520984,0.7669992205995925,28.57142857142857,0.0,-0.04426002766251724,-0.06347150259067358,-0.06082725060827254,-0.1654589371980676,-0.20391705069124422,-0.15195369030390737
385,2025-10-30,-0.03328509406657021,-0.13471502590673579,-0.18337408312958436,-0.18437118437118438,-0.1295606850335071,-0.19566526189042746,-0.15597360662642146,-0.04600239580758354,-0.18337408312958436,-0.13695090439276486,0.03124769694238627,0.019461077844311378,0.7355321042444823,30.49095607235141,0.0,-0.03328509406657021,-0.04426002766251724,-0.06347150259067358,-0.18337408312958436,-0.18437118437118438,-0.12574850299401197
385,2025-10-31,-0.07784431137724546,-0.14799446749654221,-0.2735849056603774,-0.21126760563380287,-0.1610894941634242,-0.25360474978795583,-0.21962754951226723,-0.060527170900295184,-0.27358490566037735,-0.20207253886010362,0.05151704202490254,0.01948051948051948,0.7498918804461967,29.42643391521196,0.0,-0.07784431137724546,-0.03328509406657021,-0.04426002766251724,-0.2735849056603774,-0.21126760563380287,-0.025974025974025976
385,2025-11-01,-0.01948051948051943,-0.12590448625180894,-0.28773584905660377,-0.20526315789473681,-0.13643790849673204,-0.26218494238364753,-0.23274523641496114,-0.07085198195674144,-0.28773584905660377,-0.24875621890547264,0.20593805209199628,0.018211920529801324,0.7332550915177126,30.102040816326536,0.0,-0.01948051948051943,-0.07784431137724546,-0.03328509406657021,-0.28773584905660377,-0.20526315789473681,0.026490066225165563
385,2025-11-02,0.052980132450331174,-0.04790419161676651,-0.22627737226277367,-0.19289340101522845,-0.05477707006369431,-0.2167809203234678,-0.19049639372083152,-0.07032162758711513,-0.22627737226277372,-0.23741007194244604,0.08204980092567841,0.020440251572327043,0.6594227641893515,30.808080808080803,0.19047619047619047,0.052980132450331174,-0.01948051948051943,-0.07784431137724546,-0.22627737226277367,-0.19289340101522845,-0.012578616352201259
385,2025-11-03,-0.028301886792452824,0.0032467532467532756,-0.19948186528497414,-0.2472594397076736,-0.05048287971905185,-0.23092877587422744,-0.2120696982575436,-0.07106083362643074,-0.19948186528497408,-0.29128440366972475,0.08200576247027788,0.024271844660194174,0.7073831943158552,23.359580052493442,0.11764705882352941,-0.028301886792452824,0.052980132450331174,-0.01948051948051943,-0.19948186528497414,-0.2472594397076736,0.02912621359223301
385,2025-11-04,-0.017799352750809017,0.004966887417218624,-0.16044260027662516,-0.2841981132075472,-0.04301801801801809,-0.23474533535047912,-0.22463346438253123,-0.07145067111921498,-0.16044260027662519,-0.33877995642701525,-0.0357976187006175,0.013179571663920923,0.7747339526598206,16.986301369863014,0.034482758620689655,-0.017799352750809017,-0.028301886792452824,0.052980132450331174,-0.16044260027662516,-0.2841981132075472,0.04942339373970346
385,2025-11-05,-0.034596375617792385,-0.07861635220125784,-0.15195369030390737,-0.29227053140096615,-0.05374855824682822,-0.2499360013653042,-0.25020259031262887,-0.07348357916518466,-0.15195369030390737,-0.3792372881355932,-0.08984273160360268,0.02218430034129693,0.7394445092887028,16.939890710382514,0.0,-0.034596375617792385,-0.017799352750809017,-0.028301886792452824,-0.15195369030390737,-0.29227053140096615,0.05631399317406143
385,2025-11-06,-0.0034129692832765013,-0.055016181229773475,-0.12574850299401197,-0.28606356968215163,-0.03834391907786411,-0.2403746097814776,-0.2514526603623106,-0.07308898263580353,-0.12574850299401197,-0.3903966597077244,-0.11648700758444999,0.018835616438356163,0.7436863393988099,17.31843575418995,0.0,-0.0034129692832765013,-0.034596375617792385,-0.017799352750809017,-0.12574850299401197,-0.28606356968215163,0.06506849315068493
385,2025-11-07,0.027397260273972712,-0.011532125205930832,-0.025974025974025983,-0.2924528301886793,-0.008264462809917356,-0.20927780706378488,-0.22963892891279233,-0.06759456256556536,-0.025974025974025976,-0.3333333333333333,-0.07605307101710573,0.021666666666666667,0.654622480316309,13.95348837209302,0.3076923076923077,0.027397260273972712,-0.0034129692832765013,-0.034596375617792385,-0.025974025974025983,-0.2924528301886793,0.025
385,2025-11-08,0.03333333333333344,0.058020477815699634,0.026490066225165476,-0.2688679245283019,0.020936250294048376,-0.1741041694418543,-0.20244697272883194,-0.05803193545720261,0.026490066225165563,-0.28157589803012745,0.06549672206965404,0.01935483870967742,0.6191476962784765,18.681318681318686,0.6923076923076923,0.03333333333333344,0.027397260273972712,-0.0034129692832765013,0.026490066225165476,-0.2688679245283019,-0.016129032258064516
385,2025-11-09,0.012903225806451646,0.07534246575342474,-0.012578616352201255,-0.23600973236009737,0.03605939193966538,-0.15644309125100747,-0.19095333524191235,-0.048359035104298065,-0.012578616352201259,-0.2294478527607362,0.1147014670212325,0.020700636942675158,0.6596207538149507,21.965317919075147,1.0,0.012903225806451646,0.03333333333333344,0.027397260273972712,-0.012578616352201255,-0.23600973236009737,-0.025477707006369428
385,2025-11-10,0.01273885350318471,0.06000000000000005,0.029126213592232997,-0.17616580310880825,0.044825158413518036,-0.13797777175386278,-0.1795312835949258,-0.038939543080305075,0.02912621359223301,-0.23923444976076555,0.010684856529646517,0.020440251572327043,0.682132743743335,27.631578947368425,1.0,0.01273885350318471,0.012903225806451646,0.03333333333333344,0.029126213592232997,-0.17616580310880825,-0.0031446540880503146
385,2025-11-11,0.0015723270440251014,0.02741935483870961,0.0494233937397035,-0.11894882434301524,0.03915171288743882,-0.12711825697711596,-0.17706165219263617,-0.03131993408568152,0.04942339373970346,-0.2744874715261959,-0.08546936079256358,0.015698587127158554,0.7331560306602662,33.203125,1.0,0.0015723270440251014,0.01273885350318471,0.012903225806451646,0.0494233937397035,-0.11894882434301524,-0.0031397174254317113
385,2025-11-12,-0.028257456828885363,-0.014331210191082855,0.056313993174061494,-0.1041968162083936,0.0020814061054579883,-0.14035737431719292,-0.19899352983465138,-0.028675085689653348,0.05631399317406143,-0.31978021978021975,0.038557643210379626,0.022617124394184167,0.7454512411610935,35.12396694214877,0.660377358490566,-0.028257456828885363,0.0015723270440251014,0.01273885350318471,0.056313993174061494,-0.1041968162083936,-0.0016155088852988692
385,2025-11-13,0.004846526655896577,-0.022012578616352196,0.06506849315068486,-0.06886227544910184,-0.0018340210912424972,-0.12460123850628632,-0.19363899572187893,-0.025449853321346454,0.06506849315068493,-0.31497797356828194,-0.48178064234738927,0.017684887459807074,0.7056374738664727,39.63963963963965,0.5945945945945946,0.004846526655896577,-0.028257456828885363,0.0015723270440251014,0.06506849315068486,-0.06886227544910184,0.024115755627009645
385,2025-11-14,-0.0112540192926045,-0.03453689167974883,0.02499999999999991,-0.0016233766233766378,-0.016449623029472317,-0.12405640222190574,-0.20056040210295223,-0.023824115118935636,0.025,-0.29147465437788017,-0.8495363324304435,0.01951219512195122,0.7344001136249998,49.71751412429379,0.0,-0.0112540192926045,0.004846526655896577,-0.028257456828885363,0.02499999999999991,-0.0016233766233766378,0.024390243902439025
385,2025-11-15,-0.008130081300813052,-0.014539579967689842,-0.016129032258064502,0.009933774834437026,-0.022212044882070122,-0.12247050925481921,-0.2043247630366097,-0.022930742587705537,-0.016129032258064516,-0.25518925518925517,-0.7955517416270853,0.027868852459016394,0.7344247286875918,51.76470588235294,0.0,-0.008130081300813052,-0.0112540192926045,0.004846526655896577,-0.016129032258064502,0.009933774834437026,0.05901639344262295
385,2025-11-16,0.003278688524590123,-0.01607717041800638,-0.02547770700636942,-0.037735849056603765,-0.015398758905998596,-0.11240029006526468,-0.199209095402867,-0.02122483522246154,-0.025477707006369428,-0.21638924455825864,-0.8468145494550869,0.0196078431372549,0.754867647632125,41.42857142857144,0.07407407407407407,0.003278688524590123,-0.008130081300813052,-0.0112540192926045,-0.02547770700636942,-0.037735849056603765,0.16013071895424835
385,2025-11-17,0.03594771241830075,0.030894308943089532,-0.0031446540880503138,0.025889967637540368,0.020464474591860116,-0.07485772654311974,-0.16827007171593492,-0.015259059922082867,-0.0031446540880503146,-0.16578947368421051,-0.6019791091326523,0.02365930599369085,0.6371218489196909,55.55555555555556,0.8888888888888888,0.03594771241830075,0.003278688524590123,-0.008130081300813052,-0.0031446540880503138,0.025889967637540368,0.14195583596214512
385,2025-11-18,0.001577287066246047,0.040983606557376984,-0.0031397174254317317,0.04612850082372333,0.02254428341384863,-0.06645104381064398,-0.16514498575706665,-0.010688865056403873,-0.0031397174254317113,-0.19416243654822335,-0.5008742838241693,0.02204724409448819,0.6469514513299468,60.44776119402985,1.0,0.001577287066246047,0.03594771241830075,0.003278688524590123,-0.0031397174254317317,0.04612850082372333,0.1889763779527559
385,2025-11-19,-0.026771653543307128,0.009803921568627416,-0.001615508885298822,0.05460750853242313,-0.0046019328117810005,-0.08231450774637424,-0.18583034472663396,-0.010541106291730053,-0.0016155088852988692,-0.24725943970767356,0.3727645342613752,0.021035598705501618,0.7267970537553196,62.30769230769231,0.32,-0.026771653543307128,0.001577287066246047,0.03594771241830075,-0.001615508885298822,0.05460750853242313,0.05663430420711974
385,2025-11-20,0.0307443365695792,0.004731861198738141,0.02411575562700974,0.09075342465753433,0.02247191011235955,-0.0441176470588235,-0.15948275862068967,-0.006543532301036498,0.024115755627009645,-0.24882075471698112,-0.9769537480512029,0.03767660910518053,0.43603460050079673,68.02721088435374,1.0,0.0307443365695792,-0.026771653543307128,0.001577287066246047,0.02411575562700974,0.09075342465753433,-0.05180533751962323
385,2025-11-21,-0.01098901098901095,-0.007874015748031482,0.024390243902439046,0.050000000000000044,0.007769652650822721,-0.04516520157623516,-0.16741310700283404,-0.005033190842307035,0.024390243902439025,-0.2391304347826087,1.5207107060851022,0.020634920634920634,0.6606705449506471,60.869565217391305,0.7407407407407407,-0.01098901098901095,0.0307443365695792,-0.026771653543307128,0.024390243902439046,0.050000000000000044,-0.12063492063492064
385,2025-11-22,0.025396825396825307,0.0453074433656957,0.05901639344262288,0.041935483870967794,0.024932003626473177,-0.012333095505045437,-0.14506286302477756,-0.0009198756033702278,0.05901639344262295,-0.21026894865525672,1.3551194272426945,0.02321981424148607,0.6068515716149089,59.701492537313435,1.0,0.025396825396825307,-0.01098901098901095,0.0307443365695792,0.05901639344262288,0.041935483870967794,-0.08668730650154799
385,2025-11-23,0.09907120743034059,0.11459968602825743,0.16013071895424846,0.1305732484076434,0.10199556541019947,0.0932046807637035,-0.06000382471057235,0.013358406985315896,0.16013071895424835,-0.16273584905660377,1.0278017275295943,0.029577464788732393,0.5944062730586436,71.57894736842105,1.0,0.09907120743034059,0.025396825396825307,-0.01098901098901095,0.16013071895424846,0.1305732484076434,-0.1352112676056338
385,2025-11-24,0.019718309859154903,0.14920634920634912,0.14195583596214512,0.1383647798742138,0.10173913043478267,0.12190082644628093,-0.04134176842724725,0.02431609681650739,0.14195583596214512,-0.14622641509433962,0.8928512915733712,0.026243093922651933,0.6484579874827999,72.44897959183673,1.0,0.019718309859154903,0.09907120743034059,0.025396825396825307,0.14195583596214512,0.1383647798742138,-0.10497237569060773
385,2025-11-25,0.04281767955801108,0.1687306501547987,0.18897637795275601,0.18524332810047106,0.11970338983050839,0.17400093298087385,-0.0006912069650131858,0.035569256193724495,0.1889763779527559,-0.08150851581508516,0.6257495713973762,0.02119205298013245,0.617780425921766,76.10619469026548,1.0,0.04281767955801108,0.019718309859154903,0.09907120743034059,0.18897637795275601,0.18524332810047106,-0.11258278145695365
385,2025-11-26,-0.13509933774834437,-0.08028169014084507,0.05663430420711979,0.0549273021001615,-0.03869610935856999,0.021696046729946815,-0.13464086933474692,0.024252870795029538,0.05663430420711974,-0.15414507772020725,0.24184825253377878,0.033690658499234305,0.708214580188252,55.48387096774194,0.184,-0.13509933774834437,0.04281767955801108,0.019718309859154903,0.05663430420711979,0.0549273021001615,0.027565084226646247
385,2025-11-27,-0.07503828483920372,-0.16574585635359118,-0.05180533751962324,-0.02893890675241162,-0.10461668784413382,-0.049068485961689785,-0.1978514933301853,0.007523367582672261,-0.05180533751962323,-0.16459197786998617,0.13201581636659554,0.023178807947019868,0.7275792240149636,47.47191011235955,0.0,-0.07503828483920372,-0.13509933774834437,0.04281767955801108,-0.05180533751962324,-0.02893890675241162,0.12582781456953643
385,2025-11-28,-0.08278145695364236,-0.26622516556291387,-0.12063492063492065,-0.09918699186991875,-0.16530348687042612,-0.12147161433555348,-0.2617598720739128,-0.012945172319235481,-0.12063492063492064,-0.19826338639652677,0.23611622587419787,0.02527075812274368,0.7327506421729421,42.35588972431078,0.0,-0.08278145695364236,-0.07503828483920372,-0.13509933774834437,-0.12063492063492065,-0.09918699186991875,0.20577617328519857
385,2025-11-29,0.06498194945848379,-0.0964777947932619,-0.08668730650154799,-0.032786885245901676,-0.10021786492374721,-0.06050955414012739,-0.21099554234769693,-0.019612265949269687,-0.08668730650154799,-0.11676646706586827,0.23834034929525721,0.020338983050847456,0.7159321978909301,47.67441860465116,0.1791044776119403,0.06498194945848379,-0.08278145695364236,-0.07503828483920372,-0.08668730650154799,-0.032786885245901676,0.11694915254237288
385,2025-11-30,0.04067796610169494,0.01655629139072845,-0.13521126760563384,0.0032679738562091387,-0.04361370716510903,-0.022189192058604864,-0.17623207417787193,-0.018885727163067325,-0.1352112676056338,-0.003246753246753247,0.13327225472822415,0.019543973941368076,0.6529586460870603,50.2212389380531,0.29850746268656714,0.04067796610169494,0.06498194945848379,-0.08278145695364236,-0.13521126760563384,0.0032679738562091387,0.12866449511400652
385,2025-12-01,0.055374592833876246,0.16967509025270755,-0.10497237569060769,0.02208201892744488,0.02670891806247176,0.029551954242135404,-0.1284465366509751,-0.011425563713342864,-0.10497237569060773,0.0728476821192053,-0.0017368096839108205,0.024691358024691357,0.630160614466465,51.508620689655174,0.46766169154228854,0.055374592833876246,0.04067796610169494,0.06498194945848379,-0.10497237569060769,0.02208201892744488,0.08024691358024691
385,2025-12-02,0.033950617283950546,0.13559322033898313,-0.11258278145695366,0.055118110236220375,0.08239095315024232,0.06259251427363084,-0.09721078556136115,-0.002177344393724068,-0.11258278145695365,0.05345911949685535,-0.0014418982026155947,0.026865671641791045,0.6266328474047747,53.60824742268041,1.0,0.033950617283950546,0.055374592833876246,0.04067796610169494,-0.11258278145695366,0.055118110236220375,0.04626865671641791
385,2025-12-03,0.0014925373134329067,0.09283387622149841,0.027565084226646164,0.08576051779935279,0.07952194897724664,0.06120512414992891,-0.094358297591554,0.004009197377122948,0.027565084226646247,0.08576051779935275,-0.7250594696697145,0.02384500745156483,0.6548851466343215,55.65031982942431,1.0,0.0014925373134329067,0.033950617283950546,0.055374592833876246,0.027565084226646164,0.08576051779935279,0.03427719821162444
385,2025-12-04,0.013412816691505292,0.04938271604938271,0.1258278145695364,0.0675039246467819,0.07522023943980119,0.0713160382312782,-0.08132937044042156,0.009447691854760623,0.12582781456953643,0.12026359143327842,-0.6658539702013031,0.016176470588235296,0.675188710183414,54.684095860566444,1.0,0.013412816691505292,0.0014925373134329067,0.033950617283950546,0.1258278145695364,0.0675039246467819,0.014705882352941176
385,2025-12-05,-0.01764705882352946,-0.0029850746268657025,0.2057761732851986,0.060317460317460325,0.0297291345518609,0.047897929303492945,-0.09645616038955186,0.010488092903650145,0.20577617328519857,0.13993174061433447,-0.10339441863809351,0.02245508982035928,0.6787342339747608,54.0948275862069,0.8666666666666667,-0.01764705882352946,0.013412816691505292,0.0014925373134329067,0.2057761732851986,0.060317460317460325,0.011976047904191617
385,2025-12-06,-0.013473053892215536,-0.01788375558867361,0.11694915254237293,0.020123839009287936,0.0006507592190889618,0.029741132350643212,-0.1069922910142134,0.009212587651850903,0.11694915254237288,0.1284246575342466,-0.5490387269164041,0.021244309559939303,0.7304728097198706,51.42231947483588,0.6818181818181818,-0.013473053892215536,-0.01764705882352946,0.013412816691505292,0.11694915254237293,0.020123839009287936,0.04704097116843703
385,2025-12-07,0.05159332321699539,0.01911764705882346,0.12866449511400657,-0.023943661971830954,0.03454894433781185,0.07764876632801153,-0.0595455299386299,0.014050445667763534,0.12866449511400652,0.155,0.8523304668500972,0.020202020202020204,0.6578790148089038,48.00936768149882,1.0,0.05159332321699539,-0.013473053892215536,-0.01764705882352946,0.12866449511400657,-0.023943661971830954,-0.021645021645021644
385,2025-12-08,0.010101010101010166,0.0479041916167664,0.08024691358024683,-0.03314917127071826,0.033537228432820004,0.08403881891389632,-0.04925751539297354,0.017864717700123517,0.08024691358024691,0.12903225806451613,0.5001834422025007,0.015714285714285715,0.722800771109348,47.142857142857146,1.0,0.010101010101010166,0.05159332321699539,-0.013473053892215536,0.08024691358024683,-0.03314917127071826,-0.08857142857142856
385,2025-12-09,0.0014285714285713347,0.06373292867981784,0.04626865671641789,-0.07152317880794701,0.02829002514668909,0.08151195680123431,-0.04752558954074698,0.019851945477441287,0.04626865671641791,0.11624203821656051,0.5434280136206037,0.019971469329529243,0.6753224136144589,43.07692307692307,1.0,0.0014285714285713347,0.010101010101010166,0.05159332321699539,0.04626865671641789,-0.07152317880794701,-0.10128388017118402
385,2025-12-10,-0.0099857346647646,0.0014430014430013571,0.03427719821162434,0.06278713629402755,0.013138686131386862,0.0675280726042147,-0.056552474170745,0.019249090020311378,0.03427719821162444,0.09119496855345911,0.3727718479447276,0.01729106628242075,0.741573939518672,56.949152542372886,0.8333333333333334,-0.0099857346647646,0.0014285714285713347,0.010101010101010166,0.03427719821162434,0.06278713629402755,-0.138328530259366
385,2025-12-11,-0.0057636887608069065,-0.014285714285714235,0.014705882352941124,0.14238410596026485,0.0052029136316336915,0.0584986704847617,-0.06153660158375139,0.01752334700558639,0.014705882352941176,0.08320251177394035,-0.657445788314417,0.015942028985507246,0.7394481560588232,67.2,0.7380952380952381,-0.0057636887608069065,-0.0099857346647646,0.0014285714285713347,0.014705882352941124,0.14238410596026485,-0.10579710144927536
385,2025-12-12,-0.020289855072463725,-0.03566333808844513,0.011976047904191711,0.22021660649819497,-0.016829420319966735,0.03400805588130324,-0.07978522271799135,0.013435474134695669,0.011976047904191617,0.09208400646203554,-0.13702044704268254,0.02514792899408284,0.7389809902801929,78.50467289719626,0.40476190476190477,-0.020289855072463725,-0.0057636887608069065,-0.0099857346647646,0.011976047904191711,0.22021660649819497,-0.09467455621301775
385,2025-12-13,0.020710059171597628,-0.0057636887608069065,0.047040971168436974,0.1694915254237288,-0.002890173410404624,0.05177582439916676,-0.0596180928873207,0.012716951649432722,0.04704097116843703,0.10932475884244373,-0.12359518281904155,0.015942028985507246,0.7039858673956088,76.04166666666667,0.56,0.020710059171597628,-0.020289855072463725,-0.0057636887608069065,0.047040971168436974,0.1694915254237288,-0.10144927536231885
385,2025-12-14,-0.017391304347826098,-0.017391304347826098,-0.02164502164502169,0.10423452768729646,-0.01718782356595573,0.030186385737439234,-0.07465538419544157,0.009780680760565909,-0.021645021645021644,0.1024390243902439,0.04901396390339377,0.025073746312684365,0.7807622130540663,67.77777777777777,0.08,-0.017391304347826098,0.020710059171597628,-0.020289855072463725,-0.02164502164502169,0.10423452768729646,-0.0752212389380531
385,2025-12-15,-0.05899705014749268,-0.056213017751479244,-0.08857142857142852,-0.015432098765432056,-0.0631424375917768,-0.03196439409265636,-0.1277003007929997,0.0006578778069257717,-0.08857142857142856,0.04590163934426229,0.013511682858750445,0.02664576802507837,0.7544317519268591,47.31182795698925,0.0,-0.05899705014749268,-0.017391304347826098,0.020710059171597628,-0.08857142857142852,-0.015432098765432056,-0.006269592476489028
385,2025-12-16,-0.01253918495297801,-0.08695652173913049,-0.10128388017118406,-0.05970149253731338,-0.06090289608177177,-0.04497220818595245,-0.1369731654971918,-0.006788586053273225,-0.10128388017118402,0.029411764705882353,0.05864509857869725,0.014285714285714285,0.7339849774307697,38.372093023255815,0.0,-0.01253918495297801,-0.05899705014749268,-0.017391304347826098,-0.10128388017118406,-0.05970149253731338,0.01904761904761905
385,2025-12-17,-0.050793650793650835,-0.11799410029498525,-0.13832853025936598,-0.10879284649776455,-0.08999999999999996,-0.09182950288549159,-0.17858396544619276,-0.01724618380729927,-0.138328530259366,-0.056782334384858045,0.42007173039113294,0.026755852842809364,0.7460607721763124,32.01970443349754,0.0,-0.050793650793650835,-0.01253918495297801,-0.05899705014749268,-0.13832853025936598,-0.10879284649776455,0.10033444816053512
385,2025-12-18,0.03177257525083621,-0.0329153605015674,-0.10579710144927534,-0.09264705882352942,-0.04594654296443554,-0.06211998378597488,-0.15026778882938024,-0.020197636854293797,-0.10579710144927536,-0.028346456692913385,0.27549061311299783,0.022690437601296597,0.7269804594290827,35.21126760563381,0.20652173913043478,0.03177257525083621,-0.050793650793650835,-0.01253918495297801,-0.10579710144927534,-0.09264705882352942,0.07293354943273905
385,2025-12-19,-0.008103727714748765,-0.02857142857142858,-0.09467455621301779,-0.08383233532934131,-0.04010755097468068,-0.0694374049670552,-0.15441063588074552,-0.02242824069479676,-0.09467455621301775,-0.009708737864077669,0.17073881021263185,0.011437908496732025,0.73594629001376,36.40776699029126,0.15217391304347827,-0.008103727714748765,0.03177257525083621,-0.050793650793650835,-0.09467455621301779,-0.08383233532934131,0.09313725490196079
385,2025-12-20,0.013071895424836555,0.03678929765886285,-0.10144927536231885,-0.05918057663125953,-0.012064648304120166,-0.05646020392634306,-0.14048059149722741,-0.021697154786908666,-0.10144927536231885,-0.026687598116169546,0.18801702979075913,0.024193548387096774,0.6872795548341948,40.48780487804878,0.275,0.013071895424836555,-0.008103727714748765,0.03177257525083621,-0.10144927536231885,-0.05918057663125953,0.0935483870967742
385,2025-12-21,0.011290322580645107,0.01620745542949753,-0.0752212389380531,-0.09523809523809523,0.010824504836480805,-0.045662100456621,-0.12773982131264103,-0.01921175186165164,-0.0752212389380531,-0.004761904761904762,0.15755399436368922,0.022328548644338118,0.687741401912739,31.460674157303373,0.725,0.011290322580645107,0.013071895424836555,-0.008103727714748765,-0.0752212389380531,-0.09523809523809523,0.10366826156299841
385,2025-12-22,0.011164274322169154,0.03594771241830075,-0.006269592476489061,-0.0942857142857143,0.023052097740894503,-0.03441973804447156,-0.1151430565247732,-0.01565669874961065,-0.006269592476489028,-0.018575851393188854,-0.6961617930670734,0.022082018927444796,0.7520457728562661,31.460674157303373,1.0,0.011164274322169154,0.011290322580645107,0.013071895424836555,-0.006269592476489061,-0.0942857142857143,0.11356466876971609
385,2025-12-23,0.012618296529968376,0.03548387096774186,0.01904761904761898,-0.08416547788873041,0.03310344827586204,-0.018848700967906324,-0.10121797564048714,-0.0113426775992795,0.01904761904761905,-0.09577464788732394,-0.1559354577594893,0.020249221183800622,0.6495544902645255,34.05405405405405,1.0,0.012618296529968376,0.011164274322169154,0.011290322580645107,0.01904761904761898,-0.08416547788873041,0.13707165109034267
385,2025-12-24,0.024922118380062308,0.04944178628389162,0.10033444816053505,-0.05187319884726227,0.044444444444444446,0.008996115313841762,-0.07620310428203735,-0.0052294891305502775,0.10033444816053512,-0.09116022099447514,-0.6569299238807783,0.022796352583586626,0.5453124989763422,40.72164948453609,1.0,0.024922118380062308,0.012618296529968376,0.011164274322169154,0.10033444816053505,-0.05187319884726227,0.07750759878419453
385,2025-12-25,0.006079027355623046,0.04416403785488954,0.072933549432739,-0.04057971014492756,0.04017957351290682,0.019978429459195774,-0.06829092842510207,-0.00038108803064218505,0.07293354943273905,-0.12317880794701987,-0.646561399127494,0.028700906344410877,0.6859004523006174,42.78350515463917,1.0,0.006079027355623046,0.024922118380062308,0.012618296529968376,0.072933549432739,-0.04057971014492756,0.06646525679758308
385,2025-12-26,0.010574018126888296,0.0420560747663552,0.09313725490196068,-0.010355029585798814,0.03789893617021279,0.029917380817981135,-0.05658012253020171,0.004015491821425621,0.09313725490196079,0.02450229709035222,-0.5898061281048006,0.026905829596412557,0.6633891454921214,48.12834224598931,1.0,0.010574018126888296,0.006079027355623046,0.024922118380062308,0.09313725490196068,-0.010355029585798814,0.052316890881913304
385,2025-12-27,0.013452914798206317,0.03039513677811545,0.09354838709677415,-0.017391304347826098,0.038512035010940866,0.039824139870149836,-0.04234282306412628,0.008307085811493422,0.0935483870967742,0.12251655629139073,-0.3882693474745815,0.019174041297935103,0.7042442164751501,46.7032967032967,1.0,0.013452914798206317,0.010574018126888296,0.006079027355623046,0.09354838709677415,-0.017391304347826098,0.025073746312684365
385,2025-12-28,0.020648967551622377,0.0453172205438066,0.10366826156299846,0.020648967551622377,0.045091693635383005,0.05386060206101834,-0.021339451271252967,0.013232197711582922,0.10366826156299841,0.2490974729241877,0.008043233823688815,0.02167630057803468,0.6294691397836126,53.80434782608696,1.0,0.020648967551622377,0.013452914798206317,0.010574018126888296,0.10366826156299846,0.020648967551622377,0.008670520231213872
385,2025-12-29,0.020231213872832443,0.05530642750373693,0.11356466876971605,0.10658307210031337,0.049925642659868257,0.06888720666161999,-0.00047192071731954395,0.018339758222031818,0.11356466876971609,0.19661016949152543,0.02265466702470236,0.021246458923512748,0.6769041521898811,71.51898734177215,1.0,0.020231213872832443,0.020648967551622377,0.013452914798206317,0.11356466876971605,0.10658307210031337,-0.0339943342776204
385,2025-12-30,0.03399433427762033,0.07669616519174038,0.1370716510903427,0.15873015873015883,0.06569343065693431,0.09879082835783452,0.034189648658859075,0.02501732096583933,0.13707165109034267,0.18892508143322476,0.03919754981865783,0.024657534246575342,0.7002241512480195,78.73563218390805,1.0,0.03399433427762033,0.020231213872832443,0.020648967551622377,0.1370716510903427,0.15873015873015883,-0.09863013698630137
385,2025-12-31,-0.02876712328767128,0.024566473988439252,0.07750759878419444,0.18561872909698995,0.024143623607098565,0.06392557022809127,0.005943278735043245,0.024859985207132486,0.07750759878419453,0.0941358024691358,0.06458956618654513,0.022566995768688293,0.7017417828523537,84.04907975460122,0.6911764705882353,-0.02876712328767128,0.03399433427762033,0.020231213872832443,0.07750759878419444,0.18561872909698995,-0.09449929478138223
385,2026-01-01,-0.004231311706629048,0.0,0.06646525679758297,0.14424635332252844,0.010633946830265872,0.05751947273816653,0.003712187031040166,0.023397758338719963,0.06646525679758308,0.05373134328358209,-0.9119742054462394,0.018413597733711047,0.5019181927040034,80.27210884353741,0.6065573770491803,-0.004231311706629048,-0.02876712328767128,0.03399433427762033,0.06646525679758297,0.14424635332252844,-0.08923512747875353
385,2026-01-02,-0.0028328611898017497,-0.03561643835616435,0.05231689088191338,0.15032679738562083,0.0006091370558375866,0.052788993569612606,0.003532001837274473,0.021320436977649366,0.052316890881913304,0.04918032786885246,0.21705407534260843,0.02130681818181818,0.6959158703475388,81.94444444444444,0.5,-0.0028328611898017497,-0.004231311706629048,-0.02876712328767128,0.05231689088191338,0.15032679738562083,-0.08380681818181818
385,2026-01-03,-0.01278409090909094,-0.019746121297602226,0.025073746312684442,0.12096774193548376,-0.015580736543909348,0.03855349671249246,-0.005785675684267463,0.01775571104179784,0.025073746312684365,0.022058823529411766,1.9351529246641537,0.02014388489208633,0.71642184350686,75.86206896551724,0.07894736842105263,-0.01278409090909094,-0.0028328611898017497,-0.004231311706629048,0.025073746312684442,0.12096774193548376,-0.07913669064748201
385,2026-01-04,0.004316546762589857,-0.011331444759206777,0.00867052023121384,0.11323763955342914,-0.012530315278900611,0.04148015517755887,0.002425480308929568,0.01534929613775526,0.008670520231213872,0.04491017964071856,-0.23141753451992325,0.02148997134670487,0.6711344895962238,75.177304964539,0.08571428571428572,0.004316546762589857,-0.01278409090909094,-0.0028328611898017497,0.00867052023121384,0.11323763955342914,-0.0028653295128939827
385,2026-01-05,-0.022922636103151817,-0.03125,-0.03399433427762044,0.0757097791798107,-0.03046303818034121,0.016443936608872726,-0.016220028208744665,0.010596617488821224,-0.0339943342776204,0.03490136570561457,-0.12474631580465148,0.021994134897360705,0.7615864540862537,66.0,0.0,-0.022922636103151817,0.004316546762589857,-0.01278409090909094,-0.03399433427762044,0.0757097791798107,0.09090909090909091
385,2026-01-06,-0.035190615835777095,-0.05323741007194249,-0.09863013698630141,0.024922118380062308,-0.050700741962077446,-0.017617199163929464,-0.047144006436041816,0.003083497989420009,-0.09863013698630137,-0.050505050505050504,1.0503910844648017,0.019756838905775075,0.7135022636091869,54.81927710843374,0.0,-0.035190615835777095,-0.022922636103151817,0.004316546762589857,-0.09863013698630141,0.024922118380062308,0.14437689969604864
385,2026-01-07,-0.024316109422492405,-0.08022922636103147,-0.09449929478138219,-0.024316109422492405,-0.06081504702194355,-0.038730285486124984,-0.06699607615172216,-0.004712521718882724,-0.09449929478138223,-0.08285714285714285,-0.7674209588026947,0.018691588785046728,0.6656764982913368,45.18072289156626,0.0,-0.024316109422492405,-0.035190615835777095,-0.022922636103151817,-0.09449929478138219,-0.024316109422492405,0.11838006230529595
385,2026-01-08,0.0015576323987538387,-0.05718475073313778,-0.0892351274787535,-0.028700906344410915,-0.04680220245658617,-0.034437881669836745,-0.06294023349579803,-0.009531391345645868,-0.08923512747875353,-0.08273894436519258,-0.4173698173029058,0.02177293934681182,0.7156241126411528,44.171779141104295,0.016129032258064516,0.0015576323987538387,-0.024316109422492405,-0.035190615835777095,-0.0892351274787535,-0.028700906344410915,0.09797822706065319
385,2026-01-09,0.0031104199066873672,-0.019756838905775065,-0.08380681818181823,-0.0358744394618834,-0.03173922367574518,-0.029053138642179673,-0.05710944352402307,-0.012044735815215339,-0.08380681818181818,-0.07060518731988473,-0.31232967873642675,0.015503875968992248,0.7497146099444081,42.40506329113924,0.05357142857142857,0.0031104199066873672,0.0015576323987538387,-0.024316109422492405,-0.08380681818181823,-0.0358744394618834,0.08372093023255814
385,2026-01-10,-0.007751937984496138,-0.0031152647975077885,-0.07913669064748197,-0.05604719764011801,-0.02777777777777785,-0.03415664771869811,-0.060787894599530386,-0.014196731420371152,-0.07913669064748201,-0.07246376811594203,-0.1993628923486478,0.0171875,0.7399156021835829,37.66233766233766,0.0,-0.007751937984496138,0.0031104199066873672,0.0015576323987538387,-0.07913669064748197,-0.05604719764011801,0.084375
385,2026-01-11,0.08749999999999991,0.08242612752721623,-0.002865329512893977,0.005780346820809301,0.057750759878419454,0.049298959746721015,0.024969728703733953,-0.0052235975237897815,-0.0028653295128939827,0.029585798816568046,0.18857062872093736,0.020114942528735632,0.7118665955609974,51.020408163265316,1.0,0.08749999999999991,-0.007751937984496138,0.0031104199066873672,-0.002865329512893977,0.005780346820809301,0.005747126436781609
385,2026-01-12,0.06896551724137923,0.15348837209302335,0.09090909090909083,0.053824362606232246,0.1156812339331619,0.11862877762742441,0.09860541427399516,0.008959593417421507,0.09090909090909091,0.0782608695652174,1.0684947677553314,0.0228494623655914,0.6629864867553471,58.26086956521739,1.0,0.06896551724137923,0.08749999999999991,-0.007751937984496138,0.09090909090909083,0.053824362606232246,-0.0846774193548387
385,2026-01-13,0.012096774193548487,0.17656249999999996,0.1443768996960486,0.03150684931506853,0.1066554692420743,0.127920910724985,0.11399687679789593,0.019099696879800104,0.14437689969604864,0.11061946902654868,0.9332983157718424,0.01593625498007968,0.6872415850218754,55.34883720930233,1.0,0.012096774193548487,0.06896551724137923,0.08749999999999991,0.1443768996960486,0.03150684931506853,-0.10756972111553785
385,2026-01-14,-0.04648074369189903,0.031609195402298784,0.11838006230529596,0.012693935119887145,0.03864434800578625,0.0712154366421325,0.06398392992393062,0.0191051164761303,0.11838006230529595,0.12539184952978055,0.5126748815401693,0.020891364902506964,0.7070065461241241,51.965065502183414,0.6902654867256637,-0.04648074369189903,0.012096774193548487,0.06896551724137923,0.11838006230529596,0.012693935119887145,-0.07242339832869081
385,2026-01-15,-0.01671309192200554,-0.051075268817204256,0.09797822706065329,0.0,0.008159934720522165,0.04934601664684906,0.04749501310605179,0.01647922464162989,0.09797822706065319,0.12063492063492064,0.05327410291781325,0.0169971671388102,0.7828494737425781,50.0,0.584070796460177,-0.01671309192200554,-0.04648074369189903,0.012096774193548487,0.09797822706065329,0.0,-0.06232294617563739
385,2026-01-16,-0.009915014164305958,-0.07171314741035861,0.08372093023255811,-0.007102272727272707,-0.012711864406779662,0.03376879467586893,0.0381530743588897,0.01306783666518149,0.08372093023255814,0.1688963210702341,0.29301681339651686,0.020028612303290415,0.7243430138723126,48.971193415637856,0.5221238938053098,-0.009915014164305958,-0.01671309192200554,-0.04648074369189903,0.08372093023255811,-0.007102272727272707,-0.07582260371959942
385,2026-01-17,-0.007153075822603716,-0.03342618384401119,0.08437500000000009,-0.0014388489208633226,-0.030339321357285363,0.022492878892053803,0.03232844109480367,0.009587025320893835,0.084375,0.12479740680713128,0.21872254822968235,0.020172910662824207,0.7243861419038148,49.7907949790795,0.0,-0.007153075822603716,-0.009915014164305958,-0.01671309192200554,0.08437500000000009,-0.0014388489208633226,-0.04899135446685879
385,2026-01-18,0.008645533141210304,-0.008498583569405138,0.005747126436781658,0.002865329512893977,-0.02273633825289197,0.02689486552567243,0.043340012917543025,0.008002360395962457,0.005747126436781609,0.1437908496732026,0.18426944169371226,0.018571428571428572,0.7307345866073774,50.413223140495866,0.1016949152542373,0.008645533141210304,-0.007153075822603716,-0.009915014164305958,0.005747126436781658,0.002865329512893977,0.02
385,2026-01-19,-0.027142857142857135,-0.025751072961373356,-0.08467741935483875,-0.0014662756598240456,-0.0371642092506565,-0.003949100482667903,0.01783579115185325,0.0035354914597262735,-0.0846774193548387,0.09838709677419355,-0.0037899106423932693,0.014684287812041116,0.6888281165844847,49.795918367346935,0.0,-0.027142857142857135,0.008645533141210304,-0.007153075822603716,-0.08467741935483875,-0.0014662756598240456,0.09544787077826726
385,2026-01-20,-0.013215859030836996,-0.03170028818443804,-0.10756972111553786,0.02127659574468077,-0.034086242299794595,-0.019264448336252255,0.006993006993006936,-0.0010182581424423433,-0.10756972111553785,0.07177033492822966,-0.31183564843916234,0.017857142857142856,0.7663716697721635,53.04347826086957,0.0,-0.013215859030836996,-0.027142857142857135,0.008645533141210304,-0.10756972111553786,0.02127659574468077,0.1636904761904762
385,2026-01-21,-0.008928571428571397,-0.0485714285714286,-0.07242339832869082,0.03738317757009346,-0.03237858032378587,-0.029531766077326577,0.0005341523669627596,-0.004991080307912798,-0.07242339832869081,0.050473186119873815,-0.7265223391647644,0.01951951951951952,0.6931654701953641,55.45454545454545,0.0,-0.008928571428571397,-0.013215859030836996,-0.027142857142857135,-0.07242339832869082,0.03738317757009346,0.22972972972972974
385,2026-01-22,-0.006006006006005982,-0.027900146842878115,-0.062322946175637384,0.029548989113530322,-0.02932551319648094,-0.0362965838509316,-0.0023776832657982057,-0.008122848371675784,-0.06232294617563739,0.03115264797507788,-0.668577858126421,0.01812688821752266,0.7476288929197282,54.26008968609866,0.0,-0.006006006006005982,-0.008928571428571397,-0.013215859030836996,-0.062322946175637384,0.029548989113530322,0.1404833836858006
385,2026-01-23,-0.024169184290030232,-0.038690476190476164,-0.07582260371959948,0.0015503875968991832,-0.04215208642236817,-0.059040590405904016,-0.023185483870967798,-0.012694374303840534,-0.07582260371959942,-0.0182370820668693,-0.6438679222724862,0.021671826625386997,0.753377548000766,50.21097046413502,0.0,-0.024169184290030232,-0.006006006006005982,-0.008928571428571397,-0.07582260371959948,0.0015503875968991832,0.16563467492260062
385,2026-01-24,0.021671826625387025,-0.009009009009009028,-0.04899135446685876,0.03125,-0.014294858118199251,-0.03855491890841997,0.0007075710098049585,-0.01284603720009663,-0.04899135446685879,-0.0030211480362537764,-0.6124805353789479,0.012121212121212121,0.6328475154431522,54.06504065040651,0.25925925925925924,0.021671826625387025,-0.024169184290030232,-0.006006006006005982,-0.04899135446685876,0.03125,0.13333333333333333
385,2026-01-25,0.08181818181818179,0.0785498489425982,0.020000000000000018,0.02586206896551735,0.06317804722399492,0.03784098066766796,0.08364249578414835,-0.003149934896108968,0.02,0.06726457399103139,-0.38756022287260716,0.022408963585434174,0.6862981555748754,53.68852459016393,1.0,0.08181818181818179,0.021671826625387025,-0.024169184290030232,0.020000000000000018,0.02586206896551735,0.0896358543417367
385,2026-01-26,0.04481792717086841,0.15479876160990713,0.09544787077826733,0.0026881720430107503,0.09567771716323956,0.08079393441831262,0.13177013974343857,0.008566165393479881,0.09544787077826726,0.10029498525073746,0.03604236684292425,0.022788203753351208,0.646480100636647,50.43859649122807,1.0,0.04481792717086841,0.08181818181818179,0.021671826625387025,0.09544787077826733,0.0026881720430107503,0.05630026809651475
385,2026-01-27,0.04825737265415553,0.18484848484848482,0.16369047619047628,0.038512616201859196,0.12264150943396229,0.12804731451651677,0.1845692934325243,0.02157350834701656,0.1636904761904762,0.13005780346820808,0.06447604189582473,0.021739130434782608,0.7037137244363951,55.686274509803916,1.0,0.04825737265415553,0.04481792717086841,0.08181818181818179,0.16369047619047628,0.038512616201859196,0.005115089514066497
385,2026-01-28,0.04731457800511518,0.1470588235294117,0.22972972972972983,0.14066852367688032,0.1399880691986478,0.1750358680057389,0.23747166960463353,0.034782046518188954,0.22972972972972974,0.16005665722379603,-0.004142028500469663,0.02442002442002442,0.6789809304570505,69.64980544747081,1.0,0.04731457800511518,0.04825737265415553,0.04481792717086841,0.22972972972972983,0.14066852367688032,-0.057387057387057384
385,2026-01-29,-0.0781440781440782,0.012064343163538771,0.1404833836858006,0.06940509915014159,0.03182350644279585,0.08192022928110813,0.1381146991826344,0.031891969742549334,0.1404833836858006,0.03424657534246575,1.4303857638228106,0.018543046357615896,0.7291542622789796,57.92880258899677,0.630057803468208,-0.0781440781440782,0.04731457800511518,0.04825737265415553,0.1404833836858006,0.06940509915014159,0.02781456953642384
385,2026-01-30,-0.0026490066225165476,-0.037084398976982125,0.16563467492260053,0.07725321888412018,0.008032128514056224,0.07679107679107686,0.13227407147511408,0.028623091012548174,0.16563467492260062,0.06205923836389281,-0.1973720781821457,0.01859229747675963,0.7043095043847016,58.88157894736842,0.5849056603773585,-0.0026490066225165476,-0.0781440781440782,0.04731457800511518,0.16563467492260053,0.07725321888412018,0.02656042496679947
385,2026-01-31,-0.006640106241699861,-0.08669108669108672,0.1333333333333333,0.0778097982708934,-0.015234154598457755,0.06750392464678172,0.12265488201450837,0.02476038445290122,0.13333333333333333,0.059490084985835696,0.5696879564335875,0.01871657754010695,0.6957647662046511,58.88157894736842,0.3238095238095238,-0.006640106241699861,-0.0026490066225165476,-0.0781440781440782,0.1333333333333333,0.0778097982708934,0.013368983957219251
385,2026-02-01,0.04010695187165769,0.030463576158940464,0.0896358543417366,0.11142857142857143,0.012079539119122904,0.10642332306233711,0.1645738045738046,0.026062534990557867,0.0896358543417367,0.10511363636363637,0.9367832458324029,0.02056555269922879,0.6519451293919629,61.89024390243902,0.4383561643835616,0.04010695187165769,-0.006640106241699861,-0.0026490066225165476,0.0896358543417366,0.11142857142857143,-0.028277634961439587
385,2026-02-02,0.01285347043701801,0.04648074369189903,0.05630026809651478,0.15712187958884005,0.017149179420984758,0.1157258825750425,0.17600238782210717,0.027507441594424437,0.05630026809651475,0.13381294964028778,-0.5117173207001818,0.021573604060913704,0.6792040048149492,66.77115987460814,0.5633802816901409,0.01285347043701801,0.04010695187165769,-0.006640106241699861,0.05630026809651478,0.15712187958884005,-0.015228426395939087
385,2026-02-03,-0.0025380710659898,0.050802139037433136,0.005115089514066584,0.1696428571428572,0.013819789939192861,0.1082910321489001,0.1691402505536641,0.027164014677450336,0.005115089514066497,0.12607449856733524,-0.09331779593199725,0.01653944020356234,0.7491942101039498,68.26923076923077,0.5352112676056338,-0.0025380710659898,0.01285347043701801,0.04010695187165769,0.005115089514066584,0.1696428571428572,-0.026717557251908396
385,2026-02-04,-0.01781170483460559,-0.007712082262210762,-0.057387057387057405,0.15915915915915924,0.00446096654275095,0.08396517832069636,0.14475895475664818,0.023891943656723764,-0.057387057387057384,0.13196480938416422,-0.18199900739897867,0.02072538860103627,0.6989202123021888,66.5625,0.6,-0.01781170483460559,-0.0025380710659898,0.01285347043701801,-0.057387057387057405,0.15915915915915924,0.02849740932642487
385,2026-02-05,0.005181347150259086,-0.015228426395939132,0.027814569536423805,0.17220543806646527,0.005739677837437533,0.08359709551293987,0.14736323311976338,0.021569797360321143,0.02781456953642384,0.17933130699088146,0.21848603756564763,0.01675257731958763,0.7256285207093007,67.8125,0.7,0.005181347150259086,-0.01781170483460559,-0.0025380710659898,0.027814569536423805,0.17220543806646527,0.029639175257731958
385,2026-02-06,-0.0038659793814432852,-0.01653944020356235,0.026560424966799445,0.1965944272445821,-0.0018446781036709303,0.07286606523247745,0.14006194385723422,0.018884330031712443,0.02656042496679947,0.20404984423676012,-0.7195823395204163,0.018111254851228976,0.6157374421604369,70.68403908794788,0.625,-0.0038659793814432852,0.005181347150259086,-0.01781170483460559,0.026560424966799445,0.1965944272445821,0.040103492884864166
385,2026-02-07,-0.019404915912031084,-0.01813471502590669,0.013368983957219305,0.14848484848484844,-0.023016019149327972,0.04647952139898752,0.11556260526875217,0.014241899682987967,0.013368983957219251,0.17884914463452567,-0.9029802373367934,0.022427440633245383,0.5756300169496946,65.9090909090909,0.0,-0.019404915912031084,-0.0038659793814432852,0.005181347150259086,0.013368983957219305,0.14848484848484844,0.079155672823219
385,2026-02-08,-0.0026385224274406704,-0.02577319587628868,-0.028277634961439535,0.05882352941176472,-0.02163061564059894,0.03841399203333185,0.11044016124557306,0.010445550879366812,-0.028277634961439587,0.17209302325581396,-0.8921357508586407,0.006613756613756613,0.6870273322672746,58.203125,0.0,-0.0026385224274406704,-0.019404915912031084,-0.0038659793814432852,-0.028277634961439535,0.05882352941176472,0.07936507936507936
385,2026-02-09,0.02645502645502651,0.0038809831824062613,-0.015228426395939132,0.04021447721179627,0.00648508430609598,0.05928925695044812,0.13723702208037508,0.01067310119363237,-0.015228426395939087,0.2125,-0.49559735345165623,0.011597938144329897,0.6648305462587015,56.147540983606554,0.6666666666666666,0.02645502645502651,-0.0026385224274406704,-0.019404915912031084,-0.015228426395939132,0.04021447721179627,0.06572164948453608
385,2026-02-10,-0.014175257731958713,0.00923482849604218,-0.026717557251908386,-0.021739130434782594,-0.00390625,0.04100517100607819,0.11845738977874527,0.008790521174593325,-0.026717557251908396,0.09913793103448276,-0.5906727308838643,0.01568627450980392,0.6680699748833477,46.118721461187214,0.45,-0.014175257731958713,0.02645502645502651,-0.0026385224274406704,-0.026717557251908386,-0.021739130434782594,0.08235294117647059
385,2026-02-11,0.03790849673202623,0.050264550264550234,0.02849740932642497,-0.030525030525030528,0.02964060763245651,0.07802317161477194,0.15762190183055236,0.011660381094071725,0.02849740932642487,0.06720430107526881,1.4001091097578586,0.0163727959697733,0.6361510794503602,44.07582938388626,1.0,0.03790849673202623,-0.014175257731958713,0.02645502645502651,0.02849740932642497,-0.030525030525030528,0.042821158690176324
385,2026-02-12,0.006297229219143663,0.029639175257731853,0.029639175257731853,0.05827814569536427,0.03172846338313962,0.0825580345045614,0.1614497528830314,0.01385087691590743,0.029639175257731958,0.06108897742363878,-0.37483953520039,0.017521902377972465,0.6920032921263312,64.47368421052632,1.0,0.006297229219143663,0.03790849673202623,-0.014175257731958713,0.029639175257731853,0.05827814569536427,0.028785982478097622
385,2026-02-13,0.006257822277847325,0.050980392156862786,0.040103492884864256,0.06772908366533859,0.032281731474688144,0.08511786935396805,0.16506730211888976,0.015522983199578332,0.040103492884864166,0.11977715877437325,1.7470979003422211,0.014925373134328358,0.627168102021192,66.45161290322581,1.0,0.006257822277847325,0.006297229219143663,0.03790849673202623,0.040103492884864256,0.06772908366533859,0.03233830845771144
385,2026-02-14,0.017412935323383172,0.030226700251889227,0.079155672823219,0.09358288770053469,0.038824383164005785,0.09847806624888099,0.18143595339731047,0.01811886927863646,0.079155672823219,0.15864022662889518,1.0791393293284521,0.018337408312958436,0.6417621128530621,71.34146341463415,1.0,0.017412935323383172,0.006257822277847325,0.006297229219143663,0.079155672823219,0.09358288770053469,0.014669926650366748
385,2026-02-15,-0.0024449877750610804,0.02127659574468077,0.0793650793650793,0.04884318766066831,0.02512562814070352,0.09008327024981068,0.17511520737327194,0.018862581640462256,0.07936507936507936,0.16738197424892703,-0.4216631841991807,0.011029411764705883,0.6968056503441422,63.970588235294116,0.9622641509433962,-0.0024449877750610804,0.017412935323383172,0.006257822277847325,0.0793650793650793,0.04884318766066831,0.0196078431372549
385,2026-02-16,0.013480392156862697,0.028606965174129417,0.06572164948453607,0.04949238578680193,0.029521607682731574,0.09827357237715803,0.18730857580398166,0.020279141527378208,0.06572164948453608,0.19164265129682997,0.1999497049294675,0.014510278113663845,0.6883290251331902,64.23357664233578,1.0,0.013480392156862697,-0.0024449877750610804,0.017412935323383172,0.06572164948453607,0.04949238578680193,0.015719467956469165
385,2026-02-17,0.0012091898428052694,0.012224938875305513,0.08235294117647052,0.05343511450381677,0.01934576151952157,0.09340610969275466,0.1847753505675856,0.020628046507652546,0.08235294117647059,0.18285714285714286,-0.5881446509930961,0.012077294685990338,0.7060593142680088,65.44117647058823,1.0,0.0012091898428052694,0.013480392156862697,-0.0024449877750610804,0.08235294117647052,0.05343511450381677,0.007246376811594203
385,2026-02-18,0.0,0.014705882352941124,0.04282115869017633,0.07253886010362698,0.013286713286713327,0.08637655805816756,0.18118847976667873,0.02014030025274021,0.042821158690176324,0.21585903083700442,-0.49385674710897776,0.014492753623188406,0.6995523627861187,72.95081967213115,1.0,0.0,0.0012091898428052694,0.013480392156862697,0.04282115869017633,0.07253886010362698,0.030193236714975844
385,2026-02-19,-0.007246376811594235,-0.006045949214026569,0.028785982478097605,0.05927835051546393,0.001915375239421885,0.07147512491853145,0.16907128521989215,0.018281713920903254,0.028785982478097622,0.22321428571428573,-0.5100959302464841,0.014598540145985401,0.7134049580721479,68.54838709677419,0.75,-0.007246376811594235,0.0,0.0012091898428052694,0.028785982478097605,0.05927835051546393,0.06326034063260341
385,2026-02-20,0.009732360097323589,0.0024154589371980784,0.03233830845771135,0.07373868046571808,0.007106950944704494,0.0742482419431382,0.17702670763412912,0.017595593712050366,0.03233830845771144,0.24624624624624625,-0.16750624622428828,0.010843373493975903,0.6735253127361263,72.09302325581396,1.0,0.009732360097323589,-0.007246376811594235,0.0,0.03233830845771135,0.07373868046571808,0.060240963855421686
385,2026-02-21,0.0,0.0024154589371980784,0.014669926650366705,0.0949868073878628,0.005016433143054795,0.06651818220756411,0.17480537862703469,0.016551992704896944,0.014669926650366748,0.2537764350453172,-0.5912909989862875,0.01325301204819277,0.7850858565552806,81.57894736842105,1.0,0.0,0.009732360097323589,-0.007246376811594235,0.014669926650366705,0.0949868073878628,0.0819277108433735
385,2026-02-22,0.002409638554216942,0.012165450121654597,0.019607843137254832,0.10052910052910047,0.0046575815076764235,0.06063825266646843,0.17563939522396488,0.015596921011616497,0.0196078431372549,0.28792569659442724,0.8755216800639556,0.010817307692307692,0.7228733851060379,83.33333333333333,1.0,0.002409638554216942,0.0,0.009732360097323589,0.019607843137254832,0.10052910052910047,0.09735576923076923
385,2026-02-23,0.009615384615384581,0.012048192771084265,0.01571946795646917,0.08247422680412364,0.012048192771084338,0.06270821912031382,0.1853617234783155,0.015574375127525512,0.015719467956469165,0.2727272727272727,-0.044957311375138045,0.01904761904761905,0.688518028167448,81.37254901960785,1.0,0.009615384615384581,0.002409638554216942,0.0,0.01571946795646917,0.08247422680412364,0.0761904761904762
385,2026-02-24,-0.0071428571428571175,0.004819277108433662,0.007246376811594235,0.09019607843137245,0.0037826685006877186,0.04980489237611722,0.17356431463906563,0.014187134970280351,0.007246376811594203,0.16806722689075632,-0.5376551720699001,0.013189448441247002,0.7600619752819515,85.56701030927834,0.6666666666666666,-0.0071428571428571175,0.009615384615384581,0.002409638554216942,0.007246376811594235,0.09019607843137245,0.07673860911270983
385,2026-02-25,0.022781774580335812,0.02524038461538458,0.030193236714975757,0.0743073047858942,0.022256462934429014,0.06892230576441102,0.1956454024420633,0.015463179942589868,0.030193236714975844,0.14343163538873996,0.2702903526694968,0.011723329425556858,0.6609199598536001,83.9080459770115,1.0,0.022781774580335812,-0.0071428571428571175,0.009615384615384581,0.030193236714975757,0.0743073047858942,0.04572098475967175
385,2026-02-26,0.024618991793669442,0.040476190476190554,0.06326034063260333,0.09386733416770965,0.03818089258442216,0.09104527296937409,0.2190057029506571,0.01865137130359037,0.06326034063260341,0.11764705882352941,0.08357824023578896,0.018306636155606407,0.6946538073617694,86.40776699029126,1.0,0.024618991793669442,0.022781774580335812,-0.0071428571428571175,0.06326034063260333,0.09386733416770965,0.009153318077803204
385,2026-02-27,0.006864988558352492,0.05515587529976029,0.06024096385542177,0.0945273631840795,0.03651354534746761,0.09575395343045695,0.22188281033046367,0.020859740098690693,0.060240963855421686,0.07448107448107448,0.7858394796470622,0.02159090909090909,0.6402191281466574,86.53846153846153,1.0,0.006864988558352492,0.024618991793669442,0.022781774580335812,0.06024096385542177,0.0945273631840795,-0.006818181818181818
385,2026-02-28,0.020454545454545503,0.05275498241500576,0.08192771084337358,0.097799511002445,0.04574945932457168,0.11156956593497276,0.24143651500721935,0.02397218515610173,0.0819277108433735,0.18940397350993377,1.0076248488483697,0.014476614699331848,0.6695330445793783,87.03703703703704,1.0,0.020454545454545503,0.006864988558352492,0.024618991793669442,0.08192771084337358,0.097799511002445,-0.026726057906458798
385,2026-03-01,0.016703786191536674,0.04462242562929064,0.09735576923076916,0.11887254901960786,0.04908076165462896,0.12272503689129359,0.2570563128183947,0.027107283846215614,0.09735576923076923,0.21248339973439576,0.9649170961576998,0.017524644030668127,0.6681381596324688,90.08264462809917,1.0,0.016703786191536674,0.020454545454545503,0.006864988558352492,0.09735576923076916,0.11887254901960786,-0.038335158817086525
385,2026-03-02,-0.009857612267250793,0.027272727272727337,0.07619047619047614,0.09310761789600974,0.027940220922677044,0.10459433040078205,0.24022499657017427,0.02696678065155129,0.0761904761904762,0.20855614973262032,0.3537121168821027,0.00995575221238938,0.7097859269932008,82.3529411764706,0.8860759493670886,-0.009857612267250793,0.016703786191536674,0.020454545454545503,0.07619047619047614,0.09310761789600974,-0.02101769911504425
385,2026-03-03,-0.006637168141592875,0.0,0.0767386091127098,0.0845410628019323,0.010610932475884263,0.09192607003891054,0.22774503250896275,0.02515406646544287,0.07673860911270983,0.15424164524421594,0.10303574563930566,0.014476614699331848,0.6435222030340045,78.2258064516129,0.75,-0.006637168141592875,-0.009857612267250793,0.016703786191536674,0.0767386091127098,0.0845410628019323,-0.008908685968819599
385,2026-03-04,-0.006681514476614692,-0.02300109529025196,0.04572098475967179,0.07729468599033806,-0.002396548969483907,0.08007749434937035,0.21562689279224703,0.022338689918244885,0.04572098475967175,0.1319796954314721,0.004086339428088825,0.013452914798206279,0.7331274918262178,74.61538461538461,0.46153846153846156,-0.006681514476614692,-0.006637168141592875,-0.009857612267250793,0.04572098475967179,0.07729468599033806,-0.004484304932735426
385,2026-03-05,-0.011210762331838597,-0.02433628318584069,0.009153318077803174,0.07299270072992692,-0.014839636189564439,0.06384689610807327,0.19811634014550064,0.018451425175000084,0.009153318077803204,0.12213740458015267,0.07303560853176945,0.01927437641723356,0.65912797913207,72.38805970149254,0.06060606060606061,-0.011210762331838597,-0.006681514476614692,-0.006637168141592875,0.009153318077803174,0.07299270072992692,0.006802721088435374
385,2026-03-06,-0.009070294784580546,-0.026726057906458767,-0.006818181818181834,0.053012048192771166,-0.022839801948570534,0.04989188756306555,0.18340880711309027,0.014259593316097727,-0.006818181818181818,0.13212435233160622,-0.6217863798734925,0.008009153318077803,0.6511513128440597,66.41791044776119,0.0,-0.009070294784580546,-0.011210762331838597,-0.006681514476614692,-0.006818181818181834,0.053012048192771166,0.02745995423340961
385,2026-03-07,0.0,-0.020179372197309364,-0.026726057906458767,0.053012048192771166,-0.019079685746352413,0.045788130185066986,0.18019504876219056,0.011060759832638904,-0.026726057906458798,0.12628865979381443,-0.7857877626099903,0.010297482837528604,0.6961771366861623,66.41791044776119,0.0,0.0,-0.009070294784580546,-0.011210762331838597,-0.026726057906458767,0.053012048192771166,0.05034324942791762
385,2026-03-08,0.004576659038901587,-0.0045351473922902175,-0.03833515881708649,0.05528846153846145,-0.009029345372460496,0.04619295388648368,0.18243849883282462,0.009143214319282831,-0.038335158817086525,0.13583441138421734,-0.1901286765402573,0.017084282460136675,0.7264202477941294,66.91176470588235,0.13333333333333333,0.004576659038901587,0.0,-0.009070294784580546,-0.03833515881708649,0.05528846153846145,0.07517084282460136
385,2026-03-09,0.007972665148063829,0.012585812356979309,-0.021017699115044253,0.0535714285714286,0.0019408054342551606,0.04924122668352826,0.1885930878051692,0.008518790738570568,-0.02101769911504425,0.16754617414248021,-0.8274995583928985,0.00903954802259887,0.6815118626956083,66.66666666666666,0.4583333333333333,0.007972665148063829,0.004576659038901587,0.0,-0.021017699115044253,0.0535714285714286,0.05310734463276836
385,2026-03-10,0.005649717514124353,0.01830663615560635,-0.008908685968819552,0.06714628297362113,0.008906882591093155,0.04961081846057087,0.19182240209498863,0.008487112719781373,-0.008908685968819599,0.17724867724867724,-0.20418670575206452,0.016853932584269662,0.6089823908525468,70.8955223880597,0.8888888888888888,0.005649717514124353,0.007972665148063829,0.004576659038901587,-0.008908685968819552,0.06714628297362113,0.017977528089887642
385,2026-03-11,-0.0022471910112359383,0.011389521640091216,-0.004484304932735439,0.041031652989449,0.007292173067574155,0.04266144814090024,0.1856511289796161,0.007916541673319183,-0.004484304932735426,0.14432989690721648,-0.10716719270732367,0.012387387387387387,0.6368374794902398,64.95726495726495,0.875,-0.0022471910112359383,0.005649717514124353,0.007972665148063829,-0.004484304932735439,0.041031652989449,-0.0022522522522522522
385,2026-03-12,0.0,0.003389830508474523,0.006802721088435382,0.016018306636155666,0.0063137445361825945,0.037666030460016375,0.18193380460824038,0.0072803695776423585,0.006802721088435374,0.1607843137254902,1.1971162686509358,0.015765765765765764,0.6433151022994448,57.29166666666667,0.875,0.0,-0.0022471910112359383,0.005649717514124353,0.006802721088435382,0.016018306636155666,0.0
385,2026-03-13,0.011261261261261257,0.008988764044943753,0.027459954233409523,0.020454545454545503,0.01370746653765518,0.04511774062148425,0.19157845074160346,0.007936475488133437,0.02745995423340961,0.1309823677581864,-0.2985355372382397,0.01670378619153675,0.6578219340569176,59.00000000000001,1.0,0.011261261261261257,0.0,-0.0022471910112359383,0.027459954233409523,0.020454545454545503,-0.028953229398663696
385,2026-03-14,0.022271714922049046,0.03378378378378377,0.05034324942791768,0.022271714922049046,0.02898318654923943,0.06348470806302126,0.21382187876472836,0.010699566180865051,0.05034324942791762,0.14893617021276595,-0.5611904787804399,0.020697167755991286,0.6414209801668127,59.80392156862745,1.0,0.022271714922049046,0.011261261261261257,0.0,0.05034324942791768,0.022271714922049046,-0.09368191721132897
385,2026-03-15,0.028322440087146017,0.06306306306306309,0.0751708428246014,0.033953997809419434,0.047060687688163544,0.08772468889230295,0.24261393552916402,0.015455107514332059,0.07517084282460136,0.17412935323383086,0.20653802075931182,0.015889830508474576,0.6188357251305981,63.716814159292035,1.0,0.028322440087146017,0.022271714922049046,0.011261261261261257,0.0751708428246014,0.033953997809419434,-0.13771186440677965
385,2026-03-16,-0.012711864406779627,0.03786191536748329,0.05310734463276834,0.030973451327433565,0.02610883925762813,0.0692160611854685,0.22142295483006663,0.016432322612319465,0.05310734463276836,0.1393643031784841,0.2931048599086335,0.016094420600858368,0.683946531475642,62.06896551724138,0.7857142857142857,-0.012711864406779627,0.028322440087146017,0.022271714922049046,0.05310734463276834,0.030973451327433565,-0.13733905579399142
385,2026-03-17,-0.027896995708154515,-0.013071895424836555,0.01797752808988773,0.008908685968819663,-0.005020395356134278,0.03582317073170736,0.18204749064973466,0.01318958655486424,0.017977528089887642,0.11029411764705882,-0.5110090331359639,0.02097130242825607,0.6524046860793359,52.94117647058823,0.32142857142857145,-0.027896995708154515,-0.012711864406779627,0.028322440087146017,0.01797752808988773,0.008908685968819663,-0.11258278145695365
385,2026-03-18,-0.02207505518763797,-0.06144067796610164,-0.0022522522522522292,-0.006726457399103158,-0.026679221594475885,0.010684816913190624,0.15146351677232103,0.008077561962711614,-0.0022522522522522522,0.07134220072551391,0.6375996016954524,0.014672686230248307,0.6879483010329243,48.00000000000001,0.0,-0.02207505518763797,-0.027896995708154515,-0.012711864406779627,-0.0022522522522522292,-0.006726457399103158,-0.09142212189616253
385,2026-03-19,0.0022573363431150906,-0.047210300429184504,0.0,0.006802721088435382,-0.02448210922787199,0.010660495466444108,0.1494814963970831,0.004734477423212179,0.0,0.07246376811594203,-0.3259696761944046,0.012387387387387387,0.6863056066590871,52.11267605633803,0.034482758620689655,0.0022573363431150906,-0.02207505518763797,-0.027896995708154515,0.0,0.006802721088435382,-0.10247747747747747
385,2026-03-20,-0.018018018018018056,-0.03752759381898452,-0.028953229398663738,-0.0022883295194507935,-0.03813425780018908,-0.009203499602317944,0.12469367574771784,0.0003155378208688892,-0.028953229398663696,0.05314009661835749,0.8217190594089467,0.017201834862385322,0.6359390281774353,49.33333333333333,0.0,-0.018018018018018056,0.0022573363431150906,-0.02207505518763797,-0.028953229398663738,-0.0022883295194507935,-0.06651376146788991
385,2026-03-21,-0.04587155963302747,-0.060948081264108334,-0.09368191721132901,-0.048054919908466776,-0.06964856230031954,-0.055010790141218284,0.06995884773662549,-0.007873580654327406,-0.09368191721132897,0.012165450121654502,0.05550760367296635,0.016826923076923076,0.6556915663998958,38.94736842105262,0.0,-0.04587155963302747,-0.018018018018018056,0.0022573363431150906,-0.09368191721132901,-0.048054919908466776,-0.003605769230769231
385,2026-03-22,-0.02163461538461542,-0.08333333333333337,-0.13771186440677963,-0.07289293849658318,-0.07047308319738983,-0.07489487441754743,0.04412519240636221,-0.01547417154755989,-0.13771186440677965,-0.01927710843373494,-0.6895869123921111,0.02334152334152334,0.7920539176463347,34.31372549019608,0.0,-0.02163461538461542,-0.04587155963302747,-0.018018018018018056,-0.13771186440677963,-0.07289293849658318,0.08230958230958231
385,2026-03-23,-0.012285012285012331,-0.07798165137614677,-0.13733905579399142,-0.09152542372881356,-0.062312562479173626,-0.08535891699215044,0.02892244689019711,-0.021409356867763952,-0.13733905579399142,-0.03132530120481928,0.13335421772976513,0.012437810945273632,0.7137566343685479,30.434782608695656,0.0,-0.012285012285012331,-0.02163461538461542,-0.04587155963302747,-0.13733905579399142,-0.09152542372881356,0.1517412935323383
385,2026-03-24,0.0,-0.033653846153846145,-0.11258278145695366,-0.09662921348314601,-0.046101694915254274,-0.0843867441065938,0.026790782154614577,-0.024678866216336966,-0.11258278145695365,-0.03365384615384615,0.33187033038778185,0.013681592039800995,0.6561635293275009,28.712871287128706,0.0,0.0,-0.012285012285012331,-0.02163461538461542,-0.11258278145695366,-0.09662921348314601,0.14427860696517414
385,2026-03-25,0.0012437810945273853,-0.011056511056511065,-0.0914221218961625,-0.09346846846846846,-0.03162055335968385,-0.08202828037098976,0.02598598031579696,-0.025924152504571512,-0.09142212189616253,-0.041666666666666664,0.41520096389329075,0.014906832298136646,0.6505562470406239,29.35323383084578,0.011904761904761904,0.0012437810945273853,0.0,-0.012285012285012331,-0.0914221218961625,-0.09346846846846846,0.12795031055900621
385,2026-03-26,-0.009937888198757738,-0.008706467661691586,-0.10247747747747749,-0.10247747747747749,-0.026012569832402292,-0.08987096037455754,0.013951910436368302,-0.02706176569530372,-0.10247747747747747,-0.04436450839328537,-0.8805824680055636,0.02258469259723965,0.4282649472901717,28.229665071770327,0.0,-0.009937888198757738,0.0012437810945273853,0.0,-0.10247747747747749,-0.10247747747747749,0.12672521957340024
385,2026-03-27,0.02132998745294845,0.01243781094527363,-0.0665137614678899,-0.0935412026726058,0.0049382716049382715,-0.06907593778591031,0.03359246039024248,-0.024520037788054477,-0.06651376146788991,-0.04572098475967175,0.5714528467267629,0.011056511056511056,0.6436775865561027,30.555555555555557,0.4857142857142857,0.02132998745294845,-0.009937888198757738,0.0012437810945273853,-0.0665137614678899,-0.0935412026726058,0.09213759213759214
385,2026-03-28,0.01842751842751844,0.029813664596273215,-0.0036057692307692735,-0.09694989106753815,0.023998588318334235,-0.05029212968266695,0.05060831361946597,-0.019917643266639425,-0.003605769230769231,-0.05148741418764302,-0.49233227291586157,0.021712907117008445,0.5825843708715321,28.909952606635073,1.0,0.01842751842751844,0.02132998745294845,-0.009937888198757738,-0.0036057692307692735,-0.09694989106753815,0.08082026537997587
385,2026-03-29,0.06272617611580222,0.10539523212045165,0.0823095823095823,-0.06673728813559321,0.07551447506103946,0.00924087368260278,0.11376438032897424,-0.008937521361033514,0.08230958230958231,0.0011363636363636363,-0.9674230758438004,0.018161180476730987,0.729428399616441,36.708860759493675,1.0,0.06272617611580222,0.01842751842751844,0.02132998745294845,0.0823095823095823,-0.06673728813559321,0.0170261066969353
385,2026-03-30,0.05107832009080582,0.13759213759213762,0.15174129353233834,-0.006437768240343367,0.10689890710382516,0.05965822398535245,0.16743944975976022,0.004571285824828961,0.1517412935323383,0.031180400890868598,-0.012382161845006316,0.024838012958963283,0.6136456816635529,48.88888888888889,1.0,0.05107832009080582,0.06272617611580222,0.01842751842751844,0.15174129353233834,-0.006437768240343367,-0.032397408207343416
385,2026-03-31,-0.006479481641468721,0.10977080820265384,0.14427860696517403,0.015452538631346657,0.07836570663094444,0.05251115433016815,0.15645688427051038,0.012182965310208346,0.14427860696517414,0.007667031763417305,-0.37961012807705674,0.01847826086956522,0.7101337681871784,52.79999999999999,0.9534883720930233,-0.006479481641468721,0.05107832009080582,0.06272617611580222,0.14427860696517403,0.015452538631346657,-0.03152173913043478
385,2026-04-01,-0.013043478260869601,0.030646992054483624,0.1279503105590063,0.02483069977426644,0.046255144032921774,0.038624318450451806,0.1381615598885793,0.015030215960361769,0.12795031055900621,0.004424778761061947,-0.31405391135343164,0.015418502202643172,0.7038643937214559,54.54545454545455,0.8604651162790697,-0.013043478260869601,-0.006479481641468721,0.05107832009080582,0.1279503105590063,0.02483069977426644,-0.023127753303964757
385,2026-04-02,-0.011013215859030812,-0.030237580993520474,0.12672521957340033,0.011261261261261257,0.01781088082901549,0.027185724634918196,0.12259354946245528,0.015026509347056924,0.12672521957340024,0.0,0.03323731487325736,0.012249443207126948,0.729090579895708,52.0,0.75,-0.011013215859030812,-0.013043478260869601,-0.006479481641468721,0.12672521957340033,0.011261261261261257,-0.024498886414253896
385,2026-04-03,-0.010022271714922093,-0.033695652173913015,0.0921375921375922,0.019495412844036775,-0.004479283314669653,0.01700732153752289,0.10835595943924203,0.01333148338737038,0.09213759213759214,-0.0033632286995515697,0.35836168732489404,0.01799775028121485,0.6794676256904674,53.497942386831284,0.6185567010309279,-0.010022271714922093,-0.011013215859030812,-0.013043478260869601,0.0921375921375922,0.019495412844036775,-0.023622047244094488
385,2026-04-04,0.007874015748031482,-0.013215859030836996,0.08082026537997589,0.07692307692307687,-0.007280785058562818,0.024468328378687374,0.1140275743928384,0.012701717207789098,0.08082026537997587,0.015873015873015872,-0.1292542409191924,0.011160714285714286,0.7072902746197464,65.23809523809524,0.3333333333333333,0.007874015748031482,-0.010022271714922093,-0.011013215859030812,0.08082026537997589,0.07692307692307687,-0.03125
385,2026-04-05,0.0,-0.00222717149220486,0.017026106696935273,0.10073710073710074,-0.009632085899257802,0.023610053313023564,0.11074380165289262,0.011863926770864366,0.0170261066969353,0.02517162471395881,-0.2600075102256821,0.010044642857142858,0.630398523148673,71.35416666666667,0.1891891891891892,0.0,0.007874015748031482,-0.010022271714922093,0.017026106696935273,0.10073710073710074,-0.05357142857142857
385,2026-04-06,0.0,0.007874015748031482,-0.03239740820734338,0.11442786069651745,-0.0049182928764080775,0.022753215128224577,0.10711441829814106,0.010920634788890356,-0.032397408207343416,0.02517162471395881,-0.1077610301108895,0.013392857142857142,0.7487255994999066,75.27472527472527,0.22580645161290322,0.0,0.0,0.007874015748031482,-0.03239740820734338,0.11442786069651745,-0.07366071428571429
385,2026-04-07,-0.005580357142857095,-0.005580357142857095,-0.03152173913043477,0.10820895522388052,-0.005897354160025556,0.01654306902452938,0.09718554599313146,0.009288774483672912,-0.03152173913043478,0.014806378132118452,-0.17442128808890986,0.006734006734006734,0.6766028544870513,73.2620320855615,0.10526315789473684,-0.005580357142857095,0.0,0.0,-0.03152173913043477,0.10820895522388052,-0.07519640852974187
385,2026-04-08,-0.004489337822671136,-0.010044642857142905,-0.02312775330396477,0.1018633540372671,-0.00703662242123786,0.011902498383846005,0.08862554717650106,0.007395705917514449,-0.023127753303964757,0.0022598870056497176,1.3867775322112834,0.013528748590755355,0.6864776006648032,71.57894736842105,0.0,-0.004489337822671136,-0.005580357142857095,0.0,-0.02312775330396477,0.1018633540372671,-0.10259301014656144
385,2026-04-09,-0.012401352874859106,-0.022321428571428603,-0.024498886414253906,0.0991217063989962,-0.015888300433317248,-0.00011414222120765065,0.07174900084282639,0.004475705769669909,-0.024498886414253896,-0.015730337078651686,0.9490632390103348,0.0136986301369863,0.678982906392923,70.46632124352331,0.0,-0.012401352874859106,-0.004489337822671136,-0.005580357142857095,-0.024498886414253906,0.0991217063989962,-0.09360730593607305
385,2026-04-10,-0.0091324200913242,-0.02581369248035914,-0.023622047244094446,0.06633906633906639,-0.02157809983896937,-0.008491033012222458,0.05868003794552104,0.001368790626260186,-0.023622047244094488,-0.02252252252252252,0.598307355297951,0.01728110599078341,0.6580882463854152,64.67391304347825,0.0,-0.0091324200913242,-0.012401352874859106,-0.004489337822671136,-0.023622047244094446,0.06633906633906639,-0.10138248847926268
385,2026-04-11,0.0,-0.021420518602029315,-0.03125,0.04704463208685161,-0.01714655451310252,-0.007735396105628151,0.05621805792163549,-0.0007043579714688097,-0.03125,-0.02252252252252252,-0.5670734848149618,0.012672811059907835,0.7105077829417097,61.53846153846153,0.0,0.0,-0.0091324200913242,-0.012401352874859106,-0.03125,0.04704463208685161,-0.10368663594470046
385,2026-04-12,-0.02304147465437789,-0.03196347031963476,-0.0535714285714286,-0.03745743473325769,-0.03227910009781551,-0.02874813881571415,0.030432317122566405,-0.004706103565790872,-0.05357142857142857,-0.0556792873051225,0.07508712642729788,0.02122641509433962,0.7187596055006626,37.956204379562045,0.0,-0.02304147465437789,0.0,-0.0091324200913242,-0.0535714285714286,-0.03745743473325769,-0.07665094339622641
385,2026-04-13,-0.021226415094339646,-0.04377880184331795,-0.0736607142857143,-0.10367170626349897,-0.04251812788398158,-0.04615973951350312,0.007512509609808049,-0.009613912529558767,-0.07366071428571429,-0.09586056644880174,0.37054110194421763,0.018072289156626505,0.6430394924618058,6.36363636363636,0.0,-0.021226415094339646,-0.02304147465437789,0.0,-0.0736607142857143,-0.10367170626349897,-0.07710843373493977
385,2026-04-14,-0.0072289156626506035,-0.05069124423963134,-0.07519640852974185,-0.10434782608695647,-0.03882686218963512,-0.04868193188377906,-0.0011986693423481033,-0.013360235515776886,-0.07519640852974187,-0.1271186440677966,-0.6457195455547456,0.019417475728155338,0.6166752046128736,6.36363636363636,0.0,-0.0072289156626506035,-0.021226415094339646,-0.02304147465437789,-0.07519640852974185,-0.10434782608695647,-0.07524271844660194
385,2026-04-15,-0.03398058252427183,-0.061320754716981174,-0.10259301014656141,-0.12334801762114533,-0.057191201353637956,-0.07617315950326897,-0.03630664926888987,-0.01929120367551582,-0.10259301014656144,-0.1459227467811159,0.07881500892860677,0.02135678391959799,0.6577183538808821,5.555555555555557,0.0,-0.03398058252427183,-0.0072289156626506035,-0.021226415094339646,-0.10259301014656141,-0.12334801762114533,-0.03768844221105527
385,2026-04-16,-0.002512562814070307,-0.04337349397590362,-0.09360730593607303,-0.11581291759465484,-0.046328071379546996,-0.07448420561837041,-0.0399548593384744,-0.02290055299078367,-0.09360730593607305,-0.12362030905077263,-0.05124394927842817,0.015113350125944584,0.7225277335859166,5.932203389830505,0.0,-0.002512562814070307,-0.03398058252427183,-0.0072289156626506035,-0.09360730593607303,-0.11581291759465484,-0.027707808564231738
385,2026-04-17,-0.017632241813602012,-0.05339805825242716,-0.10138248847926268,-0.12260967379077614,-0.04878048780487805,-0.08704303382622607,-0.057971014492753624,-0.02657167524396415,-0.10138248847926268,-0.11963882618510158,0.05191520211212355,0.011538461538461539,0.6881690396622208,5.6910569105691025,0.0,-0.017632241813602012,-0.002512562814070307,-0.03398058252427183,-0.10138248847926268,-0.12260967379077614,-0.002564102564102564
385,2026-04-18,-0.002564102564102555,-0.022613065326633208,-0.10368663594470051,-0.1316964285714286,-0.03610619469026545,-0.08545903373692258,-0.061368937505026956,-0.028462941766936537,-0.10368663594470046,-0.12387387387387387,-0.4791497276994894,0.019280205655526992,0.6038962503690003,0.0,0.0,-0.002564102564102555,-0.017632241813602012,-0.002512562814070307,-0.10368663594470051,-0.1316964285714286,0.0012853470437017994
385,2026-04-19,0.006426735218509005,-0.013853904282115859,-0.07665094339622647,-0.1261160714285714,-0.018621307072515705,-0.07636049072035232,-0.056626506024096385,-0.02808502463901864,-0.07665094339622641,-0.10206422018348624,-0.6070173162810564,0.017879948914431672,0.7277587010213814,4.0650406504064875,0.09615384615384616,0.006426735218509005,-0.002564102564102555,-0.017632241813602012,-0.07665094339622647,-0.1261160714285714,0.001277139208173691
385,2026-04-20,-0.02171136653895278,-0.017948717948717996,-0.07710843373493981,-0.1450892857142857,-0.028799130592283947,-0.09406291886777574,-0.07826831029226947,-0.02944628160950387,-0.07710843373493977,-0.07932692307692307,0.4692342903713802,0.018276762402088774,0.6590364279694162,3.5714285714285694,0.0,-0.02171136653895278,0.006426735218509005,-0.002564102564102555,-0.07710843373493981,-0.1450892857142857,0.0587467362924282
385,2026-04-21,-0.005221932114882533,-0.020565552699228773,-0.07524271844660191,-0.1447811447811448,-0.022897966660560584,-0.09694240341313103,-0.08425691013486444,-0.030013926796558243,-0.07524271844660194,-0.06388206388206388,0.22212713684247984,0.015748031496062992,0.6681870391925099,3.597122302158269,0.0,-0.005221932114882533,-0.02171136653895278,0.006426735218509005,-0.07524271844660191,-0.1447811447811448,0.07611548556430446
385,2026-04-22,0.005249343832020914,-0.02171136653895278,-0.03768844221105527,-0.13641488162344984,-0.012341130963344979,-0.09083715777812942,-0.08072645811664932,-0.028837901296165817,-0.03768844221105527,-0.0472636815920398,-0.23545430917974844,0.014360313315926894,0.6626213399708419,6.474820143884884,0.125,0.005249343832020914,-0.005221932114882533,-0.02171136653895278,-0.03768844221105527,-0.13641488162344984,0.08485639686684072
385,2026-04-23,0.007832898172323688,0.007832898172323688,-0.027707808564231717,-0.1187214611872146,-0.000554836323284652,-0.08255427032166063,-0.0750798722044728,-0.02623688269569911,-0.027707808564231738,-0.03980099502487562,-0.45055181275571055,0.018134715025906734,0.6656750017146944,11.194029850746261,0.47619047619047616,0.007832898172323688,0.005249343832020914,-0.005221932114882533,-0.027707808564231717,-0.1187214611872146,0.08290155440414508
385,2026-04-24,0.007772020725388629,0.0209973753280841,-0.002564102564102555,-0.10368663594470051,0.007585568917668868,-0.07443391362969431,-0.06935325234588903,-0.022777518237843075,-0.002564102564102564,-0.03354037267080745,-0.4042727920987274,0.015424164524421594,0.7094148301223222,15.90909090909092,0.7619047619047619,0.007772020725388629,0.007832898172323688,0.005249343832020914,-0.002564102564102555,-0.10368663594470051,0.07712082262210797
385,2026-04-25,0.0012853470437017567,0.016971279373368064,0.0012853470437017567,-0.10253456221198154,0.008694043655197865,-0.07258224532719555,-0.06896139596032036,-0.01961963985679208,0.0012853470437017994,-0.02258469259723965,-0.18463185126778187,0.012836970474967908,0.7382094581679474,16.54135338345864,0.8095238095238095,0.0012853470437017567,0.007772020725388629,0.007832898172323688,0.0012853470437017567,-0.10253456221198154,0.07445442875481387
385,2026-04-26,0.006418485237484006,0.015544041450777257,0.0012771392081736277,-0.07547169811320753,0.014980580728685017,-0.0655171043744289,-0.06345814364024904,-0.01616220184891949,0.001277139208173691,-0.036855036855036855,-0.5203971870380968,0.012755102040816327,0.77562232307361,22.88135593220339,1.0,0.006418485237484006,0.0012853470437017567,0.007772020725388629,0.0012771392081736277,-0.07547169811320753,0.044642857142857144
385,2026-04-27,0.03443877551020402,0.0424164524421593,0.0587467362924281,-0.02289156626506028,0.04126925898752747,-0.0326428372629319,-0.03157755074963515,-0.009350712006139466,0.0587467362924282,-0.021712907117008445,0.7468140433055436,0.02219482120838471,0.6530711919794692,42.519685039370074,1.0,0.03443877551020402,0.006418485237484006,0.0012853470437017567,0.0587467362924281,-0.02289156626506028,-0.008631319358816275
385,2026-04-28,0.011097410604192337,0.05263157894736836,0.07611548556430447,-0.004854368932038833,0.041742286751361206,-0.019529693104822683,-0.020843560520624603,-0.0033094281152153526,0.07611548556430446,-0.06923950056753689,-0.14536480214044697,0.023170731707317073,0.6486422256725498,48.46153846153846,1.0,0.011097410604192337,0.03443877551020402,0.006418485237484006,0.07611548556430447,-0.004854368932038833,-0.026829268292682926
385,2026-04-29,0.013414634146341475,0.05994897959183665,0.08485639686684077,0.04396984924623126,0.0434080717488789,-0.002600520104020759,-0.00870809972563516,0.0022973737584742783,0.08485639686684072,-0.10259179265658748,0.222422303440962,0.01684717208182912,0.6804273399767684,65.48672566371681,1.0,0.013414634146341475,0.011097410604192337,0.03443877551020402,0.08485639686684077,0.04396984924623126,-0.036101083032490974
385,2026-04-30,0.006016847172081841,0.03082614056720101,0.08290155440414515,0.05289672544080615,0.03777265472601527,0.00678415157962345,-0.0038395339600158277,0.006543990149877948,0.08290155440414508,-0.09130434782608696,-0.1725535057676233,0.02033492822966507,0.6604356031754092,68.10344827586208,1.0,0.006016847172081841,0.013414634146341475,0.011097410604192337,0.08290155440414515,0.05289672544080615,-0.028708133971291867
385,2026-05-01,0.0023923444976077235,0.02195121951219514,0.07712082262210807,0.07435897435897432,0.029303386559045488,0.012036552473732979,-0.0026448029621792576,0.009335772298108466,0.07712082262210797,-0.07709251101321586,0.3049252503013334,0.015513126491646777,0.7130377575373884,77.88461538461539,1.0,0.0023923444976077235,0.006016847172081841,0.013414634146341475,0.07712082262210807,0.07435897435897432,-0.07159904534606205
385,2026-05-02,-0.0011933174224343368,0.0072202166064982976,0.0744544287548139,0.07583547557840609,0.01771756122980717,0.013317191283292978,-0.004611583134026565,0.010671746811435717,0.07445442875481387,-0.06792873051224944,-0.7218474893857618,0.011947431302270013,0.7123003699778757,78.64077669902912,0.9814814814814815,-0.0011933174224343368,0.0023923444976077235,0.006016847172081841,0.0744544287548139,0.07583547557840609,-0.07048984468339307
385,2026-05-03,-0.021505376344086002,-0.020334928229665095,0.044642857142857206,0.04597701149425282,-0.01018646408839781,-0.005665722379603354,-0.026416589618280223,0.008625955520647528,0.044642857142857144,-0.07874015748031496,0.40635986869945734,0.017094017094017096,0.6728074551301783,65.51724137931035,0.2962962962962963,-0.021505376344086002,-0.0011933174224343368,0.0023923444976077235,0.044642857142857206,0.04597701149425282,-0.047619047619047616
385,2026-05-04,-0.01831501831501836,-0.04057279236276845,-0.008631319358816225,0.04960835509138373,-0.02713915298184963,-0.02022910065805511,-0.044474963025565174,0.0048758483829047915,-0.008631319358816275,-0.10267857142857142,0.24700075072044947,0.01616915422885572,0.7020320469291434,66.66666666666666,0.0,-0.01831501831501836,-0.021505376344086002,-0.0011933174224343368,-0.008631319358816225,0.04960835509138373,-0.0024875621890547263
385,2026-05-05,-0.007462686567164201,-0.04659498207885304,-0.02682926829268295,0.04724409448818889,-0.030713170223841808,-0.023654159869494335,-0.051931251155054516,0.0014088251291847938,-0.026829268292682926,-0.109375,0.05168299124521813,0.012531328320802004,0.6810869028817775,65.51724137931035,0.0,-0.007462686567164201,-0.01831501831501836,-0.021505376344086002,-0.02682926829268295,0.04724409448818889,-0.0037593984962406013
385,2026-05-06,0.003759398496240518,-0.02197802197802201,-0.03610108303249093,0.04569190600522188,-0.02197802197802198,-0.016171954964176,-0.04868103300386656,-0.0004694546942767131,-0.036101083032490974,-0.10602678571428571,-0.29858090746735916,0.012484394506866416,0.6520655896423198,65.21739130434783,0.075,0.003759398496240518,-0.007462686567164201,-0.01831501831501836,-0.03610108303249093,0.04569190600522188,-0.0012484394506866417
385,2026-05-07,0.013732833957553092,0.00995024875621886,-0.028708133971291905,0.051813471502590636,-0.004379050621825168,0.000575043128234655,-0.03611279643356458,-9.228074788476459e-05,-0.028708133971291867,-0.08866442199775533,-0.38680394719378813,0.014778325123152709,0.63217585957441,66.66666666666666,0.35,0.013732833957553092,0.003759398496240518,-0.007462686567164201,-0.028708133971291905,0.051813471502590636,-0.009852216748768473
385,2026-05-08,-0.041871921182266014,-0.02506265664160401,-0.0715990453460621,0.0,-0.03593556381660471,-0.03700953088253494,-0.07671615812653282,-0.004764037260801439,-0.07159904534606205,-0.12288613303269448,1.1062859697097729,-0.006426735218508998,0.6747866243008673,50.0,0.0,-0.041871921182266014,0.013732833957553092,0.003759398496240518,-0.0715990453460621,0.0,0.03598971722365039
385,2026-05-09,0.0,-0.028714107365792718,-0.07048984468339303,-0.0012836970474967568,-0.025760286225402485,-0.033099962715936855,-0.0769839177432112,-0.007677253220223984,-0.07048984468339307,-0.11187214611872145,-0.19150556181635991,0.021850899742930592,0.6550206009363312,49.65986394557823,0.0,0.0,-0.041871921182266014,0.013732833957553092,-0.07048984468339303,-0.0012836970474967568,0.04627249357326478
385,2026-05-10,0.0025706940874035134,-0.039408866995073843,-0.04761904761904767,-0.005102040816326481,-0.01639344262295082,-0.027067481601596662,-0.07465991774754818,-0.009043268904068757,-0.047619047619047616,-0.10138248847926268,-0.5279374114901145,0.020512820512820513,0.6064053323644362,48.611111111111114,0.058823529411764705,0.0025706940874035134,0.0,-0.041871921182266014,-0.04761904761904767,-0.005102040816326481,0.038461538461538464
385,2026-05-11,0.028205128205128105,0.03084832904884327,-0.0024875621890547706,-0.011097410604192337,0.011713822310326248,0.0031269543464665416,-0.0490243870304739,-0.006397513437045454,-0.0024875621890547263,-0.07603686635944701,-0.03698016906298351,0.02369077306733167,0.6292085573284677,46.76258992805756,0.7058823529411765,0.028205128205128105,0.0025706940874035134,0.0,-0.0024875621890547706,-0.011097410604192337,0.004987531172069825
385,2026-05-12,-0.00872817955112215,0.02185089974293053,-0.003759398496240629,-0.030487804878048808,0.0034258925351604145,-0.003426374728397144,-0.05733709256673085,-0.0054925971787436745,-0.0037593984962406013,-0.0625,-0.19174461041386429,0.01761006289308176,0.7003290730668228,40.87591240875912,0.5,-0.00872817955112215,0.028205128205128105,0.0025706940874035134,-0.003759398496240629,-0.030487804878048808,0.021383647798742137
385,2026-05-13,0.0062893081761006275,0.02564102564102555,-0.0012484394506866447,-0.03730445246690739,0.009918845807033404,0.004100075307505629,-0.05142089245484369,-0.003987445897625315,-0.0012484394506866417,-0.03614457831325301,-0.5988863072283243,0.00875,0.704883997543831,38.16793893129771,0.6470588235294118,0.0062893081761006275,-0.00872817955112215,0.028205128205128105,-0.0012484394506866447,-0.03730445246690739,0.0075
385,2026-05-14,0.004999999999999893,0.0024937655860348684,-0.009852216748768461,-0.038277511961722466,0.01643489254108723,0.009965664517209547,-0.04667799691711791,-0.0022909891646009225,-0.009852216748768473,-0.024271844660194174,-0.4750168537147589,0.01990049751243781,0.682432049310737,37.69230769230769,1.0,0.004999999999999893,0.0062893081761006275,-0.00872817955112215,-0.009852216748768461,-0.038277511961722466,0.009950248756218905
385,2026-05-15,0.0024875621890547706,0.01383647798742138,0.0359897172236503,-0.03818615751789978,0.013836477987421384,0.012054244098443022,-0.04415543345060681,-0.0008214313802747528,0.03598971722365039,0.01256281407035176,-0.29884183040022094,0.01488833746898263,0.7242534734131528,37.69230769230769,1.0,0.0024875621890547706,0.004999999999999893,0.0062893081761006275,0.0359897172236503,-0.03818615751789978,0.022332506203473945
385,2026-05-16,0.00992555831265518,0.01750000000000007,0.046272493573264795,-0.027479091995221028,0.01731833601142657,0.021244563399130077,-0.034642701840846495,0.0013223861125714977,0.04627249357326478,0.02518891687657431,-0.14048244762658468,0.020884520884520884,0.7520685092172866,41.605839416058394,1.0,0.00992555831265518,0.0024875621890547706,0.004999999999999893,0.046272493573264795,-0.027479091995221028,0.013513513513513514
385,2026-05-17,-0.004914004914004955,0.00746268656716409,0.03846153846153855,-0.01098901098901095,0.006925945657964817,0.014952802606298487,-0.03917123576549981,0.0020864392000104893,0.038461538461538464,0.038461538461538464,0.1335804492204426,0.008641975308641974,0.6965837656764186,46.34146341463414,0.7894736842105263,-0.004914004914004955,0.00992555831265518,0.0024875621890547706,0.03846153846153855,-0.01098901098901095,0.07160493827160494
385,2026-05-18,-0.004938271604938316,0.0,0.004987531172069737,0.0024875621890547706,0.0012422360248447205,0.008760951188986232,-0.0436387607119315,0.001932965301794417,0.004987531172069825,0.03598971722365039,0.004478601956976504,0.02357320099255583,0.5487940134575103,50.89285714285714,0.5789473684210527,-0.004938271604938316,-0.004914004914004955,0.00992555831265518,0.004987531172069737,0.0024875621890547706,0.06327543424317618
385,2026-05-19,0.007444168734491274,-0.002457002457002422,0.021383647798742134,0.01754385964912286,0.005661712668082074,0.015042293428892833,-0.03631616425350109,0.002636625092986659,0.021383647798742137,0.037037037037037035,-0.039803572783258676,0.011083743842364532,0.7532452524305343,56.25,0.8571428571428571,0.007444168734491274,-0.004938271604938316,-0.004914004914004955,0.021383647798742134,0.01754385964912286,0.05172413793103448
385,2026-05-20,-0.007389162561576401,-0.004938271604938316,0.007500000000000062,0.006242197253433224,-0.0028278543655002367,0.005865468613503115,-0.04323511567174022,0.002137748604659356,0.0075,0.05221932114882506,-0.48347923262304054,0.008684863523573201,0.6299941212920447,52.17391304347826,0.2,-0.007389162561576401,0.007444168734491274,-0.004938271604938316,0.007500000000000062,0.006242197253433224,0.02977667493796526
385,2026-05-21,0.007444168734491274,0.007444168734491274,0.00995024875621886,0.0,0.0031768443346275833,0.0112499481090954,-0.03588390501319255,0.00260905014715107,0.009950248756218905,0.06561679790026247,-0.1739300975144559,0.009852216748768473,0.7340666107940237,50.0,0.75,0.007444168734491274,-0.007389162561576401,0.007444168734491274,0.00995024875621886,0.0,0.027093596059113302
385,2026-05-22,0.014778325123152802,0.014778325123152802,0.022332506203474045,0.059125964010282805,0.014778325123152709,0.023729655857870572,-0.021558434704594044,0.004553486983299651,0.022332506203473945,0.07571801566579635,-0.06489766716794054,0.02063106796116505,0.5629043398389331,76.13636363636363,1.0,0.014778325123152802,0.007444168734491274,-0.007389162561576401,0.022332506203474045,0.059125964010282805,0.01699029126213592
385,2026-05-23,0.0012135922330096527,0.023573200992555776,0.013513513513513598,0.06041131105398456,0.014047410008779652,0.022727272727272776,-0.020280523044849386,0.005799050237379704,0.013513513513513514,0.06865284974093264,-0.8286177978244272,0.0,0.7313141846704904,76.40449438202246,1.0,0.0012135922330096527,0.014778325123152802,0.007444168734491274,0.013513513513513598,0.06041131105398456,0.009696969696969697
385,2026-05-24,0.05212121212121201,0.06896551724137923,0.07160493827160486,0.11282051282051286,0.05614462019815744,0.07204610951008651,0.030402954560443153,0.012494385507136099,0.07160493827160494,0.11568123393316196,-0.1188045533472359,0.01728110599078341,0.4563553104734584,83.84615384615384,1.0,0.05212121212121201,0.0012135922330096527,0.014778325123152802,0.07160493827160486,0.11282051282051286,-0.03686635944700461
385,2026-05-25,-0.012672811059907807,0.040048543689320315,0.06327543424317628,0.06857855361595999,0.03359751895244663,0.055072225869993455,0.01703631424879355,0.014803249243511198,0.06327543424317618,0.10012836970474968,-0.07691308753693613,0.014002333722287048,0.7041446706380597,73.10924369747899,0.8225806451612904,-0.012672811059907807,0.05212121212121201,0.0012135922330096527,0.06327543424317628,0.06857855361595999,-0.008168028004667444
385,2026-05-26,-0.003500583430571802,0.035151515151515156,0.051724137931034475,0.0742138364779874,0.02257954156688338,0.048367296832801346,0.013462730257519206,0.015360392560007903,0.05172413793103448,0.08928571428571429,0.10230942045541083,0.00819672131147541,0.8365199308435396,75.65217391304348,0.7741935483870968,-0.003500583430571802,-0.012672811059907807,0.05212121212121201,0.051724137931034475,0.0742138364779874,-0.00936768149882904
385,2026-05-27,-0.02810304449648715,-0.04377880184331795,0.02977667493796532,0.03750000000000009,-0.010221465076660968,0.018113423559717037,-0.014446863249554676,0.011869418861791263,0.02977667493796526,0.02342786683107275,-0.25421459441135985,0.01566265060240964,0.6780500370053258,61.19402985074626,0.32142857142857145,-0.02810304449648715,-0.003500583430571802,-0.012672811059907807,0.02977667493796532,0.03750000000000009,0.043373493975903614
385,2026-05-28,0.004819277108433662,-0.02683780630105015,0.027093596059113212,0.03731343283582089,-0.009164969450101776,0.02243471864656118,-0.009095829647916156,0.00976269148861659,0.027093596059113302,0.01707317073170732,0.09769942992446183,0.007194244604316547,0.6743027275431596,61.19402985074626,0.22727272727272727,0.004819277108433662,-0.02810304449648715,-0.003500583430571802,0.027093596059113212,0.03731343283582089,0.05755395683453238
385,2026-05-29,0.004796163069544335,-0.0187353629976581,0.016990291262136026,0.03970223325062028,-0.006772773450728016,0.027044693193888455,-0.0035540170962756056,0.00862574838864846,0.01699029126213592,0.00842358604091456,1.536289093880717,0.017899761336515514,0.6800234825109903,61.76470588235294,0.3023255813953488,0.004796163069544335,0.004819277108433662,-0.02810304449648715,0.016990291262136026,0.03970223325062028,0.04295942720763723
385,2026-05-30,-0.005966587112171795,0.0036144578313253017,0.00969696969696976,0.023341523341523285,-0.014034494420020329,0.021041879468845715,-0.008451374836329035,0.006902401296128833,0.009696969696969697,-0.0035885167464114833,0.2846887351395004,0.007202881152460984,0.7155479060827412,57.142857142857146,0.07894736842105263,-0.005966587112171795,0.004796163069544335,0.004819277108433662,0.00969696969696976,0.023341523341523285,0.062424969987995196
385,2026-05-31,0.0036014405762305746,0.0023980815347721673,-0.03686635944700456,0.032098765432098775,-0.00510030601836116,0.024802843950476054,-0.003984591149177256,0.005971014377547171,-0.03686635944700461,-0.002386634844868735,0.18804992436055523,0.011961722488038277,0.6351964413570373,59.84848484848485,0.2222222222222222,0.0036014405762305746,-0.005966587112171795,0.004796163069544335,-0.03686635944700456,0.032098765432098775,0.07177033492822966
385,2026-06-01,0.01674641148325362,0.014319809069212486,-0.008168028004667427,0.05459057071960305,0.012765957446808451,0.04141141876990928,0.013338985071463555,0.007114409524259017,-0.008168028004667444,0.015531660692951015,-0.18695099607908974,0.02235294117647059,0.6242506954329968,65.49295774647888,0.8333333333333334,0.01674641148325362,0.0036014405762305746,-0.005966587112171795,-0.008168028004667427,0.05459057071960305,0.0811764705882353
385,2026-06-02,-0.004705882352941226,0.015606242496998712,-0.00936768149882905,0.041871921182266014,0.009374467359809142,0.0353689878839799,0.009185255874985143,0.007058387606450614,-0.00936768149882904,0.03296703296703297,0.53247996485732,0.015366430260047281,0.7075798310355144,62.142857142857146,0.8,-0.004705882352941226,0.01674641148325362,0.0036014405762305746,-0.00936768149882905,0.041871921182266014,0.08983451536643026
385,2026-06-03,0.023640661938534313,0.03588516746411474,0.04337349397590362,0.07444168734491319,0.026935456547518152,0.057171922685656205,0.03326218663414241,0.00954259284899391,0.043373493975903614,0.07711442786069651,-0.1151899354721727,0.018475750577367205,0.6416915487472413,69.48051948051948,1.0,0.023640661938534313,-0.004705882352941226,0.01674641148325362,0.04337349397590362,0.07444168734491319,0.050808314087759814
385,2026-06-04,0.018475750577367167,0.03764705882352937,0.05755395683453246,0.0862068965517242,0.03747269366493031,0.07303621395839244,0.0522408833627169,0.012997538722685359,0.05755395683453238,0.10526315789473684,-0.07150611575259763,0.022675736961451247,0.6070564771847569,71.34146341463415,1.0,0.018475750577367167,0.023640661938534313,-0.004705882352941226,0.05755395683453246,0.0862068965517242,0.047619047619047616
385,2026-06-05,-0.009070294784580546,0.03309692671394804,0.042959427207637235,0.06067961165048552,0.02188074160681471,0.06016496846191172,0.04269674836622967,0.013684709650467128,0.04295942720763723,0.09113607990012484,-0.2814447677582805,0.018306636155606407,0.6837371638561665,65.625,0.8367346938775511,-0.009070294784580546,0.018475750577367167,0.023640661938534313,0.042959427207637235,0.06067961165048552,0.04691075514874142
385,2026-06-06,0.012585812356979309,0.021939953810623525,0.062424969987995294,0.07272727272727275,0.025832091405861957,0.07034872001612573,0.055721973331919514,0.015139565644344327,0.062424969987995196,0.08990147783251232,-0.4062359535707676,0.013559322033898305,0.6390311376312244,67.64705882352942,1.0,0.012585812356979309,-0.009070294784580546,0.018475750577367167,0.062424969987995294,0.07272727272727275,0.0327683615819209
385,2026-06-07,0.012429378531073398,0.015873015873015817,0.0717703349282297,0.032258064516129004,0.028365305787834014,0.07852184728965214,0.06868812701273568,0.01702154397339256,0.07177033492822966,0.15167095115681234,-0.41264673191582796,0.014508928571428572,0.6964731790190295,60.14492753623189,1.0,0.012429378531073398,0.012585812356979309,-0.009070294784580546,0.0717703349282297,0.032258064516129004,0.022321428571428572
385,2026-06-08,0.025669642857142794,0.05148741418764291,0.08117647058823518,0.07234539089848302,0.042963683527885904,0.09998404085541011,0.09569986487560606,0.020673199373828565,0.0811764705882353,0.18123393316195371,0.21076510477294308,0.01958650707290533,0.6784850535564715,70.66666666666667,1.0,0.025669642857142794,0.012429378531073398,0.012585812356979309,0.08117647058823518,0.07234539089848302,-0.001088139281828074
385,2026-06-09,0.0032644178454841466,0.041807909604519855,0.08983451536643017,0.07962529274004693,0.033632286995515695,0.0973577719590573,0.09878177966101698,0.022672033800644087,0.08983451536643026,0.18205128205128204,-0.20623789968715037,0.014099783080260303,0.6845205567125014,72.66666666666667,1.0,0.0032644178454841466,0.025669642857142794,0.012429378531073398,0.08983451536643017,0.07962529274004693,-0.014099783080260303
385,2026-06-10,-0.013015184381778733,0.015625,0.050808314087759765,0.09638554216867479,0.013040712468193329,0.07845461009717948,0.0841651002091551,0.021610212519691623,0.050808314087759814,0.13466334164588528,-0.09821134620258727,0.017582417582417582,0.6614780315102439,78.98550724637681,0.75,-0.013015184381778733,0.0032644178454841466,0.025669642857142794,0.050808314087759765,0.09638554216867479,-0.006593406593406593
385,2026-06-11,0.01538461538461533,0.005440696409140466,0.04761904761904767,0.1079136690647482,0.021800947867298522,0.08949416342412449,0.10046580563201363,0.021987330962277837,0.047619047619047616,0.16226415094339622,0.3441571215383618,0.011904761904761904,0.6384969405851421,80.4054054054054,1.0,0.01538461538461533,-0.013015184381778733,0.0032644178454841466,0.04761904761904767,0.1079136690647482,-0.023809523809523808
385,2026-06-12,-0.009740259740259716,-0.007592190889370909,0.04691075514874132,0.09188544152744638,0.005336681839585658,0.07402770169809851,0.0897902468073844,0.020317044409814827,0.04691075514874142,0.14375,-0.14628241732816652,0.013114754098360656,0.637313084460248,75.16339869281045,0.7692307692307693,-0.009740259740259716,0.01538461538461533,-0.013015184381778733,0.04691075514874132,0.09188544152744638,-0.03169398907103825
385,2026-06-13,-0.0010928961748634114,0.00439560439560438,0.03276836158192098,0.09723889555822329,-0.0003125000000000533,0.06825619448340343,0.0890315747666644,0.018418239722039743,0.0327683615819209,0.13681592039800994,-0.32390107208137037,0.01312910284463895,0.6259559211488217,77.18120805369128,0.6428571428571429,-0.0010928961748634114,-0.009740259740259716,0.01538461538461533,0.03276836158192098,0.09723889555822329,-0.030634573304157548
385,2026-06-14,0.002188183807439792,-0.008658008658008698,0.022321428571428603,0.09569377990430628,-0.00124610591900308,0.06602529288540618,0.09164581098796326,0.01682139900924163,0.022321428571428572,0.13647642679900746,-0.1793940055047674,0.014192139737991267,0.7327027131234979,77.02702702702703,0.42857142857142855,0.002188183807439792,-0.0010928961748634114,-0.009740259740259716,0.022321428571428603,0.09569377990430628,-0.017467248908296942
385,2026-06-15,0.0021834061135370675,0.003278688524590123,-0.0010881392818280489,0.08000000000000007,0.0010905125408942203,0.06405996445406072,0.09385550303848748,0.015473621348271873,-0.001088139281828074,0.12776412776412777,-0.018957659747943993,0.011982570806100218,0.6757588569727919,75.0,0.5714285714285714,0.0021834061135370675,0.002188183807439792,-0.0010928961748634114,-0.0010881392818280489,0.08000000000000007,-0.0196078431372549
385,2026-06-16,-0.009803921568627416,-0.005470459518599591,-0.014099783080260275,0.07446808510638303,-0.006712457071495438,0.04961317886147573,0.0828017047409799,0.01292971725853475,-0.014099783080260303,0.12222222222222222,0.34080145798341155,0.011001100110011002,0.7305447800587931,72.34042553191489,0.0,-0.009803921568627416,0.0021834061135370675,0.002188183807439792,-0.014099783080260275,0.07446808510638303,-0.0088008800880088
385,2026-06-17,-0.005500550055005493,-0.013100436681222738,-0.00659340659340657,0.04387990762124705,-0.011250000000000053,0.03991717473829524,0.07661770543866618,0.010206479018083267,-0.006593406593406593,0.12158808933002481,0.022719538919547404,0.02101769911504425,0.6484841008829242,65.07936507936508,0.0,-0.005500550055005493,-0.009803921568627416,0.0021834061135370675,-0.00659340659340657,0.04387990762124705,-0.008849557522123894
385,2026-06-18,-0.0022123893805309214,-0.017429193899782147,-0.023809523809523836,0.0226757369614512,-0.01003449357165252,0.034047919293820984,0.07380952380952381,0.007840327498939075,-0.023809523809523808,0.11083743842364532,-0.8016154506964699,0.013303769401330377,0.6530135574200452,58.92857142857143,0.0,-0.0022123893805309214,-0.005500550055005493,-0.009803921568627416,-0.023809523809523836,0.0226757369614512,-0.0033259423503325942
385,2026-06-19,-0.0177383592017738,-0.025302530253025313,-0.031693989071038264,0.013729977116704761,-0.023153252480705624,0.012610004190635798,0.0540090411610754,0.0039787376289022085,-0.03169398907103825,0.09925558312655088,-0.23082058186383472,0.011286681715575621,0.5822374904964379,55.0,0.0,-0.0177383592017738,-0.0022123893805309214,-0.005500550055005493,-0.031693989071038264,0.013729977116704761,0.020316027088036117
385,2026-06-20,0.0,-0.019911504424778736,-0.03063457330415753,0.001129943502824915,-0.018826135105204873,0.009763324848991438,0.053006893273116265,0.0013274468774019154,-0.030634573304157548,0.09113300492610837,0.08753045722189974,0.014672686230248307,0.7656222319047368,50.458715596330265,0.0,0.0,-0.0177383592017738,-0.0022123893805309214,-0.03063457330415753,0.001129943502824915,0.02708803611738149
385,2026-06-21,0.015801354401805856,-0.0022172949002217113,-0.017467248908296984,0.0044642857142858094,-0.0007930214115780585,0.022766013864161487,0.06829152488723586,0.001375076573533463,-0.017467248908296942,0.09223300970873786,1.2481688022890967,0.01888888888888889,0.739826189261603,51.78571428571429,0.4375,0.015801354401805856,0.0,-0.0177383592017738,-0.017467248908296984,0.0044642857142858094,0.06666666666666667
385,2026-06-22,0.0,0.015801354401805856,-0.019607843137254943,-0.020674646354733373,0.00206775886750441,0.019868550275742202,0.06694064648699917,0.0013600628353251279,-0.0196078431372549,0.09090909090909091,-0.5767137841891531,0.016666666666666666,0.5309469645346948,39.325842696629216,0.6086956521739131,0.0,0.015801354401805856,0.0,-0.019607843137254943,-0.020674646354733373,0.03333333333333333
385,2026-06-23,0.0011111111111110628,0.016930022573363512,-0.008800880088008833,-0.022776572668112838,0.004459308807134894,0.01973063719017612,0.06677717262609516,0.0014345705442475314,-0.0088008800880088,0.038018433179723504,-0.20518632261330633,0.017758046614872364,0.8171550680949727,37.93103448275862,0.8333333333333334,0.0011111111111110628,0.0,0.015801354401805856,-0.008800880088008833,-0.022776572668112838,0.02885682574916759
