date,pct_change_1d,pct_change_3d,pct_change_7d,pct_change_14d,pct_vs_7ma,pct_vs_30ma,pct_vs_90ma,ema_crossover,slope_7d_pct,slope_30d_pct,vol_pct_7d,spread_pct,volume_ratio,rsi_14,range_position_7d,lag_return_1d,lag_return_2d,lag_return_3d,lag_return_7d,lag_return_14d,target_pct_7d,item_id
2025-07-30,-0.0043898156277436,0.0216216216216216,-0.0470588235294118,-0.0757946210268948,-0.0019488275601936,-0.0730750367827367,-0.0804079867368269,-0.0209630573862413,-0.0031651549508692,-0.0040850798359141,0.0150383485756296,0.0145502645502645,0.8786553934991398,24.59016393442623,0.4137931034482758,-0.0043898156277436,0.0017667844522968,0.0216216216216216,-0.0470588235294117,-0.0757946210268948,-0.0026455026455026,536
2025-07-31,0.0013227513227513,0.0030918727915194,-0.0278253424657534,-0.070785597381342,0.0034717838656734,-0.0708743027806946,-0.076858455243059,-0.0191142581695842,0.0007705856450902,-0.0048791430764355,0.0086900709550608,0.014971378247468,0.7217935055075854,25.90529247910864,0.8793103448275862,0.0013227513227513,-0.0030728709394205,0.0030918727915194,-0.0278253424657534,-0.070785597381342,0.0427124614707177,536
2025-08-01,0.0066050198150593,0.0035118525021948,0.0043936731107205,-0.0592592592592592,0.0094625283875852,-0.0638437282443998,-0.0683373258283484,-0.0165123105696631,0.0026402949631295,-0.0055598862155578,0.009244690891029,0.0157480314960629,0.8703348279111028,30.0,1.0,0.0066050198150594,0.0079365079365079,0.0035118525021949,0.0043936731107205,-0.0592592592592592,0.0240594925634295,536
2025-08-02,0.0008748906386701,0.0088183421516754,0.0101545253863135,-0.0498338870431893,0.0088818897637796,-0.0618208657381464,-0.0651685393258427,-0.0141682057717937,0.0037618631368631,-0.0061695395816641,0.0100189105977531,0.0126748251748251,0.9947391789340896,32.35294117647058,1.0,0.0008748906386701,0.007485689123734,0.0088183421516754,0.0101545253863134,-0.0498338870431893,0.0122377622377622,536
2025-08-03,0.0087412587412587,0.0162923822104799,0.0396396396396396,-0.0540983606557377,0.0120904591868695,-0.0521171300669432,-0.0547784381000918,-0.0111508014602632,0.0026306016340678,-0.0065257372431914,0.0065416342998218,0.0142980935875216,1.066980617840098,29.8780487804878,1.0,0.0087412587412587,0.0096237970253718,0.0162923822104799,0.0396396396396396,-0.0540983606557377,-0.0103986135181975,536
2025-08-04,-0.0056325823223569,0.0039370078740157,0.0136925795053004,-0.0532178217821782,0.0044391646867576,-0.0544011207097828,-0.0579290402324276,-0.0094789018374493,0.002303143479614,-0.0066671998177592,0.0060920610027779,0.0174291938997821,0.9896401602643032,30.15384615384616,0.675,-0.005632582322357,0.0030594405594405,0.0039370078740157,0.0136925795053003,-0.0532178217821782,-0.0230936819172113,536
2025-08-05,-0.0100217864923747,-0.0069930069930069,-0.0026338893766462,-0.0493723849372385,-0.0052539404553415,-0.0604322893692103,-0.0652300124800569,-0.0092490398184995,0.0012889839034205,-0.0068350592990647,0.0064437180915587,0.0180457746478873,1.0241153984704536,31.210191082802552,0.1,-0.0100217864923747,-0.0155979202772963,-0.0069930069930069,-0.0026338893766461,-0.0493723849372384,-0.0272887323943661,536
2025-08-06,-0.0044014084507042,-0.0199306759098787,-0.0026455026455026,-0.0495798319327731,-0.0092604179702165,-0.0606832401306682,-0.0672464113407587,-0.0093067246951907,-0.0007578628268284,-0.0068719640350955,0.0070106104486344,0.0172413793103448,1.0242308842418428,31.210191082802552,0.0,-0.0044014084507042,-0.0143790849673202,-0.0199306759098786,-0.0026455026455026,-0.0495798319327731,-0.0389036251105216,536
2025-08-07,0.0468611847922193,0.0318082788671023,0.0427124614707177,0.0136986301369863,0.0309098824553765,-0.0128123176120729,-0.0216627876551031,-0.0036323562419354,0.0023829633204633,-0.0059692826864684,0.0146470820912408,0.015625,1.191636904861409,54.25531914893617,1.0,0.0468611847922192,0.0422535211267605,0.0318082788671024,0.0427124614707177,0.0136986301369863,-0.1047297297297297,536
2025-08-08,-0.0114020270270269,0.0303697183098592,0.0240594925634296,0.0285588752196837,0.0156811701995786,-0.0192847467567831,-0.0308915117338068,-0.001206865180729,0.0037529749191432,-0.0053332788484428,0.016173120719998,0.0205040580948312,0.9992734122079998,59.475218658892125,0.7452830188679245,-0.011402027027027,0.0349248452696728,0.0303697183098591,0.0240594925634295,0.0285588752196836,-0.1059376334899615,536
2025-08-09,-0.0106791969243912,0.0238726790450929,0.0122377622377622,0.0225165562913907,0.0030936765251826,-0.0251020780423465,-0.0394292982359121,-0.000854005749881,0.0032691833209967,-0.0047818435759556,0.0160871283309083,0.0189982728842832,1.0792819164757683,57.14285714285714,0.5094339622641509,-0.0106791969243912,-0.0219594594594594,0.0238726790450928,0.0122377622377622,0.0225165562913907,-0.1131260794473229,536
2025-08-10,-0.0138169257340241,-0.035472972972973,-0.0103986135181975,0.0288288288288287,-0.0092948320733672,-0.033800076145353,-0.0509169483073854,-0.0022127786023005,0.0020953214911182,-0.0043214975191349,0.0168281412807906,0.0223292469352014,1.1560684696011148,59.30232558139535,0.2075471698113207,-0.0138169257340241,-0.0243485689876121,-0.0354729729729729,-0.0103986135181975,0.0288288288288288,-0.1103327495621716,536
2025-08-11,-0.0183887915936952,-0.0422896198205895,-0.0230936819172112,-0.0097173144876324,-0.0243083618277897,-0.0467551977777462,-0.0666197925821761,-0.0051620869552785,-0.0015611061552185,-0.0040269741679475,0.0202578782018796,0.0209634255129348,0.9873225804012312,46.78362573099415,0.0,-0.0183887915936952,-0.0319516407599309,-0.0422896198205894,-0.0230936819172113,-0.0097173144876325,-0.0856378233719892,536
2025-08-12,-0.0142729705619981,-0.0457685664939551,-0.0272887323943662,-0.0298507462686566,-0.0345128877238969,-0.054815026017535,-0.0784926010693007,-0.0085688113439156,-0.0075145442792502,-0.0036508136239864,0.0253810796504134,0.0194570135746606,0.9738009153675284,40.55555555555556,0.0,-0.0142729705619982,-0.0323992994746059,-0.045768566493955,-0.0272887323943661,-0.0298507462686567,-0.0687782805429864,536
2025-08-13,-0.016289592760181,-0.0481611208406305,-0.0389036251105217,-0.0414462081128748,-0.0449952933793536,-0.0646243868858101,-0.0922882075406048,-0.0123974690143364,-0.0150808253384151,-0.0033900490476487,0.0326704147553798,0.0206991720331186,0.9406764820230894,37.82383419689119,0.0,-0.0162895927601809,-0.0303300624442462,-0.0481611208406304,-0.0389036251105216,-0.0414462081128747,-0.0496780128794848,536
2025-08-14,-0.0248390064397424,-0.0544157002676182,-0.1047297297297297,-0.0664905328049317,-0.0539937527889335,-0.0824364486250974,-0.1135600228578862,-0.0173623051238617,-0.0172001347708895,-0.003421831384977,0.0373238118060367,0.020754716981132,0.9939806795522012,32.723112128146454,0.0,-0.0248390064397424,-0.0407239819004524,-0.0544157002676181,-0.1047297297297297,-0.0664905328049317,-0.0396226415094339,536
2025-08-15,-0.0127358490566037,-0.0529411764705882,-0.1059376334899615,-0.084426946631671,-0.0510395751020143,-0.0893797224196191,-0.1232242929753681,-0.0215396381129804,-0.018172820967852,-0.0036633579700756,0.0393428162325794,0.020066889632107,1.010376936097254,28.50779510022272,0.0,-0.0127358490566037,-0.0372585096596136,-0.0529411764705882,-0.1059376334899615,-0.084426946631671,-0.0272336359292881,536
2025-08-16,-0.0186335403726708,-0.0551977920883164,-0.113126079447323,-0.1022727272727272,-0.0526454503525071,-0.1012645304318656,-0.1374338587306476,-0.0257409920431891,-0.0187439143135346,-0.0040119228007317,0.0405664670068646,0.0175267770204479,1.1510954854313251,25.925925925925924,0.0,-0.0186335403726708,-0.0311320754716981,-0.0551977920883164,-0.1131260794473229,-0.1022727272727272,-0.0087633885102239,536
2025-08-17,-0.0107108081791625,-0.0415094339622641,-0.1103327495621716,-0.119584055459272,-0.0469681742043551,-0.1056994058534437,-0.1444690824374771,-0.0289336268565904,-0.0179801743532058,-0.0043693561525054,0.0390079604028428,0.0201771653543307,1.2367375350049132,21.72131147540984,0.0,-0.0107108081791626,-0.029144768275203,-0.0415094339622641,-0.1103327495621716,-0.1195840554592721,0.0083661417322834,536
2025-08-18,0.0088582677165354,-0.0205446727185857,-0.0856378233719893,-0.1067538126361655,-0.0259960632593497,-0.0930139956051734,-0.1346194436236228,-0.0291430126465975,-0.0144599303135888,-0.0045732114273311,0.032789190537717,0.0180487804878048,0.9006039176068155,25.15212981744422,0.1011235955056179,0.0088582677165354,-0.0019474196689386,-0.0205446727185857,-0.0856378233719892,-0.1067538126361655,0.0058536585365853,536
2025-08-19,0.0039024390243902,0.0019474196689386,-0.0687782805429864,-0.0941901408450703,-0.0120019203072491,-0.0843159065628476,-0.1289831082352055,-0.027907875382915,-0.009527280299875,-0.0045869992681643,0.02421918713159,0.0184645286686103,0.9509723075241264,27.615062761506262,0.1830985915492957,0.0039024390243902,0.0127952755905511,0.0019474196689386,-0.0687782805429864,-0.0941901408450704,-0.0072886297376093,536
2025-08-20,0.0038872691933915,0.0167322834645669,-0.0496780128794848,-0.0866489832007073,-0.0007600359289711,-0.0758495236107176,-0.1234372348249137,-0.0257511521892415,-0.0040796570322224,-0.0045468397175737,0.0143145977463572,0.0145208131655372,0.9346035320491172,29.41176470588236,0.3863636363636363,0.0038872691933916,0.0078048780487804,0.0167322834645669,-0.0496780128794848,-0.0866489832007073,-0.0019361084220716,536
2025-08-21,-0.0145208131655372,-0.0068292682926829,-0.0396226415094339,-0.1402027027027027,-0.0095211619987489,-0.0844363167598519,-0.1340755722737841,-0.0251927030257864,-0.0021225091215267,-0.0047231042568582,0.0100010788469041,0.0142436149312377,0.9620568224473892,8.499999999999986,0.0655737704918032,-0.0145208131655372,-0.010689990281827,-0.0068292682926829,-0.0396226415094339,-0.1402027027027027,0.0088408644400785,536
2025-08-22,0.0,-0.010689990281827,-0.027233635929288,-0.1302862024775737,-0.0055819145967066,-0.0796908195091082,-0.1320411527311998,-0.0240167522588795,-0.000526241930957,-0.0047888835226217,0.0063589280449093,0.0157170923379174,0.8156209206430958,9.11528150134049,0.1176470588235294,0.0,-0.0145208131655372,-0.010689990281827,-0.0272336359292881,-0.1302862024775737,0.0004911591355599,536
2025-08-23,0.0,-0.0145208131655372,-0.0087633885102239,-0.1208981001727115,-0.0043314237809138,-0.0755119647641103,-0.1299971512676858,-0.0224695802906989,-0.0006665731125456,-0.0049285278775151,0.0064876933099926,0.0142436149312377,0.98056377497777,9.770114942528735,0.1176470588235294,0.0,0.0,-0.0145208131655372,-0.0087633885102239,-0.1208981001727115,0.005893909626719,536
2025-08-24,0.006385068762279,0.006385068762279,0.0083661417322835,-0.1028896672504378,0.0008373456144023,-0.0664013851341088,-0.1224296530358765,-0.0199862483058741,-0.0013421181063933,-0.0051318883136243,0.0058342010615349,0.0195217179111761,1.07472507117644,14.285714285714292,0.4333333333333333,0.0063850687622789,0.0063850687622789,0.0063850687622789,0.0083661417322834,-0.1028896672504378,-0.0004880429477794,536
2025-08-25,0.0063445583211323,0.0127701375245579,0.0058536585365853,-0.0802854594112399,0.0063445583211322,-0.057572479775743,-0.1148821702986163,-0.0169689118344258,-0.0003810447554385,-0.0052798183993639,0.0064032661882916,0.0169738118331716,1.0078997464536987,20.0,0.8666666666666667,0.0063445583211322,0.0127701375245579,0.0127701375245579,0.0058536585365853,-0.0802854594112399,-0.008729388942774,536
2025-08-26,-0.0092143549951503,0.0034381139489194,-0.0072886297376093,-0.0755656108597284,-0.0018844221105527,-0.0637316305642968,-0.1209416399336414,-0.0155212995037787,-6.992518005733587e-05,-0.0056785779816264,0.006219935496553,0.0176211453744493,1.174781349871522,20.905923344947738,0.2333333333333333,-0.0092143549951503,-0.0029282576866764,0.0034381139489194,-0.0072886297376093,-0.0755656108597285,0.005384238864415,536
2025-08-27,0.009300048947626,0.0063445583211323,-0.0019361084220715,-0.0515179392824286,0.0076794191566601,-0.0520992951271836,-0.1107000637336413,-0.0129851038439028,0.0020437855064431,-0.0057278860335171,0.0057019736971247,0.016003879728419,1.0388906066686971,29.259259259259267,1.0,0.009300048947626,0.0,0.0063445583211322,-0.0019361084220716,-0.0515179392824287,-0.011639185257032,536
2025-08-28,-0.0038797284190106,-0.0038797284190106,0.0088408644400785,-0.0311320754716981,0.0025101101659462,-0.0525247555200197,-0.1120397723178902,-0.0113573592575676,0.0017387675615523,-0.0057865874990387,0.0053952998293379,0.0136319376825705,1.0008814974328593,35.26785714285714,0.6923076923076923,-0.0038797284190106,0.005384238864415,-0.0038797284190106,0.0088408644400785,-0.0311320754716981,-0.0146056475170399,536
2025-08-29,-0.0082765335929893,-0.0029368575624082,0.0004911591355598,-0.0267558528428093,-0.0058565153733528,-0.0570172054625414,-0.1172561897516394,-0.0108885562083799,0.0002279262220352,-0.0059103471210853,0.0053477776594423,0.0166912125675012,1.0641339431660863,36.91588785046729,0.0384615384615384,-0.0082765335929892,-0.0121241513094083,-0.0029368575624082,0.0004911591355599,-0.0267558528428093,-0.0004909180166912,536
2025-08-30,0.0054000981836033,-0.0067895247332686,0.0058939096267189,-0.0029211295034079,-0.0013235806339254,-0.0486513269951378,-0.1104504695809966,-0.0095975787100141,-0.000732421875,-0.005858723234149,0.0045606120982159,0.01806640625,0.9834784146535858,48.38709677419355,0.44,0.0054000981836033,-0.0029211295034079,-0.0067895247332686,0.005893909626719,-0.0029211295034079,0.0,536
2025-08-31,0.0,-0.0029211295034079,-0.0004880429477793,0.0078740157480314,-0.0012540058520272,-0.0451324132786274,-0.1084453903453614,-0.0084389067366184,-0.0009940011160714,-0.0057398845939933,0.0045792446642941,0.0146484375,0.907448905832185,54.8780487804878,0.44,0.0,0.0054000981836033,-0.0029211295034079,-0.0004880429477794,0.0078740157480314,0.0126953125,536
2025-09-01,-0.001953125,0.0034364261168384,-0.0087293889427739,-0.0029268292682926,-0.001953125,-0.0433697347893915,-0.1082456735663387,-0.0076327538141865,-0.0005416550181716,-0.0055861154707666,0.003964528956693,0.0161448140900195,1.086994836950519,48.00000000000001,0.28,-0.001953125,-0.001953125,0.0034364261168384,-0.008729388942774,-0.0029268292682926,0.022504892367906,536
2025-09-02,0.0048923679060666,0.0029296875,0.0053842388644149,-0.0019436345966957,0.0021607304662996,-0.0348651442533595,-0.1021506420841994,-0.0062849234886973,-0.0005737932953123,-0.0052433029017419,0.0039136306555255,0.0160662122687439,0.8648086168076432,48.6842105263158,0.68,0.0048923679060665,0.0029296875,0.0029296875,0.005384238864415,-0.0019436345966958,0.0321324245374878,536
2025-09-03,-0.0077896786757546,-0.0048828125,-0.011639185257032,-0.0135527589545014,-0.0039796132095231,-0.0385129503530484,-0.1073931324456901,-0.0061109074735534,-0.0003154353007149,-0.0050055617352614,0.0033809111065701,0.0161923454367026,0.8810593747723017,41.25,0.0588235294117647,-0.0077896786757546,-0.0029354207436399,-0.0048828125,-0.011639185257032,-0.0135527589545014,0.0480863591756624,536
2025-09-04,-0.0068694798822375,-0.0097847358121331,-0.0146056475170399,-0.005893909626719,-0.0087455397747149,-0.0413792014650858,-0.11199075721605,-0.0065958353666155,-0.0009352060982496,-0.0048258495385738,0.004877965965114,0.0158102766798418,1.0019782960201096,45.833333333333336,0.0,-0.0068694798822374,-0.0146056475170399,-0.009784735812133,-0.0146056475170399,-0.005893909626719,0.0602766798418972,536
2025-09-05,0.0059288537549406,-0.0087633885102239,-0.0004909180166912,0.0,-0.0027987685418416,-0.0322427315218253,-0.1054568887239922,-0.0060079122156185,-0.0015787257928711,-0.0045259849953342,0.0048928447553227,0.0171905697445972,0.878393206877893,50.0,0.4,0.0059288537549407,-0.000981354268891,-0.0087633885102239,-0.0004909180166912,0.0,0.0550098231827112,536
2025-09-06,0.0058939096267189,0.0049067713444552,0.0,0.0058939096267189,0.0030786453960257,-0.0215781511266819,-0.0988647808274095,-0.0047393528784316,-0.0008021763392856,-0.0037857819452169,0.0048641757430844,0.01953125,1.1335670545856518,53.57142857142858,0.8,0.005893909626719,0.0118577075098814,0.0049067713444553,0.0,0.005893909626719,0.0537109375,536
2025-09-07,0.0126953125,0.0247035573122529,0.0126953125,0.012201073694485,0.0139684313451599,-0.0049257932446265,-0.0861557442058572,-0.0022738903561026,0.0013087202093952,-0.0029738389274271,0.0076279753133656,0.0163934426229508,1.0694455555895883,56.90607734806629,1.0,0.0126953125,0.018664047151277,0.0247035573122529,0.0126953125,0.0122010736944851,0.0520732883317261,536
2025-09-08,0.0077145612343298,0.0265225933202357,0.022504892367906,0.0135790494665373,0.0185185185185185,0.006388237937787,-0.0779321365895744,0.0003078174330211,0.0034859876965139,-0.0021687041955176,0.0110221068856042,0.0167464114832535,0.8932646295783161,57.60869565217392,1.0,0.0077145612343297,0.0205078125,0.0265225933202357,0.022504892367906,0.0135790494665373,0.0440191387559808,536
2025-09-09,0.0143540669856458,0.03515625,0.0321324245374878,0.0376896720509054,0.0284130284130283,0.0235282757732787,-0.0637053321686901,0.0036575266006882,0.0070080862533692,-0.0013320880643062,0.0163193394314455,0.0174528301886792,0.9453410717260796,69.74358974358974,1.0,0.0143540669856459,0.0221793635486981,0.03515625,0.0321324245374878,0.0376896720509055,0.0245283018867924,536
2025-09-10,0.0075471698113207,0.0298939247830278,0.0480863591756623,0.0358874878758486,0.0291850220264316,0.0330152179520248,-0.0558327767081843,0.0065874646017308,0.0091292134831461,-0.0005753375577524,0.0198825076496565,0.0168539325842696,0.9565939471712802,69.27083333333333,1.0,0.0075471698113207,0.0220095693779904,0.0298939247830279,0.0480863591756624,0.0358874878758486,0.0065543071161048,536
2025-09-11,0.0046816479400748,0.0267942583732057,0.0602766798418972,0.0447906523855889,0.0253924914675768,0.0389233152594888,-0.0507784854918613,0.0088053717877934,0.0091865264279057,0.0001198390673285,0.0199801749784536,0.0167753960857409,0.9459529874741832,73.71134020618557,1.0,0.0046816479400749,0.0122641509433962,0.0267942583732057,0.0602766798418972,0.044790652385589,0.0055917986952469,536
2025-09-12,0.0009319664492077,0.0132075471698114,0.0550098231827111,0.0544918998527246,0.0185611705730931,0.0403280488198638,-0.0493472007081212,0.0100444353677533,0.0081471135940409,0.0007152577973042,0.0180775247182171,0.0139664804469273,0.8605708373637405,81.00558659217877,1.0,0.0009319664492078,0.0056179775280898,0.0132075471698113,0.0550098231827112,0.0544918998527245,0.0633147113594041,536
2025-09-13,0.004655493482309,0.0102996254681648,0.0537109375,0.0537109375,0.0157342657342657,0.0445304937076476,-0.0445032617358534,0.0110498393106351,0.006520587845889,0.0011673974068602,0.014689983276848,0.0152919369786839,1.0855235107843602,80.89887640449439,1.0,0.0046554934823091,0.0055917986952469,0.0102996254681647,0.0537109375,0.0537109375,0.0945319740500463,536
2025-09-14,0.0111214087117701,0.0167753960857408,0.052073288331726,0.0654296875,0.019626168224299,0.0546327474262514,-0.0334868887313961,0.0126295841915594,0.0059578368469294,0.0015828769923603,0.0133667234061953,0.0142071494042163,1.0988390049519143,83.16831683168317,1.0,0.0111214087117701,0.015828677839851,0.0167753960857409,0.0520732883317261,0.0654296875,0.1200733272227314,536
2025-09-15,0.0,0.015828677839851,0.0440191387559809,0.0675146771037182,0.0134023354564754,0.0524623374117723,-0.0331061919016858,0.0132140407867834,0.004746628257169,0.0018697830056616,0.0105156136478306,0.0132905591200733,0.938164843679678,84.84848484848484,1.0,0.0,0.0111214087117701,0.015828677839851,0.0440191387559808,0.0675146771037182,0.153987167736022,536
2025-09-16,-0.0045829514207149,0.0064874884151993,0.0245283018867925,0.0574488802336903,0.0052896059243586,0.0452861061648779,-0.037087025698368,0.0125999636195694,0.0035188108392528,0.0020408393201367,0.0084680225937657,0.0147329650092081,0.837426106986431,79.79797979797979,0.782608695652174,-0.0045829514207149,-0.0045829514207149,0.0064874884151992,0.0245283018867924,0.0574488802336903,0.180939226519337,536
2025-09-17,-0.0101289134438306,-0.0146654445462878,0.0065543071161049,0.0549558390578999,-0.0058131853613422,0.0330413056360812,-0.0463329406952159,0.0105879917025163,0.0013953488372093,0.0021885816281656,0.0073779090493506,0.0223255813953488,1.1088447393608554,77.45098039215686,0.1111111111111111,-0.0101289134438305,-0.0146654445462878,-0.0146654445462878,0.0065543071161048,0.0549558390578999,0.1920930232558139,536
2025-09-18,0.003720930232558,-0.0109990834097158,0.0055917986952469,0.0662055335968379,-0.0029042904290428,0.0352271455298463,-0.0423313034688493,0.0093605136584798,6.619886137957188e-05,0.0023357226286853,0.0066493892190088,0.0143651529193697,1.0801075299783836,83.83838383838383,0.2941176470588235,0.0037209302325581,-0.0064456721915285,-0.0109990834097158,0.0055917986952469,0.0662055335968379,0.1607970342910102,536
2025-09-19,0.0583873957367933,0.0515653775322284,0.0633147113594041,0.1218074656188605,0.0459243752453224,0.0918651900246991,0.0133846040079863,0.0150068903246925,0.0046597448086064,0.0027141462882478,0.0201110768967812,0.0197022767075306,0.9342157338060568,89.74358974358974,1.0,0.0583873957367933,0.0623255813953488,0.0515653775322283,0.0633147113594041,0.1218074656188605,0.0796847635726795,536
2025-09-20,0.0341506129597197,0.0986046511627907,0.0945319740500463,0.1533203125,0.0673983214977405,0.1233176392257574,0.0473468985564369,0.0221715180144055,0.0110378613765574,0.0031994341252252,0.0336212214303105,0.019051651143099,1.3269370550469053,91.53439153439152,1.0,0.0341506129597197,0.0945319740500463,0.0986046511627907,0.0945319740500463,0.1533203125,0.0296359017781541,536
2025-09-21,0.0347163420829805,0.1325301204819278,0.1200733272227314,0.1783992285438764,0.0860843067546978,0.1548457213060529,0.0825815405968078,0.0301150144807146,0.0189969604863222,0.0038048276954389,0.0473959410816855,0.0204582651391162,1.03688943330023,92.62672811059907,1.0,0.0347163420829805,0.0700525394045534,0.1325301204819277,0.1200733272227314,0.1783992285438765,0.0065466448445171,536
2025-09-22,0.0302782324058918,0.1024518388791593,0.153987167736022,0.2047846889952154,0.0955992043759324,0.1808475715558611,0.1138362028713401,0.037712772205665,0.0259559741291274,0.0045023108369461,0.0587686284935158,0.0190627482128673,1.086323475118405,93.4959349593496,1.0,0.0302782324058919,0.0660457239627434,0.1024518388791593,0.153987167736022,0.2047846889952153,-0.0067513899920571,536
2025-09-23,0.0186656076250992,0.0859441151566469,0.180939226519337,0.2099056603773585,0.0894363206116133,0.193263758587002,0.1328448956958272,0.0433827981409679,0.0295878585352269,0.0052838436469371,0.0645558225775936,0.0116959064327485,0.8875017861146576,93.713163064833,1.0,0.0186656076250992,0.0495090016366612,0.0859441151566469,0.180939226519337,0.2099056603773585,-0.0237816764132553,536
2025-09-24,-0.0007797270955165,0.0486906710310965,0.192093023255814,0.1999063670411984,0.0619746655617378,0.1831415030467162,0.130009650665504,0.0452635681451949,0.0269355108410902,0.0060930404745898,0.0599928074808892,0.0132657042528287,0.9462372698780176,93.13131313131314,0.995085995085995,-0.0007797270955165,0.0178713264495631,0.0486906710310965,0.1920930232558139,0.1999063670411985,-0.0261412407335154,536
2025-09-25,-0.0226297307842372,-0.0051628276409848,0.1607970342910101,0.1672879776328051,0.0170523751522533,0.1482047364400306,0.1028872212818831,0.0420922891364822,0.0169090390647276,0.0067671553444834,0.042434460017912,0.0167664670658682,0.9892221254444116,83.05709023941068,0.7864768683274022,-0.0226297307842372,-0.023391812865497,-0.0051628276409849,0.1607970342910102,0.1672879776328052,-0.0091816367265469,536
2025-09-26,-0.015568862275449,-0.0385964912280701,0.0796847635726796,0.1480446927374301,-0.0092406588991562,0.1233941749931667,0.0845652014562514,0.0367547242505191,0.0069372031050863,0.0072833922886292,0.029163267796214,0.0239253852392538,0.0190929588276345,77.41379310344827,0.5123152709359606,-0.0155688622754491,-0.037846273897776,-0.0385964912280701,0.0796847635726795,0.1480446927374301,0.0008110300081103,536
2025-09-27,-0.013787510137875,-0.0511119781506047,0.029635901778154,0.1269694161260426,-0.0268107242897158,0.1015823167049161,0.0688909182362909,0.0304514977583757,-0.0029370300751879,0.0076133569463146,0.0221760098771123,0.0135690789473684,1.2365291737014912,72.68211920529802,0.0,-0.0137875101378751,-0.0291417165668662,-0.0511119781506047,0.0296359017781541,0.1269694161260426,0.0296052631578947,536
2025-09-28,0.0115131578947369,-0.0179640718562874,0.0065466448445172,0.1274060494958753,-0.016505797018676,0.1071937589078087,0.0807169634489221,0.0266730636117727,-0.0077961672473867,0.0077096502889389,0.0209335967742904,0.0142276422764227,1.154213061109043,72.86184210526315,0.2105263157894736,0.0115131578947368,-0.0024330900243309,-0.0179640718562874,0.0065466448445171,0.1274060494958753,0.0186991869918699,536
2025-09-29,0.0166666666666666,0.0141930251419302,-0.0067513899920571,0.1461961503208066,0.0008575348730849,0.1180485188055075,0.0979089538916284,0.0252620639547043,-0.006725881076141,0.0078240561395019,0.0203819475266832,0.0199920031987205,0.923522675352824,74.57627118644068,0.518796992481203,0.0166666666666666,0.0283717105263157,0.0141930251419302,-0.0067513899920571,0.1461961503208066,0.010795681727309,536
2025-09-30,0.0011995201919232,0.0296052631578946,-0.0237816764132553,0.152854511970534,0.0055647983477711,0.1118347048724173,0.0984329685862597,0.0236251600860852,-0.0027242126882701,0.0079824227842792,0.0168733829718082,0.0159744408945686,0.9204086606950436,75.85669781931465,0.549618320610687,0.0011995201919232,0.0178861788617886,0.0296052631578947,-0.0237816764132553,0.152854511970534,-0.0007987220447284,536
2025-10-01,-0.0031948881789137,0.0146341463414634,-0.0261412407335154,0.1609302325581394,0.0062197650310988,0.1009174311926606,0.0943155412877108,0.021385569789263,0.0016884157509157,0.0080632683038133,0.011326779455488,0.016426282051282,0.936457798262618,77.54777070063695,0.8767123287671232,-0.0031948881789137,-0.001999200319872,0.0146341463414634,-0.0261412407335154,0.1609302325581395,-0.0104166666666666,536
2025-10-02,-0.0056089743589743,-0.0075969612155137,-0.0091816367265469,0.150139017608897,0.0019030044403437,0.0878966746537315,0.0878701841363221,0.0185555720971955,0.0031656498215725,0.0080746894884547,0.0105646991371066,0.016116035455278,1.0411437832479802,75.55205047318611,0.6944444444444444,-0.0056089743589743,-0.0087859424920127,-0.0075969612155137,-0.0091816367265469,0.1501390176088971,0.0044319097502014,536
2025-10-03,-0.0056406124093473,-0.0143769968051118,0.0008110300081103,0.0805604203152363,-0.0038632301216628,0.0750065336701802,0.08206592164619,0.0154403059170823,0.0021272285251215,0.0079277713576943,0.0105707765870615,0.0170178282009724,1.057921214636454,67.62452107279694,0.5,-0.0056406124093473,-0.0112179487179487,-0.0143769968051118,0.0008110300081103,0.0805604203152364,0.0040518638573743,536
2025-10-04,0.0145867098865477,0.0032051282051281,0.0296052631578946,0.0601185436071125,0.0064886592018375,0.083138679816593,0.0980369228070688,0.0145923185324465,0.0006275673208581,0.0076016304946568,0.0072269581576714,0.0163738019169329,1.1209649800472992,64.79166666666667,1.0,0.0145867098865478,0.0088638195004029,0.0032051282051282,0.0296052631578947,0.0601185436071126,-0.0263578274760383,536
2025-10-05,0.0007987220447285,0.0096696212731668,0.01869918699187,0.0253682487725039,0.0046389095698985,0.0767071494042163,0.0992138724943099,0.0136422930895621,-0.0001852696385816,0.0073365191615761,0.0056801403683715,0.01316839584996,1.213505495279026,57.75,1.0,0.0007987220447284,0.0153970826580226,0.0096696212731668,0.0186991869918699,0.025368248772504,-0.0478850758180367,536
2025-10-06,0.0087789305666401,0.0243111831442464,0.0107956817273091,0.0039714058776807,0.0118938700823422,0.0787437414656349,0.1095235076391901,0.0135916332812518,0.0016105334538878,0.0070220427760802,0.0075667077611876,0.0134493670886075,0.9958927992286314,51.4367816091954,1.0,0.00877893056664,0.0095846645367412,0.0243111831442463,0.010795681727309,0.0039714058776806,-0.081882911392405,536
2025-10-07,-0.0102848101265823,-0.0007987220447284,-0.0007987220447284,-0.0245614035087718,0.0016012810248198,0.0611887123225698,0.0991306724719457,0.0118865919096807,0.0021125956377754,0.0067610427786802,0.007611434509509,0.0147881694644284,1.0948459895491232,40.36697247706422,0.5666666666666667,-0.0102848101265822,-0.0015961691939345,-0.0007987220447284,-0.0007987220447284,-0.0245614035087719,-0.0975219824140687,536
2025-10-08,-0.0127897681854516,-0.014365522745411,-0.0104166666666666,-0.036285602809208,-0.0097365406643756,0.0420182247721903,0.0860696784784276,0.0088885347269022,0.0008097165991902,0.006394329281748,0.0088382655846854,0.0186234817813765,0.9844567559651112,36.97478991596639,0.0333333333333333,-0.0127897681854516,-0.0229430379746835,-0.014365522745411,-0.0104166666666666,-0.0362856028092079,-0.1125506072874494,536
2025-10-09,0.0093117408906882,-0.0138449367088607,0.0044319097502014,-0.0047904191616766,-0.0011447541640431,0.046233475554312,0.0969492519800528,0.0077200528885506,4.297747980055175e-05,0.005959913564432,0.0084978439871839,0.0152426795026073,0.7971625946560893,48.13664596273291,0.4166666666666667,0.0093117408906882,-0.0035971223021582,-0.0138449367088607,0.0044319097502014,-0.0047904191616766,-0.1315683914961893,536
2025-10-10,-0.0060168471720818,-0.0095923261390887,0.0040518638573743,0.0048661800486617,-0.0077226703277844,0.0349868433875841,0.0909998141063898,0.0060012544830464,-0.0023348322379799,0.0055567974819119,0.0077649604751243,0.0201775625504439,1.049528705590572,52.01342281879195,0.1379310344827586,-0.0060168471720818,0.0032388663967611,-0.0095923261390887,0.0040518638573743,0.0048661800486618,-0.1452784503631961,536
2025-10-11,-0.016142050040355,-0.0129554655870445,-0.0263578274760383,0.0024671052631579,-0.0200401952339936,0.0141571569211996,0.0743664068314465,0.0028044542413277,-0.0045851400445329,0.0050615897164016,0.0119219061660276,0.0221493027071369,1.027922329795846,50.98684210526315,0.0,-0.0161420500403551,-0.0220617729643,-0.0129554655870445,-0.0263578274760383,0.0024671052631578,-0.1447908121410992,536
2025-10-12,-0.0213289581624281,-0.0429201764941836,-0.0478850758180366,-0.030081300813008,-0.0342873662908355,-0.0107384219909615,0.0525180737654699,-0.0018396792479184,-0.0081726739312657,0.0043834678934496,0.0195516207674935,0.0188600167644593,1.1084815177793694,38.71951219512196,0.0,-0.0213289581624282,-0.0371267150928167,-0.0429201764941837,-0.0478850758180367,-0.0300813008130081,-0.1307627829002514,536
2025-10-13,-0.0272422464375523,-0.0633575464083938,-0.0818829113924051,-0.0719712115153938,-0.0492158239700375,-0.0398510755653613,0.0249050604963349,-0.0079493684626451,-0.0117867914076445,0.003499124643735,0.0283994696889293,0.0163722533390779,1.077792700996114,24.431818181818173,0.0,-0.0272422464375523,-0.0479901558654634,-0.0633575464083938,-0.081882911392405,-0.0719712115153938,-0.1090047393364928,536
2025-10-14,-0.0271434726411029,-0.07383100902379,-0.0975219824140687,-0.0982428115015974,-0.0616243172643077,-0.066890737781696,-0.001954640552407,-0.0148063282361175,-0.0169555864861445,0.0024227293193598,0.039363721679994,0.0181576616474756,0.9452474145998564,20.145631067961176,0.0,-0.0271434726411029,-0.0536462699077954,-0.0738310090237899,-0.0975219824140687,-0.0982428115015974,-0.0841452612931798,536
2025-10-15,-0.029229406554473,-0.0813076278290024,-0.1125506072874493,-0.1217948717948718,-0.0737655438850657,-0.0942897281216427,-0.0299263397028018,-0.0221792767887067,-0.0237877997914493,0.0010766220374625,0.0520885103693973,0.0177919708029197,0.9134729477003058,17.65957446808511,0.0,-0.0292294065544729,-0.0555794915984489,-0.0813076278290025,-0.1125506072874494,-0.1217948717948717,-0.0483576642335766,536
2025-10-16,-0.0123175182481751,-0.0672124084446359,-0.1315683914961893,-0.1277195809830781,-0.0666954058381574,-0.1053595779556192,-0.0406251077050335,-0.0277751644852169,-0.0257175849554602,-0.0004610717065664,0.0557781516940341,0.0221709006928406,0.906554501752721,17.184265010351965,0.0,-0.0123175182481751,-0.0411868910540301,-0.0672124084446359,-0.1315683914961893,-0.1277195809830781,-0.0369515011547344,536
2025-10-17,-0.0217090069284064,-0.0620017714791851,-0.1452784503631961,-0.1418152350081037,-0.0662551958684972,-0.1243953863326305,-0.060110151816223,-0.033079729662132,-0.0258161338189667,-0.0022701753390873,0.0560697126981096,0.0236071765816808,0.923367252050596,16.085271317829466,0.0,-0.0217090069284064,-0.0337591240875912,-0.0620017714791851,-0.1452784503631961,-0.1418152350081037,-0.0217186024551463,536
2025-10-18,-0.0155807365439093,-0.0488138686131386,-0.1447908121410992,-0.167332268370607,-0.0599033816425119,-0.1371699726873948,-0.0731319397795075,-0.0373476477547477,-0.0240150736553614,-0.0042022711085859,0.0523956969873268,0.0211031175059952,0.8386796745910834,9.161793372319678,0.0,-0.0155807365439093,-0.0369515011547344,-0.0488138686131386,-0.1447908121410992,-0.167332268370607,-0.0119904076738609,536
2025-10-19,-0.0052757793764988,-0.0420323325635103,-0.1307627829002514,-0.1723862729449321,-0.0456846118451324,-0.1392285983066792,-0.0764252421996378,-0.0396410966209173,-0.0199924231987877,-0.0057303572060674,0.0440692853528181,0.017357762777242,1.0487783651084224,8.620689655172413,0.0,-0.0052757793764988,-0.0207743153918791,-0.0420323325635103,-0.1307627829002514,-0.1723862729449321,-0.0106075216972034,536
2025-10-20,-0.0028929604628736,-0.0236071765816808,-0.1090047393364929,-0.1819620253164556,-0.0323529411764706,-0.1382136407834421,-0.0776275621456606,-0.0402708084031482,-0.0153011881735285,-0.0069705647581774,0.0343320399447373,0.0198259187620889,0.9772986029438648,4.545454545454547,0.0,-0.0028929604628736,-0.0081534772182254,-0.0236071765816808,-0.1090047393364928,-0.1819620253164557,0.0,536
2025-10-21,0.0,-0.0081534772182254,-0.0841452612931797,-0.1734612310151878,-0.0199052132701421,-0.133688943502667,-0.07619917407878,-0.0394357469780114,-0.0105346780878695,-0.0078574302416396,0.0243881897300946,0.0164410058027079,0.875902189661367,4.791666666666657,0.0,0.0,-0.0028929604628736,-0.0081534772182254,-0.0841452612931798,-0.1734612310151878,-0.0106382978723404,536
2025-10-22,0.0087040618955511,0.0057859209257473,-0.0483576642335766,-0.1554655870445344,-0.0042280414620839,-0.1208451574836334,-0.0670006261740764,-0.0366475358217242,-0.0060608135871797,-0.0082883186495701,0.0169588731473517,0.0167785234899328,0.9069253616784272,8.798283261802567,0.1855670103092783,0.0087040618955512,0.0087040618955512,0.0057859209257473,-0.0483576642335766,-0.1554655870445344,-0.0292425695110258,536
2025-10-23,-0.0004793863854266,0.008220502901354,-0.0369515011547344,-0.1636582430806257,0.0007542512342292,-0.1153008401459646,-0.0665618735418916,-0.0336966547031898,-0.0017643028434395,-0.0085466665599667,0.0082416688195948,0.0191846522781774,0.9922899855807784,4.054054054054049,0.34,-0.0004793863854266,0.0082205029013539,0.0082205029013539,-0.0369515011547344,-0.1636582430806257,-0.0388489208633093,536
2025-10-24,-0.0062350119904076,0.0019342359767891,-0.0217186024551463,-0.1638418079096045,-0.0023386985830237,-0.1146686416658358,-0.0714904549935769,-0.0313985113519425,1.7236624379474368e-05,-0.0088003186723987,0.0039644735682489,0.0168918918918918,1.1058836268872958,4.072398190045249,0.2222222222222222,-0.0062350119904076,-0.0067114093959731,0.0019342359767891,-0.0217186024551463,-0.1638418079096045,-0.0458494208494208,536
2025-10-25,-0.0057915057915057,-0.0124640460210929,-0.0119904076738609,-0.1550451189499589,-0.006408047957004,-0.1141816930883238,-0.0761319128155552,-0.0295509330140161,-0.0002947295423023,-0.0091784831042042,0.0045771515398674,0.0179611650485436,1.099093615265682,4.347826086956516,0.0,-0.0057915057915057,-0.0119904076738609,-0.012464046021093,-0.0119904076738609,-0.1550451189499589,-0.0592233009708737,536
2025-10-26,-0.003883495145631,-0.0158273381294964,-0.0106075216972034,-0.1399832355406538,-0.0087640604513147,-0.1123543661321951,-0.0787465206069857,-0.0278369911474035,-0.0013575605680869,-0.0096021787257663,0.0060241788184258,0.0160818713450292,1.1578775280697846,4.864864864864856,0.0,-0.003883495145631,-0.0096525096525096,-0.0158273381294964,-0.0106075216972034,-0.1399832355406538,-0.0638401559454191,536
2025-10-27,0.0077972709551656,-0.0019305019305019,0.0,-0.1090047393364929,-0.0010351252501553,-0.1007131675073925,-0.0705896452540747,-0.0249129774422165,-0.0016061066592981,-0.0098871946693403,0.0059775700848209,0.0207930367504835,1.2299005862973167,10.591900311526471,0.4705882352941176,0.0077972709551656,0.003883495145631,-0.0019305019305019,0.0,-0.1090047393364928,-0.0647969052224371,536
2025-10-28,-0.0106382978723403,-0.0067961165048543,-0.0106382978723403,-0.0938883968113374,-0.0101596516690856,-0.1049085659287777,-0.0794564923962926,-0.0234289520807103,-0.0030372852953498,-0.0102525125669121,0.0075349176147877,0.0151515151515151,1.0678557281758565,12.14285714285714,0.0,-0.0106382978723404,-0.0029239766081871,-0.0067961165048543,-0.0106382978723404,-0.0938883968113374,-0.0635386119257087,536
2025-10-29,-0.0102639296187683,-0.0131578947368421,-0.0292425695110258,-0.0761861313868613,-0.0161715713492503,-0.1079033158095685,-0.087783050033035,-0.0228890963623594,-0.0039506172839506,-0.0104568313214957,0.0096631863801868,0.0158024691358024,0.8958070655174131,14.468085106382972,0.0,-0.0102639296187683,-0.0207930367504835,-0.0131578947368421,-0.0292425695110258,-0.0761861313868613,-0.0612345679012345,536
2025-10-30,-0.0103703703703703,-0.0309477756286267,-0.0388489208633093,-0.0743648960739029,-0.0208696866057095,-0.110624574691559,-0.0959670385853056,-0.0229968237643161,-0.0049900199600797,-0.0106170306772439,0.0122118416977028,0.0144710578842315,0.9214591754372852,14.8471615720524,0.0,-0.0103703703703703,-0.0205278592375366,-0.0309477756286266,-0.0388489208633093,-0.074364896073903,-0.028443113772455,536
2025-10-31,-0.0134730538922155,-0.033724340175953,-0.0458494208494209,-0.0665722379603399,-0.0276138279932546,-0.1158186615781392,-0.1067546876176611,-0.0238845056271964,-0.0070091769636535,-0.010816829580217,0.0166802751111114,0.0202326757713707,1.014883907602586,16.267942583732065,0.0,-0.0134730538922155,-0.0237037037037037,-0.033724340175953,-0.0458494208494208,-0.0665722379603399,-0.0035407182599898,536
2025-11-01,-0.0197268588770864,-0.0429629629629629,-0.0592233009708738,-0.0705035971223021,-0.0385542168674699,-0.1261741940332156,-0.1227461335345152,-0.0259768364815939,-0.0104304879846674,-0.0111509061208934,0.0237670377686563,0.0180598555211558,1.156687091117642,15.813953488372093,0.0,-0.0197268588770864,-0.0329341317365269,-0.0429629629629629,-0.0592233009708737,-0.0705035971223021,0.0206398348813209,536
2025-11-02,-0.0087719298245614,-0.0414171656686627,-0.0638401559454191,-0.0737704918032786,-0.0380570856284426,-0.1266593926168394,-0.1288025759507384,-0.0275399388818351,-0.0131070127165911,-0.0113483719257733,0.0284584586929864,0.0176991150442477,1.0364259662563853,15.384615384615389,0.0,-0.0087719298245614,-0.028325746079919,-0.0414171656686626,-0.0638401559454191,-0.0737704918032786,0.049453409682457,536
2025-11-03,0.0067673086933888,-0.0217501264542235,-0.064796905222437,-0.064796905222437,-0.022174070061394,-0.1130881408786572,-0.1214105081443418,-0.026929927854178,-0.0112645885655192,-0.0110726269450257,0.0252381672963339,0.0196483971044467,0.9809021965428344,20.614035087719287,0.104,0.0067673086933888,-0.002063983488132,-0.0217501264542235,-0.0647969052224371,-0.0647969052224371,0.0413650465356773,536
2025-11-04,-0.0093071354705274,-0.0113519091847265,-0.0635386119257087,-0.0735009671179883,-0.0220925993437841,-0.1133460850249892,-0.1280648439830709,-0.0267407662020109,-0.0097487324783775,-0.0108963566570139,0.0224116451841312,0.0146137787056367,0.8642736088292259,19.10569105691057,0.0,-0.0093071354705274,-0.0026028110359187,-0.0113519091847265,-0.0635386119257087,-0.0735009671179884,0.0391440501043841,536
2025-11-05,-0.0078288100208768,-0.0104112441436752,-0.0612345679012346,-0.0886864813039309,-0.0208961812964462,-0.1116960795003193,-0.1328433857070451,-0.0266638928883551,-0.0081723904711806,-0.0105328323773156,0.0191429440583491,0.0126249342451341,0.9825969358713356,11.934156378600832,0.0,-0.0078288100208768,-0.0170630816959669,-0.0104112441436751,-0.0612345679012345,-0.0886864813039309,0.0531299316149395,536
2025-11-06,0.0241977906365071,0.0067218200620475,-0.0284431137724551,-0.0661870503597122,0.0070193586522831,-0.0822675423435879,-0.1100829837587478,-0.0229856812895775,-0.0031000073372954,-0.0096414837464214,0.012604781728098,0.0143810991268618,0.9087545976320592,26.04166666666667,0.6052631578947368,0.0241977906365071,0.0161795407098121,0.0067218200620475,-0.028443113772455,-0.0661870503597122,0.0277349768875192,536
2025-11-07,0.0118130457113507,0.0281837160751565,-0.0035407182599899,-0.0492277992277991,0.0194425962889037,-0.0640737338865486,-0.0979853479853479,-0.0184474594827425,0.0020848440899201,-0.0088052715086701,0.0114367526598378,0.0167512690355329,1.0914254170742066,32.88590604026845,1.0,0.0118130457113507,0.0362966859547606,0.0281837160751565,-0.0035407182599898,-0.0492277992277992,0.0081218274111675,536
2025-11-08,0.0040609137055838,0.0405049973698052,0.020639834881321,-0.0398058252427184,0.0205646052922532,-0.0525458638693298,-0.092910208199578,-0.0144020376713559,0.0049472771919688,-0.0078301809335392,0.0143927520355343,0.0146612740141557,1.1870496293789357,36.054421768707485,1.0,0.0040609137055837,0.0159219311761684,0.0405049973698053,0.0206398348813209,-0.0398058252427184,-0.0273003033367037,536
2025-11-09,0.0192113245702729,0.0354391371340523,0.049453409682457,-0.0175438596491228,0.0329380764163372,-0.0271678810982966,-0.0744179402942437,-0.0090347105013281,0.0077770691609977,-0.0065768622984974,0.0195722383394941,0.021329365079365,1.232035989194593,44.44444444444444,1.0,0.019211324570273,0.0233502538071065,0.0354391371340523,0.049453409682457,-0.0175438596491228,-0.0476190476190476,536
2025-11-10,-0.0009920634920634,0.0223350253807106,0.0413650465356774,-0.0261121856866537,0.0259059816620579,-0.021459227467811,-0.074410719392132,-0.0053721374673189,0.0098418215349694,-0.0055178820558648,0.0221986333864688,0.0163853028798411,0.8790958127593826,41.29032258064516,0.982608695652174,-0.0009920634920634,0.0182002022244691,0.0223350253807106,0.0413650465356773,-0.0261121856866537,-0.0501489572989076,536
2025-11-11,-0.0114200595829195,0.0065722952477249,0.039144050104384,-0.0268817204301075,0.0086849533183758,-0.0264058679706601,-0.0841251424745334,-0.0041685330862746,0.0080720384587788,-0.004663700780319,0.0202393370147126,0.0210949271722752,0.95235034374924,41.15755627009646,0.782608695652174,-0.0114200595829195,-0.0124007936507936,0.0065722952477249,0.0391440501043841,-0.0268817204301075,-0.052737317930688,536
2025-11-12,0.0055248618784531,-0.0069444444444444,0.0531299316149393,-0.011358024691358,0.0068975427503952,-0.0159099474037783,-0.0785092900869938,-0.0026012259751391,0.0043349507635222,-0.0038258737925034,0.012519819300355,0.0164835164835164,0.7035447568956331,46.17940199335549,0.7971014492753623,0.005524861878453,-0.0059582919563058,-0.0069444444444444,0.0531299316149395,-0.011358024691358,-0.0749250749250749,536
2025-11-13,-0.0004995004995005,-0.0064548162859979,0.0277349768875192,-0.0014970059880239,0.00250501002004,-0.0122420772040675,-0.0785360137945854,-0.0015551887859744,0.0020703933747412,-0.0031646023484364,0.0086799370115995,0.0149925037481259,0.524431846877106,49.46619217081851,0.6739130434782609,-0.0004995004995004,0.0050226017076845,-0.006454816285998,0.0277349768875192,-0.0014970059880239,-0.1149425287356321,536
2025-11-14,-0.0074962518740629,-0.0025113008538423,0.0081218274111674,0.0045523520485584,-0.0061481269659708,-0.0163122440892881,-0.0851252232931192,-0.0017023566570847,-0.0003236944324558,-0.0027406528681863,0.0071132805687967,0.0186304128902316,0.1836495367158212,51.67286245353159,0.2105263157894736,-0.0074962518740629,-0.0079920079920079,-0.0025113008538422,0.0081218274111675,0.0045523520485584,-0.12134944612286,536
2025-11-15,-0.0312185297079556,-0.0389610389610389,-0.0273003033367037,-0.0072239422084623,-0.033443375915028,-0.0432144810781242,-0.1131960484065081,-0.0053935528373913,-0.0059771309771309,-0.0026237283745626,0.0162814346529422,0.0218295218295218,0.3695575184125254,47.602739726027394,0.0,-0.0312185297079556,-0.0384807596201899,-0.0389610389610389,-0.0273003033367037,-0.0072239422084623,-0.0966735966735966,536
2025-11-16,-0.002079002079002,-0.04047976011994,-0.0476190476190476,-0.0005205622071837,-0.0287613817025581,-0.0420595719203711,-0.1144501442605813,-0.0078771800375434,-0.0080357142857143,-0.002549939747868,0.0200648826652342,0.0182291666666666,0.2289106137884461,49.82078853046595,0.0,-0.002079002079002,-0.0332326283987915,-0.04047976011994,-0.0476190476190476,-0.0005205622071837,-0.0973958333333333,536
2025-11-17,-0.0036458333333333,-0.0367573011077543,-0.0501489572989076,-0.0108583247156153,-0.0251874499526824,-0.0428140167119768,-0.1170225860052926,-0.009668070113291,-0.0088678963482936,-0.0025762492680779,0.0214956567618388,0.0135912179822268,0.2696965059031656,46.15384615384615,0.0,-0.0036458333333333,-0.0057172557172557,-0.0367573011077542,-0.0501489572989076,-0.0108583247156153,-0.0893883951907997,536
2025-11-18,-0.0141139571353894,-0.0197505197505197,-0.0527373179306881,-0.0156576200417536,-0.0315434272300469,-0.0533554183606886,-0.1286805470001231,-0.0121561779489463,-0.0111725496136948,-0.0027223602990007,0.0252396716677899,0.0201484623541887,0.6067732765203776,44.680851063829785,0.0,-0.0141139571353894,-0.0177083333333333,-0.0197505197505197,-0.052737317930688,-0.0156576200417536,-0.0737009544008483,536
2025-11-19,-0.0180275715800636,-0.0354166666666666,-0.0749250749250749,-0.0257759074171488,-0.0384215991692627,-0.0670495189159235,-0.1435794146662282,-0.0154709018222467,-0.0126889848812095,-0.0029791921429378,0.0283241528318993,0.0199784017278617,1.3588550958186063,41.860465116279066,0.0,-0.0180275715800636,-0.0318870883429168,-0.0354166666666666,-0.0749250749250749,-0.0257759074171488,-0.0631749460043196,536
2025-11-20,-0.0437365010799135,-0.0742289597490851,-0.1149425287356321,-0.0903954802259887,-0.0645185632357379,-0.1033819360064803,-0.1799196332559849,-0.0221786574239374,-0.016596757279987,-0.0035725748353305,0.0381247638473865,0.0079051383399209,0.0184041858477712,23.80952380952381,0.0,-0.0437365010799136,-0.0609756097560975,-0.0742289597490852,-0.1149425287356321,-0.0903954802259887,-0.0457368718238283,536
2025-11-21,-0.0146809712027102,-0.0747613997879109,-0.12134944612286,-0.1142131979695431,-0.0611790023825993,-0.1114317236696935,-0.190747573015644,-0.0275945345383822,-0.0183381088825215,-0.0040389990788874,0.0420982006336166,0.0160458452722063,2.7044263730274447,16.8141592920354,0.0,-0.0146809712027103,-0.0577753779697624,-0.0747613997879109,-0.12134944612286,-0.1142131979695431,-0.0739255014326647,536
2025-11-22,-0.0040114613180515,-0.0615550755939524,-0.0966735966735966,-0.1213346814964611,-0.0513840155945418,-0.1097527660155716,-0.1927001347048106,-0.0307916296354799,-0.0204874239684366,-0.004412779318793,0.0456367807550134,0.0172612197928653,2.447939582999589,14.497041420118336,0.0,-0.0040114613180515,-0.0186335403726708,-0.0615550755939524,-0.0966735966735966,-0.121334681496461,-0.0759493670886076,536
2025-11-23,-0.0028768699654775,-0.0214568040654997,-0.0973958333333333,-0.140376984126984,-0.0401171071372052,-0.1071459238523759,-0.1936534524474222,-0.0322790232961501,-0.0194336823015415,-0.0047653127441082,0.0439845528960237,0.0207732256203116,1.8173502087736009,3.606557377049171,0.0,-0.0028768699654775,-0.0068767908309455,-0.0214568040654997,-0.0973958333333333,-0.1403769841269841,-0.0663589151759953,536
2025-11-24,0.0051933064050779,-0.0017191977077364,-0.0893883951907997,-0.1350546176762661,-0.0218978102189781,-0.0975807704926524,-0.1882025817208364,-0.0316597175734515,-0.0144128259799901,-0.0050063279904065,0.0356467846068072,0.026406429391504,1.7848696179736654,6.410256410256409,0.0588235294117647,0.0051933064050779,0.002301495972382,-0.0017191977077363,-0.0893883951907997,-0.1350546176762661,-0.0929965556831228,536
2025-11-25,0.0028702640642939,0.0051783659378596,-0.0737009544008483,-0.1225514816675037,-0.0080304996755353,-0.0901989376106655,-0.1845424558637428,-0.0299151562085371,-0.0078706353749284,-0.005189000307535,0.0239534395265196,0.0183171150543789,1.1720040749692426,8.503401360544217,0.1176470588235294,0.0028702640642939,0.0080784766301211,0.0051783659378596,-0.0737009544008483,-0.1225514816675037,-0.1047510017172295,536
2025-11-26,-0.0068689181453921,0.0011540680900172,-0.0631749460043196,-0.1333666333666333,-0.0054049627385143,-0.0911948038342674,-0.1888016707101037,-0.0286035692059075,-0.0020584602717167,-0.0053260587332066,0.0073650316258443,0.0138328530259366,1.3159713640145063,4.745762711864416,0.0526315789473684,-0.0068689181453921,-0.0040183696900114,0.0011540680900173,-0.0631749460043196,-0.1333666333666333,-0.0910662824207492,536
2025-11-27,-0.0259365994236311,-0.0298507462686566,-0.0457368718238283,-0.1554222888555722,-0.0247320692497939,-0.109229228525748,-0.2084144348568277,-0.0298309530585174,-0.0033178360101437,-0.0057456345314649,0.011582269396487,0.0260355029585798,1.1557821695894146,4.129793510324475,0.0,-0.0259365994236311,-0.0326273611906124,-0.0298507462686567,-0.0457368718238283,-0.1554222888555722,-0.0615384615384615,536
2025-11-28,-0.0437869822485207,-0.0749856897538637,-0.0739255014326647,-0.1863041289023161,-0.057411882343138,-0.1420683796984497,-0.2413699573322762,-0.034730529857774,-0.0101440947666195,-0.0065862509499003,0.029276314573125,0.0235148514851485,1.2029459847874224,3.517587939698487,0.0,-0.0437869822485207,-0.0685878962536023,-0.0749856897538637,-0.0739255014326647,-0.1863041289023162,-0.0222772277227722,536
2025-11-29,-0.0061881188118811,-0.0743515850144092,-0.0759493670886075,-0.1652806652806653,-0.0528266913809083,-0.141329531277847,-0.2443222217574972,-0.0376251865989495,-0.0153442447962995,-0.0072254075027324,0.0378254806261409,0.0186799501867995,1.2042745314682726,4.04624277456648,0.0,-0.0061881188118811,-0.0497041420118343,-0.0743515850144092,-0.0759493670886076,-0.1652806652806653,-0.012453300124533,536
2025-11-30,0.0074719800747198,-0.0426035502958579,-0.0663589151759953,-0.1572916666666667,-0.0364131359537178,-0.1293429714265214,-0.2369764102994036,-0.0375473834579176,-0.017062511036553,-0.0077233184516239,0.0397899846235799,0.0123609394313967,1.038796016062654,7.344632768361592,0.0851063829787234,0.0074719800747198,0.0012376237623762,-0.0426035502958579,-0.0663589151759953,-0.1572916666666666,-0.0506798516687268,536
2025-12-01,-0.0234857849196539,-0.0222772277227722,-0.0929965556831228,-0.1740721380031364,-0.0458937198067632,-0.1442962107125449,-0.2530414136532684,-0.039011866871243,-0.0185126582278481,-0.008698131538559,0.0424554144044463,0.0145569620253164,1.2325725197841684,6.753246753246756,0.0,-0.0234857849196538,-0.0161892901618929,-0.0222772277227722,-0.0929965556831228,-0.1740721380031364,-0.0367088607594936,536
2025-12-02,-0.010126582278481,-0.0261519302615192,-0.1047510017172295,-0.1707317073170732,-0.0404066964677009,-0.1474671124354967,-0.2587599658764178,-0.0399247502848195,-0.0166925465838509,-0.0096233666847791,0.0390644006987789,0.018542199488491,1.146341136548585,6.951871657754012,0.0,-0.010126582278481,-0.0333745364647713,-0.0261519302615193,-0.1047510017172295,-0.1707317073170731,-0.0204603580562659,536
2025-12-03,0.0083120204603579,-0.0253399258343633,-0.0910662824207493,-0.1484881209503239,-0.0188427695315971,-0.134768375427495,-0.2508353083383037,-0.0383455606641092,-0.0106214331008243,-0.0101626340265341,0.0266145075951884,0.0114140773620798,0.2489562787185454,11.048158640226632,0.1031746031746031,0.008312020460358,-0.0018987341772151,-0.0253399258343634,-0.0910662824207492,-0.148488120950324,-0.0259987317691819,536
2025-12-04,0.00570703868104,0.0037974683544304,-0.0615384615384615,-0.1044607566346697,-0.0040369606172063,-0.1245469097867486,-0.24476590070952,-0.0354341072545949,-0.004548729958566,-0.010661558941068,0.0132150970556317,0.0132408575031525,0.2299017348164287,17.081850533807824,0.4074074074074074,0.0057070386810399,0.0140664961636828,0.0037974683544303,-0.0615384615384615,-0.1044607566346696,-0.0290037831021437,536
2025-12-05,-0.0037831021437578,0.0102301790281329,-0.0222772277227722,-0.0945558739255014,-0.0045900459004589,-0.1226771303768416,-0.2457553849989126,-0.0328224693117094,-0.0032775768535262,-0.0112577969896228,0.0116972475520519,0.0082278481012658,0.7615562965219304,18.39080459770115,0.2962962962962963,-0.0037831021437578,0.0019023462270133,0.0102301790281329,-0.0222772277227722,-0.0945558739255014,-0.0341772151898734,536
2025-12-06,0.0037974683544304,0.00570703868104,-0.012453300124533,-0.0874568469505178,0.0009917951492201,-0.1134216557661133,-0.2409263740062218,-0.0296116513739541,-0.0016663664204648,-0.0114543692234751,0.0104360068782375,0.0151324085750315,0.3740333643568729,20.76923076923076,0.4074074074074074,0.0037974683544303,0.0,0.0057070386810399,-0.012453300124533,-0.0874568469505178,-0.0403530895334174,536
2025-12-07,-0.0315258511979823,-0.0315258511979823,-0.0506798516687267,-0.1136757068667051,-0.0233445362884912,-0.1343715364529521,-0.2626846088612252,-0.0302323599822916,-0.0019763764880951,-0.0120763521968854,0.0115897259516595,0.0227864583333333,1.8410505939377275,17.704918032786892,0.0,-0.0315258511979823,-0.0278481012658227,-0.0315258511979823,-0.0506798516687268,-0.1136757068667051,-0.0110677083333333,536
2025-12-08,-0.0091145833333333,-0.0367088607594936,-0.0367088607594936,-0.1262916188289322,-0.0271208108848506,-0.1348504083218068,-0.2670672523850546,-0.0307308573442711,-0.0048807959451848,-0.0123350664119426,0.0168361228479124,0.0216819973718791,1.8483051403305908,14.516129032258064,0.0,-0.0091145833333333,-0.0403530895334174,-0.0367088607594936,-0.0367088607594936,-0.1262916188289322,-0.0026281208935611,536
2025-12-09,0.0065703022339027,-0.0340479192938208,-0.020460358056266,-0.1230681167716084,-0.0178587782763989,-0.1211060753829384,-0.2598596803890728,-0.0293363198390864,-0.0071568444610219,-0.0120556057354124,0.0185483848146327,0.0150130548302872,1.2938050770079643,15.873015873015872,0.15625,0.0065703022339027,-0.0026041666666666,-0.0340479192938209,-0.0204603580562659,-0.1230681167716084,-0.0169712793733681,536
2025-12-10,0.0026109660574411,0.0,-0.0259987317691819,-0.1146974063400576,-0.0115830115830115,-0.1106822348740712,-0.2554893122000872,-0.0271772711552845,-0.0072079613095238,-0.0116777611698183,0.0185670569759032,0.017578125,1.1777872444391653,17.589576547231275,0.21875,0.0026109660574412,0.0091984231274638,0.0,-0.0259987317691819,-0.1146974063400576,-0.0416666666666666,536
2025-12-11,0.0026041666666667,0.011826544021025,-0.0290037831021438,-0.0887573964497041,-0.0048005908419497,-0.100537341328557,-0.2510982271668711,-0.0245802295457624,-0.0051948051948051,-0.011250018057582,0.016233147792829,0.0181818181818181,0.2766865372298466,21.80451127819548,0.28125,0.0026041666666666,0.0052219321148825,0.0118265440210249,-0.0290037831021437,-0.0887573964497041,-0.0597402597402597,536
2025-12-12,-0.009090909090909,-0.0039164490861618,-0.0341772151898733,-0.0556930693069307,-0.0089070328446836,-0.1003772991667976,-0.2553635619364667,-0.0231394930813236,-0.0036978093989889,-0.0108301491244823,0.0139818540735879,0.0150720838794233,0.8810164416162285,28.15533980582524,0.0625,-0.009090909090909,-0.0065104166666666,-0.0039164490861618,-0.0341772151898734,-0.0556930693069306,-0.0458715596330275,536
2025-12-13,-0.0026212319790301,-0.0091145833333333,-0.0403530895334174,-0.0523038605230385,-0.0056001493373157,-0.0942093673748735,-0.2546482459911088,-0.0217495076790168,-0.000610099493148,-0.0102164910931843,0.0047811029335712,0.0157687253613666,0.892787904370222,29.0,0.0,-0.0026212319790301,-0.0116883116883116,-0.0091145833333333,-0.0403530895334174,-0.0523038605230386,-0.0407358738501971,536
2025-12-14,-0.0019710906701708,-0.0136363636363636,-0.0110677083333333,-0.0611866501854141,-0.0059829858838926,-0.0875415481959072,-0.2534240590663841,-0.020361647569174,-0.0009169566444088,-0.0095338174740275,0.0052450260980611,0.0157998683344305,0.962118320102856,24.083769633507856,0.0,-0.0019710906701708,-0.0045871559633027,-0.0136363636363636,-0.0110677083333333,-0.061186650185414,-0.032258064516129,536
2025-12-15,-0.0006583278472679,-0.0052424639580602,-0.0026281208935611,-0.0392405063291139,-0.0062657813522866,-0.0806686046511628,-0.2512413543641964,-0.0188670208347078,-0.0022115565593826,-0.0089858296658122,0.0056650573259907,0.0177865612648221,1.005121829796279,29.87012987012988,0.0,-0.0006583278472679,-0.0026281208935611,-0.0052424639580602,-0.0026281208935611,-0.0392405063291139,-0.0461133069828722,536
2025-12-16,-0.0079051383399209,-0.0105124835742443,-0.0169712793733681,-0.0370843989769821,-0.0117183838005062,-0.0802491755221693,-0.2545292545292545,-0.0181935687103029,-0.0033437677859988,-0.0084485196034549,0.0076330283340854,0.0099601593625498,0.92135787947763,30.66666666666667,0.0,-0.0079051383399209,-0.0085582620144832,-0.0105124835742444,-0.0169712793733681,-0.0370843989769821,-0.046480743691899,536
2025-12-17,-0.0225763612217795,-0.0309414088215931,-0.0416666666666666,-0.066582117945466,-0.0281995661605206,-0.0928699081777285,-0.268599695249873,-0.0197854342603539,-0.0060170807453416,-0.0080773625284132,0.0145424569064161,0.0230978260869565,1.690529042123761,19.29824561403508,0.0,-0.0225763612217795,-0.0303030303030303,-0.0309414088215931,-0.0416666666666666,-0.066582117945466,-0.0190217391304347,536
2025-12-18,-0.0163043478260869,-0.0461133069828721,-0.0597402597402597,-0.0870113493064312,-0.0356769099039102,-0.0995584851688327,-0.2771886231530371,-0.0220736783014179,-0.0085586029992107,-0.0077355748253123,0.0206253949127883,0.0172651933701657,1.3521615615140206,12.903225806451616,0.0,-0.0163043478260869,-0.0385126162018592,-0.0461133069828722,-0.0597402597402597,-0.0870113493064312,0.0193370165745856,536
2025-12-19,0.0055248618784531,-0.0332005312084993,-0.0458715596330274,-0.0784810126582278,-0.0238482903936405,-0.0870900996927707,-0.2695244996934054,-0.0222514474176192,-0.0094682103610674,-0.0072117676539256,0.0219560370483254,0.0178571428571428,1.3072473966531484,17.02127659574468,0.1081081081081081,0.005524861878453,-0.0108695652173913,-0.0332005312084993,-0.0458715596330275,-0.0784810126582278,-0.0048076923076923,536
2025-12-20,0.0027472527472527,-0.0081521739130434,-0.040735873850197,-0.0794451450189155,-0.0153193949320744,-0.0785930663076405,-0.2634776857280584,-0.0213370666322133,-0.0087818003913894,-0.0069562832370823,0.0210245870153764,0.0116438356164383,1.142783088928367,16.129032258064512,0.1690140845070422,0.0027472527472527,0.0082872928176795,-0.0081521739130434,-0.0407358738501971,-0.0794451450189155,0.0013698630136986,536
2025-12-21,0.0068493150684931,0.0151933701657458,-0.032258064516129,-0.04296875,-0.0038722168441433,-0.066883900044434,-0.2540511282265248,-0.0192540772816982,-0.0061224489795918,-0.0066587970004464,0.0179025522871772,0.0149659863945578,0.9891163737989443,27.39726027397259,0.3142857142857143,0.0068493150684931,0.0096153846153846,0.0151933701657458,-0.032258064516129,-0.04296875,-0.0163265306122449,536
2025-12-22,-0.0149659863945578,-0.0054945054945054,-0.0461133069828721,-0.0486202365308804,-0.0120857699805068,-0.0751740435587916,-0.2605579859397076,-0.019009491664506,-0.004094317284925,-0.0065528610672386,0.0139137280714172,0.0193370165745856,0.5094519399814451,25.974025974025977,0.0,-0.0149659863945578,-0.0082191780821917,-0.0054945054945054,-0.0461133069828722,-0.0486202365308804,0.0151933701657458,536
2025-12-23,-0.0082872928176795,-0.0164383561643836,-0.046480743691899,-0.06266318537859,-0.0135426889106968,-0.0770021853708702,-0.2619664904005391,-0.0191930870717955,-0.0023378432152805,-0.0063868550943326,0.0089696394440635,0.0174094707520891,0.8634367460601722,19.23076923076924,0.0,-0.0082872928176795,-0.0231292517006802,-0.0164383561643835,-0.046480743691899,-0.06266318537859,0.0487465181058495,536
2025-12-24,0.0055710306406684,-0.0176870748299319,-0.0190217391304348,-0.0598958333333333,-0.0053139145837434,-0.0658961531826806,-0.2533308819727324,-0.0180514789513421,-0.001582904629996,-0.0059616871932187,0.007770588030863,0.0124653739612188,0.4608192292084161,21.25,0.2352941176470588,0.0055710306406685,-0.0027624309392265,-0.0176870748299319,-0.0190217391304347,-0.0598958333333333,0.0401662049861495,536
2025-12-25,0.0221606648199446,0.0193370165745856,0.0193370165745856,-0.0415584415584415,0.0139352306182531,-0.0395835592668907,-0.2324182523127416,-0.0141498348003133,-0.0001451800232288,-0.0051980369636844,0.009658644922176,0.0210027100271002,0.4965463737192065,32.97872340425532,1.0,0.0221606648199446,0.0278551532033426,0.0193370165745856,0.0193370165745856,-0.0415584415584415,0.018970189701897,536
2025-12-26,-0.0182926829268292,0.0090529247910864,-0.0048076923076922,-0.0504587155963303,-0.0039281154865953,-0.051266941661756,-0.2421548117154811,-0.0132988570377817,-0.0006161885043871,-0.0047427898953749,0.0099907398723212,0.017943409247757,0.4690468230358623,30.8457711442786,0.325,-0.0182926829268292,0.0034626038781163,0.0090529247910863,-0.0048076923076923,-0.0504587155963302,0.0351966873706004,536
2025-12-27,0.0089717046238786,0.0124653739612188,0.0013698630136986,-0.0394218134034165,0.0048109965635738,-0.0379680200039481,-0.2308951263136975,-0.01126487151672,0.0004397107680281,-0.004221288587867,0.0099981814634809,0.0184678522571819,0.5449803968840811,35.71428571428572,0.65,0.0089717046238785,-0.0094850948509485,0.0124653739612188,0.0013698630136986,-0.0394218134034165,0.0355677154582763,536
2025-12-28,-0.0109439124487004,-0.0203252032520325,-0.0163265306122448,-0.0480579328505595,-0.0038382049010924,-0.0449351621496664,-0.2345921530109923,-0.0108487566064486,0.0012596324836989,-0.0041375310203284,0.0091733778213853,0.0110650069156293,0.9435297976734052,33.632286995515685,0.25,-0.0109439124487004,-0.0020703933747412,-0.0203252032520325,-0.0163265306122449,-0.0480579328505595,0.0484094052558782,536
2025-12-29,0.0165975103734439,0.0144927536231884,0.0151933701657458,-0.0316205533596838,0.0105077089266423,-0.0261676051672739,-0.2171273366352452,-0.0082960803519274,0.0022351797862001,-0.0038317707505694,0.0100649186667236,0.0217687074829931,0.7609546598812189,40.2439024390244,0.85,0.0165975103734439,0.0054719562243502,0.0144927536231884,0.0151933701657458,-0.0316205533596837,0.0564625850340136,536
2025-12-30,0.0244897959183674,0.0300957592339261,0.0487465181058495,0.0,0.0281868721349848,0.0001549598211321,-0.1932286923447795,-0.0034943927620596,0.0040552077404666,-0.0032583053030739,0.0145816203194858,0.0232403718459495,1.0692368928357223,50.0,1.0,0.0244897959183673,0.0414937759336099,0.0300957592339261,0.0487465181058495,0.0,0.0345285524568393,536
2025-12-31,-0.0026560424966799,0.0387275242047027,0.0401662049861495,0.0203804347826086,0.0196877121520706,-0.0007761392615589,-0.1906503894673188,-0.0005882480444525,0.0047555640098915,-0.0029423134745071,0.0157879950393904,0.0179760319573901,1.1244892036813268,56.25,0.9333333333333332,-0.0026560424966799,0.0217687074829931,0.0387275242047026,0.0401662049861495,0.0203804347826086,0.0446071904127829,536
2026-01-01,0.0013315579227697,0.0231292517006802,0.018970189701897,0.0386740331491712,0.0182802979011509,0.0018874208948595,-0.1848680288331255,0.0014695663882006,0.0072425911854103,-0.0026558765058102,0.0176207262502993,0.0126329787234042,0.0671605493245825,62.84403669724771,0.9666666666666668,0.0013315579227696,-0.0013280212483399,0.0231292517006802,0.018970189701897,0.0386740331491712,0.0558510638297872,536
2026-01-02,-0.002659574468085,-0.0039840637450199,0.0351966873706004,0.0302197802197801,0.0105871029836381,0.000934205258241,-0.182090818212111,0.0024389036867832,0.0062380952380952,-0.0023193177604746,0.016301394104082,0.0133333333333333,1.0124068095589958,60.2803738317757,0.9,-0.0026595744680851,-0.0013315579227696,-0.0039840637450199,0.0351966873706004,0.0302197802197802,0.0613333333333333,536
2026-01-03,0.0093333333333334,0.0079893475366179,0.0355677154582763,0.036986301369863,0.0149396667305113,0.0118968052399411,-0.1694653882959594,0.0040783202344331,0.006180411398377,-0.0018341236336278,0.0161506546605832,0.0165125495376486,3.1427563634760696,62.05357142857144,1.0,0.0093333333333333,0.0066489361702127,0.0079893475366178,0.0355677154582763,0.036986301369863,0.0462351387054161,536
2026-01-04,0.0013210039630118,0.0079787234042554,0.0484094052558783,0.0312925170068028,0.0095129375951293,0.0146802909285619,-0.1632066040686656,0.0051563435413045,0.0035808518658123,-0.0013662204560329,0.0100306826481743,0.012532981530343,0.766706983405564,60.64814814814815,1.0,0.0013210039630118,0.0106666666666666,0.0079787234042553,0.0484094052558782,0.0312925170068027,0.0415567282321899,536
2026-01-05,0.0244063324538259,0.0353333333333334,0.0564625850340136,0.0725138121546962,0.0260500235960358,0.0402107660363035,-0.1377651108561276,0.0085374709388667,0.0041164566277251,-0.000680587359354,0.0118373993547574,0.0180296200901481,0.847079981866261,72.72727272727272,1.0,0.0244063324538258,0.0257595772787318,0.0353333333333333,0.0564625850340136,0.0725138121546961,0.0218931101094655,536
2026-01-06,0.0032195750160979,0.0290620871862614,0.0345285524568392,0.084958217270195,0.0243261012491781,0.0430474660239673,-0.1300949190396426,0.0108023067240775,0.0064643315606088,-0.0002186140355637,0.0156300329421209,0.0141206675224646,2.051404265743635,77.23214285714286,1.0,0.0032195750160978,0.0277044854881266,0.0290620871862615,0.0345285524568393,0.0849582172701949,0.0102695763799743,536
2026-01-07,0.0070603337612322,0.0349604221635884,0.0446071904127829,0.0865650969529086,0.0251073361956318,0.0493111596593695,-0.1189023248848789,0.0127250723825067,0.0079668578712556,0.0002169395780737,0.0181387267991542,0.0063734862970044,0.1953859999603317,77.5330396475771,1.0,0.0070603337612323,0.0103026400515132,0.0349604221635883,0.0446071904127829,0.0865650969529086,0.0006373486297004,536
2026-01-08,0.0121096239643083,0.022537025112685,0.0558510638297873,0.075880758807588,0.0294498981292831,0.0606937703166049,-0.103252685473346,0.0149558006879586,0.009355883411299,0.0007506241191584,0.0206367838077264,0.019521410579345,0.6724869521643917,76.16822429906541,1.0,0.0121096239643084,0.0192554557124518,0.0225370251126851,0.0558510638297872,0.075880758807588,-0.0113350125944584,536
2026-01-09,0.0025188916876575,0.0218228498074455,0.0613333333333332,0.0986887508626639,0.0233241505968778,0.0620413609072715,-0.0961963035387623,0.016171491798271,0.0088388370423546,0.0013015578448415,0.0196395343529312,0.0169597989949748,0.4984428642641226,87.43455497382199,1.0,0.0025188916876574,0.0146590184831102,0.0218228498074454,0.0613333333333333,0.0986887508626639,-0.0094221105527638,536
2026-01-10,-0.0050251256281407,0.0095602294455066,0.046235138705416,0.0834473324213407,0.0116788321167882,0.0556715688452481,-0.0961655508216676,0.0158027041604939,0.0070346320346319,0.00183284457478,0.0167534625754768,0.0132575757575757,0.8412165969915724,82.79569892473118,0.8947368421052632,-0.0050251256281407,-0.0025188916876574,0.0095602294455066,0.0462351387054161,0.0834473324213406,-0.005050505050505,536
2026-01-11,-0.0031565656565656,-0.0056675062972292,0.04155672823219,0.0919778699861686,0.002721582146421,0.0511016930348148,-0.0947600422967652,0.0146547933024349,0.0034605989324165,0.0022710477689304,0.0095468135342405,0.0177327422419252,1.5259759904439194,88.0,0.6666666666666666,-0.0031565656565656,-0.0081658291457286,-0.0056675062972292,0.0415567282321899,0.0919778699861687,0.0006333122229259,536
2026-01-12,0.0050664977834071,-0.0031407035175879,0.0218931101094654,0.0795918367346939,0.0047029031382833,0.0549056102100504,-0.0862681124652144,0.0140079954783702,0.0023179404086777,0.0026900995505052,0.0076212118061748,0.013862633900441,1.8870737214072544,86.79245283018868,0.8529411764705882,0.0050664977834072,0.0018939393939393,-0.0031407035175879,0.0218931101094655,0.0795918367346938,-0.0144927536231884,536
2026-01-13,-0.0081915563957152,-0.0063131313131312,0.0102695763799742,0.045152722443559,-0.0049670369366928,0.0449908159426383,-0.0901558796893967,0.0121533297379037,-7.46951204473405e-17,0.0030615691867145,0.0052316733397759,0.0152477763659466,2.15047861959234,75.0,0.217391304347826,-0.0081915563957151,-0.0031665611146295,-0.0063131313131313,0.0102695763799743,0.0451527224435591,0.0114358322744599,536
2026-01-14,-0.002541296060991,-0.0056998100063331,0.0006373486297004,0.0452729693741678,-0.0075853350189633,0.0411370719954021,-0.0889866023648953,0.0102464727121994,-0.0019790718835304,0.0033830937418079,0.0050822544389905,0.0140127388535031,1.45275939478706,75.0,0.0,-0.0025412960609911,-0.0107120352867044,-0.0056998100063331,0.0006373486297004,0.0452729693741677,0.0171974522292993,536
2026-01-15,0.0,-0.0107120352867045,-0.0113350125944584,0.0438829787234043,-0.0059696092619391,0.0396662472683928,-0.085756434644202,0.0086659750713394,-0.0022520473157415,0.0036293687961854,0.0054774248540465,0.0152866242038216,0.9703085239942616,74.6268656716418,0.0,0.0,-0.0025412960609911,-0.0107120352867044,-0.0113350125944584,0.0438829787234042,0.0363057324840764,536
2026-01-16,0.0044585987261147,0.0019059720457432,-0.0094221105527638,0.0513333333333332,-0.0001811430124082,0.0418868921775899,-0.0786518312711787,0.0078688876637357,-0.0012682308180088,0.0037203318278676,0.0041696690263764,0.0126823081800887,1.2500722397496342,78.10218978102189,0.4117647058823529,0.0044585987261146,0.0044585987261146,0.0019059720457433,-0.0094221105527638,0.0513333333333333,0.1033608116677235,536
2026-01-17,-0.0006341154090044,0.0038216560509554,-0.005050505050505,0.0409511228533685,-9.063717937095736e-05,0.0382993675333802,-0.0762497720582489,0.0070136427130296,-0.0007478245105148,0.0036910724267798,0.003725661745797,0.0095177664974619,1.4149024019539245,75.0,0.3529411764705882,-0.0006341154090044,0.0038216560509554,0.0038216560509554,-0.005050505050505,0.0409511228533685,0.1180203045685279,536
2026-01-18,0.0025380710659899,0.0063694267515923,0.0006333122229258,0.04221635883905,0.0023563530904477,0.038107752956636,-0.070952567620541,0.0065196064197377,-0.0002260397830017,0.0036653947424001,0.0037747966990756,0.010126582278481,1.268501891231005,75.39682539682539,0.5882352941176471,0.0025380710659898,0.0019023462270133,0.0063694267515923,0.0006333122229259,0.0422163588390501,0.1253164556962025,536
2026-01-19,-0.010126582278481,-0.0082435003170576,-0.0144927536231883,0.0070830650354152,-0.0057215511760966,0.025260029717682,-0.0773224258632895,0.0047957275378011,-9.1340884179768e-05,0.0036027527033447,0.0034432000047115,0.0159846547314578,1.157510211272606,55.23809523809524,0.0,-0.010126582278481,-0.0076142131979695,-0.0082435003170577,-0.0144927536231884,0.0070830650354153,0.1451406649616368,536
2026-01-20,0.0179028132992327,0.0101522842639594,0.0114358322744598,0.0218228498074455,0.0104270559434218,0.0408403434598788,-0.0577527587431442,0.0055892769201068,0.0012787150035894,0.0035687335453686,0.0056632280422593,0.0119346733668341,0.6723594598444972,63.28125,1.0,0.0179028132992327,0.0075949367088607,0.0101522842639593,0.0114358322744599,0.0218228498074454,0.1783919597989949,536
2026-01-21,0.0031407035175878,0.0107594936708861,0.0171974522292994,0.0178457616316125,0.0111251808972504,0.0407298794395568,-0.0517503001834087,0.0062826435665567,0.0022139726272475,0.0034780173893903,0.0072831801662133,0.0175328741390106,0.3438406774653371,61.475409836065566,1.0,0.0031407035175879,0.0210997442455242,0.010759493670886,0.0171974522292993,0.0178457616316124,0.171571696931747,536
2026-01-22,0.018785222291797,0.0402813299232736,0.0363057324840765,0.0245591939546598,0.0248357779177539,0.0558992774628997,-0.0310926427092087,0.0087181262002623,0.0044780050926332,0.003363157725616,0.012600412453408,0.0159803318992009,0.4009197888258469,64.66165413533835,1.0,0.0187852222917971,0.0219849246231155,0.0402813299232736,0.0363057324840764,0.0245591939546599,0.1880762138905962,536
2026-01-23,0.0694529809465274,0.0929648241206029,0.1033608116677236,0.0929648241206029,0.0801702731465058,0.1220497828984136,0.0383995650126981,0.0181294414595309,0.0127052545155993,0.0034991625433111,0.0346808305088306,0.0178160919540229,0.3315438778522455,80.57851239669421,1.0,0.0694529809465273,0.0895428929242329,0.092964824120603,0.1033608116677235,0.092964824120603,0.1183908045977011,536
2026-01-24,0.0126436781609196,0.1033187226048841,0.1180203045685279,0.1123737373737374,0.0760774733903333,0.12929413775423,0.0535547007354552,0.0249863840514607,0.0189111399383817,0.0039365217248575,0.0454831125768027,0.0244040862656072,0.6565217405115261,84.765625,1.0,0.0126436781609195,0.0829748002458512,0.1033187226048841,0.1180203045685279,0.1123737373737373,0.1112372304199773,536
2026-01-25,0.0090805902383654,0.0928088506453594,0.1253164556962025,0.1260291323622546,0.0674099485420239,0.131595137577699,0.0651738346124915,0.0295394459504755,0.0225976217258556,0.0042595760068367,0.0510322585114354,0.0118110236220472,0.6591647143986393,87.26591760299625,1.0,0.0090805902383654,0.0218390804597701,0.0928088506453595,0.1253164556962025,0.1260291323622546,0.0922384701912261,536
2026-01-26,0.0073115860517434,0.0293103448275862,0.1451406649616369,0.1285444234404535,0.0546815849247076,0.1319681456200227,0.0747862962913571,0.0322554764957687,0.0218154263380393,0.0045996885925114,0.0496201121873709,0.0089335566722501,0.9967472662231388,87.5,1.0,0.0073115860517435,0.0164585698070374,0.0293103448275862,0.1451406649616368,0.1285444234404537,0.096035734226689,536
2026-01-27,0.0474595198213287,0.0646992054483541,0.1783919597989949,0.1918678526048285,0.078958179278613,0.1750459328545181,0.1269147338561655,0.0384791130178202,0.0229020712762716,0.0049009679079574,0.0516037305942929,0.0186567164179104,0.8965369827613919,93.8953488372093,1.0,0.0474595198213288,0.0551181102362204,0.0646992054483541,0.1783919597989949,0.1918678526048284,0.0511727078891258,536
2026-01-28,-0.0026652452025586,0.0523059617547807,0.1715716969317471,0.19171974522293,0.0523905182804338,0.1621839865830175,0.1249098148197632,0.0406731163505813,0.0197182560891806,0.005394080601464,0.0452058769712855,0.0160342063067878,0.8693597661640448,93.62318840579712,0.9799196787148594,-0.0026652452025586,0.0446677833612507,0.0523059617547806,0.171571696931747,0.1917197452229299,0.0587920897915553,536
2026-01-29,0.0331373597006947,0.07928531546622,0.1880762138905962,0.2312101910828026,0.0611716728099756,0.1901732205894425,0.162528065861221,0.0445556676606015,0.0165361022836449,0.0059287579980515,0.0371000416828249,0.0155199172271081,1.9795964781468465,94.5945945945946,1.0,0.0331373597006948,0.0303837953091684,0.0792853154662199,0.1880762138905962,0.2312101910828025,0.0212105535437144,536
2026-01-30,0.0067252974650802,0.0373134328358208,0.1183908045977011,0.2339885859226378,0.0513236088600756,0.1873576309794988,0.1702838509648794,0.0461915126909744,0.017288210248128,0.0065234067314716,0.0384685863766022,0.0190133607399794,0.7950651484714091,94.6731234866828,1.0,0.0067252974650801,0.0400855157669695,0.0373134328358208,0.1183908045977011,0.2339885859226379,0.0236382322713257,536
2026-01-31,0.0061664953751283,0.0464991982896847,0.1112372304199773,0.2423857868020305,0.0420436402341671,0.1837491435250494,0.1772093551468673,0.0462942732197262,0.0165438494090179,0.0070594838664228,0.0371017654672334,0.0020429009193054,1.4946507614676894,95.04716981132076,1.0,0.0061664953751284,0.0129332643559234,0.0464991982896846,0.1112372304199773,0.2423857868020304,0.0566905005107252,536
2026-02-01,-0.0081716036772216,0.0046559751681325,0.092238470191226,0.229113924050633,0.0208004805887212,0.1637104506232023,0.1675272710269136,0.0437215144591898,0.0127262027365013,0.00752707264852,0.0308886264596547,0.0128733264675592,2.073900264781869,91.5137614678899,0.9041916167664672,-0.0081716036772216,-0.0020554984583761,0.0046559751681324,0.0922384701912261,0.2291139240506329,0.0679711637487126,536
2026-02-02,0.0108135942327496,0.0087358684480987,0.0960357342266891,0.2551150895140666,0.018681888946549,0.1658384970205689,0.1797820338168123,0.041810959608772,0.0077869150716833,0.0078696145657964,0.0193044272251784,0.0142638818135506,0.5248647671182937,95.23809523809524,1.0,0.0108135942327497,0.0025536261491317,0.0087358684480986,0.096035734226689,0.2551150895140665,0.0259806418746816,536
2026-02-03,0.0045848191543556,0.0071501532175688,0.0511727078891257,0.2386934673366834,0.0161207213838792,0.1607055268888932,0.1846294528731335,0.0396578654592274,0.006501738626485,0.0081899654111961,0.0169751203447969,0.0096348884381338,0.8318551994347743,95.02369668246446,1.0,0.0045848191543555,0.015447991761071,0.0071501532175689,0.0511727078891258,0.2386934673366834,0.0466531440162271,536
2026-02-04,0.0045638945233266,0.0200823892893924,0.0587920897915552,0.2404508453350031,0.0125593282219788,0.1562931688619958,0.1897659706512382,0.0374269538067735,0.0036237109684863,0.0085631070250808,0.0086400059287945,0.0070671378091872,0.7616992984124024,95.07042253521126,1.0,0.0045638945233265,0.0091696383087111,0.0200823892893923,0.0587920897915553,0.2404508453350031,0.0312973245835436,536
2026-02-05,-0.0035335689045936,0.0056036678553235,0.0212105535437143,0.2132759680393361,0.0059697146185207,0.1429564009032483,0.1855302054625409,0.0342740965551456,0.0028947749312491,0.0089033971101516,0.007391720542668,0.008611955420466,1.293854046089557,93.05210918114145,0.8205128205128205,-0.0035335689045936,0.0010141987829614,0.0056036678553234,0.0212105535437144,0.2132759680393362,0.0420466058763931,536
2026-02-06,0.0091185410334346,0.0101419878296145,0.0236382322713257,0.1448275862068966,0.0117544623421854,0.144038594073053,0.1962287567307884,0.0321300542505311,0.0032989099254158,0.0091335307861032,0.0081794378040756,0.0065261044176706,0.2016078856421248,90.9090909090909,1.0,0.0091185410334346,0.00555275113579,0.0101419878296146,0.0236382322713257,0.1448275862068965,0.038152610441767,536
2026-02-07,0.0386546184738956,0.0444220090863201,0.0566905005107252,0.1742338251986379,0.0424674296408262,0.1774190488836618,0.2420292948427202,0.0341567658482563,0.0076123731271145,0.0093051137319754,0.019476897871,0.0164330594490091,0.090726753760291,92.28650137741047,1.0,0.0386546184738955,0.0481256332320162,0.04442200908632,0.0566905005107252,0.1742338251986379,0.0024166263895601,536
2026-02-08,0.0024166263895601,0.050658561296859,0.0679711637487125,0.1664791901012372,0.0351515151515151,0.1695708565950488,0.2445327501600171,0.0345204078906603,0.0092643614822978,0.0097186094481921,0.0227874537491121,0.0159112825458052,0.1567592401465309,92.04545454545456,1.0,0.0024166263895601,0.0411646586345381,0.0506585612968591,0.0679711637487126,0.1664791901012373,0.0009643201542912,536
2026-02-09,-0.0289296046287367,0.0110441767068272,0.0259806418746815,0.1245114461194862,0.0015629440181869,0.1266292491003001,0.2083436106315038,0.0300844008846163,0.007217335792311,0.0101309741707933,0.0217309600201088,0.0044687189672293,0.9191657516564096,77.94486215538848,0.4117647058823529,-0.0289296046287367,-0.0265828902851619,0.0110441767068273,0.0259806418746816,0.1245114461194863,0.0307845084409136,536
2026-02-10,0.0248262164846078,-0.0024166263895601,0.0466531440162272,0.1002132196162046,0.0197628458498023,0.1442510256125956,0.2378305979249544,0.0290746038026035,0.0071117109634551,0.0100522975571478,0.0213013061404983,0.0101744186046511,0.4284969415954319,75.82417582417582,0.9,0.0248262164846077,-0.0048216007714561,-0.0024166263895601,0.0466531440162271,0.1002132196162046,0.0203488372093023,536
2026-02-11,-0.0101744186046511,-0.0149469623915139,0.0312973245835437,0.0919294494922502,0.0049894588896696,0.1231445849367784,0.2248935787517236,0.0262162792282149,0.005174463324243,0.0101791461334369,0.0195390940214908,0.0088105726872246,2.55279932453558,72.63157894736842,0.69,-0.0101744186046511,0.0143992055610724,-0.0149469623915139,0.0312973245835436,0.0919294494922501,0.0509055310817425,536
2026-02-12,0.006852667645619,0.0213505461767626,0.042046605876393,0.0641489912053803,0.0060085237196953,0.120919840880606,0.2327043187599046,0.0242768361918344,0.0023091881380651,0.0100349169903576,0.0149779814333614,0.0077783179387457,0.3851613624155547,68.67469879518072,0.7926829268292683,0.0068526676456191,-0.003391472868217,0.0213505461767626,0.0420466058763931,0.0641489912053802,0.0549343704423918,536
2026-02-13,0.0053475935828877,0.001937984496124,0.0381526104417671,0.0626927029804726,0.0060462853568698,0.116811578549441,0.2381091760573687,0.0228211221179958,-0.0001381597126278,0.0098240469208211,0.010131136577575,0.0106382978723404,2.421423211920996,68.48484848484848,0.9,0.0053475935828877,0.0122369065100342,0.001937984496124,0.038152610441767,0.0626927029804727,0.0531914893617021,536
2026-02-14,0.0029013539651836,0.0151737640724425,0.0024166263895601,0.0592441266598569,0.0086147005696818,0.1099812683971099,0.2404306220095693,0.0214408692871575,0.0017392202782752,0.0095504165669987,0.0103961669524418,0.0072324011571841,1.882489655667401,67.90123456790124,1.0,0.0029013539651837,0.0082644628099173,0.0151737640724424,0.0024166263895601,0.059244126659857,0.070877531340405,536
2026-02-15,0.0009643201542912,0.0092367525522605,0.0009643201542912,0.0690010298661174,0.0094470686301751,0.1012483643950913,0.2402833188399062,0.0199302564909504,0.0039739884393063,0.0092176921049078,0.0105235403024775,0.0081888246628131,0.5720574148765916,71.61290322580645,1.0,0.0009643201542912,0.0038684719535783,0.0092367525522605,0.0009643201542912,0.0690010298661174,0.0515414258188824,536
2026-02-16,0.0,0.0038684719535784,0.0307845084409135,0.0575649516046867,0.005118273620141,0.0915974340098854,0.238720969549104,0.0182754908177825,0.0020472061657032,0.0087838981870243,0.0058326759393836,0.0096339113680154,1.1766123873739902,69.55017301038063,1.0,0.0,0.0009643201542912,0.0038684719535783,0.0307845084409136,0.0575649516046867,0.0905587668593449,536
2026-02-17,0.0144508670520231,0.0154291224686595,0.0203488372093023,0.0679513184584179,0.0166896551724137,0.0972559916637721,0.2545089915082038,0.0182718082796455,0.0039852123185455,0.0082305230988953,0.0092393807072299,0.0137701804368471,0.4777030833558737,71.61290322580645,1.0,0.0144508670520231,0.0144508670520231,0.0154291224686595,0.0203488372093023,0.0679513184584178,0.0636277302943969,536
2026-02-18,0.0194681861348529,0.0342003853564547,0.0509055310817425,0.0837960625946492,0.0291016159956176,0.1074050513212867,0.2757571155991892,0.0199278063592506,0.0057888083039456,0.0076160801760274,0.0142667314663169,0.023288309268747,0.5994464616899491,74.26900584795322,1.0,0.0194681861348528,0.0342003853564547,0.0342003853564547,0.0509055310817425,0.0837960625946491,0.0684676292501164,536
2026-02-19,0.0107126222636235,0.0452793834296725,0.0549343704423919,0.0992907801418438,0.0321397023849968,0.1082548815988832,0.2858158643210787,0.0215669582700357,0.0079328505595786,0.0071207639825099,0.0187715810622687,0.0110599078341013,0.3601192626485845,77.37430167597765,1.0,0.0107126222636236,0.030389363722697,0.0452793834296724,0.0549343704423918,0.0992907801418439,0.0055299539170506,536
2026-02-20,0.0036866359447005,0.0341880341880342,0.053191489361702,0.0933734939759036,0.0282592567613137,0.1014463436836249,0.2868284228769497,0.0223045289416228,0.0093631116358388,0.0066029901604782,0.0211675330615548,0.0105601469237832,0.8887761015908724,76.72413793103448,1.0,0.0036866359447004,0.0144387517466231,0.0341880341880341,0.0531914893617021,0.0933734939759036,-0.0509641873278236,536
2026-02-21,0.019742883379247,0.0344666977177456,0.070877531340405,0.0734654422426293,0.0382663283023907,0.112056879631484,0.3080436603497016,0.0243331678955334,0.011304431723162,0.0060947202830299,0.0248636031218929,0.0153084196307969,0.5651247167485958,74.20382165605096,1.0,0.019742883379247,0.0235023041474654,0.0344666977177456,0.070877531340405,0.0734654422426292,-0.0463755065285907,536
2026-02-22,-0.0171094101755965,0.0059907834101382,0.0515414258188824,0.0525554484088717,0.0132617200450897,0.0850080352557199,0.2819642822187567,0.0227383253854926,0.0095216281656959,0.0059373753195513,0.0225950376159399,0.0091617040769583,2.623428595017834,65.70605187319885,0.7379310344827587,-0.0171094101755965,0.0022956841138659,0.0059907834101382,0.0515414258188824,0.0525554484088717,-0.0563444800732936,536
2026-02-23,0.0371049015116811,0.039485766758494,0.0905587668593448,0.1241310824230388,0.0379199685637566,0.1159856065460639,0.3250614538218425,0.0252590069289593,0.0094175921251893,0.0056817154514045,0.0223798232261596,0.021643109540636,0.8052352094736847,83.96739130434783,1.0,0.0371049015116811,0.0193606483565961,0.039485766758494,0.0905587668593449,0.1241310824230387,-0.0759717314487632,536
2026-02-24,-0.0106007067137808,0.0085547050877983,0.063627730294397,0.0852713178294573,0.0179835097059013,0.095836798591067,0.3067235333389508,0.024715451265289,0.0075255102040815,0.0055793143174956,0.0187798393920278,0.0183035714285714,0.3986769936280346,75.73099415204678,0.7948717948717948,-0.0106007067137809,0.0261108566193311,0.0085547050877982,0.0636277302943969,0.0852713178294573,-0.0419642857142857,536
2026-02-25,0.0241071428571428,0.0508474576271187,0.0684676292501165,0.1228585413607439,0.032668810289389,0.1131239284443437,0.3330062046835353,0.0263424288098342,0.0083914559721011,0.0053898887943883,0.0206251294870799,0.0126416739319965,1.261761828091912,83.46666666666667,1.0,0.0241071428571428,0.0132508833922261,0.0508474576271186,0.0684676292501164,0.122858541360744,-0.0614646904969485,536
2026-02-26,-0.048823016564952,-0.0362190812720848,0.0055299539170508,0.0607681088964511,-0.0185066186865442,0.0535633811884375,0.263308223275801,0.0206141574835702,0.0035190519837632,0.0054404068478164,0.0207677807207679,0.0105407882676443,0.7497686281559461,63.213530655391125,0.0344827586206896,-0.048823016564952,-0.0258928571428571,-0.0362190812720848,0.0055299539170506,0.0607681088964511,-0.0100824931255728,536
2026-02-27,-0.0527039413382217,-0.0772321428571428,-0.0509641873278237,-0.0004835589941972,-0.0635557569089379,-0.0051020408163264,0.1931883779103329,0.0100945776189289,-0.0074987905176585,0.0050628742466633,0.0358265076402575,0.0106434446057087,1.4895273694834656,49.91334488734836,0.0,-0.0527039413382218,-0.0989537925021796,-0.0772321428571428,-0.0509641873278236,-0.0004835589941972,0.0653120464441219,536
2026-02-28,0.0246734397677794,-0.076721883173496,-0.0463755065285906,0.0212150433944069,-0.0340109460516027,0.0164285828547661,0.2187200306885748,0.0056111218919733,-0.0109098880345338,0.0045931845372205,0.0381491361397959,0.0099150141643059,1.6855719481108715,53.53697749196141,0.224669603524229,0.0246734397677793,-0.0293308890925756,-0.076721883173496,-0.0463755065285907,0.0212150433944069,0.0339943342776204,536
2026-03-01,-0.0273843248347497,-0.0559120073327222,-0.0563444800732936,-0.0077071290944122,-0.0528735632183908,-0.0132051671004518,0.1817196762062592,-0.0006565534830025,-0.0187760055478502,0.0041868527058111,0.0462627556609832,0.0097087378640776,1.8014738496375704,48.82005899705015,0.0,-0.0273843248347497,-0.0033865505563618,-0.0559120073327222,-0.0563444800732936,-0.0077071290944123,0.0674757281553398,536
2026-03-02,0.0155339805825243,0.0120948234155782,-0.0759717314487632,0.0077071290944124,-0.0271706636550854,-1.593346186324454e-05,0.1960512774905029,-0.0029910594829483,-0.0166621141764545,0.0037093477562704,0.0433014875452747,0.0081261950286806,1.301416006937206,51.12676056338028,0.1367521367521367,0.0155339805825242,-0.012275731822474,0.0120948234155781,-0.0759717314487632,0.0077071290944123,0.0038240917782026,536
2026-03-03,0.025812619502868,0.0132200188857412,-0.0419642857142856,0.0189933523266856,0.00421151146467,0.0224728023505121,0.2225056491989847,-0.001450649795152,-0.0105012648116096,0.0032960926866032,0.0380331005255622,0.0144454799627213,1.0124576953804914,52.72479564032698,0.3675213675213675,0.025812619502868,0.0417475728155339,0.0132200188857412,-0.0419642857142857,0.0189933523266856,0.0177073625349487,536
2026-03-04,0.0032618825722274,0.0451456310679612,-0.0614646904969485,0.0027945971122496,0.0170738291267378,0.0227218747525929,0.2221072946756309,-1.997280866634739e-05,0.0007464667241722,0.0030125850728501,0.0213998871855129,0.0074314909428704,0.8295871997209365,50.42857142857142,0.7622950819672131,0.0032618825722274,0.0291586998087954,0.0451456310679611,-0.0614646904969485,0.0027945971122496,0.0274036228518346,536
2026-03-05,0.0032512772875057,0.0325047801147226,-0.0100824931255728,-0.0046082949308755,0.021897810218978,0.0230017523641128,0.221611974813679,0.0012898784796143,0.0071924603174603,0.0027414205083837,0.0191682215286773,0.0037037037037037,0.8718332849299569,49.26900584795322,1.0,0.0032512772875058,0.0065237651444548,0.0325047801147227,-0.0100824931255728,-0.0046082949308755,0.0222222222222222,536
2026-03-06,0.0194444444444443,0.0260950605778191,0.0653120464441219,0.0110192837465563,0.0323488045007032,0.0392675099112704,0.2405633802816901,0.0043716800811275,0.0083203581159984,0.0025459714548104,0.0213764162382199,0.0222524977293369,0.4574079994278492,51.67130919220057,1.0,0.0194444444444444,0.0227589410125406,0.0260950605778192,0.0653120464441219,0.0110192837465564,0.0054495912806539,536
2026-03-07,-0.0054495912806539,0.0171853228053877,0.0339943342776203,-0.0139576767221971,0.0217956408718256,0.0301034807149576,0.2287723498167128,0.0055658708381967,0.0101761252446184,0.002313681868743,0.0232663439597186,0.0105022831050228,0.1912340891121677,47.74381368267831,0.9154929577464788,-0.0054495912806539,0.0138888888888888,0.0171853228053878,0.0339943342776204,-0.0139576767221972,0.0045662100456621,536
2026-03-08,0.0041095890410958,0.0180555555555554,0.0674757281553397,0.0073293632615667,0.0165764099854707,0.0309906699798396,0.2286365244814721,0.0066328711953644,0.0074384460469044,0.0020981323799218,0.0175976523440131,0.0145520691223283,0.8123986454101462,51.21580547112462,0.9727272727272728,0.0041095890410958,-0.0013623978201634,0.0180555555555555,0.0674757281553398,0.0073293632615666,-0.0050022737608003,536
2026-03-09,-0.0450204638472032,-0.0463215258855586,0.0038240917782026,-0.0724381625441695,-0.0297029702970296,-0.0159017776250429,0.1691999331885753,0.0017732692969224,-0.0002721088435374,0.0018861168494093,0.0172805630649836,0.0033333333333333,0.6478596499368322,37.8698224852071,0.0,-0.0450204638472032,-0.0410958904109589,-0.0463215258855585,0.0038240917782026,-0.0724381625441696,0.039047619047619,536
2026-03-10,0.04,-0.0027397260273972,0.0177073625349486,-0.025,0.0065841453779299,0.0217065868263473,0.2111129595741141,0.0030883770948165,-0.0004905808477236,0.0017722174006934,0.0164553294087672,0.0091575091575091,0.9128586831038894,46.19565217391304,0.8235294117647058,0.04,-0.0068212824010914,-0.0027397260273972,0.0177073625349487,-0.025,0.0105311355311355,536
2026-03-11,0.0128205128205127,0.0059117780809458,0.0274036228518346,-0.035745422842197,0.0155440414507771,0.0316201846842646,0.2215820186661267,0.0053393054993707,0.0004843709635753,0.0015814236030791,0.0172747810463573,0.0185352622061482,0.9123840148399682,44.225352112676056,1.0,0.0128205128205128,0.0533333333333333,0.0059117780809458,0.0274036228518346,-0.035745422842197,0.0,536
2026-03-12,-0.0018083182640145,0.0514285714285713,0.0222222222222221,0.0119156736938588,0.0105263157894736,0.0274546300604932,0.2142913883813725,0.0063980345725516,0.0007602225672877,0.0015202076381164,0.0175348375748379,0.0113224637681159,1.857556024192839,52.159468438538205,0.9642857142857144,-0.0018083182640144,0.0109890109890109,0.0514285714285714,0.0222222222222222,0.0119156736938588,0.0067934782608695,536
2026-03-13,0.0027173913043478,0.0137362637362636,0.005449591280654,0.0711175616835995,0.0124779512641274,0.0275212326541978,0.2124641755353133,0.0071854067518027,0.003258484965802,0.0013753111205564,0.0179965401904498,0.0040650406504065,0.5108736197005126,64.90872210953347,1.0,0.0027173913043478,0.0009041591320072,0.0137362637362637,0.0054495912806539,0.0711175616835994,0.016260162601626,536
2026-03-14,-0.0063233965672989,-0.0054249547920434,0.004566210045662,0.0387157695939566,0.0054188156949793,0.0187700666831316,0.199825479930192,0.0067080198874871,0.0041396103896103,0.0012106380827181,0.018254454476253,0.0113636363636363,0.3725222325213405,58.99122807017544,0.8771929824561403,-0.006323396567299,-0.0036231884057971,-0.0054249547920434,0.0045662100456621,0.0387157695939565,0.0218181818181818,536
2026-03-15,-0.0054545454545454,-0.0090579710144927,-0.0050022737608003,0.062135922330097,0.0006533385600418,0.0113398249722667,0.1884558282134537,0.0055353534714054,0.0048641943066074,0.0010131102403035,0.0182259536360731,0.0187385740402193,1.4080308910743955,65.60975609756099,0.7719298245614035,-0.0054545454545454,-0.011743450767841,-0.0090579710144927,-0.0050022737608003,0.062135922330097,0.0100548446069469,536
2026-03-16,-0.0027422303473492,-0.014453477868112,0.039047619047619,0.0430210325047801,-0.007408370158565,0.0068910355011382,0.1803810783194084,0.0042694256585696,-0.0010147963860154,0.0007879209917527,0.0062262634165484,0.0210815765352887,1.0769785121769884,61.71875,0.0,-0.0027422303473491,-0.0081818181818181,-0.014453477868112,0.039047619047619,0.0430210325047801,0.0430797433547204,536
2026-03-17,0.0114573785517873,0.0031818181818181,0.0105311355311354,0.0284249767008388,0.0024657712023879,0.0163793500452849,0.1886538403997487,0.0046349853556506,-0.0015049517768141,0.0006111608679633,0.0055608043525526,0.012686905301314,0.5715799303723907,58.59154929577464,0.78125,0.0114573785517873,0.0086837294332723,0.0031818181818181,0.0105311355311355,0.0284249767008387,0.040326234707748,536
2026-03-18,0.002265518803806,0.0109689213893966,0.0,0.0274036228518346,0.0047368762572189,0.0165596899462307,0.1859247389333348,0.0049811789204322,-0.0003229139757168,0.0004305567568545,0.0055482347224609,0.0094936708860759,1.5470028716657196,58.35694050991502,0.9375,0.002265518803806,0.0137488542621448,0.0109689213893967,0.0,0.0274036228518346,0.0226039783001808,536
2026-03-19,0.0049728752260398,0.0187901008249311,0.0067934782608696,0.0291666666666665,0.0087514585764293,0.0197871429445225,0.1864014801110083,0.0056198699795186,0.0011246063877642,0.0003478648991206,0.0065945255721455,0.0080971659919028,0.7158895613798949,58.82352941176471,1.0,0.0049728752260397,0.0072496601721794,0.0187901008249312,0.0067934782608695,0.0291666666666666,0.0143949617633828,536
2026-03-20,0.0121457489878542,0.0194834617127321,0.0162601626016261,0.0217983651226159,0.0186263096623982,0.0305500847341179,0.1952120689858699,0.0072660626792382,0.0039682539682539,0.0004440489432702,0.0101687120271973,0.0142222222222222,1.9043328619100308,57.01754385964912,1.0,0.0121457489878542,0.0171790235081374,0.0194834617127322,0.016260162601626,0.0217983651226158,0.0048888888888888,536
2026-03-21,-0.0008888888888889,0.0162748643761301,0.0218181818181817,0.0264840182648402,0.0145712443584783,0.0284093508394711,0.1886912175977062,0.0079773616678111,0.0052745297407218,0.0005893262185346,0.011860674972586,0.0124555160142348,0.9998781191875694,58.73493975903615,0.9705882352941176,-0.0008888888888888,0.0112460638776428,0.0162748643761302,0.0218181818181818,0.0264840182648401,0.0071174377224199,536
2026-03-22,-0.0169039145907473,-0.0058479532163743,0.010054844606947,0.0050022737608004,-0.0039917589492659,0.0105320916337697,0.1633892118900833,0.0061767582822063,0.0032967032967033,0.0006451612903225,0.0108673570850371,0.0144796380090497,0.5081062101197467,51.5235457063712,0.4117647058823529,-0.0169039145907473,-0.0177777777777777,-0.0058479532163742,0.0100548446069469,0.0050022737608003,0.0298642533936651,536
2026-03-23,0.029864253393665,0.0115555555555555,0.0430797433547205,0.0838095238095237,0.0195827467042109,0.0398391812865496,0.1922750078577,0.0082563231989485,0.003577705247301,0.0009819541728653,0.0114929460301937,0.0197715289982425,0.9957584988174306,76.82926829268293,1.0,0.0298642533936651,0.0124555160142348,0.0115555555555555,0.0430797433547204,0.0838095238095238,-0.0008787346221441,536
2026-03-24,0.0087873462214411,0.0213523131672597,0.0403262347077479,0.0512820512820513,0.0227171492204899,0.047174544293598,0.1968168286439087,0.0103526663140615,0.0049464907914385,0.0012572040943673,0.0142180097284198,0.0108885017421602,1.3024425444003325,71.21212121212122,1.0,0.0087873462214411,0.0389140271493212,0.0213523131672597,0.040326234707748,0.0512820512820512,0.0030487804878048,536
2026-03-25,-0.014808362369338,0.0235294117647058,0.0226039783001807,0.0226039783001807,0.0043767840152235,0.0316989737742303,0.1737506053827172,0.0095941972894055,0.0037419477074648,0.0016919280583888,0.0130607205607566,0.0159151193633952,1.297081486110201,59.25925925925926,0.6046511627906976,-0.0148083623693379,-0.0061511423550087,0.0235294117647058,0.0226039783001808,0.0226039783001808,0.0185676392572944,536
2026-03-26,-0.0030946065428824,-0.0092267135325131,0.0143949617633827,0.0212862318840578,-0.0007596379059315,0.0282717738258093,0.1647058823529412,0.0084177237324936,0.0020430788723472,0.0020212653132699,0.0118016599107583,0.0212860310421286,0.0697175894931787,58.608058608058606,0.5232558139534884,-0.0030946065428824,-0.0178571428571428,-0.0092267135325131,0.0143949617633828,0.0212862318840579,0.0305986696230598,536
2026-03-27,0.002660753880266,-0.0152439024390244,0.0048888888888889,0.0212285456187895,0.0012019230769231,0.0315251608193804,0.1624745071380014,0.0076823434830119,0.0018165160801162,0.0025180073785851,0.0117092463432537,0.0123839009287925,1.529280406619221,58.608058608058606,0.5930232558139535,0.002660753880266,-0.0004420866489832,-0.0152439024390243,0.0048888888888888,0.0212285456187895,0.0300751879699248,536
2026-03-28,0.0013268465280849,0.0008841732979663,0.0071174377224199,0.029090909090909,0.0015166835187058,0.0316074059448048,0.1586028078036243,0.0071023056778782,0.0014355123674912,0.0026899735473651,0.0115401852055379,0.0110424028268551,0.451650755098104,62.21374045801527,0.627906976744186,0.0013268465280849,0.0039911308203991,0.0008841732979664,0.0071174377224199,0.029090909090909,0.0516784452296819,536
2026-03-29,0.0053003533568904,0.0093126385809312,0.029864253393665,0.040219378427788,0.0026431718061674,0.0337936046511628,0.1594301336367187,0.0071062415180842,-0.0010199598292744,0.0025196908887242,0.0060933345233894,0.0057117750439367,0.0643708578855667,66.79389312977099,0.5121951219512195,0.0053003533568904,0.0066342326404245,0.0093126385809312,0.0298642533936651,0.0402193784277879,0.0500878734622144,536
2026-03-30,-0.0008787346221441,0.0057496682883679,-0.0008787346221441,0.0421631530705775,0.0018882175226585,0.0304513322457856,0.1533974673271679,0.0067662929829453,-0.0004554592285462,0.0024737737523271,0.0060440909729376,0.0101143359718557,0.8720327672594986,67.8294573643411,0.4634146341463415,-0.0008787346221441,0.004416961130742,0.0057496682883679,-0.0008787346221441,0.0421631530705774,0.0474934036939313,536
2026-03-31,0.0127528583992964,0.0172261484098938,0.0030487804878047,0.0434979610330765,0.0142183076439131,0.0397760621247008,0.1628572390345709,0.0078066293438636,0.002729359220892,0.0022725110208332,0.0069642396045461,0.0182370820668693,0.5783423020263115,68.3206106870229,1.0,0.0127528583992963,0.0118629173989455,0.0172261484098939,0.0030487804878048,0.0434979610330765,0.0412505427702996,536
2026-04-01,0.0004342162396873,0.0123022847100175,0.0185676392572944,0.0415913200723327,0.0119846897157557,0.036919245713257,0.1581640062108331,0.0082651480375758,0.0037357390873015,0.0021531446978123,0.0085409575403862,0.0073784722222222,0.7639235213574996,67.8294573643411,1.0,0.0004342162396873,0.0131926121372031,0.0123022847100175,0.0185676392572944,0.0415913200723327,0.0164930555555555,536
2026-04-02,0.0086805555555555,0.0219876868953385,0.0305986696230597,0.0454340980656771,0.0163688616768712,0.0431347906099914,0.1628656889017379,0.0092994306791044,0.0045488074747971,0.0021924341255056,0.0102546263034912,0.0055938037865748,0.9035048411336624,68.91385767790263,1.0,0.0086805555555555,0.0091185410334346,0.0219876868953386,0.0305986696230598,0.045434098065677,-0.0146299483648881,536
2026-04-03,0.0021514629948364,0.0112896222318714,0.0300751879699248,0.035111111111111,0.0142466094313798,0.0426335188694729,0.1601109137097979,0.0099041925120942,0.0049224069189719,0.0022459953834492,0.0109375736908807,0.008587376556462,1.5040250572822231,66.12244897959184,1.0,0.0021514629948364,0.0108506944444444,0.0112896222318714,0.0300751879699248,0.0351111111111111,-0.0081580077286389,536
2026-04-04,0.0223271790468011,0.0334201388888888,0.0516784452296819,0.0591637010676155,0.0293990488543017,0.0624089002587976,0.1803620019168696,0.0125744948845914,0.0066898662026759,0.0023822259928549,0.0154047819722719,0.0218395632087358,0.9917232445095002,72.54237288135593,1.0,0.0223271790468012,0.0245266781411359,0.0334201388888888,0.0516784452296819,0.0591637010676156,-0.0121797564048719,536
2026-04-05,0.0037799244015119,0.0283993115318417,0.0500878734622143,0.0814479638009049,0.026065624041705,0.0634510990477885,0.1793862366558286,0.0143061881596826,0.0079049611476389,0.0026621862506457,0.0177314295167651,0.00836820083682,0.8519447482892829,83.8345864661654,1.0,0.0037799244015119,0.0261914984972091,0.0283993115318416,0.0500878734622144,0.0814479638009049,0.0175732217573221,536
2026-04-06,-0.003347280334728,0.0227565478746243,0.0474934036939314,0.0465729349736379,0.0159020288795466,0.0568817108882774,0.1701517955099968,0.014531924850682,0.0069869257526688,0.0028695004898623,0.01610638581412,0.0050377833753148,0.8272169298750178,75.48076923076923,0.9080459770114944,-0.003347280334728,0.0004199916001679,0.0227565478746243,0.0474934036939313,0.0465729349736379,0.0100755667506297,536
2026-04-07,0.0067170445004198,0.007139857202856,0.0412505427702996,0.0444250871080138,0.0168403198449237,0.0608585374485717,0.1727053402595144,0.0149703608780027,0.0068360538544025,0.0030807096384547,0.0158258836416209,0.0095913261050875,0.7596416937187649,75.0,1.0,0.0067170445004198,0.003347280334728,0.0071398572028559,0.0412505427702996,0.0444250871080139,0.0154295246038365,536
2026-04-08,-0.0233527939949957,-0.0200836820083681,0.0164930555555555,0.035366931918656,-0.0091865103348241,0.032400264491955,0.1406461388603279,0.0119824265269061,0.0029431499329022,0.002906635990839,0.0132221124667045,0.0123825789923142,2.4064627207689924,67.69911504424779,0.2432432432432432,-0.0233527939949958,-0.0167926112510495,-0.0200836820083682,0.0164930555555555,0.035366931918656,0.0298889837745516,536
2026-04-09,-0.0222032450896669,-0.0386230058774139,-0.0146299483648881,0.0155210643015522,-0.0291908914728681,0.0079077478323381,0.1111230915207453,0.0070599409132088,-0.0029164067373674,0.0027787303699889,0.0173255324067294,0.016593886462882,2.2319151742969026,56.45756457564576,0.0,-0.0222032450896669,-0.0450375312760633,-0.0386230058774139,-0.0146299483648881,0.0155210643015521,0.0716157205240174,536
2026-04-10,0.0087336244541484,-0.036697247706422,-0.0081580077286389,0.021671826625387,-0.0195840659673801,0.0152507361666592,0.1164574092173521,0.0046154542470019,-0.0070037105751391,0.0026814786992762,0.0184418100698858,0.0077922077922077,1.49083704006955,58.59649122807018,0.1851851851851851,0.0087336244541484,-0.013663535439795,-0.036697247706422,-0.0081580077286389,0.0216718266253869,0.0683982683982684,536
2026-04-11,0.018181818181818,0.004269854824936,-0.0121797564048719,0.03886925795053,0.0,0.0315337046620762,0.1320573087968683,0.0049709201466625,-0.005557580174927,0.0026466482032189,0.017502691021854,0.0178571428571428,0.5355778630134173,63.58024691358025,0.5740740740740741,0.0181818181818181,0.0270742358078602,0.0042698548249359,-0.0121797564048719,0.03886925795053,0.0501700680272108,536
2026-04-12,0.0340136054421769,0.0620087336244541,0.0175732217573221,0.0685413005272408,0.0313825275657336,0.0632313723204266,0.1652966480684866,0.0089996130480621,0.0003818139097744,0.0027751046484397,0.0204713032908539,0.0131578947368421,0.979586037653292,69.89795918367346,1.0,0.0340136054421768,0.0528138528138528,0.0620087336244541,0.0175732217573221,0.0685413005272407,0.0164473684210526,536
2026-04-13,-0.0106907894736841,0.0415584415584415,0.0100755667506298,0.0580474934036938,0.0188747731397458,0.0487163467825127,0.1477547385828773,0.0100038807322613,0.0039484621778886,0.0028727772707644,0.0218073918142515,0.013715710723192,1.3432182425462147,65.86538461538461,0.8169014084507042,-0.0106907894736842,0.0229591836734693,0.0415584415584415,0.0100755667506297,0.0580474934036939,0.0561097256857855,536
2026-04-14,0.012053200332502,0.0352891156462584,0.0154295246038365,0.0573165436387321,0.0288525381783062,0.0575614558299794,0.1562874283091242,0.0117281777304881,0.0092842475799353,0.0029106490670674,0.0239449050771991,0.0180698151950718,0.3624322888685121,65.86538461538461,1.0,0.012053200332502,0.0012335526315789,0.0352891156462585,0.0154295246038365,0.057316543638732,0.0431211498973305,536
2026-04-15,-0.0094455852156057,-0.0082236842105263,0.0298889837745517,0.046875,0.0148464266394181,0.0440955788987649,0.1402997305261832,0.0113197544729797,0.0099206349206349,0.0028869372086545,0.0246078203667209,0.0053897180762852,1.1004491370506124,62.32876712328767,0.8413793103448276,-0.0094455852156057,0.0024937655860349,-0.0082236842105263,0.0298889837745516,0.046875,0.0431177446102819,536
2026-04-16,0.0174129353233831,0.0199501246882793,0.0716157205240175,0.0559380378657488,0.0224391405273494,0.0585038317206078,0.1548356061239856,0.0127069989069194,0.0080771917568983,0.0029259169610714,0.0208773003010686,0.011002444987775,0.9573402837513308,64.13043478260869,1.0,0.017412935323383,0.0078028747433264,0.0199501246882793,0.0716157205240174,0.0559380378657487,0.0521597392013039,536
2026-04-17,0.0057049714751427,0.013552361396304,0.0683982683982684,0.0596822670674108,0.0186921398667373,0.0606386179036485,0.156032059956282,0.0138383573390014,0.0057594350544107,0.0030032468995804,0.0153947976028441,0.0133711507293354,1.0974506253225569,64.81876332622602,1.0,0.0057049714751426,0.0232172470978441,0.0135523613963039,0.0683982683982684,0.0596822670674109,0.039708265802269,536
2026-04-18,0.0008103727714747,0.0240464344941957,0.0501700680272108,0.0373792524149516,0.0124729167886631,0.0577554457989551,0.1516344609646168,0.0141883860693045,0.003716020821284,0.0030844888382503,0.0103321052805986,0.0068825910931174,0.5403211629066945,60.620525059665866,1.0,0.0008103727714748,0.0065199674001629,0.0240464344941956,0.0501700680272108,0.0373792524149517,0.0631578947368421,536
2026-04-19,0.0008097165991902,0.0073349633251833,0.0164473684210526,0.0343096234309623,0.0109248115908161,0.0552678012408219,0.1471707452897317,0.0140246512082362,0.0046809986130374,0.0032016875996702,0.0112899940503127,0.014967637540453,0.349613468432654,59.95145631067961,1.0,0.0008097165991902,0.0016207455429497,0.0073349633251833,0.0164473684210526,0.0343096234309623,0.0566343042071197,536
2026-04-20,0.0279126213592233,0.029578606158833,0.0561097256857854,0.0667506297229219,0.031010897287271,0.0802193597755387,0.1734492295535362,0.0167057336777967,0.0063810648226231,0.0033620810039052,0.0158135862165503,0.0125934671389216,1.449330852425185,66.8076109936575,1.0,0.0279126213592233,0.028744939271255,0.029578606158833,0.0561097256857855,0.0667506297229219,0.0220385674931129,536
2026-04-21,-0.0003935458480912,0.0283400809716598,0.0431211498973305,0.0592160133444537,0.0243705709512013,0.0747683324165361,0.1673390185364858,0.0177993449488525,0.0079021372328458,0.0034537938041393,0.01827475363212,0.0153543307086614,1.2077475415297954,65.50218340611353,0.992248062015504,-0.0003935458480913,0.0275080906148867,0.0283400809716599,0.0431211498973305,0.0592160133444537,0.0338582677165354,536
2026-04-22,-0.0094488188976378,0.0177993527508091,0.0431177446102819,0.0742954739538854,0.0086478437661072,0.0610213806772655,0.1510835252314213,0.0167702436795947,0.0056921417215534,0.0036390018232588,0.0146428293905042,0.009141494435612,0.8873277511690841,70.4225352112676,0.7126436781609196,-0.0094488188976377,-0.0098386462022825,0.017799352750809,0.0431177446102819,0.0742954739538855,0.0353736089030206,536
2026-04-23,0.0262321144674086,0.0161353797717433,0.052159739201304,0.1275109170305677,0.0275740519642958,0.0844942247112355,0.1762442992290988,0.0185969287416332,0.0069436759986721,0.0038713296209145,0.0172027081955415,0.0143299767621998,0.6870183542791556,83.18181818181819,1.0,0.0262321144674085,0.0165354330708661,0.0161353797717434,0.0521597392013039,0.1275109170305677,-0.005422153369481,536
2026-04-24,-0.0061967467079783,0.0102362204724408,0.0397082658022689,0.1108225108225109,0.0155481427036806,0.0732060951637413,0.1642174778816827,0.0183893538719081,0.0067225253312549,0.0040416432218356,0.0169165282362344,0.0023382696804364,0.9381478240918608,79.35779816513761,0.8571428571428571,-0.0061967467079783,0.019872813990461,0.0102362204724409,0.039708265802269,0.1108225108225108,0.0319563522992985,536
