item_id,date,pct_change_1d,pct_change_3d,pct_change_7d,pct_change_14d,pct_vs_7ma,pct_vs_30ma,pct_vs_90ma,ema_crossover,slope_7d_pct,slope_30d_pct,vol_pct_7d,spread_pct,volume_ratio,rsi_14,range_position_7d,lag_return_1d,lag_return_2d,lag_return_3d,lag_return_7d,lag_return_14d,target_pct_7d
560,2025-12-03,-0.014285714285714235,-0.028169014084507005,0.0,-0.028169014084507005,-0.0162932790224032,-0.006479481641468723,-0.04571648098348062,-0.0007622590211707281,0.0,0.014705882352941176,-0.020015182722865583,0.021739130434782608,0.5735659451526093,35.71428571428572,0.0,-0.014285714285714235,0.0,-0.014084507042253502,0.0,-0.028169014084507005,-0.028985507246376812
560,2025-12-04,0.0,-0.014285714285714235,-0.014285714285714235,-0.034965034965035,-0.014285714285714285,-0.007432270438743693,-0.046741883490674735,-0.002115103496843209,-0.014285714285714285,0.029850746268656716,-0.022280614229316417,0.014492753623188406,0.5254227682906334,30.769230769230774,0.0,0.0,-0.014285714285714235,0.0,-0.014285714285714235,-0.034965034965035,-0.036231884057971016
560,2025-12-05,0.0,-0.014285714285714235,-0.014285714285714235,-0.028169014084507005,-0.012269938650306806,-0.008858032080440413,-0.04761904761904766,-0.0029275480220527436,-0.014285714285714285,0.045454545454545456,0.11834115047705324,0.021739130434782608,0.6207159186713112,33.33333333333333,0.0,0.0,0.0,-0.014285714285714235,-0.014285714285714235,-0.028169014084507005,-0.036231884057971016
560,2025-12-06,-0.01449275362318836,-0.01449275362318836,-0.04225352112676062,-0.02857142857142858,-0.020576131687242826,-0.024156900263095006,-0.06199708789945584,-0.005046299920702618,-0.04225352112676056,0.030303030303030304,0.06885045771605329,0.022058823529411766,0.5862396415879245,33.33333333333333,0.0,-0.01449275362318836,0.0,0.0,-0.04225352112676062,-0.02857142857142858,-0.014705882352941176
560,2025-12-07,-0.007352941176470562,-0.021739130434782594,-0.04929577464788737,-0.021739130434782594,-0.020725388601036298,-0.03202676864244743,-0.06925080435115678,-0.007115687106483482,-0.04929577464788732,0.022727272727272728,0.24513785777992061,0.014814814814814815,0.6680541636367302,36.36363636363636,0.0,-0.007352941176470562,-0.01449275362318836,0.0,-0.04929577464788737,-0.021739130434782594,-0.007407407407407408
560,2025-12-08,-0.007407407407407418,-0.02898550724637683,-0.042857142857142816,-0.02898550724637683,-0.021897810218978103,-0.03919694072657745,-0.07628676470588233,-0.00909270092517656,-0.04285714285714286,0.0,0.017378088950920238,0.022388059701492536,0.6318992810552719,33.33333333333333,0.0,-0.007407407407407418,-0.007352941176470562,-0.01449275362318836,-0.042857142857142816,-0.02898550724637683,-0.022388059701492536
560,2025-12-09,0.0,-0.014705882352941124,-0.042857142857142816,-0.02898550724637683,-0.015739769150052436,-0.038277511961722556,-0.07586206896551724,-0.010092253829965897,-0.04285714285714286,-0.028985507246376812,-0.03334688532860717,0.022388059701492536,0.5747757612938759,33.33333333333333,0.0,0.0,-0.007407407407407418,-0.007352941176470562,-0.042857142857142816,-0.02898550724637683,-0.04477611940298507
560,2025-12-10,0.0,-0.007407407407407418,-0.02898550724637683,-0.02898550724637683,-0.011591148577450036,-0.03735632183908038,-0.07529520012268048,-0.010417126406646137,-0.028985507246376812,-0.028985507246376812,-0.092988120305045,0.014925373134328358,0.5814179017477559,33.33333333333333,0.0,0.0,0.0,-0.007407407407407418,-0.02898550724637683,-0.02898550724637683,-0.05970149253731343
560,2025-12-11,-0.007462686567164201,-0.007462686567164201,-0.036231884057971064,-0.050000000000000044,-0.013771186440677995,-0.04293595586471577,-0.0814212263064999,-0.011154333616028167,-0.036231884057971016,-0.05,-0.06367977465236237,0.015037593984962405,0.587919563725172,18.181818181818173,0.0,-0.007462686567164201,0.0,0.0,-0.036231884057971064,-0.050000000000000044,-0.07518796992481203
560,2025-12-12,0.0,-0.007462686567164201,-0.036231884057971064,-0.050000000000000044,-0.008519701810436604,-0.04132628543969236,-0.08064516129032252,-0.01127305797753088,-0.036231884057971016,-0.05,-0.07488082487790575,0.015037593984962405,0.5872675745328821,18.181818181818173,0.0,0.0,-0.007462686567164201,0.0,-0.036231884057971064,-0.050000000000000044,-0.08270676691729323
560,2025-12-13,0.007518796992481258,0.0,-0.014705882352941124,-0.05633802816901412,0.0010672358591248363,-0.03272377285851779,-0.07287822878228781,-0.01011109141279974,-0.014705882352941176,-0.04285714285714286,0.03698159432242206,0.022388059701492536,0.5903232108376386,10.0,0.5,0.007518796992481258,0.0,-0.007462686567164201,-0.014705882352941124,-0.05633802816901412,-0.1044776119402985
560,2025-12-14,0.0,0.007518796992481258,-0.007407407407407418,-0.05633802816901412,0.002136752136752076,-0.03132530120481934,-0.07202216066481998,-0.009019694630017967,-0.007407407407407408,-0.04285714285714286,0.10726236904638076,0.022388059701492536,0.6219495392834147,10.0,1.0,0.0,0.007518796992481258,0.0,-0.007407407407407418,-0.05633802816901412,-0.11940298507462686
560,2025-12-15,-0.02238805970149249,-0.015037593984962405,-0.02238805970149249,-0.06428571428571428,-0.0171489817792068,-0.05095387587539241,-0.09160952307573772,-0.010629631335296371,-0.022388059701492536,-0.06428571428571428,0.23579523456526486,0.015267175572519083,0.718980504656142,9.090909090909093,0.0,-0.02238805970149249,0.0,0.007518796992481258,-0.02238805970149249,-0.06428571428571428,-0.11450381679389313
560,2025-12-16,-0.022900763358778664,-0.04477611940298509,-0.04477611940298509,-0.08571428571428574,-0.03344120819848966,-0.0695420402229222,-0.11090530215327624,-0.013986328258252712,-0.04477611940298507,-0.09859154929577464,0.17185056496646162,0.03125,0.7090245753622877,7.142857142857139,0.0,-0.022900763358778664,-0.02238805970149249,0.0,-0.04477611940298509,-0.08571428571428574,-0.125
560,2025-12-17,-0.015625,-0.05970149253731338,-0.05970149253731338,-0.08695652173913049,-0.040261153427638675,-0.08051568961323277,-0.12324107004793566,-0.017535549034809104,-0.05970149253731343,-0.11267605633802817,0.1261042802971352,0.023809523809523808,0.7510231536580081,7.142857142857139,0.0,-0.015625,-0.022900763358778664,-0.02238805970149249,-0.05970149253731338,-0.08695652173913049,-0.14285714285714285
560,2025-12-18,-0.023809523809523836,-0.06106870229007633,-0.07518796992481203,-0.10869565217391308,-0.052805280528052834,-0.09824046920821118,-0.1423258696831176,-0.022038116457627,-0.07518796992481203,-0.13380281690140844,0.031051983513046236,0.032520325203252036,0.7512865844124634,5.882352941176464,0.0,-0.023809523809523836,-0.015625,-0.022900763358778664,-0.07518796992481203,-0.10869565217391308,-0.2032520325203252
560,2025-12-19,-0.008130081300813052,-0.046875,-0.08270676691729328,-0.1159420289855072,-0.04899777282850774,-0.10117878192534373,-0.14758170949460453,-0.025247480805491683,-0.08270676691729323,-0.14084507042253522,-0.11395346256423239,0.02459016393442623,0.6475152209570942,5.555555555555557,0.0,-0.008130081300813052,-0.023809523809523836,-0.015625,-0.08270676691729328,-0.1159420289855072,-0.19672131147540983
560,2025-12-20,-0.016393442622950838,-0.04761904761904767,-0.10447761194029848,-0.11764705882352944,-0.04977375565610864,-0.11089157816744877,-0.15959847482686174,-0.028442168119739528,-0.1044776119402985,-0.16083916083916083,-0.0479672041768541,0.025,0.6399188211945399,5.555555555555557,0.0,-0.016393442622950838,-0.008130081300813052,-0.023809523809523836,-0.10447761194029848,-0.11764705882352944,-0.16666666666666666
560,2025-12-21,-0.01666666666666672,-0.04065040650406504,-0.11940298507462688,-0.12592592592592589,-0.04838709677419355,-0.12049689440993783,-0.1715422419845542,-0.03156234418598739,-0.11940298507462686,-0.16901408450704225,0.025721170793822475,0.025423728813559324,0.6663225208827579,5.26315789473685,0.0,-0.01666666666666672,-0.016393442622950838,-0.008130081300813052,-0.11940298507462688,-0.12592592592592589,-0.11864406779661017
560,2025-12-22,-0.016949152542372836,-0.049180327868852514,-0.1145038167938931,-0.13432835820895528,-0.04806565064478315,-0.1302174456385904,-0.18341806804849425,-0.03457238883837836,-0.11450381679389313,-0.17142857142857143,0.010172534309646337,0.02586206896551724,0.7199321127242644,5.0,0.0,-0.016949152542372836,-0.01666666666666672,-0.016393442622950838,-0.1145038167938931,-0.13432835820895528,-0.034482758620689655
560,2025-12-23,-0.03448275862068961,-0.06666666666666665,-0.125,-0.16417910447761197,-0.06332138590203104,-0.15471698113207547,-0.20916365918719604,-0.039414734568559984,-0.125,-0.18840579710144928,0.06815303891492047,0.026785714285714284,0.7533272921239743,4.166666666666657,0.0,-0.03448275862068961,-0.016949152542372836,-0.01666666666666672,-0.125,-0.16417910447761197,0.03571428571428571
560,2025-12-24,-0.0357142857142857,-0.0847457627118644,-0.1428571428571429,-0.19402985074626866,-0.07692307692307693,-0.17870722433460076,-0.2347661785545583,-0.04545845960448579,-0.14285714285714285,-0.21739130434782608,0.04432938389573682,0.027777777777777776,0.7983755227318927,3.5714285714285694,0.0,-0.0357142857142857,-0.03448275862068961,-0.016949152542372836,-0.1428571428571429,-0.19402985074626866,0.07407407407407407
560,2025-12-25,-0.09259259259259256,-0.15517241379310343,-0.2032520325203252,-0.26315789473684215,-0.13602015113350127,-0.24711907810499353,-0.30254625968685755,-0.058521092540637795,-0.2032520325203252,-0.2898550724637681,0.00992675184764977,0.030612244897959183,0.7850457016556975,2.7027027027026946,0.0,-0.09259259259259256,-0.0357142857142857,-0.03448275862068961,-0.2032520325203252,-0.26315789473684215,0.20408163265306123
560,2025-12-26,0.0,-0.125,-0.19672131147540983,-0.26315789473684215,-0.10909090909090909,-0.23932729624838298,-0.29944400317712466,-0.0657994364105251,-0.19672131147540983,-0.2898550724637681,0.1577647045149108,0.030612244897959183,0.7514552887483201,2.7027027027026946,0.0,0.0,-0.09259259259259256,-0.0357142857142857,-0.19672131147540983,-0.26315789473684215,0.23469387755102042
560,2025-12-27,0.020408163265306145,-0.07407407407407407,-0.16666666666666663,-0.25373134328358204,-0.06666666666666664,-0.21568627450980393,-0.2820676451818762,-0.06664196540349791,-0.16666666666666666,-0.2857142857142857,0.08096825484024187,0.03,0.6275772073239898,5.26315789473685,0.1,0.020408163265306145,0.0,-0.09259259259259256,-0.16666666666666663,-0.25373134328358204,0.24
560,2025-12-28,0.040000000000000036,0.061224489795918435,-0.11864406779661019,-0.22388059701492535,-0.010869565217391266,-0.17656373713380838,-0.25024030759371996,-0.06076946938909619,-0.11864406779661017,-0.2571428571428571,0.058261783966933885,0.038461538461538464,0.5244019168104894,14.285714285714292,0.3333333333333333,0.040000000000000036,0.020408163265306145,0.0,-0.11864406779661019,-0.22388059701492535,0.22115384615384615
560,2025-12-29,0.07692307692307687,0.1428571428571428,-0.03448275862068961,-0.14503816793893132,0.07103825136612024,-0.10614525139664803,-0.18931960752774657,-0.046156502334202515,-0.034482758620689655,-0.2112676056338028,0.04778090454501707,0.026785714285714284,0.5749137177489565,29.787234042553195,1.0,0.07692307692307687,0.040000000000000036,0.020408163265306145,-0.03448275862068961,-0.14503816793893132,0.14285714285714285
560,2025-12-30,0.03571428571428581,0.15999999999999992,0.03571428571428581,-0.09375,0.10326086956521743,-0.06777390838467723,-0.15724895059735228,-0.030815709887168925,0.03571428571428571,-0.18309859154929578,0.01900002091106719,0.034482758620689655,0.5347147949726268,37.5,1.0,0.03571428571428581,0.07692307692307687,0.040000000000000036,0.03571428571428581,-0.09375,0.08620689655172414
560,2025-12-31,0.0,0.11538461538461542,0.07407407407407418,-0.07936507936507942,0.09139784946236552,-0.06174170935562151,-0.15424497731691517,-0.019870420274861817,0.07407407407407407,-0.17142857142857143,-0.17015411949442452,0.017241379310344827,0.5616249593413769,39.130434782608695,1.0,0.0,0.03571428571428581,0.07692307692307687,0.07407407407407418,-0.07936507936507942,0.09482758620689655
560,2026-01-01,0.01724137931034475,0.0535714285714286,0.20408163265306123,-0.04065040650406504,0.08115183246073303,-0.03986981285598051,-0.13672573565273943,-0.010052151064147098,0.20408163265306123,-0.15714285714285714,-0.036748767245852056,0.025423728813559324,0.5940974090014574,44.444444444444436,1.0,0.01724137931034475,0.0,0.03571428571428581,0.20408163265306123,-0.04065040650406504,0.0847457627118644
560,2026-01-02,0.025423728813559254,0.0431034482758621,0.23469387755102034,-0.008196721311475419,0.07623888182973314,-0.010899182561307863,-0.11210762331838561,-0.00033168346765011014,0.23469387755102042,-0.12318840579710146,0.0327490651690184,0.03305785123966942,0.5181610711015996,48.93617021276596,1.0,0.025423728813559254,0.01724137931034475,0.0,0.23469387755102034,-0.008196721311475419,0.024793388429752067
560,2026-01-03,0.024793388429751984,0.06896551724137923,0.24,0.03333333333333344,0.07028360049321822,0.017505470459518654,-0.08756438557763065,0.00889648696034354,0.24,-0.10144927536231885,0.0876767288733537,0.024193548387096774,0.5370685182698905,54.166666666666664,1.0,0.024793388429751984,0.025423728813559254,0.01724137931034475,0.24,0.03333333333333344,-0.016129032258064516
560,2026-01-04,0.024193548387096753,0.07627118644067798,0.22115384615384626,0.07627118644067798,0.06594724220623505,0.04526748971193416,-0.0629611411706837,0.017392857954696826,0.22115384615384615,-0.07971014492753623,0.08587943008106387,0.031496062992125984,0.47704467987564797,59.183673469387756,1.0,0.024193548387096753,0.024793388429751984,0.025423728813559254,0.22115384615384626,0.07627118644067798,-0.05511811023622047
560,2026-01-05,0.007874015748031482,0.05785123966942152,0.1428571428571428,0.10344827586206895,0.05411764705882351,0.055815232334341484,-0.05309879993424297,0.023125813584610973,0.14285714285714285,-0.058823529411764705,-0.02505765643770853,0.03125,0.576580616766248,62.5,1.0,0.007874015748031482,0.024193548387096753,0.024793388429751984,0.1428571428571428,0.10344827586206895,-0.0703125
560,2026-01-06,-0.015625,0.016129032258064502,0.0862068965517242,0.125,0.025581395348837174,0.041896361631753,-0.06528189910979236,0.024062139838057883,0.08620689655172414,-0.06666666666666667,-0.18683298871442247,0.023809523809523808,0.5843750737127514,65.21739130434783,0.8333333333333334,-0.015625,0.007874015748031482,0.024193548387096753,0.0862068965517242,0.125,-0.047619047619047616
560,2026-01-07,0.007936507936507908,0.0,0.09482758620689657,0.17592592592592582,0.020665901262916172,0.052195526097763026,-0.055293825936027795,0.024763842474603632,0.09482758620689655,-0.05223880597014925,-0.08691061592507908,0.015748031496062992,0.6298190231843893,72.09302325581396,0.9,0.007936507936507908,-0.015625,0.007874015748031482,0.09482758620689657,0.17592592592592582,-0.06299212598425197
560,2026-01-08,0.007874015748031482,0.0,0.0847457627118644,0.30612244897959173,0.01702610669693527,0.06224066390041494,-0.04533023949614655,0.025282872901462562,0.0847457627118644,-0.04477611940298507,-0.05329071427992001,0.03125,0.6341124774576865,94.11764705882354,1.0,0.007874015748031482,0.007936507936507908,-0.015625,0.0847457627118644,0.30612244897959173,-0.0703125
560,2026-01-09,-0.03125,-0.015873015873015928,0.024793388429751984,0.26530612244897966,-0.018099547511312264,0.03190013869625516,-0.07239630953370459,0.02102140074938953,0.024793388429752067,-0.07462686567164178,0.12322549591621579,0.024193548387096774,0.6850680219798905,84.21052631578948,0.0,-0.03125,0.007874015748031482,0.007936507936507908,0.024793388429751984,0.26530612244897966,-0.024193548387096774
560,2026-01-10,-0.016129032258064502,-0.03937007874015752,-0.016129032258064502,0.21999999999999997,-0.031746031746031744,0.01836393989983308,-0.08446593846410409,0.01568067771650234,-0.016129032258064516,-0.08270676691729323,0.20944431571793073,0.03278688524590164,0.6937316169551533,78.94736842105263,0.0,-0.016129032258064502,-0.03125,0.007874015748031482,-0.016129032258064502,0.21999999999999997,-0.01639344262295082
560,2026-01-11,-0.016393442622950838,-0.0625,-0.055118110236220486,0.15384615384615374,-0.04,0.005305780508237978,-0.09661229611041412,0.009796069647972177,-0.05511811023622047,-0.09774436090225563,0.21228513406766117,0.025,0.6925767556435477,72.22222222222223,0.0,-0.016393442622950838,-0.016129032258064502,-0.03125,-0.055118110236220486,0.15384615384615374,0.016666666666666666
560,2026-01-12,-0.008333333333333304,-0.040322580645161255,-0.0703125,0.0625,-0.03810623556581982,0.0011217049915872685,-0.10120845921450156,0.004677849468026808,-0.0703125,-0.11194029850746269,0.024245612533706416,0.03361344537815126,0.655212359783015,62.06896551724138,0.0,-0.008333333333333304,-0.016393442622950838,-0.016129032258064502,-0.0703125,0.0625,0.025210084033613446
560,2026-01-13,0.008403361344537785,-0.016393442622950838,-0.04761904761904767,0.034482758620689724,-0.023255813953488403,0.013513513513513466,-0.09090909090909091,0.0021396327431918534,-0.047619047619047616,-0.1044776119402985,-0.10885261256828134,0.025,0.5848518158823149,57.692307692307686,0.1111111111111111,0.008403361344537785,-0.008333333333333304,-0.016393442622950838,-0.04761904761904767,0.034482758620689724,0.03333333333333333
560,2026-01-14,-0.008333333333333304,-0.008333333333333304,-0.06299212598425197,0.02586206896551735,-0.022300469483568026,0.00847457627118644,-0.09589734931622497,-0.0005499551399080529,-0.06299212598425197,-0.0916030534351145,-0.175666294923131,0.01680672268907563,0.5851303197972151,55.55555555555556,0.0,-0.008333333333333304,0.008403361344537785,-0.008333333333333304,-0.06299212598425197,0.02586206896551735,0.058823529411764705
560,2026-01-15,0.0,0.0,-0.0703125,0.008474576271186418,-0.011862396204033232,0.011045029736618497,-0.09383196547931298,-0.002288178765109758,-0.0703125,-0.0703125,-0.16705973255969064,0.01680672268907563,0.583995526405274,52.0,0.0,0.0,-0.008333333333333304,0.008403361344537785,-0.0703125,0.008474576271186418,0.058823529411764705
560,2026-01-16,0.01680672268907557,0.008333333333333304,-0.024193548387096753,0.0,0.008333333333333333,0.029495178672716976,-0.07688395354751211,-0.0014070133988506464,-0.024193548387096774,-0.03968253968253968,-0.00916394198420647,0.01652892561983471,0.6234396886211416,50.0,0.6666666666666666,0.01680672268907557,0.0,-0.008333333333333304,-0.024193548387096753,0.0,0.0743801652892562
560,2026-01-17,-0.008264462809917328,0.008403361344537785,-0.016393442622950838,-0.032258064516129004,0.002386634844868786,0.021856372409877912,-0.0828025477707007,-0.001755679528220442,-0.01639344262295082,-0.024390243902439025,0.05884504322679356,0.025,0.6616856417674316,40.90909090909091,0.5,-0.008264462809917328,0.01680672268907557,0.0,-0.016393442622950838,-0.032258064516129004,0.1
560,2026-01-18,0.016666666666666607,0.025210084033613356,0.016666666666666607,-0.03937007874015752,0.016666666666666666,0.038887311950042545,-0.06592939174819228,1.1263707507863595e-05,0.016666666666666666,0.0,0.08853388311289144,0.02459016393442623,0.6078553217245796,38.095238095238095,1.0,0.016666666666666607,-0.008264462809917328,0.01680672268907557,0.016666666666666607,-0.03937007874015752,0.09836065573770492
560,2026-01-19,0.0,0.008264462809917328,0.025210084033613356,-0.046875,0.013048635824436518,0.03829787234042553,-0.0643374520664678,0.0011561534322009996,0.025210084033613446,0.016666666666666666,0.023799166516320865,0.02459016393442623,0.6472705892374835,35.0,1.0,0.0,0.016666666666666607,-0.008264462809917328,0.025210084033613356,-0.046875,0.11475409836065574
560,2026-01-20,0.016393442622950838,0.03333333333333344,0.03333333333333344,-0.015873015873015928,0.024793388429752067,0.05352591333899743,-0.04753776563966892,0.0037780542838481406,0.03333333333333333,0.05084745762711865,0.0840975537978822,0.024193548387096774,0.6536322902376503,45.00000000000001,1.0,0.016393442622950838,0.0,0.016666666666666607,0.03333333333333344,-0.015873015873015928,0.11290322580645161
560,2026-01-21,0.016129032258064502,0.032786885245901676,0.05882352941176472,-0.007874015748031482,0.03278688524590164,0.06749505789325051,-0.030852063926160224,0.007244483703085,0.058823529411764705,0.08620689655172414,-0.05749859785548059,0.023809523809523808,0.6342699947002345,47.61904761904762,1.0,0.016129032258064502,0.016393442622950838,0.0,0.05882352941176472,-0.007874015748031482,0.09523809523809523
560,2026-01-22,0.0,0.032786885245901676,0.05882352941176472,-0.015625,0.024390243902439025,0.06329113924050633,-0.029691109780097535,0.009228151637076697,0.058823529411764705,0.125,-0.06391955135616638,0.023809523809523808,0.5833581275231858,45.00000000000001,1.0,0.0,0.016129032258064502,0.016393442622950838,0.05882352941176472,-0.015625,0.12698412698412698
560,2026-01-23,0.031746031746031855,0.048387096774193505,0.07438016528925617,0.048387096774193505,0.045977011494252824,0.09029913335197091,0.001798099152324583,0.013925955682905921,0.0743801652892562,0.2037037037037037,-0.09102533642520705,0.023076923076923078,0.5385051241236012,65.0,1.0,0.031746031746031855,0.0,0.016129032258064502,0.07438016528925617,0.048387096774193505,0.1076923076923077
560,2026-01-24,0.01538461538461533,0.04761904761904767,0.10000000000000009,0.08196721311475419,0.047619047619047616,0.0966491276654667,0.01790763430725731,0.01828539280502107,0.1,0.3469387755102041,0.13667136925672033,0.022727272727272728,0.6125458694508256,75.0,1.0,0.01538461538461533,0.031746031746031855,0.0,0.10000000000000009,0.08196721311475419,0.10606060606060606
560,2026-01-25,0.015151515151515138,0.06349206349206349,0.09836065573770503,0.1166666666666667,0.049217002237136515,0.10227584315876066,0.03386198028289753,0.02224109353502538,0.09836065573770492,0.3673469387755102,0.29448384923128945,0.022388059701492536,0.6145020870050772,85.0,1.0,0.015151515151515138,0.01538461538461533,0.031746031746031855,0.09836065573770503,0.1166666666666667,0.1044776119402985
560,2026-01-26,0.014925373134328401,0.04615384615384621,0.11475409836065564,0.1428571428571428,0.048458149779735615,0.10779256041270704,0.049652688448675104,0.025766291095834976,0.11475409836065574,0.36,0.08721178480276222,0.022058823529411766,0.6486560672956947,90.47619047619048,1.0,0.014925373134328401,0.015151515151515138,0.01538461538461533,0.11475409836065564,0.1428571428571428,0.10294117647058823
560,2026-01-27,0.014705882352941124,0.045454545454545414,0.11290322580645151,0.1499999999999999,0.04772234273318866,0.11380145278450358,0.06545423350776367,0.028860310085147476,0.11290322580645161,0.3269230769230769,0.033225664283521326,0.021739130434782608,0.6224295512204455,90.9090909090909,1.0,0.014705882352941124,0.014925373134328401,0.015151515151515138,0.11290322580645151,0.1499999999999999,0.08695652173913043
560,2026-01-28,0.0,0.029850746268656803,0.09523809523809534,0.1596638655462186,0.034261241970021505,0.10606465402083891,0.06563706563706563,0.029808162162496987,0.09523809523809523,0.23214285714285715,-0.13329290332239194,0.021739130434782608,0.6241214809849062,95.23809523809524,1.0,0.0,0.014705882352941124,0.014925373134328401,0.09523809523809534,0.1596638655462186,0.08695652173913043
560,2026-01-29,0.02898550724637672,0.044117647058823595,0.12698412698412698,0.19327731092436973,0.04631578947368415,0.13027328203767571,0.09614889784715665,0.032795498269998155,0.12698412698412698,0.22413793103448276,-0.20826416942964324,0.02112676056338028,0.5943423466151346,96.0,1.0,0.02898550724637672,0.0,0.014705882352941124,0.12698412698412698,0.19327731092436973,0.04225352112676056
560,2026-01-30,0.014084507042253502,0.04347826086956519,0.10769230769230775,0.1900826446280992,0.04564315352697089,0.1377403213062945,0.11082540498842897,0.0352102651719546,0.1076923076923077,0.2413793103448276,-0.10469399427006712,0.020833333333333332,0.5936989055920225,96.0,1.0,0.014084507042253502,0.02898550724637672,0.0,0.10769230769230775,0.1900826446280992,0.013888888888888888
560,2026-01-31,0.01388888888888884,0.05797101449275366,0.10606060606060597,0.21666666666666656,0.044989775051124684,0.1450980392156863,0.12528902971653683,0.037147875266439395,0.10606060606060606,0.23728813559322035,-0.0044232371820755005,0.0273972602739726,0.5505644333804995,99.99999999461538,1.0,0.01388888888888884,0.014084507042253502,0.02898550724637672,0.10606060606060597,0.21666666666666656,0.00684931506849315
560,2026-02-01,0.013698630136986356,0.04225352112676051,0.10447761194029859,0.21311475409836067,0.04435483870967736,0.15264797507788158,0.13953289417400985,0.03868753770764863,0.1044776119402985,0.2231404958677686,-0.012198847776301217,0.02027027027027027,0.5977655901155011,99.99999999461538,1.0,0.013698630136986356,0.01388888888888884,0.014084507042253502,0.10447761194029859,0.21311475409836067,0.013513513513513514
560,2026-02-02,0.013513513513513598,0.04166666666666674,0.10294117647058831,0.2295081967213115,0.04373757455268384,0.1603919546157812,0.15335326783425898,0.03989513083007496,0.10294117647058823,0.20967741935483872,-0.1900081331170459,0.02,0.5839121676563389,99.999999995,1.0,0.013513513513513598,0.013698630136986356,0.01388888888888884,0.10294117647058831,0.2295081967213115,0.02666666666666667
560,2026-02-03,0.0,0.027397260273972712,0.08695652173913038,0.20967741935483875,0.03143418467583506,0.15355037169956423,0.1515823594643009,0.03923631474201488,0.08695652173913043,0.18110236220472442,-0.24457211128807066,0.02,0.5583121757992052,99.99999999461538,1.0,0.0,0.013513513513513598,0.013698630136986356,0.08695652173913038,0.20967741935483875,0.03333333333333333
560,2026-02-04,0.0,0.013513513513513598,0.08695652173913038,0.19047619047619047,0.01941747572815537,0.14708131531990812,0.1498168810152458,0.037428491961619556,0.08695652173913043,0.171875,-0.2670718986832555,0.02,0.561361960182408,99.99999999416667,1.0,0.0,0.0,0.013513513513513598,0.08695652173913038,0.19047619047619047,0.04
560,2026-02-05,-0.013333333333333308,-0.013333333333333308,0.04225352112676051,0.17460317460317465,0.0,0.12547528517110265,0.13294207706047467,0.03338510240994699,0.04225352112676056,0.1746031746031746,-0.038238370031514195,0.013513513513513514,0.6482434617091604,92.3076923076923,0.6666666666666666,-0.013333333333333308,0.0,0.0,0.04225352112676051,0.17460317460317465,0.08108108108108109
560,2026-02-06,-0.013513513513513487,-0.026666666666666616,0.01388888888888884,0.12307692307692308,-0.015414258188824609,0.10494450050454093,0.11649248024471057,0.02805588715753544,0.013888888888888888,0.14960629921259844,-0.07375110202330926,0.02054794520547945,0.5950363850966953,83.33333333333333,0.0,-0.013513513513513487,-0.013333333333333308,0.0,0.01388888888888884,0.12307692307692308,0.136986301369863
560,2026-02-07,0.006849315068493178,-0.020000000000000018,0.006849315068493178,0.11363636363636354,-0.009624639076034567,0.10720562390158161,0.1232806928171166,0.024453179583888388,0.00684931506849315,0.1484375,0.0768315676181776,0.013605442176870748,0.6203627106406446,82.6086956521739,0.25,0.006849315068493178,-0.013513513513513487,-0.013333333333333308,0.006849315068493178,0.11363636363636354,0.1292517006802721
560,2026-02-08,0.020408163265306145,0.013513513513513598,0.013513513513513598,0.11940298507462677,0.00864553314121032,0.12247443252681472,0.1450381679389313,0.023663946839934523,0.013513513513513514,0.20967741935483872,0.1147310501188554,0.02,0.5689973421759413,83.33333333333333,1.0,0.020408163265306145,0.006849315068493178,-0.013513513513513487,0.013513513513513598,0.11940298507462677,0.10666666666666667
560,2026-02-09,0.026666666666666616,0.0547945205479452,0.026666666666666616,0.13235294117647056,0.03157894736842111,0.14328136599851532,0.17417824466282608,0.025466347892493968,0.02666666666666667,0.26229508196721313,0.06628182931345498,0.025974025974025976,0.5207678530006472,84.61538461538461,1.0,0.026666666666666616,0.020408163265306145,0.006849315068493178,0.026666666666666616,0.13235294117647056,0.06493506493506493
560,2026-02-10,0.006493506493506551,0.054421768707483054,0.03333333333333344,0.12318840579710155,0.03333333333333333,0.14082433758586843,0.1803029021067772,0.026498376343801065,0.03333333333333333,0.2916666666666667,0.029203522030131178,0.025806451612903226,0.5449401220015182,84.0,1.0,0.006493506493506551,0.026666666666666616,0.020408163265306145,0.03333333333333344,0.12318840579710155,0.05161290322580645
560,2026-02-11,0.006451612903225712,0.040000000000000036,0.040000000000000036,0.13043478260869557,0.03409090909090906,0.13785557986870903,0.18631178707224336,0.026997202162697572,0.04,0.31092436974789917,-0.0946910585086495,0.019230769230769232,0.5705982064792855,84.61538461538461,1.0,0.006451612903225712,0.006493506493506551,0.026666666666666616,0.040000000000000036,0.13043478260869557,0.07051282051282051
560,2026-02-12,0.02564102564102555,0.03896103896103886,0.08108108108108114,0.12676056338028174,0.048689138576778944,0.15579099446183478,0.21467735132855328,0.029400229598410856,0.08108108108108109,0.3333333333333333,-0.1549167564865239,0.01875,0.5257574041158494,84.61538461538461,1.0,0.02564102564102555,0.006451612903225712,0.006493506493506551,0.08108108108108114,0.12676056338028174,0.0875
560,2026-02-13,0.03750000000000009,0.07096774193548394,0.13698630136986312,0.15277777777777768,0.06801470588235302,0.18571428571428572,0.25746990994024066,0.03434715840277798,0.136986301369863,0.3949579831932773,0.0898288232851522,0.024096385542168676,0.515912857486211,86.66666666666667,1.0,0.03750000000000009,0.02564102564102555,0.006451612903225712,0.13698630136986312,0.15277777777777768,0.04819277108433735
560,2026-02-14,0.0,0.0641025641025641,0.12925170068027203,0.13698630136986312,0.04968383017163508,0.17259241817753712,0.254934901301974,0.03624045294854674,0.1292517006802721,0.3949579831932773,0.0057904823423144975,0.018072289156626505,0.5206352456589766,85.71428571428571,1.0,0.0,0.03750000000000009,0.02564102564102555,0.12925170068027203,0.13698630136986312,0.04216867469879518
560,2026-02-15,0.0,0.03750000000000009,0.10666666666666669,0.12162162162162171,0.03472840605520934,0.16029822926374654,0.252410093050549,0.03615193996183314,0.10666666666666667,0.371900826446281,0.04049343154822066,0.018072289156626505,0.5709656802296402,84.61538461538461,1.0,0.0,0.0,0.03750000000000009,0.10666666666666669,0.12162162162162171,0.04819277108433735
560,2026-02-16,-0.012048192771084376,-0.012048192771084376,0.06493506493506485,0.09333333333333327,0.013239187996469524,0.13468634686346864,0.23504309262823192,0.03338743477910421,0.06493506493506493,0.36666666666666664,0.14093525675549864,0.018292682926829267,0.581778728710735,76.92307692307693,0.8181818181818182,-0.012048192771084376,0.0,0.0,0.06493506493506485,0.09333333333333327,0.08536585365853659
560,2026-02-17,-0.0060975609756097615,-0.01807228915662651,0.05161290322580636,0.08666666666666667,0.0,0.11720356408498968,0.22535917139993328,0.029740496698971792,0.05161290322580645,0.3360655737704918,-0.10553288506552566,0.024539877300613498,0.582795305562662,74.07407407407408,0.7,-0.0060975609756097615,-0.012048192771084376,0.0,0.05161290322580636,0.08666666666666667,0.09815950920245399
560,2026-02-18,0.024539877300613577,0.006024096385542244,0.07051282051282048,0.11333333333333329,0.01475694444444437,0.13297150610583441,0.252917639213071,0.029225407960711172,0.07051282051282051,0.36885245901639346,-0.026790643362865612,0.023952095808383235,0.5574200445269808,77.41935483870968,1.0,0.024539877300613577,-0.0060975609756097615,-0.012048192771084376,0.07051282051282048,0.11333333333333329,0.07784431137724551
560,2026-02-19,0.041916167664670656,0.060975609756097615,0.08749999999999991,0.17567567567567566,0.04459691252144075,0.16726296958855102,0.3019620884602594,0.032797833559040424,0.0875,0.4032258064516129,0.1456704665099105,0.028735632183908046,0.5364730451005342,86.11111111111111,1.0,0.041916167664670656,0.024539877300613577,-0.0060975609756097615,0.08749999999999991,0.17567567567567566,0.022988505747126436
560,2026-02-20,0.0,0.06748466257668717,0.04819277108433728,0.19178082191780832,0.03747870528109024,0.15486725663716822,0.29829215718786284,0.033894298372977444,0.04819277108433735,0.38095238095238093,-0.03702236278766311,0.017241379310344827,0.49409272963234796,91.17647058823529,1.0,0.0,0.041916167664670656,0.024539877300613577,0.04819277108433728,0.19178082191780832,0.028735632183908046
560,2026-02-21,-0.005747126436781658,0.03592814371257491,0.04216867469879526,0.1768707482993197,0.025402201524132043,0.13641340048171677,0.2870959742084816,0.03270905860826797,0.04216867469879518,0.373015873015873,0.1463602369427008,0.011560693641618497,0.5780107188364184,88.23529411764706,0.9090909090909091,-0.005747126436781658,0.0,0.041916167664670656,0.04216867469879526,0.1768707482993197,0.04046242774566474
560,2026-02-22,0.005780346820809301,0.0,0.04819277108433728,0.15999999999999992,0.024390243902439,0.1320754716981133,0.2906947993076734,0.03148958472883956,0.04819277108433735,0.3384615384615385,0.0326051195808019,0.017241379310344827,0.5469239666093377,87.5,1.0,0.005780346820809301,-0.005747126436781658,0.0,0.04819277108433728,0.15999999999999992,0.034482758620689655
560,2026-02-23,0.02298850574712641,0.02298850574712641,0.08536585365853666,0.1558441558441559,0.03574397339983373,0.14666094051964795,0.31602727347408194,0.032312411777495165,0.08536585365853659,0.3484848484848485,0.11221969528682464,0.02247191011235955,0.5347326399468818,87.5,1.0,0.02298850574712641,0.005780346820809301,-0.005747126436781658,0.08536585365853666,0.1558441558441559,0.011235955056179775
560,2026-02-24,0.00561797752808979,0.034682080924855585,0.09815950920245409,0.1548387096774193,0.027891714520098466,0.1420672054444918,0.3189782217127886,0.03236581995229994,0.09815950920245399,0.3358208955223881,0.05244040922226699,0.0223463687150838,0.5248297855220665,87.5,1.0,0.00561797752808979,0.02298850574712641,0.005780346820809301,0.09815950920245409,0.1548387096774193,0.00558659217877095
560,2026-02-25,0.005586592178770999,0.034482758620689724,0.07784431137724557,0.15384615384615374,0.022727272727272728,0.1378002528445007,0.3220173004733147,0.03192497245609488,0.07784431137724551,0.3235294117647059,-0.12111358005106347,0.016666666666666666,0.5800827525697898,87.5,1.0,0.005586592178770999,0.00561797752808979,0.02298850574712641,0.07784431137724557,0.15384615384615374,0.011111111111111112
560,2026-02-26,-0.011111111111111072,0.0,0.02298850574712641,0.11250000000000004,0.008090614886731321,0.11575428332636858,0.30328669053042623,0.029209523317500295,0.022988505747126436,0.2898550724637681,-0.13373643021567966,0.016853932584269662,0.5170883087587528,80.0,0.7142857142857143,-0.011111111111111072,0.005586592178770999,0.00561797752808979,0.02298850574712641,0.11250000000000004,0.011235955056179775
560,2026-02-27,0.00561797752808979,0.0,0.028735632183908066,0.07831325301204828,0.009669621273166847,0.11249223119950276,0.3066753183550978,0.02711449117370695,0.028735632183908046,0.2971014492753623,-0.12545038720535326,0.0111731843575419,0.5522015452225048,76.0,0.8571428571428571,0.00561797752808979,-0.011111111111111072,0.005586592178770999,0.028735632183908066,0.07831325301204828,0.00558659217877095
560,2026-02-28,0.005586592178770999,0.0,0.040462427745664664,0.0843373493975903,0.009615384615384661,0.10996916752312443,0.3099377375272905,0.025487851612008082,0.04046242774566474,0.2676056338028169,0.038071954218110424,0.016666666666666666,0.574422122327386,76.92307692307693,1.0,0.005586592178770999,0.00561797752808979,-0.011111111111111072,0.040462427745664664,0.0843373493975903,0.0
560,2026-03-01,0.0,0.011235955056179803,0.034482758620689724,0.0843373493975903,0.004784688995215333,0.10181595592736171,0.3057145159990328,0.023564075605671652,0.034482758620689655,0.25,0.12894933241851936,0.016666666666666666,0.6190448300389535,76.92307692307693,1.0,0.0,0.005586592178770999,0.00561797752808979,0.034482758620689724,0.0843373493975903,0.03888888888888889
560,2026-03-02,0.0,0.005586592178770999,0.011235955056179803,0.09756097560975618,0.0031847133757962466,0.09422492401215805,0.3015184381778741,0.02151733535670852,0.011235955056179775,0.2328767123287671,-0.055621652410572084,0.016666666666666666,0.564247507498581,83.33333333333333,1.0,0.0,0.0,0.005586592178770999,0.011235955056179803,0.09756097560975618,0.03888888888888889
560,2026-03-03,0.0,0.0,0.005586592178770999,0.10429447852760743,0.002386634844868667,0.08717535735856656,0.29714148450636546,0.019462754633636083,0.00558659217877095,0.21621621621621623,-0.1338318329753818,0.016666666666666666,0.5622784889339398,86.95652173913044,1.0,0.0,0.0,0.0,0.005586592178770999,0.10429447852760743,0.03333333333333333
560,2026-03-04,0.011111111111111072,0.011111111111111072,0.011111111111111072,0.08982035928143706,0.011914217633042075,0.0922184436887378,0.30694965291630094,0.01877009486435323,0.011111111111111112,0.21333333333333335,-0.10478934485116122,0.016483516483516484,0.5422031891904374,85.71428571428572,1.0,0.011111111111111072,0.0,0.0,0.011111111111111072,0.08982035928143706,0.01098901098901099
560,2026-03-05,-0.01098901098901095,0.0,0.011235955056179803,0.034482758620689724,-0.0007930214115780901,0.07377212169417384,0.28827037773359837,0.01638896559161139,0.011235955056179775,0.2,-0.10302377953576053,0.016666666666666666,0.5515642525865845,68.75,0.3333333333333333,-0.01098901098901095,0.011111111111111072,0.0,0.011235955056179803,0.034482758620689724,0.016666666666666666
560,2026-03-06,0.0,0.0,0.005586592178770999,0.034482758620689724,-0.0015847860538826808,0.06740462542004354,0.28377842935256364,0.014294428124882975,0.00558659217877095,0.2,-0.05098138201550788,0.016666666666666666,0.5605933228629536,68.75,0.0,0.0,-0.01098901098901095,0.011111111111111072,0.005586592178770999,0.034482758620689724,0.011111111111111112
560,2026-03-07,0.0,-0.01098901098901095,0.0,0.040462427745664664,-0.0015847860538826808,0.06069534472598711,0.279216677195199,0.012456166992697228,0.0,0.21621621621621623,0.08256493617631876,0.005555555555555556,0.5483153114915569,73.33333333333333,0.0,0.0,0.0,-0.01098901098901095,0.0,0.040462427745664664,-0.011111111111111112
560,2026-03-08,0.03888888888888897,0.03888888888888897,0.03888888888888897,0.07471264367816088,0.03152088258471242,0.09314107560405302,0.32342533616418956,0.01535362965276623,0.03888888888888889,0.2808219178082192,0.2312561870351878,0.0213903743315508,0.4896613442335246,80.95238095238095,1.0,0.03888888888888897,0.0,0.0,0.03888888888888897,0.07471264367816088,-0.058823529411764705
560,2026-03-09,0.0,0.03888888888888897,0.03888888888888897,0.050561797752809,0.025862068965517286,0.08468677494199532,0.3179326546593579,0.016681023494961256,0.03888888888888889,0.272108843537415,0.06208879691419718,0.0213903743315508,0.5362000714187531,76.47058823529412,1.0,0.0,0.03888888888888897,0.0,0.03888888888888897,0.050561797752809,-0.058823529411764705
560,2026-03-10,-0.005347593582887722,0.03333333333333344,0.03333333333333344,0.03910614525139655,0.015600624024961022,0.07142857142857147,0.3055685540477304,0.016326795526717352,0.03333333333333333,0.24,-0.09110986183426092,0.016129032258064516,0.5621969307034294,70.58823529411765,0.8571428571428571,-0.005347593582887722,0.0,0.03888888888888897,0.03333333333333344,0.03910614525139655,-0.03225806451612903
560,2026-03-11,-0.010752688172043001,-0.016042780748663055,0.01098901098901095,0.022222222222222143,0.003115264797507855,0.05383734249713635,0.28641342344441856,0.01427605023804948,0.01098901098901099,0.19480519480519481,-0.13291231443633172,0.010869565217391304,0.5062029480013777,61.11111111111111,0.5714285714285714,-0.010752688172043001,-0.005347593582887722,0.0,0.01098901098901095,0.022222222222222143,-0.021739130434782608
560,2026-03-12,-0.005434782608695676,-0.021390374331550777,0.016666666666666607,0.028089887640449396,-0.004662004662004684,0.04253703000379796,0.27447187185638,0.011832984235274091,0.016666666666666666,0.18064516129032257,-0.126745506169801,0.01092896174863388,0.5127054260222165,64.70588235294119,0.42857142857142855,-0.005434782608695676,-0.010752688172043001,-0.005347593582887722,0.016666666666666607,0.028089887640449396,-0.01639344262295082
560,2026-03-13,-0.005464480874316946,-0.021505376344086002,0.011111111111111072,0.016759776536312776,-0.011636927851047302,0.03174603174603171,0.2628170534268752,0.009216092363376902,0.011111111111111112,0.16666666666666666,-0.06928066140960956,0.016483516483516484,0.5388985681995229,58.82352941176471,0.2857142857142857,-0.005464480874316946,-0.005434782608695676,-0.010752688172043001,0.011111111111111072,0.016759776536312776,-0.02197802197802198
560,2026-03-14,-0.02197802197802201,-0.03260869565217395,-0.011111111111111072,-0.011111111111111072,-0.03185703185703188,0.005649717514124294,0.23088743757203226,0.004652348809692194,-0.011111111111111112,0.1125,0.047668854793567195,0.016853932584269662,0.5588900061044636,45.00000000000001,0.0,-0.02197802197802201,-0.005464480874316946,-0.005434782608695676,-0.011111111111111072,-0.011111111111111072,0.0
560,2026-03-15,-0.011235955056179803,-0.03825136612021862,-0.05882352941176472,-0.022222222222222254,-0.03448275862068961,-0.007518796992481256,0.2128637059724349,0.00022740995670176211,-0.058823529411764705,0.060240963855421686,0.1447986626009555,0.028409090909090908,0.5971642416760319,40.90909090909091,0.0,-0.011235955056179803,-0.02197802197802201,-0.005464480874316946,-0.05882352941176472,-0.022222222222222254,0.0
560,2026-03-16,0.0,-0.03296703296703296,-0.05882352941176472,-0.022222222222222254,-0.026086956521739174,-0.009380863039399572,0.20842233750381445,-0.0026763802545415934,-0.058823529411764705,0.060240963855421686,-0.07218181915174225,0.017045454545454544,0.5284270532233997,40.90909090909091,0.0,0.0,-0.011235955056179803,-0.02197802197802201,-0.05882352941176472,-0.022222222222222254,0.0
560,2026-03-17,0.022727272727272707,0.011235955056179803,-0.032258064516129004,0.0,0.0007942811755361172,0.010479041916167707,0.23081598541255133,-0.0018794100056031722,-0.03225806451612903,0.08433734939759036,-0.026423953116340868,0.016666666666666666,0.5369609453199636,50.0,0.5,0.022727272727272707,0.0,-0.011235955056179803,-0.032258064516129004,0.0,-0.011111111111111112
560,2026-03-18,0.0,0.022727272727272707,-0.021739130434782594,-0.01098901098901095,0.003984063745019966,0.007462686567164233,0.2255087374234058,-0.0012988218702986412,-0.021739130434782608,0.0975609756097561,-0.12323511864412048,0.011111111111111112,0.5219389197259393,45.833333333333336,0.5714285714285714,0.0,0.022727272727272707,0.0,-0.021739130434782594,-0.01098901098901095,0.0
560,2026-03-19,0.0,0.022727272727272707,-0.016393442622950838,0.0,0.006389776357827453,0.004277478147666059,0.2201551555321233,-0.0008782037056954896,-0.01639344262295082,0.10429447852760736,-0.12529336452074596,0.011111111111111112,0.48676339159261683,50.0,0.6666666666666666,0.0,0.0,0.022727272727272707,-0.016393442622950838,0.0,0.027777777777777776
560,2026-03-20,-0.011111111111111072,-0.011111111111111072,-0.02197802197802201,-0.011111111111111072,-0.0016025641025640572,-0.008908685968819567,0.20134983127109118,-0.0018754421950584973,-0.02197802197802198,0.0658682634730539,-0.061361980561617104,0.016853932584269662,0.5444014203267635,45.833333333333336,0.5,-0.011111111111111072,0.0,0.0,-0.02197802197802201,-0.011111111111111072,0.028089887640449437
560,2026-03-21,0.0,-0.011111111111111072,0.0,-0.011111111111111072,-0.0016025641025640572,-0.009643916913946515,0.19596864501679723,-0.0024633058068755367,0.0,0.022988505747126436,0.032774099892545504,0.016853932584269662,0.583710249834218,45.833333333333336,0.5,0.0,-0.011111111111111072,0.0,0.0,-0.011111111111111072,0.02247191011235955
560,2026-03-22,-0.011235955056179803,-0.022222222222222254,0.0,-0.05882352941176472,-0.012820512820512775,-0.02113459399332598,0.17725752508361203,-0.004072734434086468,0.0,0.011494252873563218,0.0896679718491418,0.017045454545454544,0.6096285548929433,21.05263157894737,0.0,-0.011235955056179803,0.0,-0.011111111111111072,0.0,-0.05882352941176472,0.03409090909090909
560,2026-03-23,0.0,-0.011235955056179803,0.0,-0.05882352941176472,-0.012820512820512775,-0.021678710394663733,0.17168429617575268,-0.0049900169821027246,0.0,0.017341040462427744,-0.1655256507536869,0.011363636363636364,0.5259758551593164,21.05263157894737,0.0,0.0,-0.011235955056179803,0.0,0.0,-0.05882352941176472,0.03409090909090909
560,2026-03-24,0.011363636363636465,0.0,-0.011111111111111072,-0.043010752688172005,0.0,-0.011294204776893158,0.17889469423798668,-0.004109032100762501,-0.011111111111111112,0.022988505747126436,0.0409541611299588,0.02247191011235955,0.5465125666146483,30.0,0.5,0.011363636363636465,0.0,-0.011235955056179803,-0.011111111111111072,-0.043010752688172005,0.02247191011235955
560,2026-03-25,0.011235955056179803,0.022727272727272707,0.0,-0.021739130434782594,0.011235955056179775,-0.0005552470849527725,0.18499012508229093,-0.0020883985316289366,0.0,0.011235955056179775,0.02451573696573036,0.016666666666666666,0.47637267473739514,39.99999999999999,1.0,0.011235955056179803,0.011363636363636465,0.0,0.0,-0.021739130434782594,0.022222222222222223
560,2026-03-26,0.02777777777777768,0.051136363636363535,0.02777777777777768,0.010928961748633892,0.03517186250999196,0.02606766500277309,0.21020497165285645,0.0025441897200691324,0.027777777777777776,0.0335195530726257,0.05916039983494727,0.021621621621621623,0.43952247757464125,54.166666666666664,1.0,0.02777777777777768,0.011235955056179803,0.011363636363636465,0.02777777777777768,0.010928961748633892,-0.005405405405405406
560,2026-03-27,-0.010810810810810811,0.028089887640449396,0.028089887640449396,0.005494505494505475,0.019904458598726183,0.01441241685144121,0.1899429231991908,0.00415378377036452,0.028089887640449437,0.016666666666666666,-0.10356807281651582,0.01092896174863388,0.5194355971656573,52.0,0.7777777777777778,-0.010810810810810811,0.02777777777777768,0.011235955056179803,0.028089887640449396,0.005494505494505475,0.00546448087431694
560,2026-03-28,-0.005464480874316946,0.011111111111111072,0.022471910112359605,0.022471910112359605,0.011111111111111112,0.008124076809453483,0.17680867878439535,0.004411067650000957,0.02247191011235955,0.02247191011235955,0.08744563766770361,0.016483516483516484,0.4879913326614016,59.09090909090909,0.6666666666666666,-0.005464480874316946,-0.010810810810810811,0.02777777777777768,0.022471910112359605,0.022471910112359605,0.01098901098901099
560,2026-03-29,0.0,-0.01621621621621616,0.03409090909090917,0.03409090909090917,0.006319115323854638,0.007565971581472639,0.17092000857816853,0.004429573879953472,0.03409090909090909,0.01675977653631285,0.0698424203913691,0.016483516483516484,0.5040110460933898,65.0,0.6666666666666666,0.0,-0.005464480874316946,-0.010810810810810811,0.03409090909090917,0.03409090909090917,0.01098901098901099
560,2026-03-30,0.0,-0.005464480874316946,0.03409090909090917,0.03409090909090917,0.0015723270440251124,0.0071942446043166105,0.1654215581643544,0.004292852878824416,0.03409090909090909,0.011111111111111112,-0.018783911340066517,0.016483516483516484,0.5437365779382235,65.0,0.5714285714285714,0.0,0.0,-0.005464480874316946,0.03409090909090917,0.03409090909090917,0.016483516483516484
560,2026-03-31,0.0,0.0,0.022471910112359605,0.011111111111111072,-0.0015673981191222125,0.006822791812649751,0.15997450605481195,0.0040601768974689026,0.02247191011235955,0.011111111111111112,-0.11019933177971203,0.016483516483516484,0.5266615706977106,56.25,0.4,0.0,0.0,0.0,0.022471910112359605,0.011111111111111072,0.016483516483516484
560,2026-04-01,0.01098901098901095,0.01098901098901095,0.022222222222222143,0.022222222222222143,0.006249999999999978,0.017136539524599193,0.16726580672446612,0.005054698289038666,0.022222222222222223,0.022222222222222223,-0.06256064234978204,0.016304347826086956,0.47139996078145185,61.11111111111111,0.6666666666666666,0.01098901098901095,0.0,0.0,0.022222222222222143,0.022222222222222143,0.005434782608695652
560,2026-04-02,0.0,0.01098901098901095,-0.00540540540540535,0.022222222222222143,0.007036747458952262,0.0163874056343215,0.16210526315789467,0.005527688647719011,-0.005405405405405406,0.022222222222222223,-0.16887304063765848,0.016304347826086956,0.5025604790526301,61.11111111111111,1.0,0.0,0.01098901098901095,0.0,-0.00540540540540535,0.022222222222222143,0.0
560,2026-04-03,0.0,0.01098901098901095,0.005464480874316946,0.03370786516853941,0.006249999999999978,0.01601325234676977,0.15723270440251572,0.0056476685338819705,0.00546448087431694,0.01098901098901099,-0.01252799650447234,0.016304347826086956,0.5016715308661717,68.75,1.0,0.0,0.0,0.01098901098901095,0.005464480874316946,0.03370786516853941,0.0
560,2026-04-04,0.0,0.0,0.01098901098901095,0.03370786516853941,0.004680187207488321,0.015265771565201472,0.15264147003549808,0.005535322899853541,0.01098901098901099,0.022222222222222223,0.12190610467012557,0.016304347826086956,0.5451456433914695,68.75,1.0,0.0,0.0,0.0,0.01098901098901095,0.03370786516853941,0.0
560,2026-04-05,0.0,0.0,0.01098901098901095,0.045454545454545414,0.003115264797507855,0.01451938981804811,0.14816612355265893,0.005276441387629632,0.01098901098901099,0.022222222222222223,0.10071110352241198,0.016304347826086956,0.5226561795499061,78.57142857142857,1.0,0.0,0.0,0.0,0.01098901098901095,0.045454545454545414,0.0
560,2026-04-06,0.005434782608695565,0.005434782608695565,0.016483516483516425,0.051136363636363535,0.0062160062160061934,0.01909658464928389,0.14970307968512647,0.005566018088335262,0.016483516483516484,0.027777777777777776,-0.06716564311101993,0.010810810810810811,0.48899439726804855,80.0,1.0,0.005434782608695565,0.0,0.0,0.016483516483516425,0.051136363636363535,0.005405405405405406
560,2026-04-07,0.0,0.005434782608695565,0.016483516483516425,0.0393258426966292,0.003875968992248106,0.019470977222630408,0.1451169188445668,0.0055661339491855375,0.016483516483516484,-0.0106951871657754,-0.1080478435562712,0.010810810810810811,0.4891956400775197,76.92307692307693,1.0,0.0,0.005434782608695565,0.0,0.016483516483516425,0.0393258426966292,0.010810810810810811
560,2026-04-08,0.0,0.005434782608695565,0.005434782608695565,0.02777777777777768,0.003098373353989222,0.01984564498346193,0.1406453380831677,0.005379003273032779,0.005434782608695652,-0.0106951871657754,-0.12461084232559497,0.010810810810810811,0.5128280282071103,72.72727272727272,1.0,0.0,0.0,0.005434782608695565,0.005434782608695565,0.02777777777777768,0.016216216216216217
560,2026-04-09,-0.00540540540540535,-0.00540540540540535,0.0,-0.00540540540540535,-0.0023237800154918007,0.014705882352941124,0.12983557344613497,0.0044446767396873815,0.0,-0.010752688172043012,-0.07689362159868708,0.010869565217391304,0.4854585820423826,42.857142857142854,0.0,-0.00540540540540535,0.0,0.0,0.0,-0.00540540540540535,0.021739130434782608
560,2026-04-10,0.0,-0.00540540540540535,0.0,0.005464480874316946,-0.0023237800154918007,0.014705882352941124,0.125076431822814,0.0036893494595328937,0.0,0.0,-0.15759131895538056,0.016304347826086956,0.5121468803580722,60.0,0.0,0.0,-0.00540540540540535,0.0,0.0,0.005464480874316946,0.03260869565217391
560,2026-04-11,0.0,-0.00540540540540535,0.0,0.01098901098901095,-0.0023237800154918007,0.01451938981804811,0.12020564161536898,0.0030754996955061164,0.0,0.00546448087431694,-0.006290225122754801,0.016304347826086956,0.5347593806795591,75.0,0.0,0.0,0.0,-0.00540540540540535,0.0,0.01098901098901095,0.03260869565217391
560,2026-04-12,0.0,0.0,0.0,0.01098901098901095,-0.0023237800154918007,0.014146610325188293,0.11530172413793097,0.002574039842019966,0.0,0.01098901098901099,0.11130773650093023,0.016304347826086956,0.49478967014789554,75.0,0.0,0.0,0.0,0.0,0.0,0.01098901098901095,0.043478260869565216
560,2026-04-13,0.010869565217391353,0.010869565217391353,0.00540540540540535,0.0219780219780219,0.007739938080495289,0.02366538249862417,0.12243529569531986,0.0034276561147209956,0.005405405405405406,0.0449438202247191,-0.02484367014410195,0.016129032258064516,0.5178367559061686,83.33333333333333,1.0,0.010869565217391353,0.0,0.0,0.00540540540540535,0.0219780219780219,0.03225806451612903
560,2026-04-14,0.005376344086021501,0.016304347826086918,0.0108108108108107,0.027472527472527375,0.01159196290571868,0.027096301720981347,0.12334801762114536,0.004495412684582925,0.010810810810810811,0.0625,-0.09319827268481044,0.0106951871657754,0.5101941958305929,85.71428571428571,1.0,0.005376344086021501,0.010869565217391353,0.0,0.0108108108108107,0.027472527472527375,0.0213903743315508
560,2026-04-15,0.005347593582887722,0.021739130434782705,0.016216216216216273,0.021739130434782705,0.014649190439475757,0.03032517354767993,0.12417779549531602,0.005662433146828698,0.016216216216216217,0.06818181818181818,-0.15785632250683534,0.015957446808510637,0.459484646765569,83.33333333333333,1.0,0.005347593582887722,0.005376344086021501,0.010869565217391353,0.016216216216216273,0.021739130434782705,0.010638297872340425
560,2026-04-16,0.0,0.010752688172043001,0.021739130434782705,0.021739130434782705,0.011529592621060701,0.028821597956950093,0.11919566080169328,0.00622574731325619,0.021739130434782608,0.044444444444444446,-0.27865061235013344,0.015957446808510637,0.5099535624943189,83.33333333333333,1.0,0.0,0.005347593582887722,0.005376344086021501,0.021739130434782705,0.021739130434782705,0.015957446808510637
560,2026-04-17,0.010638297872340496,0.016042780748663166,0.032608695652173836,0.032608695652173836,0.01759755164498848,0.03787327021121634,0.1258888596260205,0.007626212453391426,0.03260869565217391,0.05555555555555555,-0.19624761918790928,0.015789473684210527,0.5431501251424873,87.5,1.0,0.010638297872340496,0.0,0.005347593582887722,0.032608695652173836,0.032608695652173836,0.0
560,2026-04-18,0.0,0.010638297872340496,0.032608695652173836,0.032608695652173836,0.012947448591012881,0.035986913849509236,0.12087047718930251,0.00827170064186488,0.03260869565217391,0.05555555555555555,-0.04043836534207176,0.015789473684210527,0.4727500371161075,87.5,1.0,0.0,0.010638297872340496,0.0,0.032608695652173836,0.032608695652173836,0.0
560,2026-04-19,0.010526315789473717,0.02127659574468077,0.04347826086956519,0.04347826086956519,0.017411052233156657,0.044234952864394446,0.1274957588411849,0.009643273940700178,0.043478260869565216,0.07865168539325842,0.12347535421659091,0.015625,0.4752911899113853,90.0,1.0,0.010526315789473717,0.0,0.010638297872340496,0.04347826086956519,0.04347826086956519,-0.010416666666666666
560,2026-04-20,0.0,0.010526315789473717,0.032258064516129004,0.037837837837837895,0.012810851544837916,0.041591320072332676,0.12251526568793032,0.010199644024756215,0.03225806451612903,0.07865168539325842,-0.1046304295943606,0.015625,0.527176167692531,88.88888888888889,1.0,0.0,0.010526315789473717,0.0,0.032258064516129004,0.037837837837837895,-0.010416666666666666
560,2026-04-21,-0.00520833333333337,0.0052631578947368585,0.021390374331550888,0.03243243243243232,0.004507888805409488,0.03336339044183944,0.11197360760721901,0.009599951276139319,0.0213903743315508,0.08522727272727272,-0.20439190306951635,0.010471204188481676,0.45584241727842517,80.0,0.75,-0.00520833333333337,0.0,0.010526315789473717,0.021390374331550888,0.03243243243243232,-0.005235602094240838
560,2026-04-22,-0.005235602094240788,-0.01041666666666663,0.010638297872340496,0.027027027027026973,-0.002250562640660101,0.02536427415002692,0.10159118727050177,0.008275047699883627,0.010638297872340425,0.07954545454545454,-0.066835957935521,0.015789473684210527,0.535452878673974,72.72727272727272,0.5,-0.005235602094240788,-0.00520833333333337,0.0,0.010638297872340496,0.027027027027026973,0.005263157894736842
560,2026-04-23,0.0052631578947368585,-0.00520833333333337,0.015957446808510634,0.03804347826086962,0.0007485029940119547,0.02835606604450833,0.10305441478439419,0.0077509305073917125,0.015957446808510637,0.07303370786516854,-0.10814541989849942,0.010471204188481676,0.49357041289495596,81.81818181818181,0.5,0.0052631578947368585,-0.005235602094240788,-0.00520833333333337,0.015957446808510634,0.03804347826086962,0.0
560,2026-04-24,-0.005235602094240788,-0.005235602094240788,0.0,0.032608695652173836,-0.004491017964071878,0.02113937656753854,0.09321058688147289,0.006538116380121313,0.0,0.05555555555555555,-0.04078797212518662,0.015789473684210527,0.43052628948582206,75.0,0.0,-0.005235602094240788,0.0052631578947368585,-0.005235602094240788,0.0,0.032608695652173836,0.010526315789473684
560,2026-04-25,0.0,0.0,0.0,0.032608695652173836,-0.004491017964071878,0.02022552353678189,0.08931074022168432,0.005532053200782627,0.0,0.02702702702702703,0.09801159750490661,0.015789473684210527,0.5040675931993812,75.0,0.0,0.0,-0.005235602094240788,0.0052631578947368585,0.0,0.032608695652173836,0.005263157894736842
560,2026-04-26,0.0,-0.005235602094240788,-0.01041666666666663,0.032608695652173836,-0.002998500749625251,0.01894887379335001,0.08557643473844598,0.004693841659229779,-0.010416666666666666,0.03825136612021858,0.17842282563300677,0.015789473684210527,0.5218201348090014,75.0,0.0,0.0,0.0,-0.005235602094240788,-0.01041666666666663,0.032608695652173836,0.005263157894736842
560,2026-04-27,0.0,0.0,-0.01041666666666663,0.021505376344086002,-0.001501501501501459,0.01749375223134602,0.08200455580865607,0.0039926275728530075,-0.010416666666666666,0.04395604395604396,-0.056518818960086196,0.010526315789473684,0.49306604854216485,70.0,0.0,0.0,0.0,0.0,-0.01041666666666663,0.021505376344086002,0.0
560,2026-04-28,0.0,0.0,-0.005235602094240788,0.016042780748663166,-0.0007513148009015564,0.016042780748663103,0.0784561049445005,0.003403805579336062,-0.005235602094240838,0.04395604395604396,-0.05115875366039917,0.015789473684210527,0.4696753969562097,66.66666666666666,0.0,0.0,0.0,0.0,-0.005235602094240788,0.016042780748663166,0.0
560,2026-04-29,0.0052631578947368585,0.0052631578947368585,0.0052631578947368585,0.015957446808510634,0.0037537537537537967,0.01975440469834484,0.08079220370952526,0.0035208273068927467,0.005263157894736842,0.04945054945054945,-0.0452960862204024,0.010471204188481676,0.47703707443752075,66.66666666666666,1.0,0.0052631578947368585,0.0,0.0,0.0052631578947368585,0.015957446808510634,-0.005235602094240838
560,2026-04-30,0.0,0.0052631578947368585,0.0,0.015957446808510634,0.0037537537537537967,0.01812366737739875,0.07760782347041126,0.003478640320910087,0.0,0.04945054945054945,-0.008820584920309337,0.010471204188481676,0.4963016048044972,66.66666666666666,1.0,0.0,0.0052631578947368585,0.0,0.0,0.015957446808510634,-0.005235602094240838
560,2026-05-01,0.005235602094240788,0.010526315789473717,0.010526315789473717,0.010526315789473717,0.007496251874062904,0.022001419446415857,0.08013501687710961,0.003946039709225526,0.010526315789473684,0.043478260869565216,0.05888472089856906,0.015625,0.4635485935872837,62.50000000000001,1.0,0.005235602094240788,0.0,0.0052631578947368585,0.010526315789473717,0.010526315789473717,-0.015625
560,2026-05-02,-0.00520833333333337,0.0,0.0052631578947368585,0.0052631578947368585,0.0014981273408239274,0.015417331206804922,0.07162895081354038,0.003505889925956862,0.005263157894736842,0.03804347826086957,0.10878877755504408,0.010471204188481676,0.5026968008016827,55.55555555555556,0.5,-0.00520833333333337,0.005235602094240788,0.0,0.0052631578947368585,0.0052631578947368585,-0.010471204188481676
560,2026-05-03,0.0,0.0,0.0052631578947368585,-0.00520833333333337,0.0007485029940119547,0.01415929203539818,0.06889690337022754,0.003102851746435041,0.005263157894736842,0.03804347826086957,0.26128791754677233,0.010471204188481676,0.5273701953967866,42.857142857142854,0.5,0.0,-0.00520833333333337,0.005235602094240788,0.0052631578947368585,-0.00520833333333337,-0.015706806282722512
560,2026-05-04,-0.005235602094240788,-0.01041666666666663,0.0,-0.01041666666666663,-0.004491017964071878,0.0077793493635077895,0.06066244882768892,0.002126199777145077,0.0,0.03260869565217391,-0.07823759053153556,0.015789473684210527,0.42939326321425797,37.5,0.0,-0.005235602094240788,0.0,-0.00520833333333337,0.0,-0.01041666666666663,-0.010526315789473684
560,2026-05-05,0.0,-0.005235602094240788,0.0,-0.005235602094240788,-0.004491017964071878,0.006711409395973225,0.05803737161242418,0.0014203217103504015,0.0,0.03260869565217391,-0.09326409551617709,0.010526315789473684,0.47587686527429934,42.857142857142854,0.0,0.0,-0.005235602094240788,0.0,0.0,-0.005235602094240788,0.0
560,2026-05-06,0.0,-0.005235602094240788,-0.005235602094240788,0.0,-0.0037453183520599676,0.005823186871360478,0.055294988891631654,0.0009140391757746569,-0.005235602094240838,0.02702702702702703,-0.13553784402985433,0.015789473684210527,0.46594918921981876,50.0,0.0,0.0,0.0,-0.005235602094240788,-0.005235602094240788,0.0,0.0
560,2026-05-07,0.0,0.0,-0.005235602094240788,-0.005235602094240788,-0.002998500749625251,0.004936530324400584,0.05243722304283605,0.0005544109595096022,-0.005235602094240838,0.02702702702702703,-0.011241192008585659,0.015789473684210527,0.49386086746919106,39.99999999999999,0.0,0.0,0.0,0.0,-0.005235602094240788,-0.005235602094240788,0.015789473684210527
560,2026-05-08,-0.0052631578947368585,-0.0052631578947368585,-0.015625,-0.0052631578947368585,-0.006010518407212601,-0.0010570824524312296,0.04419889502762431,-0.00031161234329956256,-0.015625,0.021621621621621623,-0.008161277984386872,0.010582010582010581,0.438910287078063,39.99999999999999,0.0,-0.0052631578947368585,0.0,0.0,-0.015625,-0.0052631578947368585,0.021164021164021163
560,2026-05-09,0.0,-0.0052631578947368585,-0.010471204188481686,-0.0052631578947368585,-0.00451467268623027,-0.0019362788241507176,0.04170494212750319,-0.0008650637097115364,-0.010471204188481676,0.02717391304347826,0.06647319522070676,0.010582010582010581,0.4777843987403355,39.99999999999999,0.0,0.0,-0.0052631578947368585,0.0,-0.010471204188481686,-0.0052631578947368585,0.026455026455026454
560,2026-05-10,-0.005291005291005346,-0.010526315789473717,-0.015706806282722474,-0.010526315789473717,-0.00754147812971336,-0.0079155672823219,0.034040212674937405,-0.0018126211095879597,-0.015706806282722512,0.021739130434782608,0.11643840172825166,0.010638297872340425,0.5006739577755842,33.33333333333333,0.0,-0.005291005291005346,0.0,-0.0052631578947368585,-0.015706806282722474,-0.010526315789473717,0.0425531914893617
560,2026-05-11,0.0,-0.005291005291005346,-0.010526315789473717,-0.010526315789473717,-0.006042296072507531,-0.008613113025136189,0.03195901439375458,-0.0023700954531529193,-0.010526315789473684,0.021739130434782608,-0.059728792772086155,0.010638297872340425,0.506764360390862,33.33333333333333,0.0,0.0,-0.005291005291005346,0.0,-0.010526315789473717,-0.010526315789473717,0.05319148936170213
560,2026-05-12,0.010638297872340496,0.005291005291005346,0.0,0.0,0.004531722054380686,0.000877963125548677,0.04077906269020092,-0.0014196807952385334,0.0,0.03260869565217391,0.02877961199553413,0.021052631578947368,0.5057771539954657,50.0,1.0,0.010638297872340496,0.0,-0.005291005291005346,0.0,0.0,0.05263157894736842
560,2026-05-13,0.0,0.010638297872340496,0.0,-0.005235602094240788,0.004531722054380686,0.00017546938059307654,0.038882138517618486,-0.0007549503406313086,0.0,0.021505376344086023,-0.1414207804205873,0.010526315789473684,0.4632773135058449,42.857142857142854,1.0,0.0,0.010638297872340496,0.0,0.0,-0.005235602094240788,0.07368421052631578
560,2026-05-14,0.015789473684210575,0.02659574468085113,0.015789473684210575,0.010471204188481575,0.018085908063300613,0.014899211218229673,0.05355734821374412,0.0015445701590033345,0.015789473684210527,0.03208556149732621,0.15256721412799845,0.02072538860103627,0.5780820610758762,60.0,1.0,0.015789473684210575,0.0,0.010638297872340496,0.015789473684210575,0.010471204188481575,0.08808290155440414
560,2026-05-15,0.0,0.015789473684210575,0.021164021164021163,0.005208333333333259,0.015026296018031578,0.014010507880910633,0.051834806830568056,0.002980362851316562,0.021164021164021163,0.026595744680851064,0.12621443682423172,0.02072538860103627,0.5019696980499025,55.55555555555556,1.0,0.0,0.015789473684210575,0.0,0.021164021164021163,0.005208333333333259,0.09844559585492228
560,2026-05-16,0.005181347150259086,0.021052631578947434,0.02645502645502651,0.015706806282722585,0.01646706586826345,0.01819454163750876,0.055495103373231706,0.004417981975603411,0.026455026455026454,0.031914893617021274,0.09617017151819218,0.015463917525773196,0.5203420471022641,66.66666666666666,1.0,0.005181347150259086,0.0,0.015789473684210575,0.02645502645502651,0.015706806282722585,0.061855670103092786
560,2026-05-17,0.010309278350515427,0.015544041450777257,0.042553191489361764,0.02617801047120416,0.020833333333333332,0.02761272282418742,0.06431760588874134,0.0064094684184866765,0.0425531914893617,0.031578947368421054,0.07333375966996718,0.015306122448979591,0.5128522337832122,72.72727272727272,1.0,0.010309278350515427,0.005181347150259086,0.0,0.042553191489361764,0.02617801047120416,0.02040816326530612
560,2026-05-18,0.010204081632652962,0.02590673575129543,0.05319148936170204,0.042105263157894646,0.023633677991137435,0.03664921465968586,0.07291227647660903,0.008679645831306333,0.05319148936170213,0.042105263157894736,0.2514204523586572,0.025252525252525252,0.4395361847942507,83.33333333333333,1.0,0.010204081632652962,0.010309278350515427,0.005181347150259086,0.05319148936170204,0.042105263157894646,0.0
560,2026-05-19,0.010101010101010166,0.030927835051546282,0.05263157894736836,0.05263157894736836,0.026392961876832825,0.04566050888811425,0.0816007691383248,0.011039145466759345,0.05263157894736842,0.041666666666666664,-0.09181998949846619,0.015,0.5173101278170371,85.71428571428571,1.0,0.010101010101010166,0.010204081632652962,0.010309278350515427,0.05263157894736836,0.05263157894736836,-0.05
560,2026-05-20,0.020000000000000018,0.04081632653061229,0.0736842105263158,0.0736842105263158,0.036284470246734375,0.06434782608695658,0.10124760076775434,0.014540890107328557,0.07368421052631578,0.0625,-0.09060742553227827,0.0196078431372549,0.4255615156753268,88.88888888888889,1.0,0.020000000000000018,0.010101010101010166,0.010204081632652962,0.0736842105263158,0.0736842105263158,-0.0784313725490196
560,2026-05-21,0.02941176470588225,0.06060606060606055,0.08808290155440424,0.10526315789473695,0.053763440860215096,0.09204368174726983,0.13119463729949724,0.019771700410119705,0.08808290155440414,0.09947643979057591,0.012537458745587086,0.023809523809523808,0.4336984970444663,91.66666666666667,1.0,0.02941176470588225,0.020000000000000018,0.010101010101010166,0.08808290155440424,0.10526315789473695,-0.11428571428571428
560,2026-05-22,0.00952380952380949,0.06000000000000005,0.09844559585492219,0.12169312169312163,0.04950495049504951,0.09825591434985323,0.13930853287155906,0.02355351111200415,0.09844559585492228,0.11578947368421053,0.04027521568406872,0.02358490566037736,0.495876579187244,96.0,1.0,0.00952380952380949,0.02941176470588225,0.020000000000000018,0.09844559585492219,0.12169312169312163,-0.12735849056603774
560,2026-05-23,-0.028301886792452824,0.009803921568627416,0.061855670103092786,0.08994708994709,0.011220196353436145,0.06441612125387532,0.10495261934561056,0.02173371449833796,0.061855670103092786,0.07853403141361257,0.42539039695568776,0.014563106796116505,0.643482622729888,77.41935483870968,0.625,-0.028301886792452824,0.00952380952380949,0.02941176470588225,0.061855670103092786,0.08994708994709,-0.10194174757281553
560,2026-05-24,-0.029126213592232997,-0.04761904761904767,0.020408163265306145,0.06382978723404253,-0.02097902097902094,0.031636863823933936,0.07136479971430272,0.016394370956601022,0.02040816326530612,0.05263157894736842,0.20529052438626963,0.025,0.6117936537686118,66.66666666666666,0.14285714285714285,-0.029126213592232997,-0.028301886792452824,0.00952380952380949,0.020408163265306145,0.06382978723404253,-0.08
560,2026-05-25,-0.010000000000000009,-0.06603773584905659,0.0,0.05319148936170204,-0.03076923076923073,0.019917582417582458,0.05945303210463736,0.011225280685987422,0.0,0.042105263157894736,0.13240857526748137,0.025252525252525252,0.5836116586605254,63.15789473684211,0.0,-0.010000000000000009,-0.029126213592232997,-0.028301886792452824,0.0,0.05319148936170204,-0.08080808080808081
560,2026-05-26,-0.04040404040404044,-0.07766990291262132,-0.050000000000000044,0.0,-0.06338028169014086,-0.021291208791208754,0.016042780748663103,0.0028202918461469177,-0.05,0.0,0.03257106617195471,0.02631578947368421,0.6305539214843512,50.0,0.0,-0.04040404040404044,-0.010000000000000009,-0.029126213592232997,-0.050000000000000044,0.0,-0.042105263157894736
560,2026-05-27,-0.010526315789473717,-0.06000000000000005,-0.07843137254901966,-0.010526315789473717,-0.06267806267806274,-0.031260735142562675,0.004750593824228011,-0.00398829252243635,-0.0784313725490196,-0.010526315789473684,-0.1760596248352063,0.026595744680851064,0.6273230118868386,47.82608695652174,0.0,-0.010526315789473717,-0.04040404040404044,-0.010000000000000009,-0.07843137254901966,-0.010526315789473717,-0.031914893617021274
560,2026-05-28,-0.010638297872340385,-0.06060606060606055,-0.11428571428571432,-0.03626943005181349,-0.05652173913043476,-0.04090752836026128,-0.006351279159494316,-0.009549270776924959,-0.11428571428571428,-0.021052631578947368,-0.25340086187681876,0.016129032258064516,0.5698542941435781,42.22222222222222,0.0,-0.010638297872340385,-0.010526315789473717,-0.04040404040404044,-0.11428571428571432,-0.03626943005181349,-0.026881720430107527
560,2026-05-29,-0.005376344086021501,-0.02631578947368418,-0.12735849056603776,-0.041450777202072575,-0.04286770140428673,-0.04507914659325527,-0.011986707809162094,-0.013519761826028027,-0.12735849056603774,-0.031413612565445025,-0.29056380114031416,0.010810810810810811,0.5197455997266979,41.30434782608696,0.0,-0.005376344086021501,-0.010638297872340385,-0.010526315789473717,-0.12735849056603776,-0.041450777202072575,-0.02702702702702703
560,2026-05-30,0.0,-0.015957446808510634,-0.10194174757281549,-0.046391752577319534,-0.027777777777777735,-0.044092318291422655,-0.012279765082754999,-0.015703272497708566,-0.10194174757281553,-0.031413612565445025,-0.006208205925767226,0.010810810810810811,0.5555221526971124,40.0,0.0,0.0,-0.005376344086021501,-0.010638297872340385,-0.10194174757281549,-0.046391752577319534,-0.02702702702702703
560,2026-05-31,-0.00540540540540535,-0.010752688172043001,-0.07999999999999996,-0.061224489795918324,-0.02127659574468085,-0.04794756812694039,-0.017851847458632292,-0.017254662891571973,-0.08,-0.041666666666666664,0.07426865035124845,0.010869565217391304,0.614434447728149,36.36363636363636,0.0,-0.00540540540540535,0.0,-0.005376344086021501,-0.07999999999999996,-0.061224489795918324,-0.02717391304347826
560,2026-06-01,-0.010869565217391353,-0.01621621621621616,-0.08080808080808077,-0.08080808080808077,-0.020000000000000042,-0.05683192261185007,-0.02864259028642594,-0.018970006218208355,-0.08080808080808081,-0.04712041884816754,0.02064297110783956,0.016483516483516484,0.5640114445579119,31.818181818181827,0.0,-0.010869565217391353,-0.00540540540540535,0.0,-0.08080808080808077,-0.08080808080808077,-0.01098901098901099
560,2026-06-02,0.0,-0.01621621621621616,-0.04210526315789476,-0.08999999999999997,-0.013931888544891706,-0.05536332179930791,-0.02864259028642594,-0.019491190840966347,-0.042105263157894736,-0.04712041884816754,-0.011348110903020037,0.016483516483516484,0.588011590228324,28.57142857142857,0.0,0.0,-0.010869565217391353,-0.00540540540540535,-0.04210526315789476,-0.08999999999999997,-0.01098901098901099
560,2026-06-03,0.0,-0.010869565217391353,-0.03191489361702127,-0.10784313725490191,-0.009331259720062253,-0.054054054054054085,-0.028757782389564168,-0.019205793803313154,-0.031914893617021274,-0.042105263157894736,0.0033176185022059696,0.016483516483516484,0.5259553613698303,21.05263157894737,0.0,0.0,0.0,-0.010869565217391353,-0.03191489361702127,-0.10784313725490191,0.0
560,2026-06-04,-0.005494505494505475,-0.005494505494505475,-0.026881720430107503,-0.13809523809523805,-0.01092896174863388,-0.05778240499739716,-0.03415154749199576,-0.01903283691155377,-0.026881720430107527,-0.04736842105263158,-0.09001673592476606,0.011049723756906077,0.5127925457658753,6.060606060606062,0.0,-0.005494505494505475,0.0,0.0,-0.026881720430107503,-0.13809523809523805,0.0055248618784530384
560,2026-06-05,-0.0055248618784530246,-0.01098901098901095,-0.027027027027026973,-0.15094339622641506,-0.012539184952978013,-0.06135929080479756,-0.039487726787620095,-0.01894270180019304,-0.02702702702702703,-0.05263157894736842,0.014949206563839114,0.011111111111111112,0.5693950444114607,0.0,0.0,-0.0055248618784530246,-0.005494505494505475,0.0,-0.027027027027026973,-0.15094339622641506,0.022222222222222223
560,2026-06-06,0.0,-0.01098901098901095,-0.027027027027026973,-0.12621359223300976,-0.008654602675059075,-0.05972488246561033,-0.039088913933210755,-0.018270871086309683,-0.02702702702702703,-0.05263157894736842,0.06692943657077333,0.016666666666666666,0.5171467711355893,0.0,0.0,0.0,-0.0055248618784530246,-0.005494505494505475,-0.027027027027026973,-0.12621359223300976,0.022222222222222223
560,2026-06-07,-0.005555555555555536,-0.011049723756906049,-0.02717391304347827,-0.10499999999999998,-0.010268562401263845,-0.06331763474620615,-0.043973651415346204,-0.017881452019231393,-0.02717391304347826,-0.05291005291005291,0.08614333825122861,0.0111731843575419,0.5454619012387842,0.0,0.0,-0.005555555555555536,0.0,-0.0055248618784530246,-0.02717391304347827,-0.10499999999999998,0.03910614525139665
560,2026-06-08,0.005586592178770999,0.0,-0.01098901098901095,-0.09090909090909094,-0.0031645569620253836,-0.05660377358490572,-0.03829029385574349,-0.016399575033357906,-0.01098901098901099,-0.047619047619047616,0.02104243339466575,0.016666666666666666,0.5197685921207365,5.0,0.3333333333333333,0.005586592178770999,-0.005555555555555536,0.0,-0.01098901098901095,-0.09090909090909094,0.044444444444444446
560,2026-06-09,0.0,0.0,-0.01098901098901095,-0.052631578947368474,-0.0015847860538826808,-0.05528341497550734,-0.03806187281040324,-0.014894025757622241,-0.01098901098901099,-0.0425531914893617,0.035651239633661846,0.016666666666666666,0.5162121984442901,8.333333333333329,0.3333333333333333,0.0,0.005586592178770999,-0.005555555555555536,-0.01098901098901095,-0.052631578947368474,0.05555555555555555
560,2026-06-10,0.011111111111111072,0.016759776536312776,0.0,-0.03191489361702127,0.0095087163232964,-0.04378283712784593,-0.027315914489311182,-0.012129231529870351,0.0,-0.031914893617021274,0.1005475847502988,0.016483516483516484,0.5883128136382224,25.0,1.0,0.011111111111111072,0.0,0.005586592178770999,0.0,-0.03191489361702127,0.04395604395604396
560,2026-06-11,0.0,0.011111111111111072,0.005524861878453136,-0.021505376344086002,0.008709422011084787,-0.04244124868467203,-0.027315914489311182,-0.00992664128947827,0.0055248618784530384,-0.042105263157894736,-0.030155846118700053,0.016483516483516484,0.5503062594209582,30.0,1.0,0.0,0.011111111111111072,0.0,0.005524861878453136,-0.021505376344086002,0.038461538461538464
560,2026-06-12,0.01098901098901095,0.022222222222222143,0.022222222222222143,-0.00540540540540535,0.016574585635359115,-0.03089887640449442,-0.016977323993826423,-0.006878018098275493,0.022222222222222223,-0.031578947368421054,0.052961601311116206,0.021739130434782608,0.5597366293012102,45.45454545454546,1.0,0.01098901098901095,0.0,0.011111111111111072,0.022222222222222143,-0.00540540540540535,0.03260869565217391
560,2026-06-13,0.0,0.01098901098901095,0.022222222222222143,-0.00540540540540535,0.013375295043272945,-0.029365218920344625,-0.01744393022427917,-0.004668691662579983,0.022222222222222223,-0.046632124352331605,0.0820168585884676,0.016304347826086956,0.551364479143551,45.45454545454546,1.0,0.0,0.01098901098901095,0.0,0.022222222222222143,-0.00540540540540535,0.03260869565217391
560,2026-06-14,0.010869565217391353,0.0219780219780219,0.03910614525139655,0.010869565217391353,0.018779342723004626,-0.01760563380281695,-0.007352941176470525,-0.0018032985966041188,0.03910614525139665,-0.03626943005181347,0.1542759019179915,0.016129032258064516,0.56100931378721,58.33333333333333,1.0,0.010869565217391353,0.0,0.01098901098901095,0.03910614525139655,0.010869565217391353,0.021505376344086023
560,2026-06-15,0.010752688172043001,0.021739130434782705,0.04444444444444451,0.03296703296703307,0.023328149300155476,-0.005992245329573453,0.0028449502133712557,0.0013793801345836725,0.044444444444444446,-0.030927835051546393,-0.051684895366788566,0.015957446808510637,0.5365113113421295,75.0,1.0,0.010752688172043001,0.010869565217391353,0.0,0.04444444444444451,0.03296703296703307,0.010638297872340425
560,2026-06-16,0.010638297872340496,0.032608695652173836,0.05555555555555558,0.04395604395604402,0.02623456790123459,0.005645730416372598,0.012913161947636509,0.0046454978008360955,0.05555555555555555,-0.030612244897959183,-0.023518643787308377,0.021052631578947368,0.4764658945764332,78.57142857142857,1.0,0.010638297872340496,0.010752688172043001,0.010869565217391353,0.05555555555555558,0.04395604395604402,0.0
560,2026-06-17,0.0,0.021505376344086002,0.04395604395604402,0.04395604395604402,0.01993865030674851,0.007067137809187329,0.012313521193464318,0.006593718000286649,0.04395604395604396,-0.04040404040404041,0.03680607916736696,0.021052631578947368,0.5212480834991439,78.57142857142857,1.0,0.0,0.010638297872340496,0.010752688172043001,0.04395604395604402,0.04395604395604402,0.0
560,2026-06-18,-0.0052631578947368585,0.005319148936170137,0.03846153846153855,0.04419889502762442,0.009153318077803247,0.0037174721189590474,0.006330237235993655,0.007006134145484559,0.038461538461538464,-0.055,0.0314898626829049,0.010582010582010581,0.5670619903880848,78.57142857142857,0.8333333333333334,-0.0052631578947368585,0.0,0.010638297872340496,0.03846153846153855,0.04419889502762442,0.005291005291005291
560,2026-06-19,0.005291005291005346,0.0,0.032608695652173836,0.05555555555555558,0.009870918754745656,0.011535048802129496,0.01093703813183558,0.0076564046460251625,0.03260869565217391,-0.06862745098039216,-0.053003366851959416,0.010526315789473684,0.47817970468254384,85.71428571428571,1.0,0.005291005291005346,-0.0052631578947368585,0.0,0.032608695652173836,0.05555555555555558,0.0
560,2026-06-20,0.0,0.0,0.032608695652173836,0.05555555555555558,0.005291005291005291,0.015138023152270755,0.010101010101010131,0.007817732633895172,0.03260869565217391,-0.09523809523809523,-0.030127108090574815,0.010526315789473684,0.5707873288520543,85.71428571428571,1.0,0.0,0.005291005291005346,-0.0052631578947368585,0.032608695652173836,0.05555555555555558,0.0
560,2026-06-21,0.0,0.005291005291005346,0.021505376344086002,0.06145251396648055,0.00226073850791252,0.019131056677990324,0.009266363690019453,0.007658040612881967,0.021505376344086023,-0.10377358490566038,0.05727272374021886,0.010526315789473684,0.5345696404238829,92.3076923076923,1.0,0.0,0.0,0.005291005291005346,0.021505376344086002,0.06145251396648055,0.0
560,2026-06-22,0.0,0.0,0.010638297872340496,0.05555555555555558,0.00075244544770502,0.022054868208714332,0.008552049542907714,0.007296408029552952,0.010638297872340425,-0.07766990291262135,0.019332647397941046,0.010526315789473684,0.495625161736563,91.66666666666667,1.0,0.0,0.0,0.0,0.010638297872340496,0.05555555555555558,-0.005263157894736842
560,2026-06-23,0.0,0.0,0.0,0.05555555555555558,0.00075244544770502,0.023890784982935176,0.007957559681697613,0.006816472066452481,0.0,-0.05,-0.1317752309269691,0.010526315789473684,0.5263164897804435,91.66666666666667,1.0,0.0,0.0,0.0,0.0,0.05555555555555558,-0.010526315789473684
560,2026-06-24,0.0,0.0,0.0,0.04395604395604402,0.00075244544770502,0.02536427415002692,0.007660577489687751,0.0062762209152943055,0.0,-0.04040404040404041,-0.00833449190909617,0.010526315789473684,0.556528367480277,90.0,1.0,0.0,0.0,0.0,0.0,0.04395604395604402,-0.021052631578947368
560,2026-06-25,0.0,0.0,0.005291005291005346,0.04395604395604402,0.0,0.02536427415002692,0.007245096306768021,0.0057151513251848885,0.005291005291005291,0.0,-0.21345125603204934,0.010526315789473684,0.4594912645722449,90.0,0.0,0.0,0.0,0.0,0.005291005291005346,0.04395604395604402,-0.021052631578947368
560,2026-06-26,0.0,0.0,0.0,0.032608695652173836,0.0,0.02499550440568239,0.006770680011775062,0.005159497003706089,0.0,0.010638297872340425,-0.0906235231258388,0.010526315789473684,0.5644819049583718,87.5,0.0,0.0,0.0,0.0,0.0,0.032608695652173836,-0.02631578947368421
560,2026-06-27,0.0,0.0,0.0,0.032608695652173836,0.0,0.02425876010781671,0.006296710410168937,0.004626043254001051,0.0,0.021505376344086023,0.04457102254252025,0.010526315789473684,0.5274649965667642,87.5,0.0,0.0,0.0,0.0,0.0,0.032608695652173836,-0.031578947368421054
560,2026-06-28,0.0,0.0,0.0,0.021505376344086002,0.0,0.023339317773788202,0.005823186871360478,0.004124904763801698,0.0,0.02702702702702703,0.07949317066567932,0.010526315789473684,0.5140172356866664,83.33333333333333,0.0,0.0,0.0,0.0,0.0,0.021505376344086002,-0.03684210526315789
560,2026-06-29,-0.0052631578947368585,-0.0052631578947368585,-0.0052631578947368585,0.005319148936170137,-0.00451467268623027,0.017222820236813718,0.00011759172154274656,0.0030470555843103188,-0.005263157894736842,0.021621621621621623,0.03956119220131718,0.010582010582010581,0.46450907828768256,60.0,0.0,-0.0052631578947368585,0.0,0.0,-0.0052631578947368585,0.005319148936170137,-0.047619047619047616
560,2026-06-30,-0.005291005291005346,-0.010526315789473717,-0.010526315789473717,-0.010526315789473717,-0.008289374529012874,0.011115095016134795,-0.0054079473312954995,0.0016288965494444482,-0.010526315789473684,0.021739130434782608,0.003937009503476928,0.015957446808510637,0.4958631134854583,25.0,0.0,-0.005291005291005346,-0.0052631578947368585,0.0,-0.010526315789473717,-0.010526315789473717,-0.0425531914893617
560,2026-07-01,-0.010638297872340385,-0.021052631578947323,-0.021052631578947323,-0.021052631578947323,-0.015873015873015872,-0.0003582945180938528,-0.016104384624426978,-0.0005849670604956683,-0.021052631578947368,0.02197802197802198,0.18483342141501102,0.016129032258064516,0.4937813683311585,16.666666666666657,0.0,-0.010638297872340385,-0.005291005291005346,-0.0052631578947368585,-0.021052631578947323,-0.021052631578947323,-0.03225806451612903
560,2026-07-02,0.0,-0.015873015873015928,-0.021052631578947323,-0.015873015873015928,-0.012888551933282727,-0.0010741138560686823,-0.016220028208744693,-0.0020102709382431856,-0.021052631578947368,0.02197802197802198,0.10918964047660215,0.016129032258064516,0.4931617829433697,20.0,0.0,0.0,-0.010638297872340385,-0.005291005291005346,-0.021052631578947323,-0.015873015873015928,-0.03225806451612903
560,2026-07-03,-0.005376344086021501,-0.015957446808510634,-0.02631578947368418,-0.02631578947368418,-0.014459665144596694,-0.0069779924852389225,-0.02156666862549218,-0.003496865941380504,-0.02631578947368421,0.016483516483516484,0.16963685116806912,0.021621621621621623,0.4850554982315717,0.0,0.0,-0.005376344086021501,0.0,-0.010638297872340385,-0.02631578947368418,-0.02631578947368418,-0.016216216216216217
560,2026-07-04,-0.00540540540540535,-0.010752688172043001,-0.03157894736842104,-0.03157894736842104,-0.015290519877675863,-0.012875536480686725,-0.026855497443732765,-0.004978279608982049,-0.031578947368421054,0.016574585635359115,0.05528339335675827,0.016304347826086956,0.520189944013784,0.0,0.0,-0.00540540540540535,-0.005376344086021501,0.0,-0.03157894736842104,-0.03157894736842104,-0.010869565217391304
560,2026-07-05,-0.005434782608695676,-0.016129032258064502,-0.0368421052631579,-0.0368421052631579,-0.015372790161414318,-0.01876675603217158,-0.03203056126946805,-0.006411630673672279,-0.03684210526315789,0.016666666666666666,0.10638307801449125,0.02185792349726776,0.5539830040652547,0.0,0.0,-0.005434782608695676,-0.00540540540540535,-0.005376344086021501,-0.0368421052631579,-0.0368421052631579,-0.01092896174863388
560,2026-07-06,-0.016393442622950838,-0.027027027027026973,-0.04761904761904767,-0.052631578947368474,-0.024767801857585203,-0.03485254691689008,-0.047619047619047616,-0.00903764241296166,-0.047619047619047616,0.0,-0.006865764364924708,0.022222222222222223,0.5530182107712189,0.0,0.0,-0.016393442622950838,-0.005434782608695676,-0.00540540540540535,-0.04761904761904767,-0.052631578947368474,0.0
560,2026-07-07,0.0,-0.021739130434782594,-0.04255319148936165,-0.052631578947368474,-0.018691588785046665,-0.03502501786990707,-0.04733901793590127,-0.010466865706279598,-0.0425531914893617,0.00558659217877095,-0.15490686979807705,0.016666666666666666,0.5404535383427427,0.0,0.0,0.0,-0.016393442622950838,-0.005434782608695676,-0.04255319148936165,-0.052631578947368474,0.0
560,2026-07-08,0.0,-0.016393442622950838,-0.032258064516129004,-0.052631578947368474,-0.014084507042253587,-0.03502501786990707,-0.04711487559555323,-0.011062497584306288,-0.03225806451612903,0.0,-0.0823046039369065,0.022222222222222223,0.5435316605281053,0.0,0.0,0.0,0.0,-0.016393442622950838,-0.032258064516129004,-0.052631578947368474,0.0
560,2026-07-09,0.0,0.0,-0.032258064516129004,-0.052631578947368474,-0.009433962264150988,-0.03502501786990707,-0.046890627757839615,-0.011091128693908665,-0.03225806451612903,0.0,-0.08126891733421944,0.016666666666666666,0.5111562693624777,0.0,0.0,0.0,0.0,0.0,-0.032258064516129004,-0.052631578947368474,0.0
560,2026-07-10,0.011111111111111072,0.011111111111111072,-0.01621621621621616,-0.04210526315789476,0.003940110323089091,-0.024303073624017145,-0.03618711385701682,-0.00945985528809539,-0.016216216216216217,0.0,0.05205314140255352,0.02197802197802198,0.5176511658789628,16.666666666666657,0.5,0.011111111111111072,0.0,0.0,-0.01621621621621616,-0.04210526315789476,0.0
560,2026-07-11,0.0,0.011111111111111072,-0.010869565217391353,-0.04210526315789476,0.0055248618784530384,-0.024303073624017145,-0.03607367739657502,-0.008083936527896794,-0.010869565217391304,0.0,0.038514907975937374,0.016483516483516484,0.47710945025158646,16.666666666666657,0.6666666666666666,0.0,0.011111111111111072,0.0,-0.010869565217391353,-0.04210526315789476,0.01098901098901099
560,2026-07-12,-0.005494505494505475,0.005555555555555536,-0.010928961748633892,-0.047368421052631615,0.0015810276679841448,-0.02914357232254606,-0.04108782670120087,-0.007562432764425516,-0.01092896174863388,-0.016304347826086956,0.10543547758810505,0.011049723756906077,0.539640832470467,15.384615384615387,0.5,-0.005494505494505475,0.0,0.011111111111111072,-0.010928961748633892,-0.047368421052631615,0.011049723756906077
560,2026-07-13,-0.0055248618784530246,-0.01098901098901095,0.0,-0.04761904761904767,-0.003952569169960519,-0.03381642512077301,-0.045992579942288433,-0.007616651418559057,0.0,-0.021739130434782608,-0.04690716394171228,0.016666666666666666,0.5243637793015443,15.384615384615387,0.0,-0.0055248618784530246,-0.005494505494505475,0.0,0.0,-0.04761904761904767,0.011111111111111112
560,2026-07-14,0.0,-0.01098901098901095,0.0,-0.04255319148936165,-0.003952569169960519,-0.03277807630306284,-0.0455429211099983,-0.007401315232932608,0.0,-0.03225806451612903,-0.12192547133544814,0.016666666666666666,0.4966176137695626,16.666666666666657,0.0,0.0,-0.0055248618784530246,-0.005494505494505475,0.0,-0.04255319148936165,0.0
560,2026-07-15,0.0,-0.0055248618784530246,0.0,-0.032258064516129004,-0.003952569169960519,-0.03139013452914803,-0.04509283819628647,-0.007016803836725421,0.0,-0.0425531914893617,-0.1097388151904446,0.016666666666666666,0.5081116267446157,20.0,0.0,0.0,0.0,-0.0055248618784530246,0.0,-0.032258064516129004,0.0
560,2026-07-16,0.0,0.0,0.0,-0.032258064516129004,-0.003952569169960519,-0.029649595687331536,-0.04452963727514006,-0.006534396738697429,0.0,-0.05263157894736842,-0.033448643055054315,0.016666666666666666,0.5325993458102827,20.0,0.0,0.0,0.0,0.0,0.0,-0.032258064516129004,0.0
560,2026-07-17,0.011111111111111072,0.011111111111111072,0.0,-0.01621621621621616,0.007114624505928808,-0.01745546157998913,-0.03345724907063203,-0.004711291821578854,0.0,-0.042105263157894736,0.06521893066049807,0.02197802197802198,0.5355788319410143,36.36363636363636,1.0,0.011111111111111072,0.0,0.0,0.0,-0.01621621621621616,-0.02197802197802198
560,2026-07-18,0.01098901098901095,0.022222222222222143,0.01098901098901095,0.0,0.016574585635359115,-0.005763688760806896,-0.022374402266957895,-0.0020828544293825463,0.01098901098901099,-0.026455026455026454,0.11697896843712272,0.016304347826086956,0.5088228046164216,50.0,1.0,0.01098901098901095,0.011111111111111072,0.0,0.01098901098901095,0.0,-0.021739130434782608
560,2026-07-19,-0.005434782608695676,0.016666666666666607,0.011049723756906049,0.0,0.009456264775413756,-0.009918845807033415,-0.02717070289427054,-0.0009501973904956331,0.011049723756906077,-0.03684210526315789,0.11801452460124683,0.01092896174863388,0.5615579973445717,50.0,0.75,-0.005434782608695676,0.01098901098901095,0.011111111111111072,0.011049723756906049,0.0,-0.00546448087431694
560,2026-07-20,-0.005464480874316946,0.0,0.011111111111111072,0.011111111111111072,0.002360346184106935,-0.013906447534766098,-0.03197210566751379,-0.0008237624252077067,0.011111111111111112,-0.042105263157894736,0.073086675235174,0.016483516483516484,0.5766643779879972,60.0,0.5,-0.005464480874316946,-0.005434782608695676,0.01098901098901095,0.011111111111111072,0.011111111111111072,0.01098901098901099
560,2026-07-21,-0.01098901098901095,-0.021739130434782594,0.0,0.0,-0.008654602675059075,-0.022978107472408107,-0.04204364023416714,-0.001998181550901618,0.0,-0.05263157894736842,-0.0011579717629121664,0.016666666666666666,0.5645279372388553,50.0,0.0,-0.01098901098901095,-0.005464480874316946,-0.005434782608695676,0.0,0.0,0.022222222222222223
560,2026-07-22,0.0,-0.016393442622950838,0.0,0.0,-0.008654602675059075,-0.021207177814029393,-0.041420118343195235,-0.002697789684433562,0.0,-0.05263157894736842,0.14648068340775752,0.016666666666666666,0.5584085095250901,50.0,0.0,0.0,-0.01098901098901095,-0.005464480874316946,0.0,0.0,0.011111111111111112
560,2026-07-23,0.0,-0.01098901098901095,0.0,0.0,-0.008654602675059075,-0.01942981659705827,-0.04085257548845466,-0.003064465255457132,0.0,-0.05263157894736842,-0.07454003888670761,0.016666666666666666,0.5362793357604455,50.0,0.0,0.0,0.0,-0.01098901098901095,0.0,0.0,0.005555555555555556
560,2026-07-24,-0.011111111111111072,-0.011111111111111072,-0.02197802197802201,-0.02197802197802201,-0.016574585635359115,-0.028207461328480385,-0.050835407038748656,-0.004496102874765182,-0.02197802197802198,-0.06315789473684211,-0.04829013218873108,0.016853932584269662,0.5420953773040852,33.33333333333333,0.0,-0.011111111111111072,0.0,0.0,-0.02197802197802201,-0.02197802197802201,0.02247191011235955
560,2026-07-25,0.011235955056179803,0.0,-0.021739130434782594,-0.01098901098901095,-0.0023752969121139467,-0.015496809480401144,-0.03960161252074932,-0.003985070236158228,-0.021739130434782608,-0.05263157894736842,0.017429511743335815,0.016666666666666666,0.5337812978592399,42.857142857142854,0.4,0.011235955056179803,-0.011111111111111072,0.0,-0.021739130434782594,-0.01098901098901095,0.022222222222222223
560,2026-07-26,0.011111111111111072,0.011111111111111072,-0.005464480874316946,0.005524861878453136,0.0095087163232964,-0.003103888990323149,-0.028469750889679766,-0.0022256715773647127,-0.00546448087431694,-0.042105263157894736,0.14954074237827092,0.02197802197802198,0.5355157383692907,53.33333333333333,1.0,0.011111111111111072,0.011235955056179803,-0.011111111111111072,-0.005464480874316946,0.005524861878453136,0.01098901098901099
560,2026-07-27,0.01098901098901095,0.03370786516853941,0.01098901098901095,0.022222222222222143,0.01898734177215183,0.008956315116066491,-0.01744393022427917,0.0002785493589388514,0.01098901098901099,-0.031578947368421054,0.019423734642654157,0.021739130434782608,0.4957746895618885,62.50000000000001,1.0,0.01098901098901095,0.011111111111111072,0.011235955056179803,0.01098901098901095,0.022222222222222143,0.010869565217391304
560,2026-07-28,0.0,0.022222222222222143,0.022222222222222143,0.022222222222222143,0.01577287066246059,0.010064043915828049,-0.017035674007241687,0.0018901540678240264,0.022222222222222223,-0.031578947368421054,-0.07546657718603088,0.021739130434782608,0.5398879919060273,62.50000000000001,1.0,0.0,0.01098901098901095,0.011111111111111072,0.022222222222222143,0.022222222222222143,0.03260869565217391
560,2026-07-29,-0.010869565217391353,0.0,0.011111111111111072,0.011111111111111072,0.0031496062992126656,0.00036643459142540974,-0.027200380092647657,0.0015907670847588667,0.011111111111111112,-0.037037037037037035,-0.06512686724725326,0.016483516483516484,0.5338794785486017,55.55555555555556,0.6666666666666666,-0.010869565217391353,0.0,0.01098901098901095,0.011111111111111072,0.011111111111111072,0.06593406593406594
560,2026-07-30,-0.005494505494505475,-0.016304347826086918,0.005555555555555536,0.005555555555555536,-0.00314712824547607,-0.0038525041276829316,-0.03191299696915672,0.0007019263020113493,0.005555555555555556,-0.03723404255319149,0.006023229181763424,0.022099447513812154,0.5796199258499511,52.631578947368425,0.5,-0.005494505494505475,-0.010869565217391353,0.0,0.005555555555555536,0.005555555555555536,0.0718232044198895
560,2026-07-31,0.005524861878453136,-0.010869565217391353,0.022471910112359605,0.0,-0.0007843137254901738,0.002386634844868756,-0.026043524794862688,0.0007422301439246935,0.02247191011235955,-0.021505376344086023,0.022408310734264362,0.02197802197802198,0.5536730823358125,50.0,0.5,0.005524861878453136,-0.005494505494505475,-0.010869565217391353,0.022471910112359605,0.0,0.06043956043956044
560,2026-08-01,0.01098901098901095,0.01098901098901095,0.022222222222222143,0.0,0.007036747458952262,0.013774104683195593,-0.014930700136815194,0.0020245028193681043,0.022222222222222223,-0.010752688172043012,0.17619423994435865,0.021739130434782608,0.5289920889203996,50.0,1.0,0.01098901098901095,0.005524861878453136,-0.005494505494505475,0.022222222222222143,0.0,0.043478260869565216
560,2026-08-02,0.0,0.016574585635359185,0.01098901098901095,0.005464480874316946,0.00546448087431694,0.01396032329169727,-0.014578994346920593,0.002787251637361855,0.01098901098901099,-0.005405405405405406,0.16123083137877603,0.016304347826086956,0.546049758629371,52.94117647058823,1.0,0.0,0.01098901098901095,0.005524861878453136,0.01098901098901095,0.005464480874316946,0.043478260869565216
560,2026-08-03,0.010869565217391353,0.0219780219780219,0.010869565217391353,0.0219780219780219,0.014809041309431066,0.024605214836577315,-0.003630736265698467,0.0044599916601410425,0.010869565217391304,0.010869565217391304,-0.07038297148842997,0.016129032258064516,0.5406117489556613,61.11111111111111,1.0,0.010869565217391353,0.0,0.01098901098901095,0.010869565217391353,0.0219780219780219,0.026881720430107527
560,2026-08-04,0.021505376344086002,0.032608695652173836,0.032608695652173836,0.05555555555555558,0.03180760279286271,0.045296167247386686,0.017796559728587586,0.00791503744683771,0.03260869565217391,0.03825136612021858,0.06202759304079676,0.021052631578947368,0.5394734742544018,75.0,1.0,0.021505376344086002,0.010869565217391353,0.0,0.032608695652173836,0.05555555555555558,0.0
560,2026-08-05,0.021052631578947434,0.05434782608695654,0.06593406593406592,0.07777777777777772,0.043812451960030724,0.06456923358331816,0.038976495090746764,0.012359986017635449,0.06593406593406594,0.07777777777777778,0.04280787864650909,0.020618556701030927,0.5227565842549202,79.16666666666667,1.0,0.021052631578947434,0.021505376344086002,0.010869565217391353,0.06593406593406592,0.07777777777777772,-0.020618556701030927
560,2026-08-06,0.0,0.043010752688172005,0.07182320441988943,0.07777777777777772,0.03348554033485536,0.061850027367268814,0.038667459845330196,0.014780546757757817,0.0718232044198895,0.07777777777777778,-0.0029697143006567612,0.015463917525773196,0.5739791596785954,79.16666666666667,1.0,0.0,0.021052631578947434,0.021505376344086002,0.07182320441988943,0.07777777777777772,-0.020618556701030927
560,2026-08-07,-0.005154639175257714,0.015789473684210575,0.06043956043956045,0.08426966292134841,0.019622641509434005,0.053876956680014604,0.03306768169382657,0.015213073744490798,0.06043956043956044,0.07222222222222222,-0.04373075349289845,0.02072538860103627,0.6132035624000307,82.6086956521739,0.9,-0.005154639175257714,0.0,0.021052631578947434,0.06043956043956045,0.08426966292134841,-0.015544041450777202
560,2026-08-08,-0.005181347150259086,-0.010309278350515427,0.04347826086956519,0.06666666666666665,0.008252063015754003,0.04613149291681803,0.027470567249375626,0.014360517620221969,0.043478260869565216,0.06666666666666667,0.011210966969803362,0.015625,0.5928024043972342,77.27272727272727,0.8,-0.005181347150259086,-0.005154639175257714,0.0,0.04347826086956519,0.06666666666666665,0.015625
560,2026-08-09,0.0,-0.010309278350515427,0.04347826086956519,0.05494505494505497,0.002237136465324321,0.044234952864394446,0.027226251337534257,0.01332200975309409,0.043478260869565216,0.054945054945054944,0.0995609571614311,0.015625,0.5786162233918389,75.0,0.75,0.0,-0.005181347150259086,-0.005154639175257714,0.04347826086956519,0.05494505494505497,0.015625
560,2026-08-10,-0.00520833333333337,-0.010362694300518172,0.026881720430107503,0.03804347826086962,-0.006686478454680493,0.0371040723981901,0.021815371812399717,0.011589718840866242,0.026881720430107527,0.04945054945054945,-0.026501000549728974,0.020942408376963352,0.5893132048364184,68.42105263157895,0.25,-0.00520833333333337,0.0,-0.005181347150259086,0.026881720430107503,0.03804347826086962,0.005235602094240838
560,2026-08-11,-0.005235602094240788,-0.01041666666666663,0.0,0.032608695652173836,-0.011887072808320909,0.029996385977593052,0.016465553111811238,0.009466778030468078,0.0,0.049723756906077346,-0.05452587959459327,0.015789473684210527,0.6033589467929278,65.0,0.0,-0.005235602094240788,-0.00520833333333337,0.0,0.0,0.032608695652173836,0.0
560,2026-08-12,0.0,-0.01041666666666663,-0.020618556701030966,0.04395604395604402,-0.008941877794336852,0.028138528138528074,0.016646848989298472,0.007772020269368746,-0.020618556701030927,0.05555555555555555,-0.2528902832037642,0.015789473684210527,0.549018366679064,72.22222222222223,0.0,0.0,-0.005235602094240788,-0.00520833333333337,-0.020618556701030966,0.04395604395604402,-0.010526315789473684
560,2026-08-13,0.0,-0.005235602094240788,-0.020618556701030966,0.04972375690607733,-0.005979073243647213,0.026287360460929103,0.01682820954986027,0.0064118221932725735,-0.020618556701030927,0.05555555555555555,-0.076120067929209,0.015789473684210527,0.5472962013698777,76.47058823529412,0.0,0.0,0.0,-0.005235602094240788,-0.020618556701030966,0.04972375690607733,-0.015789473684210527
560,2026-08-14,0.0,0.0,-0.015544041450777257,0.04395604395604402,-0.0037453183520599676,0.024442846872753405,0.017070124308570793,0.005314265172901917,-0.015544041450777202,0.05555555555555555,-0.10432773531949041,0.015789473684210527,0.559581615058405,75.0,0.0,0.0,0.0,0.0,-0.015544041450777257,0.04395604395604402,-0.02631578947368421
560,2026-08-15,0.026315789473684292,0.026315789473684292,0.015625,0.059782608695652106,0.020179372197309437,0.048575013443269394,0.04389721627408987,0.00747779636413261,0.015625,0.08333333333333333,0.08057729772128992,0.020512820512820513,0.5242601195593097,78.94736842105263,1.0,0.026315789473684292,0.0,0.0,0.015625,0.059782608695652106,-0.035897435897435895
560,2026-08-16,0.0,0.026315789473684292,0.015625,0.059782608695652106,0.017897091722595012,0.04613733905579396,0.0440835266821345,0.008618733507957626,0.015625,0.07142857142857142,0.30947209475331805,0.020512820512820513,0.5712822239743902,78.94736842105263,1.0,0.0,0.026315789473684292,0.0,0.015625,0.059782608695652106,-0.02564102564102564
560,2026-08-17,-0.01538461538461533,0.010526315789473717,0.005235602094240788,0.032258064516129004,0.0014903129657227593,0.028571428571428623,0.028510207725730614,0.007248064074346631,0.005235602094240838,0.043478260869565216,0.0586210745580654,0.015625,0.5745115499531944,65.0,0.4,-0.01538461538461533,0.0,0.026315789473684292,0.005235602094240788,0.032258064516129004,-0.020833333333333332
560,2026-08-18,-0.01041666666666663,-0.02564102564102566,0.0,0.0,-0.008941877794336852,0.01658640984483678,0.018645380353845296,0.004901188263411938,0.0,0.03825136612021858,-0.07965953053627282,0.015789473684210527,0.5470341805761284,50.0,0.0,-0.01041666666666663,-0.01538461538461533,0.0,0.0,0.0,-0.010526315789473684
560,2026-08-19,-0.010526315789473717,-0.03589743589743588,-0.010526315789473717,-0.030927835051546393,-0.01791044776119397,0.004810261892036375,0.009245451834178383,0.001990130852130462,-0.010526315789473684,0.03296703296703297,-0.062449988908470803,0.015957446808510637,0.5918618701056979,31.25,0.0,-0.010526315789473717,-0.01041666666666663,-0.01538461538461533,-0.010526315789473717,-0.030927835051546393,0.010638297872340425
560,2026-08-20,-0.005319148936170248,-0.02604166666666663,-0.015789473684210575,-0.03608247422680411,-0.020942408376963352,-0.0017793594306050326,0.005376344086021506,-0.0005887204828977125,-0.015789473684210527,0.03888888888888889,-0.06986973629698748,0.0213903743315508,0.5500743899578384,29.411764705882362,0.0,-0.005319148936170248,-0.010526315789473717,-0.01041666666666663,-0.015789473684210575,-0.03608247422680411,0.016042780748663103
560,2026-08-21,-0.010695187165775444,-0.02631578947368418,-0.02631578947368418,-0.041450777202072575,-0.027777777777777735,-0.013333333333333334,-0.004127041090974412,-0.0034889820022097977,-0.02631578947368421,0.027777777777777776,0.017745020661574983,0.021621621621621623,0.6157994575028073,27.77777777777777,0.0,-0.010695187165775444,-0.005319148936170248,-0.010526315789473717,-0.02631578947368418,-0.041450777202072575,0.016216216216216217
560,2026-08-22,0.016216216216216273,0.0,-0.03589743589743588,-0.02083333333333337,-0.006792452830188637,0.0012426770814840408,0.012749147064104908,-0.0034105178612348604,-0.035897435897435895,0.044444444444444446,-0.10246311890832961,0.015957446808510637,0.5187147388554121,39.99999999999999,0.3,0.016216216216216273,-0.010695187165775444,-0.005319148936170248,-0.03589743589743588,-0.02083333333333337,0.0
560,2026-08-23,0.010638297872340496,0.016042780748663166,-0.02564102564102566,-0.01041666666666663,0.007575757575757511,0.009743135518157713,0.024013413976884806,-0.002008685133608405,-0.02564102564102564,0.06741573033707865,-0.10254948789077917,0.02631578947368421,0.5007883734529847,45.45454545454546,0.7142857142857143,0.010638297872340496,0.016216216216216273,-0.010695187165775444,-0.02564102564102566,-0.01041666666666663,0.010526315789473684
560,2026-08-24,-0.010526315789473717,0.016216216216216273,-0.02083333333333337,-0.015706806282722474,0.0,-0.0022996638952768643,0.013355692639396358,-0.002266955969924752,-0.020833333333333332,0.044444444444444446,-0.2125094906613817,0.015957446808510637,0.5479761729630049,43.47826086956522,0.6,-0.010526315789473717,0.010638297872340496,0.016216216216216273,-0.02083333333333337,-0.015706806282722474,0.015957446808510637
560,2026-08-25,0.0,0.0,-0.010526315789473717,-0.010526315789473717,0.001522070015220657,-0.0033574836543558534,0.013355692639396358,-0.0023599084864281213,-0.010526315789473684,0.03296703296703297,-0.1806065797053536,0.015957446808510637,0.5384283155861033,45.45454545454546,0.6,0.0,-0.010526315789473717,0.010638297872340496,-0.010526315789473717,-0.010526315789473717,0.010638297872340425
560,2026-08-26,0.010638297872340496,0.0,0.010638297872340496,0.0,0.010638297872340425,0.006178287731685739,0.023890784982935176,-0.0011046521094487567,0.010638297872340425,0.03260869565217391,-0.17303011586076164,0.021052631578947368,0.5836961976743575,50.0,1.0,0.010638297872340496,0.0,-0.010526315789473717,0.010638297872340496,0.0,-0.010526315789473684
560,2026-08-27,0.0,0.010638297872340496,0.016042780748663166,0.0,0.008339651250947752,0.005113736554399587,0.02358434095534532,-0.0002529113396064947,0.016042780748663103,0.03260869565217391,-0.15026894114249834,0.015789473684210527,0.5699329051118317,50.0,1.0,0.0,0.010638297872340496,0.0,0.016042780748663166,0.0,-0.010526315789473684
560,2026-08-28,-0.010526315789473717,0.0,0.016216216216216273,-0.010526315789473717,-0.004538577912254182,-0.0065175268627795675,0.012627925070321329,-0.000925414725459327,0.016216216216216217,0.03296703296703297,-0.026270210962765352,0.015957446808510637,0.5867689730025183,46.15384615384615,0.0,-0.010526315789473717,0.0,0.010638297872340496,0.016216216216216273,-0.010526315789473717,0.0
