item_id,date,pct_change_1d,pct_change_3d,pct_change_7d,pct_change_14d,pct_vs_7ma,pct_vs_30ma,pct_vs_90ma,ema_crossover,slope_7d_pct,slope_30d_pct,vol_pct_7d,spread_pct,volume_ratio,rsi_14,range_position_7d,lag_return_1d,lag_return_2d,lag_return_3d,lag_return_7d,lag_return_14d,target_pct_7d
562,2025-11-28,0.0,0.0,-0.05714285714285716,-0.07042253521126762,-0.004310344827586299,-0.03743315508021385,-0.08177461740609061,-0.01307109985599435,-0.05714285714285714,-0.05714285714285714,0.01646767921762485,0.030303030303030304,0.5491701985337767,22.222222222222214,0.0,0.0,0.0,0.0,-0.05714285714285716,-0.07042253521126762,0.030303030303030304
562,2025-11-29,0.0,0.0,0.0,-0.05714285714285716,-0.004310344827586299,-0.03461725987323248,-0.08290875405280225,-0.012579289388227314,0.0,-0.08333333333333333,0.10425175298182238,0.030303030303030304,0.5453122229523965,25.0,0.0,0.0,0.0,0.0,0.0,-0.05714285714285716,0.0
562,2025-11-30,0.015151515151515138,0.015151515151515138,0.0,-0.042857142857142816,0.010775862068965424,-0.018554687499999986,-0.07016191210485738,-0.010089485308053165,0.0,-0.04285714285714286,0.23720133358192985,0.029850746268656716,0.5459480653732558,33.33333333333333,1.0,0.015151515151515138,0.0,0.0,0.0,-0.042857142857142816,0.0
562,2025-12-01,0.0,0.015151515151515138,0.0,-0.05633802816901412,0.010775862068965424,-0.019033674963396738,-0.07116451016635868,-0.008133961737566453,0.0,0.015151515151515152,-0.020881547514335953,0.029850746268656716,0.46831470690922716,25.0,1.0,0.0,0.015151515151515138,0.0,0.0,-0.05633802816901412,0.014925373134328358
562,2025-12-02,0.014925373134328401,0.030303030303030276,0.030303030303030276,-0.04225352112676062,0.02145922746781119,-0.0048780487804877355,-0.058461538461538544,-0.0048465962794504895,0.030303030303030304,0.014925373134328358,9.224082821359564e-05,0.029411764705882353,0.4819315836933865,33.33333333333333,1.0,0.014925373134328401,0.0,0.015151515151515138,0.030303030303030276,-0.04225352112676062,0.0
562,2025-12-03,0.0,0.014925373134328401,0.030303030303030276,-0.04225352112676062,0.017094017094017033,-0.005363237445148611,-0.05961893054701913,-0.002552631196278435,0.030303030303030304,0.014925373134328358,-0.136774981967127,0.029411764705882353,0.47989853293251894,33.33333333333333,1.0,0.0,0.014925373134328401,0.0,0.030303030303030276,-0.04225352112676062,0.0
562,2025-12-04,0.0,0.014925373134328401,0.030303030303030276,-0.02857142857142858,0.012765957446808572,-0.005847953216374352,-0.0607734806629835,-0.0009793012823647396,0.030303030303030304,0.014925373134328358,0.12517313969709304,0.029411764705882353,0.5359394420276525,37.5,1.0,0.0,0.0,0.014925373134328401,0.030303030303030276,-0.02857142857142858,0.0
562,2025-12-05,0.0,0.0,0.030303030303030276,-0.02857142857142858,0.008474576271186411,-0.0048780487804877355,-0.061925199264255125,7.416854837189882e-05,0.030303030303030304,-0.02857142857142857,-0.006344918572845157,0.04411764705882353,0.5527302834155797,37.5,1.0,0.0,0.0,0.0,0.030303030303030276,-0.02857142857142858,0.0
562,2025-12-06,-0.02941176470588236,-0.02941176470588236,0.0,0.0,-0.021186440677966132,-0.033203124999999986,-0.09007352941176468,-0.002704609444639708,0.0,-0.029411764705882353,0.051427081266755346,0.030303030303030304,0.5815136961830666,50.0,0.0,-0.02941176470588236,0.0,0.0,0.0,0.0,0.045454545454545456
562,2025-12-07,0.015151515151515138,-0.014705882352941124,0.0,0.0,-0.00635593220338986,-0.018075232046897913,-0.0768524188609921,-0.0026914175902834803,0.0,-0.014705882352941176,0.2345194785145282,0.029850746268656716,0.650578114568364,50.0,0.5,0.015151515151515138,-0.02941176470588236,0.0,0.0,0.0,0.029850746268656716
562,2025-12-08,0.014925373134328401,0.0,0.014925373134328401,0.014925373134328401,0.006342494714587768,-0.002444987775061194,-0.06350420811017601,-0.0008579254338063703,0.014925373134328358,-0.02857142857142857,-0.036552496817265044,0.04411764705882353,0.4595070943749457,57.14285714285714,1.0,0.014925373134328401,0.015151515151515138,-0.02941176470588236,0.014925373134328401,0.014925373134328401,0.014705882352941176
562,2025-12-09,0.0,0.030303030303030276,0.0,0.030303030303030276,0.006342494714587768,-0.0009794319294808454,-0.06321751109750497,0.0003597142452137447,0.0,-0.04225352112676056,-0.07779067436684084,0.029411764705882353,0.48843488996416456,66.66666666666666,1.0,0.0,0.014925373134328401,0.015151515151515138,0.0,0.030303030303030276,0.0
562,2025-12-10,0.0,0.014925373134328401,0.0,0.030303030303030276,0.006342494714587768,-0.0009794319294808454,-0.06235636586486905,0.001137421386175114,0.0,0.0,0.041093409015920374,0.029411764705882353,0.5371432204879618,66.66666666666666,1.0,0.0,0.0,0.014925373134328401,0.0,0.030303030303030276,0.0
562,2025-12-11,0.0,0.0,0.0,0.030303030303030276,0.006342494714587768,-0.0009794319294808454,-0.061781388931473204,0.0016038701524845884,0.0,0.0,-0.058395090248900154,0.029411764705882353,0.5640087068074672,66.66666666666666,1.0,0.0,0.0,0.0,0.0,0.030303030303030276,0.0
562,2025-12-12,0.0,0.0,0.0,0.030303030303030276,0.006342494714587768,-0.0009794319294808454,-0.0607734806629835,0.0018528552897300933,0.0,0.0,-0.06765890125701109,0.029411764705882353,0.5479953355914767,66.66666666666666,1.0,0.0,0.0,0.0,0.0,0.030303030303030276,0.0
562,2025-12-13,0.014705882352941124,0.014705882352941124,0.045454545454545414,0.045454545454545414,0.014705882352941176,0.013712047012732672,-0.04593639575971732,0.0036680988639340942,0.045454545454545456,0.0,0.030178871334208657,0.028985507246376812,0.48756059521490225,71.42857142857143,1.0,0.014705882352941124,0.0,0.0,0.045454545454545414,0.045454545454545414,-0.043478260869565216
562,2025-12-14,0.0,0.014705882352941124,0.029850746268656803,0.029850746268656803,0.010460251046025014,0.014705882352941176,-0.0449092586896339,0.004718213495241464,0.029850746268656716,-0.028169014084507043,0.08534497595932382,0.028985507246376812,0.5437554808508969,66.66666666666666,1.0,0.0,0.014705882352941124,0.0,0.029850746268656803,0.029850746268656803,-0.057971014492753624
562,2025-12-15,0.0,0.014705882352941124,0.014705882352941124,0.029850746268656803,0.008350730688935252,0.01520353114271699,-0.043879907621247174,0.005238652126983251,0.014705882352941176,-0.014285714285714285,-0.010932073675174316,0.028985507246376812,0.5374948295366568,66.66666666666666,1.0,0.0,0.0,0.014705882352941124,0.014705882352941124,0.029850746268656803,-0.07246376811594203
562,2025-12-16,-0.01449275362318836,-0.01449275362318836,0.0,0.0,-0.006263048016701491,0.0014727540500735538,-0.05657468783721295,0.0036970218386801644,0.0,-0.02857142857142857,-0.06390801015808742,0.014705882352941176,0.6072191136688215,50.0,0.0,-0.01449275362318836,0.0,0.0,0.0,0.0,-0.08823529411764706
562,2025-12-17,0.0,-0.01449275362318836,0.0,0.0,-0.006263048016701491,0.0029498525073746733,-0.055263970361222554,0.002571414769476567,0.0,-0.04225352112676056,0.0003987286730849541,0.029411764705882353,0.6207874822990547,50.0,0.0,0.0,-0.01449275362318836,0.0,0.0,0.0,-0.14705882352941177
562,2025-12-18,0.0,-0.01449275362318836,0.0,0.0,-0.006263048016701491,0.004431314623338215,-0.05394960581233579,0.0017538524968171178,0.0,-0.04225352112676056,0.02879364976338278,0.029411764705882353,0.597150234832681,50.0,0.0,0.0,0.0,-0.01449275362318836,0.0,0.0,-0.20588235294117646
562,2025-12-19,0.0,0.0,0.0,0.0,-0.006263048016701491,0.005917159763313694,-0.052631578947368335,0.0011638426469217894,0.0,-0.04225352112676056,0.10182547849761138,0.029411764705882353,0.6153829671851027,50.0,0.0,0.0,0.0,0.0,0.0,0.0,-0.20588235294117646
562,2025-12-20,-0.02941176470588236,-0.02941176470588236,-0.04347826086956519,0.0,-0.029411764705882353,-0.021739130434782636,-0.07892696542099545,-0.002697130544801242,-0.043478260869565216,-0.05714285714285714,0.05838038836108584,0.015151515151515152,0.7050770596518439,50.0,0.0,-0.02941176470588236,0.0,0.0,-0.04347826086956519,0.0,-0.18181818181818182
562,2025-12-21,-0.015151515151515138,-0.044117647058823484,-0.05797101449275366,-0.02985074626865669,-0.0360169491525424,-0.034175334323922696,-0.09119154885816379,-0.006878573598553143,-0.057971014492753624,-0.07142857142857142,0.1361022333254876,0.03076923076923077,0.7453423398191334,33.33333333333333,0.0,-0.015151515151515138,-0.02941176470588236,0.0,-0.05797101449275366,-0.02985074626865669,-0.13846153846153847
562,2025-12-22,-0.01538461538461533,-0.05882352941176472,-0.07246376811594202,-0.05882352941176472,-0.04068522483940034,-0.048091224590976714,-0.10336239103362393,-0.011163439275064366,-0.07246376811594203,-0.030303030303030304,0.08784700054251032,0.046875,0.6472084399474707,16.666666666666657,0.0,-0.01538461538461533,-0.015151515151515138,-0.02941176470588236,-0.07246376811594202,-0.05882352941176472,-0.109375
562,2025-12-23,-0.03125,-0.06060606060606055,-0.08823529411764708,-0.08823529411764708,-0.058568329718004394,-0.0755467196819085,-0.12934935247308468,-0.017200336155374356,-0.08823529411764706,-0.07462686567164178,0.0996485527583167,0.016129032258064516,0.7229402505474893,12.5,0.0,-0.03125,-0.01538461538461533,-0.015151515151515138,-0.08823529411764708,-0.08823529411764708,-0.08064516129032258
562,2025-12-24,-0.06451612903225812,-0.10769230769230764,-0.1470588235294118,-0.1470588235294118,-0.09977827050997785,-0.1313030454318522,-0.18309859154929578,-0.02798387447534253,-0.14705882352941177,-0.13432835820895522,-0.030782691585469854,0.05172413793103448,0.7444803540197329,8.333333333333329,0.0,-0.06451612903225812,-0.03125,-0.01538461538461533,-0.1470588235294118,-0.1470588235294118,-0.034482758620689655
562,2025-12-25,-0.06896551724137934,-0.15625,-0.20588235294117652,-0.20588235294117652,-0.1350114416475973,-0.18633852335509785,-0.23656927426955704,-0.04198966163718578,-0.20588235294117646,-0.18181818181818182,-0.15085510527100024,0.07407407407407407,0.8165443466982838,6.25,0.0,-0.06896551724137934,-0.06451612903225812,-0.03125,-0.20588235294117652,-0.20588235294117652,0.07407407407407407
562,2025-12-26,0.0,-0.12903225806451613,-0.20588235294117652,-0.20588235294117652,-0.10638297872340428,-0.1814047498736736,-0.2334384858044164,-0.05028900426235245,-0.20588235294117646,-0.18181818181818182,0.06867555128546612,0.05555555555555555,0.8088403396293943,6.25,0.0,0.0,-0.06896551724137934,-0.06451612903225812,-0.20588235294117652,-0.20588235294117652,0.1111111111111111
562,2025-12-27,0.0,-0.06896551724137934,-0.18181818181818177,-0.21739130434782605,-0.08029197080291972,-0.17641077783426534,-0.23028191320874244,-0.05441929764021328,-0.18181818181818182,-0.18181818181818182,0.10603113747312315,0.018518518518518517,0.7524185430246987,0.0,0.0,0.0,0.0,-0.06896551724137934,-0.18181818181818177,-0.21739130434782605,0.09259259259259259
562,2025-12-28,0.03703703703703698,0.03703703703703698,-0.1384615384615384,-0.18840579710144922,-0.0248756218905473,-0.14154317833418498,-0.19872813990461047,-0.051477268889655106,-0.13846153846153847,-0.15151515151515152,0.13893038891675843,0.05357142857142857,0.4911652666536433,11.764705882352942,0.2,0.03703703703703698,0.0,0.0,-0.1384615384615384,-0.18840579710144922,0.07142857142857142
562,2025-12-29,0.017857142857142794,0.05555555555555558,-0.109375,-0.17391304347826086,0.010126582278480976,-0.12217659137577007,-0.18142651986596464,-0.045873464503777106,-0.109375,-0.13636363636363635,0.01741551702295876,0.03508771929824561,0.492270802463205,16.666666666666657,0.375,0.017857142857142794,0.03703703703703698,0.0,-0.109375,-0.17391304347826086,0.07017543859649122
562,2025-12-30,0.0,0.05555555555555558,-0.08064516129032262,-0.16176470588235292,0.023076923076923057,-0.11764705882352934,-0.1784112748238309,-0.040716408093805896,-0.08064516129032258,-0.14925373134328357,0.032883246741131175,0.03508771929824561,0.5458729527889843,17.647058823529406,0.75,0.0,0.017857142857142794,0.03703703703703698,-0.08064516129032262,-0.16176470588235292,0.05263157894736842
562,2025-12-31,-0.01754385964912286,0.0,-0.03448275862068961,-0.17647058823529416,0.010309278350515427,-0.12817851582771148,-0.18971061093247593,-0.03806862790068209,-0.034482758620689655,-0.16417910447761194,-0.15963121430524047,0.017857142857142856,0.5931071649337069,16.666666666666657,0.6666666666666666,-0.01754385964912286,0.0,0.017857142857142794,-0.03448275862068961,-0.17647058823529416,0.05357142857142857
562,2026-01-01,0.03571428571428581,0.01754385964912286,0.07407407407407418,-0.1470588235294118,0.03571428571428571,-0.0923317683881064,-0.15779283639883826,-0.031000899798315773,0.07407407407407407,-0.14705882352941177,-0.032473089847510433,0.017241379310344827,0.5776078645632226,25.000000000000014,1.0,0.03571428571428581,-0.01754385964912286,0.0,0.07407407407407418,-0.1470588235294118,-0.05172413793103448
562,2026-01-02,0.034482758620689724,0.05263157894736836,0.11111111111111116,-0.11764705882352944,0.0552763819095478,-0.05709795704557359,-0.12593072191647783,-0.021308152956455648,0.1111111111111111,-0.11764705882352941,0.125727228760054,0.05,0.5329667885599926,31.818181818181827,1.0,0.034482758620689724,0.03571428571428581,-0.01754385964912286,0.11111111111111116,-0.11764705882352944,-0.1
562,2026-01-03,-0.01666666666666672,0.0535714285714286,0.09259259259259256,-0.10606060606060608,0.024813895781637754,-0.06842105263157898,-0.1374269005847954,-0.016319138290743815,0.09259259259259259,-0.1323529411764706,0.139721256244552,0.03389830508474576,0.5675494522195862,33.33333333333333,0.75,-0.01666666666666672,0.034482758620689724,0.03571428571428581,0.09259259259259256,-0.10606060606060608,-0.05084745762711865
562,2026-01-04,0.016949152542372836,0.034482758620689724,0.0714285714285714,-0.07692307692307687,0.031941031941031886,-0.048625792811839375,-0.11966090642321482,-0.010534244187550452,0.07142857142857142,-0.11764705882352941,0.12168462707219105,0.05,0.4829756605555446,38.095238095238095,1.0,0.016949152542372836,-0.01666666666666672,0.034482758620689724,0.0714285714285714,-0.07692307692307687,-0.06666666666666667
562,2026-01-05,0.016666666666666607,0.016666666666666607,0.07017543859649122,-0.046875,0.038929440389294384,-0.030206677265500772,-0.10191395386880413,-0.004457120935275604,0.07017543859649122,-0.07575757575757576,0.07580912441314407,0.03278688524590164,0.5563219222458863,42.857142857142854,1.0,0.016666666666666607,0.016949152542372836,-0.01666666666666672,0.07017543859649122,-0.046875,-0.08196721311475409
562,2026-01-06,-0.016393442622950838,0.016949152542372836,0.05263157894736836,-0.032258064516129004,0.014492753623188354,-0.042553191489361666,-0.11344606796913478,-0.002343512442513392,0.05263157894736842,-0.1044776119402985,-0.08015326880802491,0.03333333333333333,0.5851881617713588,45.00000000000001,0.8,-0.016393442622950838,0.016666666666666607,0.016949152542372836,0.05263157894736836,-0.032258064516129004,-0.06666666666666667
562,2026-01-07,-0.01666666666666672,-0.01666666666666672,0.0535714285714286,0.01724137931034475,-0.009592326139088695,-0.05398182789951898,-0.12491760052735656,-0.0028572493037963952,0.05357142857142857,-0.1323529411764706,-0.14085604989621214,0.03389830508474576,0.606751582559489,52.94117647058823,0.3333333333333333,-0.01666666666666672,-0.016393442622950838,0.016666666666666607,0.0535714285714286,0.01724137931034475,-0.05084745762711865
562,2026-01-08,-0.06779661016949157,-0.09836065573770492,-0.051724137931034475,0.0185185185185186,-0.07004830917874401,-0.11194833153928951,-0.1805992385366661,-0.011050236019640908,-0.05172413793103448,-0.19117647058823528,-0.10480975949768652,0.03636363636363636,0.7634191022510314,52.94117647058823,0.0,-0.06779661016949157,-0.01666666666666672,-0.016393442622950838,-0.051724137931034475,0.0185185185185186,-0.01818181818181818
562,2026-01-09,-0.018181818181818188,-0.09999999999999998,-0.09999999999999998,0.0,-0.07352941176470587,-0.12147505422993495,-0.19175120572093804,-0.018170735691436325,-0.1,-0.20588235294117646,0.0045982921557956745,0.018518518518518517,0.7592169976057721,50.0,0.0,-0.018181818181818188,-0.06779661016949157,-0.01666666666666672,-0.09999999999999998,0.0,0.0
562,2026-01-10,0.03703703703703698,-0.05084745762711862,-0.05084745762711862,0.03703703703703698,-0.03209876543209871,-0.08296943231441054,-0.15817604810422586,-0.018199416771685854,-0.05084745762711865,-0.17647058823529413,0.17609167708250079,0.05357142857142857,0.6130297365921324,55.0,0.2857142857142857,0.03703703703703698,-0.018181818181818188,-0.06779661016949157,-0.05084745762711862,0.03703703703703698,-0.017857142857142856
562,2026-01-11,0.0,0.018181818181818077,-0.06666666666666665,0.0,-0.022443890274314197,-0.07692307692307689,-0.1545042778057373,-0.017629251152066,-0.06666666666666667,-0.17647058823529413,0.13389896064882967,0.03571428571428571,0.5602471007765174,50.0,0.2857142857142857,0.0,0.03703703703703698,-0.018181818181818188,-0.06666666666666665,0.0,0.0
562,2026-01-12,0.0,0.03703703703703698,-0.08196721311475408,-0.01754385964912286,-0.010101010101010065,-0.07028223574986166,-0.15080033698399323,-0.01668277442147907,-0.08196721311475409,-0.18840579710144928,-0.03184999929730357,0.03571428571428571,0.6529911072205608,47.05882352941176,0.3333333333333333,0.0,0.0,0.03703703703703698,-0.08196721311475408,-0.01754385964912286,0.0
562,2026-01-13,0.0,0.0,-0.06666666666666665,-0.01754385964912286,0.0,-0.0635451505016722,-0.1473523938419895,-0.015519229671439413,-0.06666666666666667,-0.18840579710144928,-0.045689619317932,0.03571428571428571,0.664546089699848,47.05882352941176,0.4,0.0,0.0,0.0,-0.06666666666666665,-0.01754385964912286,0.03571428571428571
562,2026-01-14,0.0,0.0,-0.05084745762711862,0.0,0.007712082262210834,-0.05670971364402022,-0.14474800610894276,-0.014250723484619351,-0.05084745762711865,-0.18840579710144928,-0.10336471208554941,0.03571428571428571,0.6235120362338452,50.0,1.0,0.0,0.0,0.0,-0.05084745762711862,0.0,0.10714285714285714
562,2026-01-15,-0.0357142857142857,-0.0357142857142857,-0.018181818181818188,-0.06896551724137934,-0.025773195876288697,-0.08319185059422748,-0.17276595744680842,-0.017132111764443857,-0.01818181818181818,-0.20588235294117646,-0.011156661176690938,0.018518518518518517,0.6794873152747353,37.5,0.0,-0.0357142857142857,0.0,0.0,-0.018181818181818188,-0.06896551724137934,0.14814814814814814
562,2026-01-16,0.0,-0.0357142857142857,0.0,-0.09999999999999998,-0.025773195876288697,-0.07586993725042779,-0.17050691244239624,-0.018483096823685725,0.0,-0.20588235294117646,-0.03495937374246784,0.018518518518518517,0.7192873915495658,28.57142857142857,0.0,0.0,-0.0357142857142857,0.0,0.0,-0.09999999999999998,0.16666666666666666
562,2026-01-17,0.0185185185185186,-0.017857142857142905,-0.017857142857142905,-0.06779661016949157,-0.005167958656330731,-0.05172413793103448,-0.1529774127310062,-0.016655258453716744,-0.017857142857142856,-0.19117647058823528,0.06513170469605555,0.03636363636363636,0.5430485392221845,35.71428571428572,0.5,0.0185185185185186,0.0,-0.0357142857142857,-0.017857142857142905,-0.06779661016949157,0.2
562,2026-01-18,0.018181818181818077,0.03703703703703698,0.0,-0.06666666666666665,0.012919896640826892,-0.0277777777777778,-0.1352093342484558,-0.012800810478880572,0.0,-0.17647058823529413,0.12709466946690037,0.03571428571428571,0.5228449689740796,35.71428571428572,1.0,0.018181818181818077,0.0185185185185186,0.0,0.0,-0.06666666666666665,0.21428571428571427
562,2026-01-19,0.0,0.03703703703703698,0.0,-0.08196721311475408,0.012919896640826892,-0.02211874272409777,-0.13253012048192772,-0.009867933030516625,0.0,-0.15151515151515152,-0.001309049438413556,0.03571428571428571,0.6108391327993137,30.769230769230774,1.0,0.0,0.018181818181818077,0.0185185185185186,0.0,-0.08196721311475408,0.21428571428571427
562,2026-01-20,0.03571428571428581,0.05454545454545445,0.03571428571428581,-0.033333333333333326,0.04370179948586122,0.016949152542372916,-0.09906800138073872,-0.0034561148312209165,0.03571428571428571,-0.1076923076923077,-0.04039338819009847,0.05172413793103448,0.5351568006391874,42.857142857142854,1.0,0.03571428571428581,0.0,0.018181818181818077,0.03571428571428581,-0.033333333333333326,0.1724137931034483
562,2026-01-21,0.06896551724137923,0.1071428571428572,0.1071428571428572,0.05084745762711873,0.09873417721518983,0.08835576360444701,-0.03560318008987214,0.008958399468377922,0.10714285714285714,-0.03125,0.029656985334686636,0.04838709677419355,0.5503850891840468,58.82352941176471,1.0,0.06896551724137923,0.03571428571428581,0.0,0.1071428571428572,0.05084745762711873,0.0967741935483871
562,2026-01-22,0.0,0.1071428571428572,0.14814814814814814,0.1272727272727272,0.07692307692307696,0.08835576360444701,-0.03460207612456757,0.016511313886228552,0.14814814814814814,0.0,-0.05637388355422275,0.03225806451612903,0.5159658038057573,76.92307692307693,1.0,0.0,0.06896551724137923,0.03571428571428581,0.14814814814814814,0.1272727272727272,0.0967741935483871
562,2026-01-23,0.016129032258064502,0.0862068965517242,0.16666666666666674,0.16666666666666674,0.07038834951456316,0.10268378063010503,-0.018691588785046773,0.022681616508163405,0.16666666666666666,0.08620689655172414,0.07202406301197947,0.031746031746031744,0.5881804479304683,84.61538461538461,1.0,0.016129032258064502,0.0,0.06896551724137923,0.16666666666666674,0.16666666666666674,0.09523809523809523
562,2026-01-24,0.04761904761904767,0.06451612903225801,0.19999999999999996,0.1785714285714286,0.09219858156028365,0.14716106604866747,0.028037383177570048,0.0315094475334379,0.2,0.2222222222222222,0.0998256027397007,0.045454545454545456,0.5084642618516352,85.71428571428571,1.0,0.04761904761904767,0.016129032258064502,0.0,0.19999999999999996,0.1785714285714286,0.09090909090909091
562,2026-01-25,0.030303030303030276,0.09677419354838701,0.2142857142857142,0.2142857142857142,0.09425287356321833,0.1724137931034483,0.0588235294117646,0.03961226887926543,0.21428571428571427,0.25925925925925924,0.34841190172848574,0.029411764705882353,0.531626820624099,87.5,1.0,0.030303030303030276,0.04761904761904767,0.016129032258064502,0.2142857142857142,0.2142857142857142,0.014705882352941176
562,2026-01-26,0.0,0.0793650793650793,0.2142857142857142,0.2142857142857142,0.06487695749440721,0.16305587229190419,0.05845728121757185,0.043239729562764534,0.21428571428571427,0.25925925925925924,0.14860708936382763,0.04411764705882353,0.623699471174793,87.5,1.0,0.0,0.030303030303030276,0.04761904761904767,0.2142857142857142,0.2142857142857142,0.07352941176470588
562,2026-01-27,0.0,0.030303030303030276,0.17241379310344818,0.2142857142857142,0.041575492341356574,0.1551528878822197,0.0588235294117646,0.043958577509181015,0.1724137931034483,0.21428571428571427,-0.1580636739331181,0.029411764705882353,0.6259313958100131,87.5,1.0,0.0,0.0,0.030303030303030276,0.17241379310344818,0.2142857142857142,0.10294117647058823
562,2026-01-28,0.0,0.0,0.09677419354838701,0.2142857142857142,0.02807775377969769,0.14800225098480582,0.059556786703601115,0.04283712754288473,0.0967741935483871,0.19298245614035087,-0.15159141656776057,0.029411764705882353,0.6437963057172073,87.5,1.0,0.0,0.0,0.0,0.09677419354838701,0.2142857142857142,0.11764705882352941
562,2026-01-29,0.0,0.0,0.09677419354838701,0.2592592592592593,0.014925373134328358,0.1409395973154362,0.05992379632836862,0.04060274486203529,0.0967741935483871,0.19298245614035087,-0.16961850953568552,0.029411764705882353,0.6600775416166365,99.99999999,1.0,0.0,0.0,0.0,0.09677419354838701,0.2592592592592593,0.10294117647058823
562,2026-01-30,0.014705882352941124,0.014705882352941124,0.09523809523809534,0.2777777777777777,0.016842105263157835,0.1493614658523043,0.07495239743811677,0.03947826799919424,0.09523809523809523,0.23214285714285715,-0.13207886646446537,0.028985507246376812,0.6366548443041401,99.99999999066667,1.0,0.014705882352941124,0.0,0.0,0.09523809523809534,0.2777777777777777,0.08695652173913043
562,2026-01-31,0.04347826086956519,0.05882352941176472,0.09090909090909083,0.3090909090909091,0.04781704781704791,0.19008264462809918,0.12071947423037019,0.04248146012918716,0.09090909090909091,0.2413793103448276,-0.08585546407403997,0.041666666666666664,0.5485773939583378,99.99999999176471,1.0,0.04347826086956519,0.014705882352941124,0.0,0.09090909090909083,0.3090909090909091,0.027777777777777776
562,2026-02-01,-0.04166666666666663,0.014705882352941124,0.014705882352941124,0.2321428571428572,0.002074688796680439,0.13486842105263164,0.07365145228215769,0.037797945987051766,0.014705882352941176,0.15,0.041360125726403685,0.028985507246376812,0.6771581567092207,84.21052631578948,0.25,-0.04166666666666663,0.04347826086956519,0.014705882352941124,0.014705882352941124,0.2321428571428572,0.08695652173913043
562,2026-02-02,0.05797101449275366,0.05797101449275366,0.07352941176470584,0.3035714285714286,0.04928131416837785,0.19151251360174104,0.13471502590673584,0.04019085852431814,0.07352941176470588,0.23728813559322035,-0.09548846193163886,0.0273972602739726,0.5229277074126304,86.95652173913044,1.0,0.05797101449275366,-0.04166666666666663,0.04347826086956519,0.07352941176470584,0.3035714285714286,0.0410958904109589
562,2026-02-03,0.027397260273972712,0.04166666666666674,0.10294117647058831,0.2931034482758621,0.062753036437247,0.21424716675661093,0.16479723899913726,0.04353590583579884,0.10294117647058823,0.25,-0.09158541570561249,0.02666666666666667,0.5367640145822825,86.95652173913044,1.0,0.027397260273972712,0.05797101449275366,-0.04166666666666663,0.10294117647058831,0.2931034482758621,0.013333333333333334
562,2026-02-04,0.01333333333333342,0.10144927536231885,0.11764705882352944,0.22580645161290325,0.0597609561752989,0.22055674518201288,0.17870067206617274,0.04567192493728139,0.11764705882352941,0.2459016393442623,-0.10965351889785713,0.039473684210526314,0.546435286970505,85.0,1.0,0.01333333333333342,0.027397260273972712,0.05797101449275366,0.11764705882352944,0.22580645161290325,0.0
562,2026-02-05,-0.013157894736842146,0.027397260273972712,0.10294117647058831,0.20967741935483875,0.03143418467583506,0.1949017525225704,0.16179001721170394,0.04378403043043085,0.10294117647058823,0.25,-0.08393878463316343,0.02666666666666667,0.6523588751987844,80.95238095238095,0.8571428571428571,-0.013157894736842146,0.01333333333333342,0.027397260273972712,0.10294117647058831,0.20967741935483875,0.013333333333333334
562,2026-02-06,0.0,0.0,0.08695652173913038,0.19047619047619047,0.01941747572815537,0.18483412322274886,0.16079105760963022,0.04103085558857223,0.08695652173913043,0.2711864406779661,-0.05419276990679683,0.02666666666666667,0.614980702477448,80.0,0.8571428571428571,0.0,-0.013157894736842146,0.01333333333333342,0.08695652173913038,0.19047619047619047,0.013333333333333334
562,2026-02-07,-0.013333333333333308,-0.02631578947368418,0.02777777777777768,0.1212121212121211,0.0019342359767891132,0.15745568300312832,0.1447232726022688,0.03625936805595677,0.027777777777777776,0.34545454545454546,0.12138672101638838,0.013513513513513514,0.6823508362342997,72.22222222222223,0.7142857142857143,-0.013333333333333308,0.0,-0.013157894736842146,0.02777777777777768,0.1212121212121211,0.02702702702702703
562,2026-02-08,0.013513513513513598,0.0,0.08695652173913038,0.10294117647058831,0.0038240917782027587,0.1603919546157812,0.15879828326180245,0.03351405398520139,0.08695652173913043,0.3888888888888889,0.11126316747003395,0.02666666666666667,0.6392863786525113,70.58823529411765,0.6666666666666666,0.013513513513513598,-0.013333333333333308,0.0,0.08695652173913038,0.10294117647058831,0.013333333333333334
562,2026-02-09,0.01333333333333342,0.01333333333333342,0.041095890410958846,0.11764705882352944,0.011406844106463932,0.16385911179173052,0.17263843648208457,0.032151438597048776,0.0410958904109589,0.35714285714285715,-0.06888390011940432,0.02631578947368421,0.6328006081106998,72.22222222222223,1.0,0.01333333333333342,0.013513513513513598,-0.013333333333333308,0.041095890410958846,0.11764705882352944,0.013157894736842105
562,2026-02-10,0.0,0.027027027027026973,0.01333333333333342,0.11764705882352944,0.009487666034155516,0.15209701869631123,0.17103235747303533,0.03015808961669764,0.013333333333333334,0.35714285714285715,-0.13616175426470498,0.02631578947368421,0.6003298196649312,72.22222222222223,1.0,0.0,0.01333333333333342,0.013513513513513598,0.01333333333333342,0.11764705882352944,0.05263157894736842
562,2026-02-11,0.0,0.01333333333333342,0.0,0.11764705882352944,0.009487666034155516,0.14057028514257117,0.16963064295485641,0.027834236487880252,0.0,0.35714285714285715,-0.09018598404552515,0.02631578947368421,0.6160731184740097,72.22222222222223,1.0,0.0,0.0,0.01333333333333342,0.0,0.11764705882352944,0.06578947368421052
562,2026-02-12,0.0,0.0,0.01333333333333342,0.11764705882352944,0.007575757575757548,0.12927191679049038,0.1686314710404921,0.02538127322096399,0.013333333333333334,0.35714285714285715,-0.1957010857562826,0.02631578947368421,0.5867779788989989,72.22222222222223,1.0,0.0,0.0,0.0,0.01333333333333342,0.11764705882352944,0.07894736842105263
562,2026-02-13,0.0,0.0,0.01333333333333342,0.10144927536231885,0.005671077504725925,0.11819519372241291,0.16743471582181269,0.022931406361202906,0.013333333333333334,0.35714285714285715,-0.02751872552157906,0.02631578947368421,0.5768094421833272,70.58823529411765,1.0,0.0,0.0,0.0,0.01333333333333342,0.10144927536231885,0.07894736842105263
562,2026-02-14,0.0,0.0,0.027027027027026973,0.05555555555555558,0.001883239171374711,0.10625909752547302,0.16624040920716104,0.020568567821997615,0.02702702702702703,0.4074074074074074,0.11483699142384673,0.02631578947368421,0.622132987568226,64.28571428571428,1.0,0.0,0.0,0.0,0.027027027027026973,0.05555555555555558,0.07894736842105263
562,2026-02-15,0.0,0.0,0.01333333333333342,0.10144927536231885,0.0,0.09457513202112332,0.16524701873935252,0.01834320648642598,0.013333333333333334,0.4074074074074074,0.20792789579084106,0.02631578947368421,0.6054264773633292,81.81818181818181,0.0,0.0,0.0,0.0,0.01333333333333342,0.10144927536231885,0.11842105263157894
562,2026-02-16,0.013157894736842035,0.013157894736842035,0.013157894736842035,0.0547945205479452,0.011257035647279603,0.0973871733966745,0.1793737236215112,0.01781525818267952,0.013157894736842105,0.4,0.2052971247815302,0.025974025974025976,0.6465731205859968,75.0,1.0,0.013157894736842035,0.0,0.0,0.013157894736842035,0.0547945205479452,0.11688311688311688
562,2026-02-17,0.03896103896103886,0.05263157894736836,0.05263157894736836,0.06666666666666665,0.04283054003724403,0.12728980742132454,0.22344944774851322,0.02141697009599799,0.05263157894736842,0.42857142857142855,0.03300004473145829,0.025,0.5524897383929369,77.77777777777777,1.0,0.03896103896103886,0.013157894736842035,0.0,0.05263157894736836,0.06666666666666665,0.05
562,2026-02-18,0.012499999999999956,0.06578947368421062,0.06578947368421062,0.06578947368421062,0.04612546125461252,0.12813370473537608,0.2364314789687925,0.024457988047332357,0.06578947368421052,0.44642857142857145,0.01902860107202143,0.024691358024691357,0.5928515288402165,77.77777777777777,1.0,0.012499999999999956,0.03896103896103886,0.013157894736842035,0.06578947368421062,0.06578947368421062,0.012345679012345678
562,2026-02-19,0.012345679012345734,0.06493506493506485,0.07894736842105265,0.09333333333333327,0.047445255474452476,0.12947658402203865,0.24915368991198372,0.027011188364215497,0.07894736842105263,0.41379310344827586,0.017810864271699464,0.024390243902439025,0.5827628430902058,88.88888888888889,1.0,0.012345679012345734,0.012499999999999956,0.03896103896103886,0.07894736842105265,0.09333333333333327,-0.012195121951219513
562,2026-02-20,0.0,0.02499999999999991,0.07894736842105265,0.09333333333333327,0.03610108303249103,0.11919927206551412,0.24577987846049965,0.027688449861586376,0.07894736842105263,0.3225806451612903,0.044236253528888825,0.024390243902439025,0.6429942380786863,88.88888888888889,1.0,0.0,0.012345679012345734,0.012499999999999956,0.07894736842105265,0.09333333333333327,0.012195121951219513
562,2026-02-21,0.0,0.012345679012345734,0.07894736842105265,0.10810810810810811,0.025,0.10910730387736695,0.24263343997305933,0.027153773624956197,0.07894736842105263,0.3225806451612903,0.17114722101749635,0.012195121951219513,0.6189719198488678,99.9999999825,1.0,0.0,0.0,0.012345679012345734,0.07894736842105265,0.10810810810810811,0.036585365853658534
562,2026-02-22,0.03658536585365857,0.03658536585365857,0.11842105263157898,0.1333333333333333,0.04569420035149377,0.13839285714285707,0.2842034581165017,0.030161686090524126,0.11842105263157894,0.3492063492063492,0.07970772396029135,0.023529411764705882,0.5131483943651303,99.999999986,1.0,0.03658536585365857,0.0,0.0,0.11842105263157898,0.1333333333333333,0.023529411764705882
562,2026-02-23,0.0117647058823529,0.04878048780487809,0.11688311688311681,0.13157894736842102,0.041522491349480994,0.14159292035398238,0.2949640287769784,0.032411948474809424,0.11688311688311688,0.30303030303030304,0.030096485328827537,0.023255813953488372,0.5698296145512152,99.999999986,1.0,0.0117647058823529,0.03658536585365857,0.0,0.11688311688311681,0.13157894736842102,0.011627906976744186
562,2026-02-24,-0.023255813953488413,0.024390243902439046,0.050000000000000044,0.10526315789473695,0.010309278350515514,0.10720562390158182,0.26105087572977476,0.029905613562582777,0.05,0.23529411764705882,-0.026513408060476355,0.023809523809523808,0.6482631121449436,83.33333333333333,0.6,-0.023255813953488413,0.0117647058823529,0.03658536585365857,0.050000000000000044,0.10526315789473695,0.047619047619047616
562,2026-02-25,-0.023809523809523836,-0.03529411764705881,0.012345679012345734,0.07894736842105265,-0.015437392795883433,0.07423580786026207,0.22774912660123103,0.02446318033960127,0.012345679012345678,0.20588235294117646,-0.08253236976122062,0.024390243902439025,0.6509868204685898,71.42857142857143,0.0,-0.023809523809523836,-0.023255813953488413,0.0117647058823529,0.012345679012345734,0.07894736842105265,0.07317073170731707
562,2026-02-26,-0.012195121951219523,-0.05813953488372092,-0.012195121951219523,0.06578947368421062,-0.025773195876288613,0.05514546244029528,0.20975771656156667,0.018703919277908633,-0.012195121951219513,0.19117647058823528,-0.05255877536814822,0.024691358024691357,0.6576927514193518,66.66666666666666,0.0,-0.012195121951219523,-0.023809523809523836,-0.023255813953488413,-0.012195121951219523,0.06578947368421062,0.08641975308641975
562,2026-02-27,0.024691358024691468,-0.011904761904761862,0.012195121951219523,0.09210526315789469,-0.0034305317324185977,0.0742018981880932,0.23614098957471452,0.017169135171641536,0.012195121951219513,0.22058823529411764,-0.168450367625536,0.024096385542168676,0.53248757283396,70.58823529411765,0.4,0.024691358024691468,-0.012195121951219523,-0.023809523809523836,0.012195121951219523,0.09210526315789469,0.07228915662650602
562,2026-02-28,0.024096385542168752,0.03658536585365857,0.03658536585365857,0.11842105263157898,0.015358361774744101,0.09207708779443262,0.26216795908265955,0.018402773437484265,0.036585365853658534,0.25,0.04302124821133355,0.023529411764705882,0.5275175150654382,73.68421052631578,0.8,0.024096385542168752,0.024691358024691468,-0.012195121951219523,0.03658536585365857,0.11842105263157898,0.07058823529411765
562,2026-03-01,0.0235294117647058,0.07407407407407418,0.0235294117647058,0.14473684210526305,0.03571428571428571,0.10922226944326387,0.2876171682289098,0.021333980766480198,0.023529411764705882,0.2608695652173913,0.24089001238090416,0.022988505747126436,0.5685722715464131,76.19047619047619,1.0,0.0235294117647058,0.024096385542168752,0.024691358024691468,0.0235294117647058,0.14473684210526305,0.08045977011494253
562,2026-03-02,0.0,0.04819277108433728,0.011627906976744207,0.1298701298701299,0.03395585738539903,0.10219594594594589,0.2836065573770493,0.02246248927916623,0.011627906976744186,0.20833333333333334,0.027363260544838862,0.022988505747126436,0.6038689131659716,75.0,1.0,0.0,0.0235294117647058,0.024096385542168752,0.011627906976744207,0.1298701298701299,0.09195402298850575
562,2026-03-03,0.011494252873563315,0.03529411764705892,0.04761904761904767,0.10000000000000009,0.03878583473861728,0.1059907834101383,0.29411764705882354,0.02376501320114421,0.047619047619047616,0.2753623188405797,-0.0986777233741969,0.022727272727272728,0.6071745241474248,72.22222222222223,1.0,0.011494252873563315,0.0,0.0235294117647058,0.04761904761904767,0.10000000000000009,0.07954545454545454
562,2026-03-04,0.0,0.011494252873563315,0.07317073170731714,0.08641975308641969,0.02838063439065111,0.09908409658617824,0.28990228013029307,0.023771108494710647,0.07317073170731707,0.2054794520547945,-0.05366227997575478,0.03409090909090909,0.61574551884703,70.58823529411765,1.0,0.0,0.011494252873563315,0.0,0.07317073170731714,0.08641975308641969,0.07954545454545454
562,2026-03-05,0.0,0.011494252873563315,0.08641975308641969,0.07317073170731714,0.016501650165016524,0.09316770186335403,0.28571428571428575,0.022951863857911838,0.08641975308641975,0.17333333333333334,-0.06628508432619519,0.022727272727272728,0.5719595194178423,68.75,1.0,0.0,0.0,0.011494252873563315,0.08641975308641969,0.07317073170731714,0.09090909090909091
562,2026-03-06,0.011363636363636465,0.011363636363636465,0.07228915662650603,0.08536585365853666,0.017973856209150305,0.09967051070840192,0.29548762736535655,0.022968776565735,0.07228915662650602,0.17105263157894737,-0.0024663515526526444,0.02247191011235955,0.6201695757718061,70.58823529411765,1.0,0.011363636363636465,0.0,0.0,0.07228915662650603,0.08536585365853666,0.06741573033707865
562,2026-03-07,0.022471910112359605,0.03409090909090917,0.07058823529411762,0.10975609756097571,0.030744336569579218,0.11702127659574466,0.319478008699855,0.02482828649507443,0.07058823529411765,0.21333333333333335,0.11396441136727857,0.02197802197802198,0.5902920267979597,73.68421052631578,1.0,0.022471910112359605,0.011363636363636465,0.0,0.07058823529411762,0.10975609756097571,0.054945054945054944
562,2026-03-08,0.03296703296703307,0.06818181818181812,0.08045977011494254,0.10588235294117654,0.05279999999999993,0.14494518879415355,0.357291833787903,0.029051193075193677,0.08045977011494253,0.25333333333333335,0.13921587221485218,0.031914893617021274,0.5600092548641635,73.68421052631578,1.0,0.03296703296703307,0.022471910112359605,0.011363636363636465,0.08045977011494254,0.10588235294117654,0.02127659574468085
562,2026-03-09,0.010638297872340496,0.0674157303370786,0.09195402298850586,0.10465116279069764,0.05055292259083726,0.14734299516908217,0.365814696485623,0.03197717365385125,0.09195402298850575,0.28378378378378377,-0.06954946125949611,0.021052631578947368,0.5327136393850158,73.68421052631578,1.0,0.010638297872340496,0.03296703296703307,0.022471910112359605,0.09195402298850586,0.10465116279069764,0.010526315789473684
562,2026-03-10,0.0,0.04395604395604402,0.07954545454545459,0.13095238095238093,0.03906249999999998,0.13817891373801913,0.35994910132018454,0.03270022376022776,0.07954545454545454,0.26666666666666666,-0.04062603471561635,0.021052631578947368,0.6065071751459323,82.3529411764706,1.0,0.0,0.010638297872340496,0.03296703296703307,0.07954545454545459,0.13095238095238093,0.021052631578947368
562,2026-03-11,0.0,0.010638297872340496,0.07954545454545459,0.15853658536585358,0.027820710973724863,0.12960760998810947,0.354133671206842,0.032008946275770375,0.07954545454545454,0.25,-0.06287502295792484,0.021052631578947368,0.5726047171111867,93.33333333333333,1.0,0.0,0.0,0.010638297872340496,0.07954545454545459,0.15853658536585358,0.010526315789473684
562,2026-03-12,0.010526315789473717,0.010526315789473717,0.09090909090909083,0.18518518518518512,0.025954198473282467,0.13252064490758947,0.36234626300851464,0.031689307361275516,0.09090909090909091,0.2631578947368421,-0.16934423876351684,0.020833333333333332,0.5588457728685594,99.99999999066667,1.0,0.010526315789473717,0.0,0.0,0.09090909090909083,0.18518518518518512,0.0
562,2026-03-13,-0.01041666666666663,0.0,0.0674157303370786,0.14457831325301207,0.006051437216338859,0.11241217798594841,0.34265075376884413,0.02914131614273346,0.06741573033707865,0.25,-0.08115078591027705,0.021052631578947368,0.6070943266283204,92.85714285714286,0.8,-0.01041666666666663,0.010526315789473717,0.0,0.0674157303370786,0.14457831325301207,0.010526315789473684
562,2026-03-14,0.010526315789473717,0.010526315789473717,0.05494505494505497,0.12941176470588234,0.009009009009009052,0.1154144074360961,0.35105551211884284,0.02773001144968364,0.054945054945054944,0.2631578947368421,0.00561191536204872,0.010416666666666666,0.592504779208321,92.3076923076923,1.0,0.010526315789473717,-0.01041666666666663,0.010526315789473717,0.05494505494505497,0.12941176470588234,0.010416666666666666
562,2026-03-15,0.0,0.0,0.02127659574468077,0.10344827586206895,0.005988023952095787,0.10684089162182935,0.3453752725007786,0.02586441089899244,0.02127659574468085,0.2631578947368421,0.13641207524656368,0.020833333333333332,0.6150623319697419,90.9090909090909,1.0,0.0,0.010526315789473717,-0.01041666666666663,0.02127659574468077,0.10344827586206895,0.020833333333333332
562,2026-03-16,0.0,0.010526315789473717,0.010526315789473717,0.10344827586206895,0.004484304932735448,0.09839816933638437,0.33953488372093016,0.023774320209269423,0.010526315789473684,0.2631578947368421,-0.0007235482376810142,0.020833333333333332,0.5992460813961116,90.9090909090909,1.0,0.0,0.0,0.010526315789473717,0.010526315789473717,0.10344827586206895,0.041666666666666664
562,2026-03-17,0.01041666666666674,0.01041666666666674,0.021052631578947434,0.10227272727272729,0.011922503725782371,0.10102156640181618,0.3474301589751504,0.022830983475165392,0.021052631578947368,0.27631578947368424,-0.058197004117684706,0.020618556701030927,0.6128836175847591,90.9090909090909,1.0,0.01041666666666674,0.0,0.0,0.021052631578947434,0.10227272727272729,0.08247422680412371
562,2026-03-18,-0.010309278350515427,0.0,0.010526315789473717,0.09090909090909083,0.0,0.08189331329827196,0.32780082987551873,0.0202251772642381,0.010526315789473684,0.24675324675324675,-0.11041503256443887,0.010416666666666666,0.6277178153545958,83.33333333333333,0.5,-0.010309278350515427,0.01041666666666674,0.0,0.010526315789473717,0.09090909090909083,0.13541666666666666
562,2026-03-19,0.0,0.0,0.0,0.09090909090909083,0.0,0.07542942494398806,0.32211170619739854,0.01785493770660131,0.0,0.2,-0.03589499664990081,0.020833333333333332,0.6171967938745748,83.33333333333333,0.5,0.0,-0.010309278350515427,0.01041666666666674,0.0,0.09090909090909083,0.125
562,2026-03-20,0.0,-0.010309278350515427,0.010526315789473717,0.0786516853932584,-0.0014858841010400767,0.06943928704047532,0.3160700685453161,0.015717631716805434,0.010526315789473684,0.18518518518518517,-0.06999166834999125,0.020833333333333332,0.6136274488422213,81.81818181818181,0.0,0.0,0.0,-0.010309278350515427,0.010526315789473717,0.0786516853932584,0.10416666666666667
562,2026-03-21,0.01041666666666674,0.01041666666666674,0.01041666666666674,0.06593406593406592,0.007418397626112696,0.07459379615952734,0.32332878581173263,0.015016044531642883,0.010416666666666666,0.18292682926829268,0.1421606561855713,0.020618556701030927,0.6693986650589283,80.0,1.0,0.01041666666666674,0.0,0.0,0.01041666666666674,0.06593406593406592,0.09278350515463918
562,2026-03-22,0.010309278350515427,0.02083333333333326,0.02083333333333326,0.042553191489361764,0.014792899408284045,0.07929515418502206,0.33011612124868045,0.015258729666533693,0.020833333333333332,0.1951219512195122,0.09648669855588643,0.030612244897959183,0.6681505827730494,75.0,1.0,0.010309278350515427,0.01041666666666674,0.0,0.02083333333333326,0.042553191489361764,0.09183673469387756
562,2026-03-23,0.020408163265306145,0.04166666666666674,0.04166666666666674,0.05263157894736836,0.029411764705882398,0.0940919037199124,0.3495276653171391,0.017287793363598074,0.041666666666666664,0.21951219512195122,-0.14057015216741997,0.02,0.5460946175792445,77.77777777777777,1.0,0.020408163265306145,0.010309278350515427,0.01041666666666674,0.04166666666666674,0.05263157894736836,0.12
562,2026-03-24,0.050000000000000044,0.08247422680412364,0.08247422680412364,0.10526315789473695,0.06831395348837202,0.14047791455467057,0.4070875521143538,0.02388119099601188,0.08247422680412371,0.23529411764705882,0.017660420878853392,0.0380952380952381,0.5191387893252039,85.71428571428571,1.0,0.050000000000000044,0.020408163265306145,0.010309278350515427,0.08247422680412364,0.10526315789473695,0.05714285714285714
562,2026-03-25,0.03809523809523818,0.11224489795918369,0.13541666666666674,0.1473684210526316,0.08844507845934384,0.17414721723518856,0.44882587505538324,0.031799606693522296,0.13541666666666666,0.26744186046511625,-0.02153632482970359,0.03669724770642202,0.46559304306345745,88.88888888888889,1.0,0.03809523809523818,0.050000000000000044,0.020408163265306145,0.13541666666666674,0.1473684210526316,0.0
562,2026-03-26,-0.00917431192660545,0.08000000000000007,0.125,0.125,0.06030855539971945,0.15343538625845488,0.4241758241758243,0.034516971335370523,0.125,0.2857142857142857,0.061342088313865645,0.027777777777777776,0.5611538318241664,83.33333333333333,0.9230769230769231,-0.00917431192660545,0.03809523809523818,0.050000000000000044,0.125,0.125,0.0
562,2026-03-27,-0.01851851851851849,0.00952380952380949,0.10416666666666674,0.11578947368421044,0.026279391424619578,0.12248499823508643,0.38723280500218116,0.03278667717095102,0.10416666666666667,0.2926829268292683,-0.06834767316264401,0.009433962264150943,0.6194976884304024,78.94736842105263,0.75,-0.01851851851851849,-0.00917431192660545,0.03809523809523818,0.10416666666666674,0.11578947368421044,-0.018867924528301886
562,2026-03-28,0.0,-0.02752293577981646,0.09278350515463907,0.10416666666666674,0.01366120218579237,0.11266620013995803,0.37721957557384145,0.03053636301046215,0.09278350515463918,0.30864197530864196,0.040790512041419924,0.018867924528301886,0.6105532922949957,77.77777777777777,0.7272727272727273,0.0,-0.01851851851851849,-0.00917431192660545,0.09278350515463907,0.10416666666666674,0.0
562,2026-03-29,0.009433962264151052,-0.0092592592592593,0.09183673469387754,0.11458333333333326,0.010796221322537073,0.11380985426786958,0.38024939085566856,0.029140535728895706,0.09183673469387756,0.2891566265060241,0.02094482011932747,0.018691588785046728,0.584454858161921,78.94736842105263,0.7777777777777778,0.009433962264151052,0.0,-0.01851851851851849,0.09183673469387754,0.11458333333333326,-0.028037383177570093
562,2026-03-30,0.04672897196261672,0.05660377358490565,0.1200000000000001,0.16666666666666674,0.041168658698539196,0.1550360948779649,0.4334470989761091,0.03269747357663129,0.12,0.3176470588235294,0.10301904718463216,0.03571428571428571,0.6011798884489867,83.33333333333333,1.0,0.04672897196261672,0.009433962264151052,0.0,0.1200000000000001,0.16666666666666674,-0.07142857142857142
562,2026-03-31,-0.008928571428571397,0.04716981132075482,0.05714285714285716,0.14432989690721643,0.023715415019762827,0.1353562904875554,0.40962325384506854,0.03271441706259424,0.05714285714285714,0.27586206896551724,-0.09497938860807008,0.018018018018018018,0.536585709982484,79.16666666666667,0.8333333333333334,-0.008928571428571397,0.04672897196261672,0.009433962264151052,0.05714285714285716,0.14432989690721643,-0.06306306306306306
562,2026-04-01,-0.018018018018018056,0.01869158878504673,0.0,0.13541666666666674,0.005270092226613947,0.1065989847715736,0.37433454749229467,0.029435385734611887,0.0,0.25287356321839083,-0.039120713048040795,0.01834862385321101,0.6791563272327591,76.0,0.5,-0.018018018018018056,-0.008928571428571397,0.04672897196261672,0.0,0.13541666666666674,-0.03669724770642202
562,2026-04-02,-0.00917431192660545,-0.0357142857142857,0.0,0.125,-0.003952569169960493,0.08907563025210079,0.3526301141107709,0.025240930069336465,0.0,0.22727272727272727,-0.016109958668197023,0.027777777777777776,0.6582151695844166,73.07692307692308,0.3333333333333333,-0.00917431192660545,-0.018018018018018056,-0.008928571428571397,0.0,0.125,-0.027777777777777776
562,2026-04-03,-0.03703703703703709,-0.06306306306306309,-0.018867924528301883,0.08333333333333326,-0.03830911492734475,0.04312938816449345,0.29442677361360803,0.017350924314434357,-0.018867924528301886,0.18181818181818182,0.2187209381036894,0.028846153846153848,0.7255185598076427,63.333333333333336,0.0,-0.03703703703703709,-0.00917431192660545,-0.018018018018018056,-0.018867924528301883,0.08333333333333326,0.009615384615384616
562,2026-04-04,0.019230769230769162,-0.02752293577981646,0.0,0.09278350515463907,-0.0198150594451783,0.05682951146560322,0.3109797993678714,0.013817552133290766,0.0,0.20454545454545456,0.08569491495513175,0.02830188679245283,0.6728788011598349,64.51612903225806,0.25,0.019230769230769162,-0.03703703703703709,-0.00917431192660545,0.0,0.09278350515463907,-0.009433962264150943
562,2026-04-05,-0.018867924528301883,-0.03703703703703709,-0.028037383177570097,0.061224489795918435,-0.0344827586206896,0.03174603174603177,0.278688524590164,0.008871468725882861,-0.028037383177570093,0.16853932584269662,0.07026997249937893,0.028846153846153848,0.7243343441112039,59.375,0.0,-0.018867924528301883,0.019230769230769162,-0.03703703703703709,-0.028037383177570097,0.061224489795918435,0.009615384615384616
562,2026-04-06,0.0,0.0,-0.0714285714285714,0.040000000000000036,-0.02412868632707773,0.02732960158050707,0.2710483432916893,0.005353308163831337,-0.07142857142857142,0.14285714285714285,0.0987241766362757,0.019230769230769232,0.7018474520633267,56.666666666666664,0.0,0.0,-0.018867924528301883,0.019230769230769162,-0.0714285714285714,0.040000000000000036,0.019230769230769232
562,2026-04-07,0.0,-0.018867924528301883,-0.06306306306306309,-0.00952380952380949,-0.014884979702300388,0.023957991467016777,0.26332838439735456,0.0028831670057053033,-0.06306306306306306,0.10638297872340426,-0.22667033744925363,0.028846153846153848,0.5933252113696571,47.99999999999999,0.0,0.0,0.0,-0.018867924528301883,-0.06306306306306309,-0.00952380952380949,0.057692307692307696
562,2026-04-08,0.009615384615384581,0.009615384615384581,-0.03669724770642202,-0.03669724770642202,0.0,0.030421982335623102,0.2669258613755195,0.002288935672689792,-0.03669724770642202,0.10526315789473684,-0.12379397850525688,0.01904761904761905,0.649464258353814,40.90909090909091,0.25,0.009615384615384581,0.0,0.0,-0.03669724770642202,-0.03669724770642202,0.02857142857142857
562,2026-04-09,0.0,0.009615384615384581,-0.02777777777777779,-0.02777777777777779,0.004098360655737724,0.027062275839582643,0.2583222370173103,0.0018264296672894898,-0.027777777777777776,0.10526315789473684,-0.16674075876263397,0.01904761904761905,0.616014156440319,42.857142857142854,0.5,0.0,0.009615384615384581,0.0,-0.02777777777777779,-0.02777777777777779,-0.009523809523809525
562,2026-04-10,0.0,0.009615384615384581,0.009615384615384581,-0.009433962264150941,0.00272851296043662,0.02372440688982779,0.25016536578912546,0.0014649471900692232,0.009615384615384616,0.10526315789473684,-0.1637745101218552,0.01904761904761905,0.6469352739892773,47.368421052631575,0.5,0.0,0.0,0.009615384615384581,0.009615384615384581,-0.009433962264150941,-0.009523809523809525
562,2026-04-11,0.0,0.0,-0.009433962264150941,-0.009433962264150941,0.004098360655737724,0.02073882047958529,0.24211356466876974,0.0011811698093857,-0.009433962264150943,0.09375,0.05556114252600234,0.01904761904761905,0.6951307815886879,47.368421052631575,1.0,0.0,0.0,0.0,-0.009433962264150941,-0.009433962264150941,-0.01904761904761905
562,2026-04-12,0.0,0.0,0.009615384615384581,-0.01869158878504673,0.00272851296043662,0.01744186046511625,0.2341648165077706,0.0009573537446525173,0.009615384615384616,0.10526315789473684,0.09345611002792248,0.01904761904761905,0.6840036081726381,44.444444444444436,1.0,0.0,0.0,0.0,0.009615384615384581,-0.01869158878504673,-0.009523809523809525
562,2026-04-13,0.00952380952380949,0.00952380952380949,0.019230769230769162,-0.0535714285714286,0.009523809523809525,0.023824855119124293,0.2378357337485402,0.0018891918328154582,0.019230769230769232,0.10416666666666667,-0.05998514318894188,0.02830188679245283,0.6063384465355401,28.57142857142857,1.0,0.00952380952380949,0.0,0.0,0.019230769230769162,-0.0535714285714286,0.0
562,2026-04-14,0.037735849056603765,0.04761904761904767,0.05769230769230771,-0.009009009009009028,0.03913630229419699,0.057692307692307696,0.2756088132972555,0.006830997251096928,0.057692307692307696,0.14583333333333334,-0.09973349510046552,0.01818181818181818,0.595160616944224,47.05882352941176,1.0,0.037735849056603765,0.00952380952380949,0.0,0.05769230769230771,-0.009009009009009028,-0.045454545454545456
562,2026-04-15,-0.018181818181818188,0.02857142857142847,0.02857142857142847,-0.00917431192660545,0.016129032258064457,0.0344827586206896,0.24376199616122848,0.00759477762157266,0.02857142857142857,0.125,-0.11511141796371828,0.027777777777777776,0.6292347522290251,47.05882352941176,0.6,-0.018181818181818188,0.037735849056603765,0.00952380952380949,0.02857142857142847,-0.00917431192660545,0.0
562,2026-04-16,-0.03703703703703709,-0.018867924528301883,-0.00952380952380949,-0.03703703703703709,-0.020188425302826343,-0.006052883083784708,0.1900826446280992,0.003458782103800848,-0.009523809523809525,0.07216494845360824,-0.35104285871298835,0.019230769230769232,0.6607092409358398,39.99999999999999,0.0,-0.03703703703703709,-0.018181818181818188,0.037735849056603765,-0.00952380952380949,-0.03703703703703709,0.038461538461538464
562,2026-04-17,0.0,-0.054545454545454564,-0.00952380952380949,0.0,-0.018867924528301886,-0.008579599618684515,0.18271417740712656,0.000643823145142333,-0.009523809523809525,0.08333333333333333,-0.4073591623795069,0.019230769230769232,0.5497900556999801,50.0,0.0,0.0,-0.03703703703703709,-0.018181818181818188,-0.00952380952380949,0.0,0.019230769230769232
562,2026-04-18,-0.009615384615384581,-0.04629629629629628,-0.01904761904761909,-0.028301886792452824,-0.025675675675675618,-0.020291693088142104,0.1644265795754303,-0.0023253241968367792,-0.01904761904761905,0.07291666666666667,-0.20784547675972878,0.019417475728155338,0.5685336648662234,39.99999999999999,0.0,-0.009615384615384581,0.0,-0.03703703703703709,-0.01904761904761909,-0.028301886792452824,-0.019417475728155338
562,2026-04-19,0.009708737864077666,0.0,-0.00952380952380949,0.0,-0.014884979702300388,-0.01328273244781789,0.16868522911724304,-0.003074718479577824,-0.009523809523809525,0.08333333333333333,-0.072095711442418,0.019230769230769232,0.5177443167612353,50.0,0.14285714285714285,0.009708737864077666,-0.009615384615384581,0.0,-0.00952380952380949,0.0,-0.019230769230769232
562,2026-04-20,0.019230769230769162,0.019230769230769162,0.0,0.019230769230769162,0.004059539918809221,0.002838221381267712,0.1840635472260146,-0.0012340752033423467,0.0,0.09278350515463918,-0.19717748617212608,0.02830188679245283,0.5130060616461579,56.25,0.42857142857142855,0.019230769230769162,0.009708737864077666,-0.009615384615384581,0.0,0.019230769230769162,-0.018867924528301886
562,2026-04-21,-0.009433962264150941,0.01941747572815533,-0.045454545454545414,0.009615384615384581,0.0013623978201634489,-0.008810572687224705,0.16666666666666666,-0.001108565186852147,-0.045454545454545456,0.07142857142857142,-0.1845438792231767,0.01904761904761905,0.5651417059118359,52.94117647058823,0.4,-0.009433962264150941,0.019230769230769162,0.009708737864077666,-0.045454545454545414,0.009615384615384581,0.0
562,2026-04-22,0.02857142857142847,0.03846153846153855,0.0,0.02857142857142847,0.02997275204359669,0.016949152542372854,0.1932236680579426,0.002330498527635441,0.0,0.08,-0.05907737413183751,0.027777777777777776,0.5461190444129174,57.89473684210526,1.0,0.02857142857142847,-0.009433962264150941,0.019230769230769162,0.0,0.02857142857142847,-0.018518518518518517
562,2026-04-23,0.0,0.018867924528301883,0.03846153846153855,0.02857142857142847,0.024390243902439004,0.01599247412982129,0.1866682944695398,0.004471614321699867,0.038461538461538464,0.02857142857142857,-0.007848697154126562,0.027777777777777776,0.6289799423786355,57.89473684210526,1.0,0.0,0.02857142857142847,-0.009433962264150941,0.03846153846153855,0.02857142857142847,-0.037037037037037035
562,2026-04-24,-0.01851851851851849,0.00952380952380949,0.019230769230769162,0.00952380952380949,0.0027027027027027605,-0.0018832391713747914,0.15903292431053342,0.003514068347176478,0.019230769230769232,-0.027522935779816515,0.18680507671503813,0.018867924528301886,0.669369671287509,52.38095238095237,0.6,-0.01851851851851849,0.0,0.02857142857142847,0.019230769230769162,0.00952380952380949,-0.018867924528301886
562,2026-04-25,-0.047169811320754707,-0.06481481481481477,-0.01941747572815533,-0.03809523809523807,-0.04200542005420056,-0.04687008493236869,0.0999515972894482,-0.002751550132934739,-0.019417475728155338,-0.06481481481481481,0.1483547386827756,0.019801980198019802,0.6384464742052405,42.30769230769231,0.0,-0.047169811320754707,-0.01851851851851849,0.0,-0.01941747572815533,-0.03809523809523807,0.019801980198019802
562,2026-04-26,0.00990099009900991,-0.05555555555555558,-0.019230769230769273,-0.02857142857142858,-0.02989130434782605,-0.03622047244094484,0.10629067245119303,-0.005660962902569973,-0.019230769230769232,-0.03773584905660377,0.056851151386219566,0.0196078431372549,0.5776373384362694,44.444444444444436,0.14285714285714285,0.00990099009900991,-0.047169811320754707,-0.01851851851851849,-0.019230769230769273,-0.02857142857142858,0.029411764705882353
562,2026-04-27,0.019607843137254832,-0.018867924528301883,-0.018867924528301883,-0.018867924528301883,-0.008174386920980966,-0.016703435234793562,0.12311015118790504,-0.0051346377507975015,-0.018867924528301886,-0.018867924528301886,-0.01800793754516042,0.028846153846153848,0.4950935666205938,46.42857142857143,0.42857142857142855,0.019607843137254832,0.00990099009900991,-0.047169811320754707,-0.018867924528301883,-0.018867924528301883,0.019230769230769232
562,2026-04-28,0.009615384615384581,0.03960396039603964,0.0,-0.045454545454545414,0.0013623978201634489,-0.006622516556291418,0.12889738382511057,-0.0035018369757795005,0.0,-0.018691588785046728,-0.11070712931116689,0.01904761904761905,0.51691289550474,40.0,0.5714285714285714,0.009615384615384581,0.019607843137254832,0.00990099009900991,0.0,-0.045454545454545414,0.009523809523809525
562,2026-04-29,0.00952380952380949,0.03921568627450989,-0.01851851851851849,-0.01851851851851849,0.01366120218579237,0.004739336492890996,0.13449875133785225,-0.001209178432138519,-0.018518518518518517,-0.05357142857142857,-0.04986915201086117,0.02830188679245283,0.5699572585520958,45.833333333333336,0.7142857142857143,0.00952380952380949,0.009615384615384581,0.019607843137254832,-0.01851851851851849,-0.01851851851851849,0.0
562,2026-04-30,-0.018867924528301883,0.0,-0.03703703703703709,0.0,0.0,-0.012032932235592137,0.10847939365229749,-0.001908864009504636,-0.037037037037037035,-0.06306306306306306,-0.023739361992062575,0.028846153846153848,0.5818347592326231,50.0,0.6,-0.018867924528301883,0.00952380952380949,0.009615384615384581,-0.03703703703703709,0.0,0.019230769230769232
562,2026-05-01,0.0,-0.00952380952380949,-0.018867924528301883,0.0,0.0027548209366391775,-0.010466222645099851,0.10429447852760737,-0.0023014133850016885,-0.018867924528301886,-0.045871559633027525,-0.038581020520648886,0.028846153846153848,0.5796698859991347,50.0,0.6,0.0,-0.018867924528301883,0.00952380952380949,-0.018867924528301883,0.0,0.009615384615384616
562,2026-05-02,-0.009615384615384581,-0.028301886792452824,0.01980198019801982,0.0,-0.009615384615384616,-0.01842439644218555,0.08930669800235015,-0.0036008677753428158,0.019801980198019802,-0.046296296296296294,0.0260459527459704,0.019417475728155338,0.566907091761843,50.0,0.25,-0.009615384615384581,0.0,-0.018867924528301883,0.01980198019801982,0.0,0.019417475728155338
562,2026-05-03,0.01941747572815533,0.009615384615384581,0.02941176470588225,0.009615384615384581,0.005471956224350186,0.0003175611305176066,0.10629829079840786,-0.002086940920274524,0.029411764705882353,0.009615384615384616,0.22865330880734416,0.01904761904761905,0.5509010175273886,52.17391304347826,0.6666666666666666,0.01941747572815533,-0.009615384615384581,0.0,0.02941176470588225,0.009615384615384581,-0.009523809523809525
562,2026-05-04,0.00952380952380949,0.019230769230769162,0.019230769230769162,0.0,0.012278308321964589,0.009844395046046346,0.11279598740230952,8.104821866919159e-05,0.019230769230769232,0.0,0.07619186639331456,0.02830188679245283,0.5292754527435446,50.0,1.0,0.00952380952380949,0.01941747572815533,-0.009615384615384581,0.019230769230769162,0.0,-0.03773584905660377
562,2026-05-05,0.0,0.029126213592232997,0.00952380952380949,0.00952380952380949,0.010899182561307863,0.00920342748333864,0.10891549459490876,0.0014825787834650034,0.009523809523809525,0.019230769230769232,0.002758766143089872,0.02830188679245283,0.5585643691255742,52.38095238095237,1.0,0.0,0.00952380952380949,0.01941747572815533,0.00952380952380949,0.00952380952380949,-0.018867924528301886
562,2026-05-06,0.0,0.00952380952380949,0.0,-0.01851851851851849,0.010899182561307863,0.008563273073263614,0.10493398193189711,0.0023409430997480968,0.0,0.019230769230769232,-0.03478969519046197,0.018867924528301886,0.5832283846661068,44.444444444444436,1.0,0.0,0.0,0.00952380952380949,0.0,-0.01851851851851849,-0.018867924528301886
562,2026-05-07,0.0,0.0,0.019230769230769162,-0.01851851851851849,0.008152173913043518,0.007923930269413584,0.10098095787651479,0.0028187680888272955,0.019230769230769232,0.019230769230769232,-0.033404221063837766,0.018867924528301886,0.5602937756359264,44.444444444444436,1.0,0.0,0.0,0.0,0.019230769230769162,-0.01851851851851849,-0.009433962264150943
562,2026-05-08,-0.009433962264150941,-0.009433962264150941,0.009615384615384581,-0.009433962264150941,-0.0027137042062415776,-0.0015847860538827708,0.08670653173873047,0.0019283199350580815,0.009615384615384616,0.0,0.019827349549803478,0.01904761904761905,0.5495325465044464,47.05882352941176,0.6666666666666666,-0.009433962264150941,0.0,0.0,0.009615384615384581,-0.009433962264150941,0.0
562,2026-05-09,0.0,-0.009433962264150941,0.01941747572815533,0.03960396039603964,-0.005412719891745583,-0.0015847860538827708,0.08297043318817335,0.001285098413410038,0.019417475728155338,0.0,0.07127191556644731,0.01904761904761905,0.5811370551950377,66.66666666666666,0.0,0.0,-0.009433962264150941,0.0,0.01941747572815533,0.03960396039603964,-0.009523809523809525
562,2026-05-10,-0.00952380952380949,-0.018867924528301883,-0.00952380952380949,0.019607843137254832,-0.013550135501355032,-0.010779961953075522,0.0692254969156957,-0.00028625107422668996,-0.009523809523809525,-0.009523809523809525,0.08836758574669178,0.019230769230769232,0.5920173691666778,58.33333333333333,0.0,-0.00952380952380949,0.0,-0.009433962264150941,-0.00952380952380949,0.019607843137254832,-0.019230769230769232
562,2026-05-11,-0.019230769230769273,-0.02857142857142858,-0.037735849056603765,-0.019230769230769273,-0.027247956403269793,-0.028879720723579798,0.04555808656036445,-0.00353537643547022,-0.03773584905660377,-0.02857142857142857,0.024064515794058928,0.0196078431372549,0.6621148150553683,41.66666666666667,0.0,-0.019230769230769273,-0.00952380952380949,0.0,-0.037735849056603765,-0.019230769230769273,0.0196078431372549
562,2026-05-12,0.019607843137254832,-0.00952380952380949,-0.018867924528301883,-0.00952380952380949,-0.005464480874316921,-0.009523809523809525,0.06267029972752051,-0.003300027124342934,-0.018867924528301886,-0.009523809523809525,-0.1078850098613874,0.028846153846153848,0.5133077162613977,46.15384615384615,0.5,0.019607843137254832,-0.019230769230769273,-0.00952380952380949,-0.018867924528301883,-0.00952380952380949,0.0
562,2026-05-13,0.0,0.0,-0.018867924528301883,-0.018867924528301883,-0.0027397260273973184,-0.008894536213468906,0.05930285196921685,-0.0030372962027050833,-0.018867924528301886,-0.018867924528301886,-0.0942443302774577,0.019230769230769232,0.5414779947662229,41.66666666666667,0.5,0.0,0.019607843137254832,-0.019230769230769273,-0.018867924528301883,-0.018867924528301883,-0.009615384615384616
562,2026-05-14,0.009615384615384581,0.02941176470588225,-0.009433962264150941,0.009615384615384581,0.008230452674897158,0.002227171492204909,0.06598984771573604,-0.0016455938704775556,-0.009433962264150943,-0.045454545454545456,-0.059585245725402705,0.01904761904761905,0.5902640131712154,54.54545454545455,1.0,0.009615384615384581,0.0,0.019607843137254832,-0.009433962264150941,0.009615384615384581,-0.02857142857142857
562,2026-05-15,0.0,0.009615384615384581,0.0,0.009615384615384581,0.008230452674897158,0.003184713375796133,0.06251405441870923,-0.0006871280722841707,0.0,-0.027777777777777776,0.19055547960071134,0.01904761904761905,0.6587201393631471,54.54545454545455,1.0,0.0,0.009615384615384581,0.0,0.0,0.009615384615384581,-0.01904761904761905
562,2026-05-16,-0.00952380952380949,0.0,-0.00952380952380949,0.009708737864077666,0.0,-0.006369426751592401,0.04909213180901136,-0.001158359197894188,-0.009523809523809525,0.0,0.10747970201714493,0.019230769230769232,0.6476644639331928,54.54545454545455,0.6666666666666666,-0.00952380952380949,0.0,0.009615384615384581,-0.00952380952380949,0.009708737864077666,-0.009615384615384616
562,2026-05-17,-0.019230769230769273,-0.02857142857142858,-0.019230769230769273,-0.02857142857142858,-0.016528925619834652,-0.024856596558317345,0.026042248798479935,-0.0036703008972977084,-0.019230769230769232,-0.019230769230769232,0.0826887226800496,0.0196078431372549,0.6015433890256295,36.36363636363636,0.0,-0.019230769230769273,-0.00952380952380949,0.0,-0.019230769230769273,-0.02857142857142858,0.0196078431372549
562,2026-05-18,0.019607843137254832,-0.00952380952380949,0.019607843137254832,-0.018867924528301883,0.0,-0.006052883083784708,0.043361944041912834,-0.002938913394613967,0.0196078431372549,0.009708737864077669,0.0639185088963543,0.028846153846153848,0.5406150020447965,41.66666666666667,0.6666666666666666,0.019607843137254832,-0.019230769230769273,-0.00952380952380949,0.019607843137254832,-0.018867924528301883,-0.009615384615384616
562,2026-05-19,0.0,0.0,0.0,-0.018867924528301883,0.0,-0.006052883083784708,0.040693795863909234,-0.0023654765476562372,0.0,0.0,-0.08587923886627559,0.028846153846153848,0.5579377437629336,41.66666666666667,0.6666666666666666,0.0,0.019607843137254832,-0.019230769230769273,0.0,-0.018867924528301883,-0.019230769230769232
562,2026-05-20,-0.009615384615384581,0.009803921568627416,-0.009615384615384581,-0.028301886792452824,-0.008253094910591511,-0.014668367346938757,0.028286189683860184,-0.003038371155146433,-0.009615384615384616,-0.02830188679245283,-0.08126398751428812,0.019417475728155338,0.6119990023191623,38.46153846153846,0.3333333333333333,-0.009615384615384581,0.0,0.019607843137254832,-0.009615384615384581,-0.028301886792452824,0.0
562,2026-05-21,-0.009708737864077666,-0.019230769230769273,-0.02857142857142858,-0.037735849056603765,-0.013812154696132615,-0.023300351101181012,0.016048699501936943,-0.004505735087893226,-0.02857142857142857,-0.02857142857142857,-0.08289144193074632,0.029411764705882353,0.5722886796999914,35.71428571428572,0.0,-0.009708737864077666,-0.009615384615384581,0.0,-0.02857142857142858,-0.037735849056603765,0.00980392156862745
562,2026-05-22,0.009803921568627416,-0.009615384615384581,-0.01904761904761909,-0.01904761904761909,-0.0013850415512464982,-0.012148337595907919,0.023630742049469987,-0.0041832241042439565,-0.01904761904761905,-0.046296296296296294,-0.13959105882753864,0.019417475728155338,0.5536186171845687,42.857142857142854,0.5,0.009803921568627416,-0.009708737864077666,-0.009615384615384581,-0.01904761904761909,-0.01904761904761909,0.009708737864077669
562,2026-05-23,0.0,0.0,-0.009615384615384581,-0.01904761904761909,0.0,-0.010566762728145959,0.021600176327970018,-0.0038345122360574036,-0.009615384615384616,-0.046296296296296294,0.054966675517434345,0.019417475728155338,0.5941951341741005,42.857142857142854,0.5,0.0,0.009803921568627416,-0.009708737864077666,-0.009615384615384581,-0.01904761904761909,0.009708737864077669
562,2026-05-24,0.009708737864077666,0.019607843137254832,0.019607843137254832,0.0,0.006915629322268267,-0.0003204101249599305,0.02947646282446103,-0.002349623041175459,0.0196078431372549,-0.018867924528301886,0.1998288426483406,0.028846153846153848,0.5713113510135012,50.0,1.0,0.009708737864077666,0.0,0.009803921568627416,0.019607843137254832,0.0,0.0
562,2026-05-25,-0.009615384615384581,0.0,-0.009615384615384581,0.009803921568627416,-0.0013850415512464982,-0.010566762728145959,0.017451432334540655,-0.002435653829577619,-0.009615384615384616,0.019801980198019802,0.17541362645953715,0.019417475728155338,0.587513396281337,53.846153846153854,0.5,-0.009615384615384581,0.009708737864077666,0.0,-0.009615384615384581,0.009803921568627416,0.009708737864077669
562,2026-05-26,-0.009708737864077666,-0.009708737864077666,-0.019230769230769273,-0.019230769230769273,-0.008333333333333373,-0.020172910662824155,0.005366334465009378,-0.0035431656665228756,-0.019230769230769232,0.0,0.07286001755974054,0.00980392156862745,0.602486066597467,41.66666666666667,0.0,-0.009708737864077666,-0.009615384615384581,0.009708737864077666,-0.019230769230769273,-0.019230769230769273,0.029411764705882353
562,2026-05-27,0.009803921568627416,-0.009615384615384581,0.0,-0.009615384615384581,0.0013888888888888493,-0.010249839846252367,0.012782694198623374,-0.003013830032797034,0.0,-0.009615384615384616,-0.14203307450448163,0.019417475728155338,0.5409400690439372,46.15384615384615,0.5,0.009803921568627416,-0.009708737864077666,-0.009615384615384581,0.0,-0.009615384615384581,0.019417475728155338
562,2026-05-28,0.0,0.0,0.009803921568627416,-0.01904761904761909,0.0,-0.009615384615384616,0.010574512155238249,-0.002569269857743859,0.00980392156862745,-0.01904761904761905,-0.17680593533082353,0.019417475728155338,0.5729362912130233,41.66666666666667,0.5,0.0,0.009803921568627416,-0.009708737864077666,0.009803921568627416,-0.01904761904761909,0.019417475728155338
562,2026-05-29,0.009708737864077666,0.019607843137254832,0.009708737864077666,-0.00952380952380949,0.008310249307479265,0.0006414368184733439,0.018276762402088708,-0.0010628316353653855,0.009708737864077669,-0.018867924528301886,-0.1903816032061679,0.009615384615384616,0.5456731712289977,46.15384615384615,1.0,0.009708737864077666,0.0,0.009803921568627416,0.009708737864077666,-0.00952380952380949,0.009615384615384616
562,2026-05-30,0.0,0.009708737864077666,0.009708737864077666,0.0,0.006915629322268267,0.0006414368184733439,0.016397002931914425,-4.982215821116189e-05,0.009708737864077669,0.0,0.07714010036356314,0.019230769230769232,0.5618490068688479,50.0,1.0,0.0,0.009708737864077666,0.0,0.009708737864077666,0.0,0.019230769230769232
562,2026-05-31,0.0,0.009708737864077666,0.0,0.019607843137254832,0.006915629322268267,0.0006414368184733439,0.014524170821591208,0.0006092547086206708,0.0,0.0,0.14053240890556853,0.019230769230769232,0.5697483676509553,60.0,1.0,0.0,0.0,0.009708737864077666,0.0,0.019607843137254832,0.019230769230769232
562,2026-06-01,0.0,0.0,0.009708737864077666,0.0,0.005524861878453019,0.00032061558191726297,0.012767799177667231,0.001016671138387111,0.009708737864077669,0.009708737864077669,0.03163686816051661,0.028846153846153848,0.5869293138022701,50.0,1.0,0.0,0.0,0.0,0.009708737864077666,0.0,0.0
562,2026-06-02,0.009615384615384581,0.009615384615384581,0.02941176470588225,0.009615384615384581,0.011004126547455256,0.009939083039435697,0.02062857760017278,0.002369952339215017,0.029411764705882353,0.0,-0.03571331117557877,0.01904761904761905,0.5537394644990513,55.55555555555556,1.0,0.009615384615384581,0.0,0.0,0.02941176470588225,0.009615384615384581,-0.009523809523809525
562,2026-06-03,0.0,0.009615384615384581,0.01941747572815533,0.01941747572815533,0.008230452674897158,0.010262989095574049,0.01875808538163005,0.0031667554639470616,0.019417475728155338,-0.009433962264150943,0.00025383077866877386,0.01904761904761905,0.5274951973548446,62.50000000000001,1.0,0.0,0.009615384615384581,0.0,0.01941747572815533,0.01941747572815533,-0.009523809523809525
562,2026-06-04,0.0,0.009615384615384581,0.01941747572815533,0.02941176470588225,0.005471956224350186,0.010587102983638057,0.01700387430047357,0.003576638169056437,0.019417475728155338,-0.009433962264150943,0.019601229596638882,0.01904761904761905,0.5491717999136324,71.42857142857143,1.0,0.0,0.0,0.009615384615384581,0.01941747572815533,0.02941176470588225,0.01904761904761905
562,2026-06-05,0.0,0.0,0.009615384615384581,0.01941747572815533,0.004098360655737724,0.010911424903722785,0.01547388781431329,0.003722232990804838,0.009615384615384616,-0.009433962264150943,0.05399458834572701,0.01904761904761905,0.537689588845933,66.66666666666666,1.0,0.0,0.0,0.0,0.009615384615384581,0.01941747572815533,0.02857142857142857
562,2026-06-06,0.00952380952380949,0.00952380952380949,0.019230769230769162,0.029126213592232997,0.010899182561307863,0.020539152759948717,0.023824855119124293,0.004804175236115098,0.019230769230769232,0.0,0.24654471977289305,0.018867924528301886,0.5722300764855869,71.42857142857143,1.0,0.00952380952380949,0.0,0.0,0.019230769230769162,0.029126213592232997,0.018867924528301886
562,2026-06-07,0.0,0.00952380952380949,0.019230769230769162,0.019230769230769162,0.008152173913043518,0.020211742059672706,0.0226176439060993,0.005342198203865035,0.019230769230769232,0.009523809523809525,0.026399015301377348,0.009433962264150943,0.5606603331786042,66.66666666666666,1.0,0.0,0.00952380952380949,0.0,0.019230769230769162,0.019230769230769162,0.018867924528301886
562,2026-06-08,-0.018867924528301883,-0.00952380952380949,0.0,0.009708737864077666,-0.010869565217391266,0.0012836970474968546,0.0023559648747054616,0.0032929549583168407,0.0,-0.009523809523809525,0.10438062583430684,0.009615384615384616,0.5882451683786609,57.14285714285714,0.0,-0.018867924528301883,0.0,0.00952380952380949,0.0,0.009708737864077666,0.038461538461538464
562,2026-06-09,0.0,-0.018867924528301883,-0.00952380952380949,0.019607843137254832,-0.009523809523809525,0.0012836970474968546,0.0013908205841446574,0.001849649894214719,-0.009523809523809525,0.0,0.005581533344591441,0.019230769230769232,0.5956855058412058,66.66666666666666,0.0,0.0,-0.018867924528301883,0.0,-0.00952380952380949,0.019607843137254832,0.019230769230769232
562,2026-06-10,0.0,-0.018867924528301883,-0.00952380952380949,0.009708737864077666,-0.008174386920980966,0.0006414368184733439,0.000534473543559609,0.0008488483146232912,-0.009523809523809525,0.0196078431372549,-0.039066381421223,0.028846153846153848,0.6151736748539249,60.0,0.0,0.0,0.0,-0.018867924528301883,-0.00952380952380949,0.009708737864077666,0.019230769230769232
562,2026-06-11,0.028846153846153744,0.028846153846153744,0.01904761904761898,0.03883495145631066,0.01766304347826091,0.028516501121435455,0.028077292623038277,0.0035096249587904093,0.01904761904761905,0.028846153846153848,-0.09052758041941812,0.018691588785046728,0.5094578098421408,75.0,1.0,0.028846153846153744,0.0,0.0,0.01904761904761898,0.03883495145631066,-0.018691588785046728
562,2026-06-12,0.009345794392523255,0.03846153846153855,0.02857142857142847,0.03846153846153855,0.02300405953991883,0.03679999999999995,0.036357820663183736,0.0062119891664662264,0.02857142857142857,0.038461538461538464,0.008936061607358527,0.018518518518518517,0.5857541007253032,75.0,1.0,0.009345794392523255,0.028846153846153744,0.0,0.02857142857142847,0.03846153846153855,-0.037037037037037035
562,2026-06-13,0.0,0.03846153846153855,0.018867924528301883,0.03846153846153855,0.020242914979757047,0.035805626598465486,0.03503354275370031,0.0077432827312193826,0.018867924528301886,0.02857142857142857,0.13016636526408515,0.018518518518518517,0.5832762713857379,75.0,1.0,0.0,0.009345794392523255,0.028846153846153744,0.018867924528301883,0.03846153846153855,-0.027777777777777776
562,2026-06-14,0.0,0.009345794392523255,0.018867924528301883,0.03846153846153855,0.01749663526244957,0.03481315873522843,0.033712644900563686,0.008468813134861215,0.018867924528301886,0.02857142857142857,0.23870945109695793,0.027777777777777776,0.6287905920314674,75.0,1.0,0.0,0.0,0.009345794392523255,0.018867924528301883,0.03846153846153855,-0.009259259259259259
562,2026-06-15,0.0,0.0,0.03846153846153855,0.03846153846153855,0.012048192771084395,0.03349282296650718,0.03250478011472281,0.008650569606927588,0.038461538461538464,0.038461538461538464,0.16474418206625702,0.027777777777777776,0.6542066114512868,75.0,1.0,0.0,0.0,0.0,0.03846153846153855,0.03846153846153855,0.0
562,2026-06-16,-0.01851851851851849,-0.01851851851851849,0.019230769230769162,0.00952380952380949,-0.009345794392523364,0.013061484549219432,0.012308998302207155,0.006298639726662072,0.019230769230769232,0.0392156862745098,0.05736443330879925,0.018867924528301886,0.6443919287731985,55.55555555555556,0.5,-0.01851851851851849,0.0,0.0,0.019230769230769162,0.00952380952380949,0.02830188679245283
562,2026-06-17,0.0,-0.01851851851851849,0.019230769230769162,0.00952380952380949,-0.01198402130492682,0.012416427889207231,0.01123595505617977,0.004559566407960398,0.019230769230769232,0.019230769230769232,-0.043616451897543894,0.02830188679245283,0.5881902321102845,55.55555555555556,0.0,0.0,-0.01851851851851849,0.0,0.019230769230769162,0.00952380952380949,0.018867924528301886
562,2026-06-18,-0.009433962264150941,-0.02777777777777779,-0.01869158878504673,0.0,-0.018691588785046728,0.0025461489497135494,0.0007412898443291809,0.0021802283960358315,-0.018691588785046728,0.009615384615384616,-0.02442395447160227,0.01904761904761905,0.6160048354145525,50.0,0.0,-0.009433962264150941,0.0,-0.01851851851851849,-0.01869158878504673,0.0,0.02857142857142857
562,2026-06-19,-0.00952380952380949,-0.018867924528301883,-0.03703703703703709,-0.00952380952380949,-0.022818791946308745,-0.007317849188673233,-0.009523809523809525,-0.0005454292463212307,-0.037037037037037035,0.009708737864077669,-0.09575654842719897,0.019230769230769232,0.5824309148822628,45.45454545454546,0.0,-0.00952380952380949,-0.009433962264150941,0.0,-0.03703703703703709,-0.00952380952380949,0.038461538461538464
562,2026-06-20,0.009615384615384581,-0.009433962264150941,-0.02777777777777779,-0.009433962264150941,-0.009433962264150943,0.0012714558169104257,-0.0007401924500370577,-0.0011999579900410816,-0.027777777777777776,0.029411764705882353,-0.05696082169631414,0.01904761904761905,0.60026752150668,45.45454545454546,0.25,0.009615384615384581,-0.00952380952380949,-0.009433962264150941,-0.02777777777777779,-0.009433962264150941,0.02857142857142857
562,2026-06-21,0.01904761904761898,0.01904761904761898,-0.0092592592592593,0.009433962264151052,0.010796221322537073,0.01904761904761905,0.01754015215553681,0.000623004513620322,-0.009259259259259259,0.038834951456310676,0.053771302857398014,0.018691588785046728,0.5681534279823797,53.846153846153854,0.75,0.01904761904761898,0.009615384615384581,-0.00952380952380949,-0.0092592592592593,0.009433962264151052,0.009345794392523364
562,2026-06-22,0.009345794392523255,0.03846153846153855,0.0,0.03846153846153855,0.020242914979757047,0.02694136291600629,0.026724411112284838,0.0028805020961244388,0.0,0.04854368932038835,0.0882848001534437,0.018518518518518517,0.5648109808952341,66.66666666666666,1.0,0.009345794392523255,0.01904761904761898,0.009615384615384581,0.0,0.03846153846153855,0.0
562,2026-06-23,0.0092592592592593,0.03809523809523818,0.028301886792452935,0.04807692307692313,0.025537634408602093,0.03481012658227853,0.03623111862258377,0.005333142421259795,0.02830188679245283,0.04807692307692308,-0.04568200711989444,0.01834862385321101,0.5502145877478681,69.23076923076923,1.0,0.0092592592592593,0.009345794392523255,0.01904761904761898,0.028301886792452935,0.04807692307692313,-0.009174311926605505
562,2026-06-24,-0.00917431192660545,0.009345794392523255,0.018867924528301883,0.03846153846153855,0.013404825737265435,0.023696682464454975,0.026724411112284838,0.005650042578658614,0.018867924528301886,0.04854368932038835,-0.06435031324385801,0.018518518518518517,0.5912636811477021,64.28571428571428,0.8,-0.00917431192660545,0.0092592592592593,0.009345794392523255,0.018867924528301883,0.03846153846153855,-0.018518518518518517
562,2026-06-25,0.0,0.0,0.02857142857142847,0.009345794392523255,0.009345794392523364,0.02175969725638597,0.02650755095575037,0.005664958871377056,0.02857142857142857,0.058823529411764705,-0.14299560867421407,0.009259259259259259,0.5850445139838787,54.54545454545455,0.8,0.0,-0.00917431192660545,0.0092592592592593,0.02857142857142847,0.009345794392523255,-0.018518518518518517
562,2026-06-26,0.0,-0.00917431192660545,0.03846153846153855,0.0,0.003984063745019939,0.02015113350125951,0.026290782388343356,0.005484051552941636,0.038461538461538464,0.04854368932038835,-0.14412302262642696,0.018518518518518517,0.5662007316206618,50.0,0.75,0.0,0.0,-0.00917431192660545,0.03846153846153855,0.0,-0.018518518518518517
562,2026-06-27,0.0,0.0,0.02857142857142847,0.0,0.0,0.018547626532536957,0.026182432432432477,0.0051825119442097745,0.02857142857142857,0.04854368932038835,0.1015661968122314,0.018518518518518517,0.5795003007596536,50.0,0.5,0.0,0.0,0.0,0.02857142857142847,0.0,-0.018518518518518517
562,2026-06-28,0.0,0.0,0.009345794392523255,0.0,-0.0013210039630118515,0.017268445839874365,0.02661596958174902,0.004813015821257126,0.009345794392523364,0.038461538461538464,0.25973551062356137,0.018518518518518517,0.6278810263876755,50.0,0.0,0.0,0.0,0.0,0.009345794392523255,0.0,-0.018518518518518517
562,2026-06-29,0.0,0.0,0.0,0.0,-0.0013210039630118515,0.01599247412982129,0.02694136291600629,0.004411925704759322,0.0,0.038461538461538464,-0.029375599956921,0.018518518518518517,0.5352371757928592,50.0,0.0,0.0,0.0,0.0,0.0,0.0,-0.018518518518518517
562,2026-06-30,0.0,0.0,-0.00917431192660545,0.018867924528301883,0.0,0.01471969934231127,0.027049873203719398,0.004003838538389806,-0.009174311926605505,0.038461538461538464,-0.019777499270454867,0.009259259259259259,0.579540273289822,62.50000000000001,0.0,0.0,0.0,0.0,-0.00917431192660545,0.018867924528301883,-0.018518518518518517
562,2026-07-01,-0.01851851851851849,-0.01851851851851849,-0.01851851851851849,0.0,-0.01591511936339517,-0.004694835680751174,0.008243500317057641,0.0014382939657045586,-0.018518518518518517,0.019230769230769232,0.17438521496447545,0.018867924528301886,0.6451703796318279,50.0,0.0,-0.01851851851851849,0.0,0.0,-0.01851851851851849,0.0,0.0
562,2026-07-02,0.0,-0.01851851851851849,-0.01851851851851849,0.00952380952380949,-0.013297872340425551,-0.005006257822277829,0.008030431107354224,-0.00028236175610997434,-0.018518518518518517,0.009523809523809525,0.08730298795836709,0.018867924528301886,0.6573624915141278,55.55555555555556,0.0,0.0,-0.01851851851851849,0.0,-0.01851851851851849,0.00952380952380949,0.0
562,2026-07-03,0.0,-0.01851851851851849,-0.01851851851851849,0.019230769230769162,-0.01066666666666663,-0.005317485142320891,0.008030431107354224,-0.0013947145187101192,-0.018518518518518517,0.009523809523809525,0.11814363991156392,0.02830188679245283,0.5835160407593599,62.50000000000001,0.0,0.0,0.0,-0.01851851851851849,-0.01851851851851849,0.019230769230769162,0.0
562,2026-07-04,0.0,0.0,-0.01851851851851849,0.00952380952380949,-0.008021390374331588,-0.005628517823639722,0.00781745193323474,-0.0020734340702217974,-0.018518518518518517,0.009523809523809525,0.05126439695144505,0.018867924528301886,0.603162952639772,57.14285714285714,0.0,0.0,0.0,0.0,-0.01851851851851849,0.00952380952380949,0.018867924528301886
562,2026-07-05,0.0,0.0,-0.01851851851851849,-0.009345794392523366,-0.005361930294906147,-0.005939356048765301,0.007604562737642559,-0.0024469111570266425,-0.018518518518518517,0.009523809523809525,0.03591620351332381,0.018867924528301886,0.594699170016766,39.99999999999999,0.0,0.0,0.0,0.0,-0.01851851851851849,-0.009345794392523366,0.009433962264150943
562,2026-07-06,0.0,0.0,-0.01851851851851849,-0.01851851851851849,-0.0026881720430108097,-0.005939356048765301,0.007391763463569105,-0.002609036914801753,-0.018518518518518517,0.0,-0.12718838529636253,0.018867924528301886,0.5344663818886861,25.0,0.0,0.0,0.0,0.0,-0.01851851851851849,-0.01851851851851849,0.0
562,2026-07-07,0.0,0.0,-0.01851851851851849,-0.02752293577981646,0.0,-0.005939356048765301,0.00728539752929996,-0.0026280572129807607,-0.018518518518518517,0.0,-0.1592936735078342,0.018867924528301886,0.5385292081457667,0.0,0.0,0.0,0.0,0.0,-0.01851851851851849,-0.02752293577981646,0.009433962264150943
562,2026-07-08,0.0,0.0,0.0,-0.01851851851851849,0.0,-0.006560449859418958,0.007179054054054096,-0.002553214177341751,0.0,0.019230769230769232,-0.08171404001988981,0.009433962264150943,0.5803010875745831,0.0,0.0,0.0,0.0,0.0,0.0,-0.01851851851851849,0.009433962264150943
562,2026-07-09,0.0,0.0,0.0,-0.01851851851851849,0.0,-0.007180768029971893,0.007072733030718843,-0.002419717201060383,0.0,0.019230769230769232,-0.025706596883018476,0.018867924528301886,0.6002048926631353,0.0,0.0,0.0,0.0,0.0,0.0,-0.01851851851851849,0.009433962264150943
562,2026-07-10,0.0,0.0,0.0,-0.01851851851851849,0.0,-0.007800312012480455,0.006966434452184936,-0.0022524553298691008,0.0,0.019230769230769232,0.008897954477515848,0.009433962264150943,0.5846960071978509,0.0,0.0,0.0,0.0,0.0,0.0,-0.01851851851851849,0.009433962264150943
562,2026-07-11,0.018867924528301883,0.018867924528301883,0.018867924528301883,0.0,0.016129032258064457,0.010605115408608921,0.025641025641025668,0.00012598624378787568,0.018867924528301886,0.009345794392523364,0.13928555412758273,0.027777777777777776,0.5724100763964928,50.0,1.0,0.018867924528301883,0.0,0.0,0.018867924528301883,0.0,-0.009259259259259259
562,2026-07-12,-0.0092592592592593,0.009433962264151052,0.009433962264151052,-0.0092592592592593,0.005369127516778504,0.0015600624024961444,0.016037138636843157,0.0005696462490211995,0.009433962264150943,-0.009259259259259259,0.08488273764162912,0.018691588785046728,0.5996620406457108,39.99999999999999,0.5,-0.0092592592592593,0.018867924528301883,0.0,0.009433962264151052,-0.0092592592592593,-0.009345794392523364
562,2026-07-13,-0.009345794392523366,0.0,0.0,-0.01851851851851849,-0.004026845637583911,-0.007180768029971893,0.006966434452184936,-0.0002553092922039509,0.0,-0.018518518518518517,-0.03168727737736006,0.009433962264150943,0.601728378832981,33.33333333333333,0.0,-0.009345794392523366,-0.0092592592592593,0.018867924528301883,0.0,-0.01851851851851849,-0.009433962264150943
562,2026-07-14,0.009433962264151052,-0.0092592592592593,0.009433962264151052,-0.0092592592592593,0.004021447721179644,0.002498438475952521,0.016573419191386003,0.0003115574229769518,0.009433962264150943,-0.009259259259259259,-0.0898581020929932,0.018691588785046728,0.5717090808371142,42.857142857142854,0.5,0.009433962264151052,-0.009345794392523366,-0.0092592592592593,0.009433962264151052,-0.0092592592592593,-0.018691588785046728
562,2026-07-15,0.0,0.0,0.009433962264151052,0.009433962264151052,0.002677376171352132,0.0028116213683223724,0.01625158294639086,0.0006692067973146417,0.009433962264150943,-0.009259259259259259,-0.125212191345754,0.018691588785046728,0.6246258342454334,60.0,0.5,0.0,0.009433962264151052,-0.009345794392523366,0.009433962264151052,0.009433962264151052,-0.028037383177570093
562,2026-07-16,0.0,0.009433962264151052,0.009433962264151052,0.009433962264151052,0.0013368983957218871,0.002498438475952521,0.015929950416710616,0.0008790934924625123,0.009433962264150943,0.009433962264150943,-0.014364943643070576,0.018691588785046728,0.607028983211331,60.0,0.5,0.0,0.0,0.009433962264151052,0.009433962264151052,0.009433962264151052,-0.037383177570093455
562,2026-07-17,0.0,0.0,0.009433962264151052,0.009433962264151052,0.0,0.0021854511395566745,0.015501423600126607,0.000986035754749146,0.009433962264150943,0.009433962264150943,-0.07881966377648515,0.018691588785046728,0.5894001469079673,60.0,0.5,0.0,0.0,0.0,0.009433962264151052,0.009433962264151052,-0.028037383177570093
562,2026-07-18,0.0,0.0,-0.0092592592592593,0.009433962264151052,0.0013368983957218871,0.0015600624024961444,0.015180265654648901,0.0010225627313212725,-0.009259259259259259,0.01904761904761905,0.19910851678798827,0.018691588785046728,0.6158623738694509,60.0,1.0,0.0,0.0,0.0,-0.0092592592592593,0.009433962264151052,-0.009345794392523364
562,2026-07-19,-0.009345794392523366,-0.009345794392523366,-0.009345794392523366,0.0,-0.006693440428380131,-0.008419083255378912,0.005692599620493305,-8.028751520082388e-05,-0.009345794392523364,0.019230769230769232,0.17444441778256162,0.018867924528301886,0.645169587134203,50.0,0.0,-0.009345794392523366,0.0,0.0,-0.009345794392523366,0.0,0.0
562,2026-07-20,-0.009433962264150941,-0.01869158878504673,-0.009433962264150941,-0.009433962264150941,-0.01474530831099194,-0.017773620205799864,-0.003795066413662293,-0.001892759546587899,-0.009433962264150943,0.0,0.044005340666147995,0.01904761904761905,0.6650015317655971,42.857142857142854,0.0,-0.009433962264150941,-0.009345794392523366,0.0,-0.009433962264150941,-0.009433962264150941,0.009523809523809525
562,2026-07-21,0.0,-0.01869158878504673,-0.01869158878504673,-0.009433962264150941,-0.012096774193548444,-0.017160686427457054,-0.003479911420436508,-0.0030131338288403114,-0.018691588785046728,-0.018691588785046728,-0.10068189089684774,0.01904761904761905,0.575513342734827,42.857142857142854,0.0,0.0,-0.009433962264150941,-0.009345794392523366,-0.01869158878504673,-0.009433962264150941,0.009523809523809525
562,2026-07-22,-0.00952380952380949,-0.018867924528301883,-0.028037383177570097,-0.018867924528301883,-0.017543859649122844,-0.02530459231490162,-0.012554066884692483,-0.004750127519938782,-0.028037383177570093,-0.037037037037037035,-0.05800325500725817,0.019230769230769232,0.58454490101499,37.5,0.0,-0.00952380952380949,0.0,-0.009433962264150941,-0.028037383177570097,-0.018867924528301883,0.009615384615384616
562,2026-07-23,-0.009615384615384581,-0.01904761904761909,-0.03738317757009346,-0.028301886792452824,-0.021709633649932215,-0.03286384976525822,-0.021739130434782632,-0.006841814139864036,-0.037383177570093455,-0.05504587155963303,-0.0759299601558443,0.019417475728155338,0.5800460002941529,33.33333333333333,0.0,-0.009615384615384581,-0.00952380952380949,0.0,-0.03738317757009346,-0.028301886792452824,0.009708737864077669
562,2026-07-24,0.009708737864077666,-0.00952380952380949,-0.028037383177570097,-0.018867924528301883,-0.008174386920980966,-0.022250078345346227,-0.012554066884692483,-0.0068701658609819725,-0.028037383177570093,-0.037037037037037035,-0.0832867205818775,0.019230769230769232,0.578385060357522,39.99999999999999,0.25,0.009708737864077666,-0.009615384615384581,-0.00952380952380949,-0.028037383177570097,-0.018867924528301883,-0.009615384615384616
562,2026-07-25,0.019230769230769162,0.019230769230769162,-0.009345794392523366,-0.01851851851851849,0.012278308321964589,-0.0028222013170272546,0.006010756089845049,-0.004432394393491714,-0.009345794392523364,-0.018518518518518517,0.07099838002551494,0.02830188679245283,0.5901463632941458,39.99999999999999,1.0,0.019230769230769162,0.009708737864077666,-0.009615384615384581,-0.009345794392523366,-0.01851851851851849,-0.018867924528301886
562,2026-07-26,0.0,0.029126213592232997,0.0,-0.009345794392523366,0.012278308321964589,-0.0021964229683087634,0.005798629414865608,-0.002701834546340411,0.0,-0.018518518518518517,0.24577449065933596,0.02830188679245283,0.626864103373907,44.444444444444436,1.0,0.0,0.019230769230769162,0.009708737864077666,0.0,-0.009345794392523366,-0.018867924528301886
562,2026-07-27,0.0,0.019230769230769162,0.00952380952380949,0.0,0.010899182561307863,-0.0015698587127159001,0.005692599620493305,-0.0014880373233339822,0.009523809523809525,-0.018518518518518517,0.1287962060841296,0.02830188679245283,0.6255051507346395,50.0,1.0,0.0,0.0,0.019230769230769162,0.00952380952380949,0.0,0.0
562,2026-07-28,0.0,0.0,0.00952380952380949,-0.009345794392523366,0.009523809523809525,-0.0009425070688029625,0.005692599620493305,-0.0006501999817372476,0.009523809523809525,-0.018518518518518517,0.019459273626916303,0.018867924528301886,0.6160887242864461,42.857142857142854,1.0,0.0,0.0,0.0,0.00952380952380949,-0.009345794392523366,0.0
562,2026-07-29,-0.009433962264150941,-0.009433962264150941,0.009615384615384581,-0.01869158878504673,-0.0013586956521738744,-0.009433962264150943,-0.0039000737851797224,-0.0011898329209203212,0.009615384615384616,-0.027777777777777776,-0.017482606666298074,0.01904761904761905,0.6394617890482699,37.5,0.6666666666666666,-0.009433962264150941,0.0,0.0,0.009615384615384581,-0.01869158878504673,0.009523809523809525
562,2026-07-30,-0.00952380952380949,-0.018867924528301883,0.009708737864077666,-0.028037383177570097,-0.012211668928086896,-0.017632241813601953,-0.013386739749130391,-0.0026110260570895616,0.009708737864077669,-0.037037037037037035,-0.03956903389195133,0.019230769230769232,0.634123787576487,33.33333333333333,0.0,-0.00952380952380949,-0.009433962264150941,0.0,0.009708737864077666,-0.028037383177570097,0.019230769230769232
562,2026-07-31,-0.009615384615384581,-0.028301886792452824,-0.009615384615384581,-0.03738317757009346,-0.020380434782608658,-0.02615820989599747,-0.022873405713081062,-0.004567284938971272,-0.009615384615384616,-0.02830188679245283,-0.05574949625904601,0.019417475728155338,0.65311588756738,30.0,0.0,-0.009615384615384581,-0.00952380952380949,-0.009433962264150941,-0.009615384615384581,-0.03738317757009346,0.038834951456310676
562,2026-08-01,0.009708737864077666,-0.00952380952380949,-0.018867924528301883,-0.028037383177570097,-0.008174386920980966,-0.016083254493850545,-0.01328273244781789,-0.00457676963818826,-0.018867924528301886,-0.018867924528301886,-0.041225652738480875,0.028846153846153848,0.5588472170234161,36.36363636363636,0.3333333333333333,0.009708737864077666,-0.009615384615384581,-0.00952380952380949,-0.018867924528301883,-0.028037383177570097,0.028846153846153848
562,2026-08-02,0.0,0.0,-0.018867924528301883,-0.018867924528301883,-0.005464480874316921,-0.015462290943515367,-0.013074652045550422,-0.004431518476619713,-0.018867924528301886,-0.018867924528301886,0.0991616829807817,0.028846153846153848,0.5582066486358962,39.99999999999999,0.3333333333333333,0.0,0.009708737864077666,-0.009615384615384581,-0.018867924528301883,-0.018867924528301883,0.019230769230769232
562,2026-08-03,0.019230769230769162,0.029126213592232997,0.0,0.00952380952380949,0.01366120218579237,0.0034711265383401075,0.0059046815689582244,-0.00195594866872666,0.0,0.0,0.06348432654783866,0.02830188679245283,0.6179819883933053,54.54545454545455,1.0,0.019230769230769162,0.0,0.009708737864077666,0.0,0.00952380952380949,0.0
562,2026-08-04,0.0,0.019230769230769162,0.0,0.00952380952380949,0.01366120218579237,0.0034711265383401075,0.0059046815689582244,-0.00028572977965948007,0.0,0.0,-0.023792186829736467,0.02830188679245283,0.5884850794760103,54.54545454545455,1.0,0.0,0.019230769230769162,0.0,0.0,0.00952380952380949,0.0
562,2026-08-05,0.0,0.019230769230769162,0.00952380952380949,0.019230769230769162,0.012278308321964589,0.0034711265383401075,0.0059046815689582244,0.0008067810391109574,0.009523809523809525,0.0,-0.08324785562989079,0.02830188679245283,0.571040742456529,60.0,1.0,0.0,0.0,0.019230769230769162,0.00952380952380949,0.019230769230769162,0.0
562,2026-08-06,0.0,0.0,0.019230769230769162,0.029126213592232997,0.009523809523809525,0.0034711265383401075,0.005798629414865608,0.0014882988644575059,0.019230769230769232,0.0,-0.015070393945809158,0.018867924528301886,0.6032489384028978,66.66666666666666,1.0,0.0,0.0,0.0,0.019230769230769162,0.029126213592232997,0.0
562,2026-08-07,0.009433962264151052,0.009433962264151052,0.03883495145631066,0.028846153846153744,0.013531799729364025,0.012618296529968409,0.015073258142721617,0.0029836707403449675,0.038834951456310676,0.009433962264150943,-0.03170675440452829,0.018691588785046728,0.6169162240847422,66.66666666666666,1.0,0.009433962264151052,0.0,0.0,0.03883495145631066,0.028846153846153744,-0.009345794392523364
562,2026-08-08,0.0,0.009433962264151052,0.028846153846153744,0.009433962264151052,0.009433962264150943,0.012298959318826842,0.014752370916754494,0.0038511416355433833,0.028846153846153848,0.009433962264150943,0.08091139986547975,0.018691588785046728,0.6680191505925824,57.14285714285714,1.0,0.0,0.009433962264151052,0.0,0.028846153846153744,0.009433962264151052,-0.009345794392523364
562,2026-08-09,-0.009345794392523366,0.0,0.019230769230769162,0.0,-0.0026881720430108097,0.002838221381267712,0.004845165367600539,0.0031856809003552285,0.019230769230769232,0.0,0.11828274799072012,0.02830188679245283,0.6095706161942844,50.0,0.0,-0.009345794392523366,0.0,0.009433962264151052,0.019230769230769162,0.0,-0.009433962264150943
562,2026-08-10,0.0,-0.009345794392523366,0.0,0.0,-0.0026881720430108097,0.0034711265383401075,0.004633529907329453,0.002647013368312938,0.0,-0.018518518518518517,-0.005161502567719356,0.018867924528301886,0.625698610673784,50.0,0.0,0.0,-0.009345794392523366,0.0,0.0,0.0,0.0
562,2026-08-11,0.0,-0.009345794392523366,0.0,0.0,-0.0026881720430108097,0.0037878787878788418,0.004421983575489595,0.002208691918588351,0.0,-0.009345794392523364,-0.08883764685182811,0.018867924528301886,0.5634506629432742,50.0,0.0,0.0,0.0,-0.009345794392523366,0.0,0.0,-0.009433962264150943
562,2026-08-12,0.0,0.0,0.0,0.00952380952380949,-0.0026881720430108097,0.0037878787878788418,0.004316243815138369,0.001850189871850027,0.0,0.0,-0.14600019407582635,0.018867924528301886,0.6328842475024685,57.14285714285714,0.0,0.0,0.0,0.0,0.0,0.00952380952380949,-0.009433962264150943
562,2026-08-13,0.0,0.0,0.0,0.019230769230769162,-0.0026881720430108097,0.004104831070413676,0.004210526315789459,0.0015555099586874784,0.0,-0.009345794392523364,-0.051713135125954476,0.018867924528301886,0.5696985591032022,66.66666666666666,0.0,0.0,0.0,0.0,0.0,0.019230769230769162,-0.018867924528301886
562,2026-08-14,0.0,0.0,-0.009345794392523366,0.029126213592232997,-0.0013458950201883872,0.004421983575489595,0.0039991580719847975,0.0013121302584334846,-0.009345794392523364,-0.009345794392523364,-0.11439032998450809,0.018867924528301886,0.6072872864502593,80.0,0.0,0.0,0.0,0.0,-0.009345794392523366,0.029126213592232997,-0.018867924528301886
562,2026-08-15,0.0,0.0,-0.009345794392523366,0.019230769230769162,0.0,0.004739336492890996,0.0035766884073217126,0.0011102039208803155,-0.009345794392523364,-0.009345794392523364,0.06706056473109158,0.018867924528301886,0.6288465316141726,75.0,0.0,0.0,0.0,0.0,-0.009345794392523366,0.019230769230769162,-0.018867924528301886
562,2026-08-16,-0.009433962264150941,-0.009433962264150941,-0.009433962264150941,0.009615384615384581,-0.008097165991902872,-0.0041100221308884325,-0.005995582202587629,-0.00015977427079290444,-0.009433962264150943,-0.018691588785046728,0.10120873173000758,0.01904761904761905,0.6149821994152966,60.0,0.0,-0.009433962264150941,0.0,0.0,-0.009433962264150941,0.009615384615384581,0.0
562,2026-08-17,0.00952380952380949,0.0,0.0,0.0,0.0013495276653171006,0.005692599620493305,0.003260069407929369,0.00012212452792217544,0.0,-0.009345794392523364,0.07904249234994336,0.02830188679245283,0.615666606937553,50.0,1.0,0.00952380952380949,-0.009433962264150941,0.0,0.0,0.0,-0.018867924528301886
562,2026-08-18,-0.009433962264150941,-0.009433962264150941,-0.009433962264150941,-0.009433962264150941,-0.0067567567567567,-0.003479911420436508,-0.006413626327410361,-0.0008021663083737453,-0.009433962264150943,-0.009433962264150943,-0.03745335709327028,0.01904761904761905,0.59688629899564,39.99999999999999,0.0,-0.009433962264150941,0.00952380952380949,-0.009433962264150941,-0.009433962264150941,-0.009433962264150941,0.0
562,2026-08-19,0.0,0.0,-0.009433962264150941,-0.009433962264150941,-0.005412719891745583,-0.003479911420436508,-0.006726928736598673,-0.0013775171379028918,-0.009433962264150943,0.0,-0.02695764421552137,0.01904761904761905,0.6240768400419108,39.99999999999999,0.0,0.0,-0.009433962264150941,0.00952380952380949,-0.009433962264150941,-0.009433962264150941,-0.009523809523809525
562,2026-08-20,-0.00952380952380949,-0.018867924528301883,-0.018867924528301883,-0.018867924528301883,-0.012211668928086896,-0.012658227848101222,-0.01629006831318976,-0.00281554419510858,-0.018867924528301886,-0.009523809523809525,-0.05628491807936987,0.028846153846153848,0.5422075100084229,33.33333333333333,0.0,-0.00952380952380949,0.0,-0.009433962264150941,-0.018867924528301883,-0.018867924528301883,0.0
562,2026-08-21,0.0,-0.00952380952380949,-0.018867924528301883,-0.028037383177570097,-0.009523809523809525,-0.012658227848101222,-0.016393442622950827,-0.0036610442252103482,-0.018867924528301886,0.0,-0.0700529223981399,0.028846153846153848,0.568065701534644,20.0,0.0,0.0,-0.00952380952380949,0.0,-0.018867924528301883,-0.028037383177570097,0.009615384615384616
562,2026-08-22,0.0,-0.00952380952380949,-0.018867924528301883,-0.028037383177570097,-0.006821282401091347,-0.012970578930718065,-0.016393442622950827,-0.004091615624220525,-0.018867924528301886,0.009708737864077669,-0.09336319712687553,0.028846153846153848,0.5893706267392964,20.0,0.0,0.0,0.0,-0.00952380952380949,-0.018867924528301883,-0.028037383177570097,0.009615384615384616
562,2026-08-23,0.009615384615384581,0.009615384615384581,0.0,-0.009433962264150941,0.00272851296043662,-0.003795066413662293,-0.007144358058415675,-0.0031210223633530037,0.0,0.009615384615384616,-0.00760930432137258,0.01904761904761905,0.562588479442969,39.99999999999999,0.5,0.009615384615384581,0.0,0.0,0.0,-0.009433962264150941,0.0
