item_id,date,pct_change_1d,pct_change_3d,pct_change_7d,pct_change_14d,pct_vs_7ma,pct_vs_30ma,pct_vs_90ma,ema_crossover,slope_7d_pct,slope_30d_pct,vol_pct_7d,spread_pct,volume_ratio,rsi_14,range_position_7d,lag_return_1d,lag_return_2d,lag_return_3d,lag_return_7d,lag_return_14d,target_pct_7d
565,2025-11-21,-0.018018018018018056,-0.10288065843621397,-0.10655737704918034,-0.06034482758620685,-0.07794561933534738,-0.08249158249158246,-0.056594701158821,-0.014632575001203445,-0.10655737704918032,-0.12096774193548387,-0.0476744184648136,0.022935779816513763,0.742363533024009,34.78260869565217,0.0,-0.018018018018018056,-0.07112970711297073,-0.016460905349794275,-0.10655737704918034,-0.06034482758620685,-0.045871559633027525
565,2025-11-22,-0.01834862385321101,-0.10460251046025104,-0.12295081967213117,-0.08936170212765959,-0.07815384615384614,-0.09526493799323561,-0.07448342143200387,-0.02197693310080722,-0.12295081967213115,-0.13008130081300814,0.005678859034812953,0.02336448598130841,0.7317412557126338,27.65957446808511,0.0,-0.01834862385321101,-0.018018018018018056,-0.07112970711297073,-0.12295081967213117,-0.08936170212765959,-0.028037383177570093
565,2025-11-23,0.0,-0.036036036036036,-0.12653061224489792,-0.11570247933884292,-0.06022584692597243,-0.09090909090909093,-0.07501680914417443,-0.026181875005871297,-0.12653061224489795,-0.13709677419354838,0.018716817106509215,0.02336448598130841,0.7072576706928664,15.0,0.0,0.0,-0.01834862385321101,-0.018018018018018056,-0.12653061224489792,-0.11570247933884292,-0.028037383177570093
565,2025-11-24,0.0,-0.01834862385321101,-0.12295081967213117,-0.11570247933884292,-0.04219948849104854,-0.08677098150782366,-0.07546082949308756,-0.028152393734532873,-0.12295081967213115,-0.13008130081300814,0.04898647508243569,0.02336448598130841,0.7106459293829832,15.0,0.0,0.0,0.0,-0.01834862385321101,-0.12295081967213117,-0.11570247933884292,-0.028037383177570093
565,2025-11-25,-0.009345794392523366,-0.009345794392523366,-0.12757201646090532,-0.1311475409836066,-0.0319634703196347,-0.09090909090909087,-0.0844090407409185,-0.029634825276297308,-0.12757201646090535,-0.13821138211382114,0.23461909096657652,0.02358490566037736,0.7087376820167917,10.0,0.0,-0.009345794392523366,0.0,0.0,-0.12757201646090532,-0.1311475409836066,-0.009433962264150943
565,2025-11-26,-0.014150943396226467,-0.02336448598130836,-0.12552301255230125,-0.13278008298755184,-0.02661343978709252,-0.09913793103448276,-0.09758203799654575,-0.03129881722915432,-0.12552301255230125,-0.1469387755102041,0.0488995788121708,0.028708133971291867,0.6366730477312613,10.0,0.0,-0.014150943396226467,-0.009345794392523366,0.0,-0.12552301255230125,-0.13278008298755184,0.004784688995215311
565,2025-11-27,-0.004784688995215336,-0.028037383177570097,-0.06306306306306309,-0.14754098360655743,-0.022162525184687747,-0.0989169675090253,-0.10207214121258634,-0.03196302371886345,-0.06306306306306306,-0.1440329218106996,-0.022581358241582875,0.02403846153846154,0.6692486836553265,2.6315789473684106,0.0,-0.004784688995215336,-0.014150943396226467,-0.009345794392523366,-0.06306306306306309,-0.14754098360655743,0.009615384615384616
565,2025-11-28,0.0,-0.018867924528301883,-0.04587155963302747,-0.14754098360655743,-0.015551048005409022,-0.09460243760882177,-0.10224438902743145,-0.03139417637793551,-0.045871559633027525,-0.13692946058091288,0.09830392242303508,0.02403846153846154,0.6894557156011795,2.6315789473684106,0.0,0.0,-0.004784688995215336,-0.014150943396226467,-0.04587155963302747,-0.14754098360655743,0.009615384615384616
565,2025-11-29,0.0,-0.004784688995215336,-0.028037383177570097,-0.14754098360655743,-0.011541072640868918,-0.09064412707665398,-0.1024165707710011,-0.03002123459001724,-0.028037383177570093,-0.12605042016806722,0.07748789369078407,0.02403846153846154,0.7286411012764298,2.6315789473684106,0.0,0.0,0.0,-0.004784688995215336,-0.028037383177570097,-0.14754098360655743,0.009615384615384616
565,2025-11-30,0.0,0.0,-0.028037383177570097,-0.15102040816326534,-0.007498295841854182,-0.08691834942932401,-0.10267471958584991,-0.02815691603293126,-0.028037383177570093,-0.11864406779661017,0.1377967967387921,0.02403846153846154,0.7076451433275877,0.0,0.0,0.0,0.0,0.0,-0.028037383177570097,-0.15102040816326534,0.009615384615384616
565,2025-12-01,0.0,0.0,-0.028037383177570097,-0.14754098360655743,-0.0034223134839151655,-0.0846413378318908,-0.10293271995399658,-0.026025662988117364,-0.028037383177570093,-0.07555555555555556,0.06105391307887691,0.02403846153846154,0.6868503818409503,0.0,0.0,0.0,0.0,0.0,-0.028037383177570097,-0.14754098360655743,0.009615384615384616
565,2025-12-02,0.009615384615384581,0.009615384615384581,-0.009433962264150941,-0.13580246913580252,0.0075394105551748365,-0.07366563740626374,-0.09465414830427282,-0.02267030748811426,-0.009433962264150943,-0.07079646017699115,-0.07888823531022748,0.023809523809523808,0.6988070554293089,5.4054054054054035,1.0,0.009615384615384581,0.0,0.0,-0.009433962264150941,-0.13580246913580252,0.0
565,2025-12-03,0.0,0.009615384615384581,0.004784688995215225,-0.12133891213389125,0.006849315068493092,-0.07175482540150283,-0.0950009576709443,-0.019734306059783355,0.004784688995215311,-0.0625,-0.048228196592759204,0.023809523809523808,0.7158839048280575,6.060606060606062,1.0,0.0,0.009615384615384581,0.0,0.004784688995215225,-0.12133891213389125,-0.004761904761904762
565,2025-12-04,0.0,0.009615384615384581,0.009615384615384581,-0.05405405405405406,0.005471956224350186,-0.06914893617021274,-0.09534750143595631,-0.01716853497230372,0.009615384615384616,-0.08296943231441048,0.038441410239241504,0.023809523809523808,0.6759843099810928,12.5,1.0,0.0,0.0,0.009615384615384581,0.009615384615384581,-0.05405405405405406,0.0
565,2025-12-05,0.0,0.0,0.009615384615384581,-0.03669724770642202,0.004098360655737724,-0.06639004149377595,-0.09569377990430625,-0.014928794615730332,0.009615384615384616,-0.08695652173913043,0.04036221258980955,0.02857142857142857,0.6832369313712209,16.666666666666657,1.0,0.0,0.0,0.0,0.009615384615384581,-0.03669724770642202,0.0
565,2025-12-06,0.0,0.0,0.009615384615384581,-0.01869158878504673,0.00272851296043662,-0.06417112299465243,-0.09595331483784561,-0.0129755354989407,0.009615384615384616,-0.07079646017699115,0.13896018614368671,0.023809523809523808,0.7263909865617136,25.0,1.0,0.0,0.0,0.0,0.009615384615384581,-0.01869158878504673,0.0
565,2025-12-07,0.0,0.0,0.009615384615384581,-0.01869158878504673,0.0013623978201634489,-0.06110283159463483,-0.09621270084162203,-0.011273533073279983,0.009615384615384616,-0.09482758620689655,0.1516500758895455,0.023809523809523808,0.7533399753757877,25.0,1.0,0.0,0.0,0.0,0.009615384615384581,-0.01869158878504673,0.0
565,2025-12-08,0.0,0.0,0.009615384615384581,-0.01869158878504673,0.0,-0.057591623036649255,-0.09647193804379002,-0.009791537512373188,0.009615384615384616,-0.10638297872340426,-0.004109787399630662,0.023809523809523808,0.7416293477327061,25.0,0.0,0.0,0.0,0.0,0.009615384615384581,-0.01869158878504673,0.0
565,2025-12-09,0.0,0.0,0.0,-0.009433962264150941,0.0,-0.053058770479483,-0.09664468024089476,-0.008501917125623593,0.0,-0.1322314049586777,0.020224946636109086,0.023809523809523808,0.7406596807128413,33.33333333333333,0.0,0.0,0.0,0.0,0.0,-0.009433962264150941,-0.004761904761904762
565,2025-12-10,-0.004761904761904745,-0.004761904761904745,-0.004761904761904745,0.0,-0.0040844111640572014,-0.05287009063444105,-0.1009033984991157,-0.007936752810525301,-0.004761904761904762,-0.13636363636363635,-0.06019431121689215,0.019138755980861243,0.7319148103396751,50.0,0.0,-0.004761904761904745,0.0,0.0,-0.004761904761904745,0.0,-0.004784688995215311
565,2025-12-11,0.004784688995215225,0.0,0.0,0.009615384615384581,0.000680735194009511,-0.04342544791982993,-0.09638554216867472,-0.006749363161647952,0.0,-0.13934426229508196,-0.11692043708633428,0.023809523809523808,0.6901694342466718,75.0,1.0,0.004784688995215225,-0.004761904761904745,0.0,0.0,0.009615384615384581,-0.009523809523809525
565,2025-12-12,0.0,0.0,0.0,0.009615384615384581,0.000680735194009511,-0.038901601830663615,-0.0959965561773569,-0.00575242423231905,0.0,-0.12863070539419086,0.0030097869537090097,0.023809523809523808,0.6898189216018095,75.0,1.0,0.0,0.004784688995215225,-0.004761904761904745,0.0,0.009615384615384581,-0.009523809523809525
565,2025-12-13,0.0,0.004784688995215225,0.0,0.009615384615384581,0.000680735194009511,-0.03389050759086033,-0.09539080074666156,-0.004912564838668413,0.0,-0.13934426229508196,0.10737315235027607,0.023809523809523808,0.7095126100728207,75.0,1.0,0.0,0.0,0.004784688995215225,0.0,0.009615384615384581,-0.009523809523809525
565,2025-12-14,0.0,0.0,0.0,0.009615384615384581,0.000680735194009511,-0.028826884538307323,-0.09461077844311382,-0.00420283833833992,0.0,-0.13934426229508196,0.07860054404122338,0.023809523809523808,0.6953198637197361,75.0,1.0,0.0,0.0,0.0,0.0,0.009615384615384581,0.0
565,2025-12-15,0.0,0.0,0.0,0.009615384615384581,0.000680735194009511,-0.023709902370990212,-0.09365558912386703,-0.003601379039126859,0.0,-0.13934426229508196,0.05580233334365424,0.023809523809523808,0.7652114242967034,75.0,1.0,0.0,0.0,0.0,0.0,0.009615384615384581,-0.009523809523809525
565,2025-12-16,-0.004761904761904745,-0.004761904761904745,-0.004761904761904745,-0.004761904761904745,-0.003405994550408758,-0.02290790088826557,-0.09697551608257327,-0.0036466195480039892,-0.004761904761904762,-0.1469387755102041,-0.046015303323056755,0.019138755980861243,0.736888977791138,33.33333333333333,0.0,-0.004761904761904745,0.0,0.0,-0.004761904761904745,-0.004761904761904745,-0.009569377990430622
565,2025-12-17,-0.004784688995215336,-0.00952380952380949,-0.004784688995215336,-0.00952380952380949,-0.007498295841854182,-0.022096850023507236,-0.10017304364545283,-0.004112700016953948,-0.004784688995215311,-0.14754098360655737,-0.13461231088502204,0.019230769230769232,0.7290757159078886,25.0,0.0,-0.004784688995215336,-0.004761904761904745,0.0,-0.004784688995215336,-0.00952380952380949,-0.009615384615384616
565,2025-12-18,0.0,-0.00952380952380949,-0.00952380952380949,-0.00952380952380949,-0.006143344709897572,-0.016703435234793562,-0.099003706021081,-0.0042806650332853306,-0.009523809523809525,-0.1440329218106996,0.00690865744129738,0.019230769230769232,0.7548833338527416,25.0,0.0,0.0,-0.004784688995215336,-0.004761904761904745,-0.00952380952380949,-0.00952380952380949,-0.009615384615384616
565,2025-12-19,0.0,-0.004784688995215336,-0.00952380952380949,-0.00952380952380949,-0.004784688995215311,-0.011876484560570071,-0.09787480121439929,-0.004248527665206965,-0.009523809523809525,-0.1297071129707113,-0.05185819398535506,0.02403846153846154,0.7113355275069015,25.0,0.0,0.0,0.0,-0.004784688995215336,-0.00952380952380949,-0.00952380952380949,0.0
565,2025-12-20,0.0,0.0,-0.00952380952380949,-0.00952380952380949,-0.0034223134839151655,-0.009681003015394372,-0.0967430639324487,-0.004086918577793249,-0.009523809523809525,-0.06306306306306306,0.014582689192592167,0.028846153846153848,0.7133831098953544,25.0,0.0,0.0,0.0,0.0,-0.00952380952380949,-0.00952380952380949,-0.009615384615384616
565,2025-12-21,0.009615384615384581,0.009615384615384581,0.0,0.0,0.006160164271047189,0.0011123470522802481,-0.0869124112275955,-0.0027274430171986682,0.0,-0.03669724770642202,0.20342960754247574,0.02857142857142857,0.7416464579165463,50.0,1.0,0.009615384615384581,0.0,0.0,0.0,0.0,-0.01904761904761905
565,2025-12-22,-0.00952380952380949,0.0,-0.00952380952380949,-0.00952380952380949,-0.002056202878683972,-0.0074757435979004114,-0.09447104919460161,-0.0028704773325008578,-0.009523809523809525,-0.028037383177570093,0.12829636516492202,0.02403846153846154,0.7402125669184312,37.5,0.0,-0.00952380952380949,0.009615384615384581,0.0,-0.00952380952380949,-0.00952380952380949,-0.009615384615384616
565,2025-12-23,-0.004807692307692291,-0.004807692307692291,-0.009569377990430672,-0.014285714285714235,-0.005490734385724071,-0.011146496815286669,-0.09768973700779769,-0.0034285471003852827,-0.009569377990430622,-0.03271028037383177,0.023724700110068966,0.01932367149758454,0.746927789701387,33.33333333333333,0.0,-0.004807692307692291,-0.00952380952380949,0.009615384615384581,-0.009569377990430672,-0.014285714285714235,-0.00966183574879227
565,2025-12-24,-0.004830917874396157,-0.01904761904761909,-0.009615384615384581,-0.014354066985645897,-0.008934707903780087,-0.014668367346938757,-0.10091654138984535,-0.0042406238507430305,-0.009615384615384616,-0.037383177570093455,0.05329505222645397,0.019417475728155338,0.7430505338613645,33.33333333333333,0.0,-0.004830917874396157,-0.004807692307692291,-0.00952380952380949,-0.009615384615384581,-0.014354066985645897,-0.009708737864077669
565,2025-12-25,0.0,-0.009615384615384581,-0.009615384615384581,-0.01904761904761909,-0.00757054370268416,-0.013724864347271023,-0.09973778770515684,-0.00463051398443191,-0.009615384615384616,-0.02830188679245283,-0.16404112890533223,0.019417475728155338,0.7390929158768423,25.0,0.0,0.0,-0.004830917874396157,-0.004807692307692291,-0.009615384615384581,-0.01904761904761909,-0.009708737864077669
565,2025-12-26,0.009708737864077666,0.004830917874396157,0.0,-0.00952380952380949,0.0020646937370956053,-0.003990422984836438,-0.0898925567601731,-0.0036050538159696764,0.0,-0.004784688995215311,-0.003886693406913175,0.02403846153846154,0.6736681133544472,39.99999999999999,0.5,0.009708737864077666,0.0,-0.004830917874396157,0.0,-0.00952380952380949,-0.019230769230769232
565,2025-12-27,-0.009615384615384581,0.0,-0.009615384615384581,-0.01904761904761909,-0.006202618883528562,-0.013252434935334567,-0.09750279900696103,-0.0039441471718650025,-0.009615384615384616,-0.009615384615384616,0.04246227089969544,0.019417475728155338,0.7354674954177332,33.33333333333333,0.0,-0.009615384615384581,0.009708737864077666,0.0,-0.009615384615384581,-0.01904761904761909,-0.009708737864077669
565,2025-12-28,0.0,0.0,-0.01904761904761909,-0.01904761904761909,-0.0034554250172771643,-0.012937230474365064,-0.09627102120399712,-0.004034716344809911,-0.01904761904761905,-0.009615384615384616,0.06015864752206329,0.024271844660194174,0.748009262695772,33.33333333333333,0.0,0.0,-0.009615384615384581,0.009708737864077666,-0.01904761904761909,-0.01904761904761909,-0.0048543689320388345
565,2025-12-29,0.0,-0.009615384615384581,-0.009615384615384581,-0.01904761904761909,-0.0020761245674739896,-0.012621824572615398,-0.0949917016499073,-0.003960160701103624,-0.009615384615384616,-0.009615384615384616,0.1274642560911732,0.024271844660194174,0.6982132910505897,33.33333333333333,0.0,0.0,0.0,-0.009615384615384581,-0.009615384615384581,-0.01904761904761909,-0.0048543689320388345
565,2025-12-30,-0.004854368932038833,-0.004854368932038833,-0.009661835748792313,-0.019138755980861233,-0.005544005544005524,-0.01694373401534526,-0.09802004399902221,-0.004346131547903567,-0.00966183574879227,-0.014423076923076924,0.058471501921440586,0.01951219512195122,0.7470108680305301,33.33333333333333,0.0,-0.004854368932038833,0.0,0.0,-0.009661835748792313,-0.019138755980861233,-0.004878048780487805
565,2025-12-31,-0.004878048780487809,-0.009708737864077666,-0.009708737864077666,-0.019230769230769273,-0.009021512838306751,-0.02111324376199619,-0.10101356313959749,-0.005021468696466462,-0.009708737864077669,-0.019230769230769232,0.01932744113938543,0.0196078431372549,0.7497922398829501,33.33333333333333,0.0,-0.004878048780487809,-0.004854368932038833,0.0,-0.009708737864077666,-0.019230769230769273,0.00980392156862745
565,2026-01-01,0.0,-0.009708737864077666,-0.009708737864077666,-0.019230769230769273,-0.007644197359277335,-0.020172910662824155,-0.09960276592614387,-0.005296597106230277,-0.009708737864077669,-0.02857142857142857,0.0011240655147031445,0.024509803921568627,0.7502696606673431,33.33333333333333,0.0,0.0,-0.004878048780487809,-0.004854368932038833,-0.009708737864077666,-0.019230769230769273,0.00980392156862745
565,2026-01-02,0.0,-0.004878048780487809,-0.019230769230769273,-0.019230769230769273,-0.004878048780487805,-0.019230769230769232,-0.09809893402760725,-0.005301194439806284,-0.019230769230769232,-0.02857142857142857,0.17035216696748753,0.024509803921568627,0.715656315381844,33.33333333333333,0.0,0.0,0.0,-0.004878048780487809,-0.019230769230769273,-0.019230769230769273,0.0196078431372549
565,2026-01-03,0.0,0.0,-0.009708737864077666,-0.019230769230769273,-0.003489183531053773,-0.018286814244465887,-0.09641222501107344,-0.005128991463897398,-0.009708737864077669,-0.02857142857142857,0.01579364775291456,0.024509803921568627,0.7252490088018836,33.33333333333333,0.0,0.0,0.0,0.0,-0.009708737864077666,-0.019230769230769273,0.03431372549019608
565,2026-01-04,0.004901960784313708,0.004901960784313708,-0.004854368932038833,-0.023809523809523836,0.0020949720670390467,-0.012682613581634255,-0.09032639779114485,-0.004276644914248476,-0.0048543689320388345,-0.023809523809523808,0.025324315011440602,0.01951219512195122,0.6952130151402885,27.272727272727266,0.5,0.004901960784313708,0.0,0.0,-0.004854368932038833,-0.023809523809523836,0.02926829268292683
565,2026-01-05,0.0,0.004901960784313708,-0.004854368932038833,-0.014423076923076872,0.002795248078267006,-0.011889460154241653,-0.08857382798992242,-0.0035799517218880112,-0.0048543689320388345,-0.023809523809523808,-0.10973272943665859,0.01951219512195122,0.7229299929318383,33.33333333333333,1.0,0.0,0.004901960784313708,0.0,-0.004854368932038833,-0.014423076923076872,0.02926829268292683
565,2026-01-06,-0.004878048780487809,0.0,-0.004878048780487809,-0.01449275362318836,-0.001398601398601359,-0.015760694757156704,-0.09122407563233187,-0.0035777628933151835,-0.004878048780487805,-0.02857142857142857,-0.041597093709351135,0.0196078431372549,0.7526135101406092,33.33333333333333,0.0,-0.004878048780487809,0.0,0.004901960784313708,-0.004878048780487809,-0.01449275362318836,0.029411764705882353
565,2026-01-07,0.009803921568627416,0.004878048780487809,0.009803921568627416,0.0,0.006983240223463627,-0.005471515931766941,-0.08049397411099538,-0.0023175198678296225,0.00980392156862745,-0.01904761904761905,-0.0737193427497588,0.024271844660194174,0.7284209490259819,50.0,1.0,0.009803921568627416,-0.004878048780487809,0.0,0.009803921568627416,0.0,0.019417475728155338
565,2026-01-08,0.0,0.004878048780487809,0.009803921568627416,0.0,0.005578800557880036,-0.004830917874396135,-0.07866620285245744,-0.001421566998550362,0.00980392156862745,-0.01904761904761905,-0.10751249426577936,0.024271844660194174,0.755353740202774,50.0,1.0,0.0,0.009803921568627416,-0.004878048780487809,0.009803921568627416,0.0,0.019417475728155338
565,2026-01-09,0.009708737864077666,0.019607843137254832,0.019607843137254832,0.0,0.012517385257301868,0.004992752456112086,-0.06796116504854365,0.0003424370439802702,0.0196078431372549,-0.004784688995215311,0.12758405014274896,0.019230769230769232,0.7202577361245897,50.0,1.0,0.009708737864077666,0.0,0.009803921568627416,0.019607843137254832,0.0,0.019230769230769232
565,2026-01-10,0.014423076923076872,0.024271844660194164,0.03431372549019618,0.024271844660194164,0.022145328719723245,0.01932367149758454,-0.052678838671056515,0.0031658544963625427,0.03431372549019608,0.004761904761904762,0.2183234579892988,0.02843601895734597,0.6847419261903999,72.72727272727272,1.0,0.014423076923076872,0.009708737864077666,0.0,0.03431372549019618,0.024271844660194164,0.014218009478672985
565,2026-01-11,0.0,0.024271844660194164,0.029268292682926855,0.024271844660194164,0.01791867677463822,0.019159555627113196,-0.0507373156710822,0.004882216212236505,0.02926829268292683,0.004761904761904762,0.18910439399009354,0.02843601895734597,0.7464863934572774,72.72727272727272,1.0,0.0,0.014423076923076872,0.009708737864077666,0.029268292682926855,0.024271844660194164,0.014218009478672985
565,2026-01-12,0.0,0.014423076923076872,0.029268292682926855,0.024271844660194164,0.013726835964310246,0.018995492594977483,-0.048787818072530555,0.005826512587498487,0.02926829268292683,0.004761904761904762,-0.03302698782547324,0.018957345971563982,0.7581897646025166,72.72727272727272,1.0,0.0,0.0,0.014423076923076872,0.029268292682926855,0.024271844660194164,0.018957345971563982
565,2026-01-13,-0.004739336492891044,-0.004739336492891044,0.02941176470588225,0.024390243902439046,0.004784688995215311,0.014166130070830668,-0.051395302148162965,0.005683532137619728,0.029411764705882353,0.0,-0.0819320052514428,0.023809523809523808,0.7421095298971049,72.72727272727272,0.8,-0.004739336492891044,0.0,0.0,0.02941176470588225,0.024390243902439046,0.02857142857142857
565,2026-01-14,0.0,-0.004739336492891044,0.01941747572815533,0.02941176470588225,0.0020449897750510664,0.014166130070830668,-0.04943921943368705,0.005399796990817287,0.019417475728155338,0.0,-0.12322795552762704,0.01904761904761905,0.7545550993630543,80.0,0.8,0.0,-0.004739336492891044,0.0,0.01941747572815533,0.02941176470588225,0.02857142857142857
565,2026-01-15,0.0,-0.004739336492891044,0.01941747572815533,0.02941176470588225,-0.0006798096532970575,0.014002897151134746,-0.04742704500781208,0.00503450230441819,0.019417475728155338,0.004784688995215311,-0.13875214769481636,0.023809523809523808,0.7010771145983252,80.0,0.6666666666666666,0.0,0.0,-0.004739336492891044,0.01941747572815533,0.02941176470588225,0.02857142857142857
565,2026-01-16,0.00952380952380949,0.00952380952380949,0.019230769230769162,0.03921568627450989,0.006101694915254198,0.023001447643558052,-0.03646096353903641,0.00573952281948579,0.019230769230769232,0.019230769230769232,-0.058887956537050326,0.018867924528301886,0.753736150212864,83.33333333333333,1.0,0.00952380952380949,0.0,0.0,0.019230769230769162,0.03921568627450989,0.018867924528301886
565,2026-01-17,0.009433962264151052,0.01904761904761898,0.014218009478673022,0.0490196078431373,0.013531799729364025,0.031656757191065386,-0.025550215026562118,0.007107642611804275,0.014218009478672985,0.028846153846153848,0.08061408724204605,0.02336448598130841,0.7145220743005125,85.71428571428571,1.0,0.009433962264151052,0.00952380952380949,0.0,0.014218009478673022,0.0490196078431373,0.009345794392523364
565,2026-01-18,0.0,0.01904761904761898,0.014218009478673022,0.04390243902439028,0.01147873058744086,0.030663027773318387,-0.023772112119215358,0.007750385325812885,0.014218009478672985,0.028846153846153848,0.14165085067155767,0.02336448598130841,0.7251856907681982,84.61538461538461,1.0,0.0,0.009433962264151052,0.00952380952380949,0.014218009478673022,0.04390243902439028,0.004672897196261682
565,2026-01-19,0.004672897196261738,0.014150943396226356,0.018957345971563955,0.04878048780487809,0.013468013468013488,0.034316869788325814,-0.01751713632901756,0.008451965052823281,0.018957345971563982,0.03365384615384615,-0.011166270516286837,0.018604651162790697,0.7358598229488349,85.71428571428571,1.0,0.004672897196261738,0.0,0.009433962264151052,0.018957345971563955,0.04878048780487809,-0.004651162790697674
565,2026-01-20,0.0046511627906977715,0.009345794392523255,0.02857142857142847,0.05882352941176472,0.014084507042253521,0.038128804870233915,-0.011341097492752935,0.009164987774617047,0.02857142857142857,0.02857142857142857,-0.07410963806553134,0.018518518518518517,0.7367266676971919,92.85714285714286,1.0,0.0046511627906977715,0.004672897196261738,0.0,0.02857142857142847,0.05882352941176472,-0.009259259259259259
565,2026-01-21,0.0,0.009345794392523255,0.02857142857142847,0.04854368932038833,0.010020040080160301,0.03679999999999995,-0.00983038761269292,0.009314563200368739,0.02857142857142857,0.038461538461538464,-0.0792965110138668,0.018518518518518517,0.7221657129909821,91.66666666666667,1.0,0.0,0.0046511627906977715,0.004672897196261738,0.02857142857142847,0.04854368932038833,0.0
565,2026-01-22,0.0,0.0046511627906977715,0.02857142857142847,0.04854368932038833,0.005988023952095771,0.03530915481706347,-0.008213866639457182,0.009095887042131379,0.02857142857142857,0.043478260869565216,-0.04906662014348081,0.018518518518518517,0.7210048161554731,91.66666666666667,1.0,0.0,0.0,0.0046511627906977715,0.02857142857142847,0.04854368932038833,0.0
565,2026-01-23,0.0,0.0,0.018867924528301883,0.03846153846153855,0.0033178500331785383,0.033657680650821496,-0.006693577231618179,0.008647051820860943,0.018867924528301886,0.04854368932038835,-0.06731881783549754,0.018518518518518517,0.7170039443062555,90.0,1.0,0.0,0.0,0.0,0.018867924528301883,0.03846153846153855,0.004629629629629629
565,2026-01-24,0.0,0.0,0.009345794392523255,0.023696682464454888,0.001988071570576484,0.03201146679407543,-0.005168619824983423,0.008064809364100199,0.009345794392523364,0.04854368932038835,0.06066619948042287,0.013888888888888888,0.7284605452986934,85.71428571428571,1.0,0.0,0.0,0.0,0.009345794392523255,0.023696682464454888,0.009259259259259259
565,2026-01-25,-0.00462962962962965,-0.00462962962962965,0.004672897196261738,0.018957345971563955,-0.003311258278145733,0.026089723194400265,-0.008251755420019487,0.006874696462171578,0.004672897196261682,0.03365384615384615,0.3029843376717963,0.018604651162790697,0.7112804511770906,75.0,0.0,-0.00462962962962965,0.0,0.0,0.004672897196261738,0.018957345971563955,0.004651162790697674
565,2026-01-26,-0.0046511627906976605,-0.0092592592592593,-0.0046511627906976605,0.014218009478673022,-0.007289595758780705,0.020019065776930356,-0.011395133969818302,0.005329895661558054,-0.004651162790697674,0.038834951456310676,0.08592051990955554,0.018691588785046728,0.6948996808419753,66.66666666666666,0.0,-0.0046511627906976605,-0.00462962962962965,0.0,-0.0046511627906976605,0.014218009478673022,0.009345794392523364
565,2026-01-27,0.0,-0.0092592592592593,-0.0092592592592593,0.01904761904761898,-0.0059721300597212635,0.01872421453506825,-0.010023130300693866,0.004148286530781002,-0.009259259259259259,0.038834951456310676,-0.06789368041148436,0.018691588785046728,0.7035558062085593,75.0,0.0,0.0,-0.0046511627906976605,-0.00462962962962965,-0.0092592592592593,0.01904761904761898,0.018691588785046728
565,2026-01-28,0.009345794392523255,0.0046511627906977715,0.0,0.02857142857142847,0.0033178500331785383,0.02661596958174902,0.0003602120104976306,0.004328085660702347,0.0,0.04854368932038835,-0.03137730297327605,0.013888888888888888,0.6948719196789352,80.0,1.0,0.009345794392523255,0.0,-0.0046511627906976605,0.0,0.02857142857142847,0.018518518518518517
565,2026-01-29,0.0,0.009345794392523255,0.0,0.02857142857142847,0.0033178500331785383,0.02482998576625013,0.0013908205841446982,0.004299248548535931,0.0,0.05365853658536585,-0.26386910198906627,0.018518518518518517,0.6888151108111382,80.0,1.0,0.0,0.009345794392523255,0.0,0.0,0.02857142857142847,0.041666666666666664
565,2026-01-30,0.004629629629629539,0.014018691588784993,0.004629629629629539,0.02358490566037741,0.007294429708222868,0.027462121212121268,0.006441638752898723,0.004677152863952811,0.004629629629629629,0.06372549019607843,-0.16429068767842356,0.018433179723502304,0.717167254955644,77.77777777777777,1.0,0.004629629629629539,0.0,0.009345794392523255,0.004629629629629539,0.02358490566037741,0.041474654377880185
565,2026-01-31,0.004608294930875667,0.0092592592592593,0.0092592592592593,0.01869158878504673,0.010596026490066187,0.02992125984251973,0.011496623189153012,0.005304045689103627,0.009259259259259259,0.06862745098039216,-0.06205468240122553,0.027522935779816515,0.6952719542949483,75.0,1.0,0.004608294930875667,0.004629629629629539,0.0,0.0092592592592593,0.01869158878504673,0.03211009174311927
565,2026-02-01,-0.00917431192660545,0.0,0.0046511627906977715,0.009345794392523255,0.0006618133686300275,0.018547626532536957,0.0026303574191551735,0.004453880416830054,0.004651162790697674,0.058823529411764705,0.06218143910123678,0.018518518518518517,0.7029843170435575,60.0,0.5,-0.00917431192660545,0.004608294930875667,0.004629629629629539,0.0046511627906977715,0.009345794392523255,0.046296296296296294
565,2026-02-02,0.0,-0.004608294930875556,0.009345794392523255,0.0046511627906977715,-0.0006609385327164386,0.016630059617194846,0.0033030553261767016,0.0037529168948964146,0.009345794392523364,0.058823529411764705,-0.09344934548972476,0.023148148148148147,0.6823055636747862,55.55555555555556,0.5,0.0,-0.00917431192660545,0.004608294930875667,0.009345794392523255,0.0046511627906977715,0.046296296296296294
565,2026-02-03,0.0092592592592593,0.0,0.01869158878504673,0.0092592592592593,0.005932762030322968,0.023954908407703118,0.013220409006403588,0.004250126887861582,0.018691588785046728,0.06341463414634146,-0.1869628776041876,0.01834862385321101,0.6747136495841999,60.0,1.0,0.0092592592592593,0.0,-0.00917431192660545,0.01869158878504673,0.0092592592592593,0.03669724770642202
565,2026-02-04,0.00917431192660545,0.0185185185185186,0.0185185185185186,0.0185185185185186,0.012491781722550992,0.030927835051546365,0.02283293728690974,0.00550279154222852,0.018518518518518517,0.07317073170731707,-0.07416306628391732,0.01818181818181818,0.6465241591449556,66.66666666666666,1.0,0.00917431192660545,0.0092592592592593,0.0,0.0185185185185186,0.0185185185185186,0.02727272727272727
565,2026-02-05,0.022727272727272707,0.04166666666666674,0.04166666666666674,0.04166666666666674,0.029411764705882297,0.050910789350770695,0.04645754741357031,0.008790886393142584,0.041666666666666664,0.10294117647058823,0.07329302037687577,0.02666666666666667,0.6417642822436512,76.47058823529412,1.0,0.022727272727272707,0.00917431192660545,0.0092592592592593,0.04166666666666674,0.04166666666666674,0.013333333333333334
565,2026-02-06,0.004444444444444473,0.03669724770642202,0.041474654377880116,0.04629629629629628,0.027940220922677044,0.05230482694397014,0.05159755971461076,0.011132346558258767,0.041474654377880185,0.0970873786407767,0.025220708897325184,0.022123893805309734,0.7264427500864391,77.77777777777777,1.0,0.004444444444444473,0.022727272727272707,0.00917431192660545,0.041474654377880116,0.04629629629629628,0.017699115044247787
565,2026-02-07,-0.004424778761061954,0.022727272727272707,0.032110091743119185,0.04166666666666674,0.018758085381629996,0.04456824512534816,0.047865459249676556,0.011733326342353233,0.03211009174311927,0.09223300970873786,0.11897488672649967,0.017777777777777778,0.7209905578890813,73.68421052631578,0.9,-0.004424778761061954,0.004444444444444473,0.022727272727272707,0.032110091743119185,0.04166666666666674,0.03111111111111111
565,2026-02-08,0.004444444444444473,0.004444444444444473,0.04629629629629628,0.051162790697674376,0.01670951156812343,0.046296296296296294,0.05339478999430314,0.012243911533939996,0.046296296296296294,0.08653846153846154,0.1559736106221006,0.017699115044247787,0.7067263869053736,78.94736842105263,1.0,0.004444444444444473,-0.004424778761061954,0.004444444444444473,0.04629629629629628,0.051162790697674376,0.03982300884955752
565,2026-02-09,0.0,0.0,0.04629629629629628,0.05607476635514019,0.01021711366538949,0.04387990762124711,0.05437768907780836,0.012156097159739851,0.046296296296296294,0.07109004739336493,0.03827701469432025,0.022123893805309734,0.6454807269209312,83.33333333333333,1.0,0.0,0.004444444444444473,-0.004424778761061954,0.04629629629629628,0.05607476635514019,0.05309734513274336
565,2026-02-10,0.0,0.004444444444444473,0.03669724770642202,0.05607476635514019,0.005082592121982193,0.041474654377880185,0.05519817389499897,0.011686364165896421,0.03669724770642202,0.07109004739336493,-0.1948209409449056,0.01327433628318584,0.6708922920339833,83.33333333333333,1.0,0.0,0.0,0.004444444444444473,0.03669724770642202,0.05607476635514019,0.05752212389380531
565,2026-02-11,0.0,0.0,0.027272727272727337,0.04629629629629628,0.0012658227848100906,0.03908045977011494,0.05618444282895415,0.010986684323389378,0.02727272727272727,0.07109004739336493,-0.1905690597387429,0.01327433628318584,0.6486865716521861,81.25,1.0,0.0,0.0,0.0,0.027272727272727337,0.04629629629629628,0.05752212389380531
565,2026-02-12,0.008849557522123908,0.008849557522123908,0.01333333333333342,0.05555555555555558,0.008212255211623517,0.045392022008253124,0.06641721234798872,0.011196494398184991,0.013333333333333334,0.08571428571428572,-0.1132540142834492,0.013157894736842105,0.71477276371917,83.33333333333333,1.0,0.008849557522123908,0.0,0.0,0.01333333333333342,0.05555555555555558,0.043859649122807015
565,2026-02-13,0.00877192982456143,0.017699115044247815,0.017699115044247815,0.05990783410138256,0.01449275362318837,0.05134846868809989,0.07655502392344497,0.01198035628473272,0.017699115044247787,0.09523809523809523,-0.08114302529163084,0.013043478260869565,0.7113891685859276,84.21052631578948,1.0,0.00877192982456143,0.008849557522123908,0.0,0.017699115044247815,0.05990783410138256,0.0391304347826087
565,2026-02-14,0.008695652173912993,0.026548672566371723,0.03111111111111109,0.06422018348623859,0.018820577164366338,0.05694760820045558,0.08665105386416862,0.013099831438403542,0.03111111111111111,0.10476190476190476,0.09114682292495185,0.021551724137931036,0.6576761437564365,85.0,1.0,0.008695652173912993,0.00877192982456143,0.008849557522123908,0.03111111111111109,0.06422018348623859,0.034482758620689655
565,2026-02-15,0.012931034482758674,0.030701754385964897,0.03982300884955747,0.08796296296296302,0.026200873362445413,0.06688861985472148,0.10121836925960634,0.014895230087237333,0.03982300884955752,0.10849056603773585,0.17427065194202318,0.01702127659574468,0.7063286565443255,95.23809523809524,1.0,0.012931034482758674,0.008695652173912993,0.00877192982456143,0.03982300884955747,0.08796296296296302,0.02127659574468085
565,2026-02-16,0.012765957446808418,0.034782608695652195,0.053097345132743445,0.10185185185185186,0.03157894736842102,0.07659831121833537,0.11556689755741893,0.017045037900438972,0.05309734513274336,0.11214953271028037,0.14058358653362768,0.01680672268907563,0.7036652862125804,95.83333333333333,1.0,0.012765957446808418,0.012931034482758674,0.008695652173912993,0.053097345132743445,0.10185185185185186,0.008403361344537815
565,2026-02-17,0.004201680672268893,0.030172413793103425,0.05752212389380529,0.09633027522935778,0.02764127764127759,0.07706173952230731,0.12025415342950893,0.018333178027021443,0.05752212389380531,0.11682242990654206,0.05574539697463753,0.016736401673640166,0.6737195312135484,95.65217391304348,1.0,0.004201680672268893,0.012765957446808418,0.012931034482758674,0.05752212389380529,0.09633027522935778,0.0041841004184100415
565,2026-02-18,0.0,0.017021276595744705,0.05752212389380529,0.08636363636363642,0.01950030469226087,0.0731926358329592,0.11926319075866376,0.01852732541965796,0.05752212389380531,0.11162790697674418,-0.07659349295644126,0.016736401673640166,0.6726711767752622,95.23809523809524,1.0,0.0,0.004201680672268893,0.012765957446808418,0.05752212389380529,0.08636363636363642,0.0041841004184100415
565,2026-02-19,-0.004184100418409997,0.0,0.04385964912280693,0.057777777777777706,0.00908540278619017,0.06519468894524838,0.11342135357105726,0.017522190445081385,0.043859649122807015,0.10185185185185185,-0.0627900517200267,0.012605042016806723,0.6945145395605207,88.23529411764706,0.8888888888888888,-0.004184100418409997,0.0,0.004201680672268893,0.04385964912280693,0.057777777777777706,0.01680672268907563
565,2026-02-20,0.004201680672268893,0.0,0.03913043478260869,0.05752212389380529,0.007831325301204837,0.0660124888492418,0.11664849711882885,0.016768258250857548,0.0391304347826087,0.10648148148148148,-0.0462994907932249,0.008368200836820083,0.6978379658152697,88.23529411764706,1.0,0.004201680672268893,-0.004184100418409997,0.0,0.03913043478260869,0.05752212389380529,0.02092050209205021
565,2026-02-21,0.004184100418409997,0.004184100418409997,0.034482758620689724,0.06666666666666665,0.007194244604316581,0.06666666666666667,0.11980921768883819,0.016200317310986118,0.034482758620689655,0.1111111111111111,0.18191830333565084,0.016666666666666666,0.7053683487402141,94.11764705882354,1.0,0.004184100418409997,0.004201680672268893,-0.004184100418409997,0.034482758620689724,0.06666666666666665,0.016666666666666666
565,2026-02-22,0.0,0.008403361344537785,0.02127659574468077,0.06194690265486735,0.0041841004184100415,0.06288751107174485,0.11830183794977994,0.015281293276937356,0.02127659574468085,0.1111111111111111,0.22924249811171352,0.0125,0.7488991824757718,93.75,1.0,0.0,0.004184100418409997,0.004201680672268893,0.02127659574468077,0.06194690265486735,0.008333333333333333
565,2026-02-23,0.0,0.004184100418409997,0.008403361344537785,0.06194690265486735,0.0029850746268657055,0.059135039717564016,0.11668303779144913,0.014168204896313718,0.008403361344537815,0.1111111111111111,0.08918737468184663,0.0125,0.7461297886062928,93.75,1.0,0.0,0.0,0.004184100418409997,0.008403361344537785,0.06194690265486735,0.016666666666666666
565,2026-02-24,0.0,0.0,0.004184100418409997,0.06194690265486735,0.002386634844868786,0.0552542869705408,0.11489625270981721,0.012968328398847078,0.0041841004184100415,0.11627906976744186,-0.07800074142027333,0.0125,0.7038503337309435,93.75,1.0,0.0,0.0,0.0,0.004184100418409997,0.06194690265486735,0.016666666666666666
565,2026-02-25,0.0,0.0,0.004184100418409997,0.06194690265486735,0.0017889087656529008,0.05124835742444147,0.11305781716994738,0.011753483654524858,0.0041841004184100415,0.12149532710280374,0.07280388107652745,0.0125,0.7416685253140942,93.75,1.0,0.0,0.0,0.0,0.004184100418409997,0.06194690265486735,0.016666666666666666
565,2026-02-26,0.008333333333333304,0.008333333333333304,0.01680672268907557,0.06140350877192979,0.007733491969066049,0.055692889341282595,0.12037037037037036,0.011542371930528515,0.01680672268907563,0.1308411214953271,-0.021877531021852678,0.012396694214876033,0.7172250532812985,93.75,1.0,0.008333333333333304,0.0,0.0,0.01680672268907557,0.06140350877192979,0.01652892561983471
565,2026-02-27,0.008264462809917328,0.016666666666666607,0.02092050209205021,0.0608695652173914,0.013048635824436518,0.06010137581462713,0.1275415896487985,0.01198220774278987,0.02092050209205021,0.12962962962962962,-0.03628966340448463,0.01639344262295082,0.7199337993850825,93.75,1.0,0.008264462809917328,0.008333333333333304,0.0,0.02092050209205021,0.0608695652173914,0.00819672131147541
565,2026-02-28,0.0,0.016666666666666607,0.016666666666666607,0.051724137931034475,0.010650887573964547,0.0558199913457378,0.12546125461254606,0.01185804454073445,0.016666666666666666,0.12962962962962962,0.11418355641948023,0.012295081967213115,0.7290064152567416,92.85714285714286,1.0,0.0,0.008264462809917328,0.008333333333333304,0.016666666666666607,0.051724137931034475,0.00819672131147541
565,2026-03-01,-0.008196721311475419,0.0,0.008333333333333304,0.029787234042553123,0.0011820330969266803,0.043403276803679204,0.11429448480507522,0.010412704076766088,0.008333333333333333,0.1152073732718894,0.1487837485122546,0.012396694214876033,0.7514424642011132,76.92307692307693,0.5,-0.008196721311475419,0.0,0.008264462809917328,0.008333333333333304,0.029787234042553123,0.01652892561983471
565,2026-03-02,0.008264462809917328,0.0,0.016666666666666607,0.025210084033613356,0.0070754716981132415,0.04810996563573878,0.12155260469867218,0.010088263353389467,0.016666666666666666,0.11926605504587157,-0.07011954681581418,0.01639344262295082,0.7264203432862889,75.0,1.0,0.008264462809917328,-0.008196721311475419,0.0,0.016666666666666607,0.025210084033613356,0.00819672131147541
565,2026-03-03,0.0,0.0,0.016666666666666607,0.02092050209205021,0.00470588235294116,0.04392470051340565,0.11960844294891403,0.009537166984228409,0.016666666666666666,0.12962962962962962,-0.279490898083336,0.012295081967213115,0.6785879964197159,72.72727272727272,1.0,0.0,0.008264462809917328,-0.008196721311475419,0.016666666666666607,0.02092050209205021,0.00819672131147541
565,2026-03-04,0.0,0.008264462809917328,0.016666666666666607,0.02092050209205021,0.002347417840375637,0.039772727272727314,0.11767100977198701,0.008858503934221393,0.016666666666666666,0.12962962962962962,-0.16865714759664946,0.012295081967213115,0.6694594738632139,72.72727272727272,1.0,0.0,0.0,0.008264462809917328,0.016666666666666607,0.02092050209205021,0.004098360655737705
565,2026-03-05,0.008196721311475308,0.008196721311475308,0.016528925619834656,0.03361344537815136,0.00819672131147541,0.044142614601018704,0.12477138792928268,0.00907726492303916,0.01652892561983471,0.12844036697247707,-0.12620476817505497,0.012195121951219513,0.6566153691295313,83.33333333333333,1.0,0.008196721311475308,0.0,0.0,0.016528925619834656,0.03361344537815136,0.0
565,2026-03-06,0.0,0.008196721311475308,0.008196721311475308,0.029288702928870203,0.007017543859649156,0.040315759797011554,0.12271805273833669,0.008911377100571355,0.00819672131147541,0.11818181818181818,-0.1559839395556119,0.012195121951219513,0.7068030792806071,81.81818181818181,1.0,0.0,0.008196721311475308,0.0,0.008196721311475308,0.029288702928870203,0.0
565,2026-03-07,0.0,0.008196721311475308,0.008196721311475308,0.02499999999999991,0.005841121495327052,0.03724525650035141,0.12067220085037453,0.008502945073195285,0.00819672131147541,0.09333333333333334,0.07788787523326007,0.016260162601626018,0.6916603582847022,80.0,1.0,0.0,0.0,0.008196721311475308,0.008196721311475308,0.02499999999999991,0.016260162601626018
565,2026-03-08,0.0,0.0,0.016528925619834656,0.02499999999999991,0.003496503496503513,0.03433777154870353,0.11863379143088124,0.007951729763925237,0.01652892561983471,0.08849557522123894,0.21649262389212845,0.016260162601626018,0.6964760964581256,80.0,1.0,0.0,0.0,0.0,0.016528925619834656,0.02499999999999991,0.0040650406504065045
565,2026-03-09,0.0,0.0,0.008196721311475308,0.02499999999999991,0.002328288707799817,0.03130240357741756,0.11660278394190038,0.007326890228173263,0.00819672131147541,0.09333333333333334,0.11811265116465218,0.012195121951219513,0.7364136244043777,80.0,1.0,0.0,0.0,0.0,0.008196721311475308,0.02499999999999991,0.024390243902439025
565,2026-03-10,0.0,0.0,0.008196721311475308,0.02499999999999991,0.0011627906976743854,0.028428093645485,0.1145230304555751,0.006675547319612372,0.00819672131147541,0.08849557522123894,-0.08715052205265322,0.012195121951219513,0.6624849100209211,80.0,1.0,0.0,0.0,0.0,0.008196721311475308,0.02499999999999991,0.04065040650406504
565,2026-03-11,-0.004065040650406471,-0.004065040650406471,0.004098360655737654,0.02083333333333326,-0.0034863451481696854,0.021542738012508646,0.10804020100502511,0.005554184169115445,0.004098360655737705,0.084070796460177,-0.06450247322909443,0.0163265306122449,0.6390243805197543,72.72727272727272,0.0,-0.004065040650406471,0.0,0.0,0.004098360655737654,0.02083333333333326,0.04897959183673469
565,2026-03-12,0.004081632653061273,0.0,0.0,0.016528925619834656,0.0005810575246949283,0.02286902286902287,0.11055377207062596,0.005115442454246994,0.0,0.08849557522123894,-0.15908240849240843,0.012195121951219513,0.6079573177092098,70.0,1.0,0.004081632653061273,-0.004065040650406471,0.0,0.0,0.016528925619834656,0.06504065040650407
565,2026-03-13,0.0,0.0,0.0,0.008196721311475308,0.0005810575246949283,0.020041465100207365,0.10855197276186668,0.004659278972806942,0.0,0.08849557522123894,-0.06557042663925945,0.012195121951219513,0.7038896412763579,62.50000000000001,1.0,0.0,0.004081632653061273,-0.004065040650406471,0.0,0.008196721311475308,0.08130081300813008
565,2026-03-14,0.016260162601626105,0.020408163265306145,0.016260162601626105,0.024590163934426146,0.014492753623188456,0.03348491112029762,0.12432540475714572,0.006100965498627948,0.016260162601626018,0.09649122807017543,0.01897158332061033,0.02,0.663300694836484,75.0,1.0,0.016260162601626105,0.0,0.004081632653061273,0.016260162601626105,0.024590163934426146,0.08
565,2026-03-15,-0.01200000000000001,0.004065040650406582,0.004065040650406582,0.02066115702479343,0.0017381228273464164,0.01869672807258729,0.10878348047284148,0.005411337707873726,0.0040650406504065045,0.07391304347826087,0.16918380992209645,0.016194331983805668,0.7039376919312862,69.23076923076923,0.4,-0.01200000000000001,0.016260162601626105,0.0,0.004065040650406582,0.02066115702479343,0.08097165991902834
565,2026-03-16,0.020242914979757165,0.024390243902439046,0.024390243902439046,0.032786885245901676,0.018475750577367257,0.03646833013435704,0.1288074855663946,0.007137595615803272,0.024390243902439025,0.08620689655172414,0.07502274150119191,0.01984126984126984,0.6868898206218286,75.0,1.0,0.020242914979757165,-0.01200000000000001,0.016260162601626105,0.024390243902439046,0.032786885245901676,0.07936507936507936
565,2026-03-17,0.015873015873015817,0.02400000000000002,0.04065040650406515,0.049180327868852514,0.028702640642939134,0.04989747095010249,0.14399205561072495,0.009876939019551362,0.04065040650406504,0.08936170212765958,-0.04191268566515958,0.01953125,0.7126095032926739,80.0,1.0,0.015873015873015817,0.020242914979757165,-0.01200000000000001,0.04065040650406515,0.049180327868852514,0.0546875
565,2026-03-18,0.00390625,0.04048582995951411,0.048979591836734615,0.05327868852459017,0.025655644241733132,0.0512680665394055,0.1456733864975977,0.01176418250894299,0.04897959183673469,0.07983193277310924,-0.08019027904354134,0.01556420233463035,0.7037090341478722,80.95238095238095,1.0,0.00390625,0.015873015873015817,0.020242914979757165,0.048979591836734615,0.05327868852459017,0.058365758754863814
565,2026-03-19,0.01945525291828787,0.039682539682539764,0.06504065040650397,0.06504065040650397,0.03615819209039546,0.06837025961669164,0.16484710764214794,0.014870304531896328,0.06504065040650407,0.09623430962343096,-0.0326968276174687,0.019083969465648856,0.6297231395114073,83.33333333333333,1.0,0.01945525291828787,0.00390625,0.015873015873015817,0.06504065040650397,0.06504065040650397,0.03816793893129771
565,2026-03-20,0.01526717557251911,0.0390625,0.08130081300813008,0.08130081300813008,0.0402234636871508,0.08071505958829905,0.17925225358356733,0.01816046420845382,0.08130081300813008,0.11297071129707113,-0.12323385688191864,0.018796992481203006,0.644296385469002,85.71428571428571,1.0,0.01526717557251911,0.01945525291828787,0.00390625,0.08130081300813008,0.08130081300813008,0.015037593984962405
565,2026-03-21,0.015037593984962516,0.05058365758754868,0.08000000000000007,0.09756097560975618,0.04419889502762438,0.09223300970873792,0.19345808162663924,0.02142318689605389,0.08,0.13445378151260504,0.10950802275094383,0.022222222222222223,0.7045779497269123,87.5,1.0,0.015037593984962516,0.01526717557251911,0.01945525291828787,0.08000000000000007,0.09756097560975618,-0.003703703703703704
565,2026-03-22,-0.011111111111111072,0.01908396946564883,0.08097165991902844,0.08536585365853666,0.021311475409836002,0.07603439011284259,0.17678746327130265,0.02142953648968725,0.08097165991902834,0.11715481171548117,0.11946289934061273,0.0149812734082397,0.7055535522922227,80.0,0.8333333333333334,-0.011111111111111072,0.015037593984962516,0.01526717557251911,0.08097165991902844,0.08536585365853666,0.011235955056179775
565,2026-03-23,0.01872659176029967,0.022556390977443552,0.0793650793650793,0.10569105691056913,0.02918918918918922,0.09149277688603537,0.19502074688796678,0.022896332204083714,0.07936507936507936,0.13333333333333333,-0.14143883929807588,0.014705882352941176,0.6890456257033918,82.5,1.0,0.01872659176029967,-0.011111111111111072,0.015037593984962516,0.0793650793650793,0.10569105691056913,0.0
565,2026-03-24,-0.007352941176470562,0.0,0.0546875,0.09756097560975618,0.013948497854077284,0.07913669064748206,0.18253929631612242,0.022165291645962693,0.0546875,0.125,-0.10974896829962998,0.011111111111111112,0.6478124009143996,78.57142857142857,0.8666666666666667,-0.007352941176470562,0.01872659176029967,-0.011111111111111072,0.0546875,0.09756097560975618,0.011111111111111112
565,2026-03-25,0.007407407407407307,0.01872659176029967,0.05836575875486383,0.11020408163265305,0.013304949441192062,0.08251525603608378,0.18748484113509586,0.021802460494881337,0.058365758754863814,0.13333333333333333,-0.058578550795329254,0.011029411764705883,0.6979434865392686,81.3953488372093,1.0,0.007407407407407307,-0.007352941176470562,0.01872659176029967,0.05836575875486383,0.11020408163265305,0.007352941176470588
565,2026-03-26,0.0,0.0,0.03816793893129766,0.10569105691056913,0.007940709370037147,0.07793923381770142,0.18380966197591753,0.02081794333257632,0.03816793893129771,0.13333333333333333,-0.10889527934989324,0.014705882352941176,0.6717858200177158,80.95238095238095,1.0,0.0,0.007407407407407307,-0.007352941176470562,0.03816793893129766,0.10569105691056913,0.022058823529411766
565,2026-03-27,-0.007352941176470562,0.0,0.015037593984962516,0.09756097560975618,-0.0015847860538827857,0.06578947368421048,0.17147953526490858,0.01860592702509132,0.015037593984962405,0.125,-0.044024738219209145,0.014814814814814815,0.6968487705345867,77.27272727272727,0.6,-0.007352941176470562,0.0,0.007407407407407307,0.015037593984962516,0.09756097560975618,0.037037037037037035
565,2026-03-28,-0.0037037037037036535,-0.011029411764705843,-0.0037037037037036535,0.07600000000000007,-0.004756871035940773,0.05808312573751153,0.16360665192732865,0.016112670553699637,-0.003703703703703704,0.1115702479338843,0.16313130892201128,0.01486988847583643,0.7037423773958651,73.17073170731707,0.4,-0.0037037037037036535,-0.007352941176470562,0.0,-0.0037037037037036535,0.07600000000000007,0.055762081784386616
565,2026-03-29,0.0037174721189590088,-0.007352941176470562,0.011235955056179803,0.09311740890688269,-0.002638522427440663,0.058408467267738164,0.16435074269286057,0.014387547593054549,0.011235955056179775,0.10655737704918032,0.10534644351256156,0.011111111111111112,0.6639738413398465,79.48717948717949,0.3333333333333333,0.0037174721189590088,-0.0037037037037036535,-0.007352941176470562,0.011235955056179803,0.09311740890688269,0.06666666666666667
565,2026-03-30,0.007407407407407307,0.007407407407407307,0.0,0.0793650793650793,0.004749340369393109,0.06236167165733617,0.16922195156899272,0.013648490877862447,0.0,0.11475409836065574,-0.034039282035921256,0.014705882352941176,0.7042983328365318,77.77777777777777,1.0,0.007407407407407307,0.0037174721189590088,-0.0037037037037036535,0.0,0.0793650793650793,0.058823529411764705
565,2026-03-31,0.003676470588235281,0.014869888475836479,0.011111111111111072,0.06640625,0.00684931506849306,0.06198132780082989,0.16966580976863752,0.013137989451845189,0.011111111111111112,0.128099173553719,-0.06637264958702159,0.014652014652014652,0.7007364216341313,75.75757575757575,1.0,0.003676470588235281,0.007407407407407307,0.0037174721189590088,0.011111111111111072,0.06640625,0.06227106227106227
565,2026-04-01,0.00366300366300365,0.014814814814814836,0.007352941176470562,0.06614785992217898,0.009473684210526256,0.061741152157065375,0.17005124312013664,0.012791088934467338,0.007352941176470588,0.12295081967213115,-0.10597857277253785,0.010948905109489052,0.6580332009883252,75.75757575757575,1.0,0.00366300366300365,0.003676470588235281,0.007407407407407307,0.007352941176470562,0.06614785992217898,0.051094890510948905
565,2026-04-02,0.014598540145985384,0.022058823529411686,0.022058823529411686,0.06106870229007644,0.02098635886673665,0.07253086419753091,0.1829787234042553,0.013840718353212676,0.022058823529411766,0.13934426229508196,-0.00014009679691401764,0.017985611510791366,0.6597715654035138,75.0,1.0,0.014598540145985384,0.00366300366300365,0.003676470588235281,0.022058823529411686,0.06106870229007644,0.02877697841726619
565,2026-04-03,0.007194244604316502,0.02564102564102555,0.03703703703703698,0.05263157894736836,0.022964509394571994,0.07526881720430117,0.1872232168095732,0.014890453998681418,0.037037037037037035,0.14754098360655737,0.17625827639210304,0.017857142857142856,0.6785430071427865,73.33333333333333,1.0,0.007194244604316502,0.014598540145985384,0.00366300366300365,0.03703703703703698,0.05263157894736836,0.0035714285714285713
565,2026-04-04,0.014285714285714235,0.03649635036496357,0.055762081784386686,0.051851851851851816,0.02951838425686182,0.0853503184713375,0.1997183759680826,0.01673790605612442,0.055762081784386616,0.15447154471544716,0.1533428005401234,0.017605633802816902,0.6889680625812432,73.33333333333333,1.0,0.014285714285714235,0.007194244604316502,0.014598540145985384,0.055762081784386686,0.051851851851851816,-0.014084507042253521
565,2026-04-05,0.014084507042253502,0.03597122302158273,0.06666666666666665,0.0786516853932584,0.034376603386351914,0.09477952356817032,0.21189452029175238,0.019011848191511183,0.06666666666666667,0.17073170731707318,0.06691980423530111,0.017361111111111112,0.6679608005337068,83.87096774193549,1.0,0.014084507042253502,0.014285714285714235,0.007194244604316502,0.06666666666666665,0.0786516853932584,-0.013888888888888888
565,2026-04-06,0.0,0.02857142857142847,0.05882352941176472,0.05882352941176472,0.025954198473282414,0.08898411898159829,0.2071535022354694,0.019809092900502506,0.058823529411764705,0.17073170731707318,0.055787540154220265,0.013888888888888888,0.7378740463233739,80.76923076923077,1.0,0.0,0.014084507042253502,0.014285714285714235,0.05882352941176472,0.05882352941176472,0.0
565,2026-04-07,0.00694444444444442,0.021126760563380254,0.06227106227106227,0.07407407407407418,0.024217961654893958,0.09049887189771871,0.21079977732417884,0.020456769738087275,0.06227106227106227,0.17886178861788618,-0.18886974816962446,0.017241379310344827,0.6595825061004829,88.46153846153847,1.0,0.00694444444444442,0.0,0.014084507042253502,0.06227106227106227,0.07407407407407418,-0.006896551724137931
565,2026-04-08,-0.006896551724137945,0.0,0.051094890510948954,0.05882352941176472,0.010020040080160234,0.07730673316708236,0.19789259635825865,0.019350412291806864,0.051094890510948905,0.17073170731707318,-0.2824114805179559,0.010416666666666666,0.6265091357499138,80.76923076923077,0.8333333333333334,-0.006896551724137945,0.00694444444444442,0.0,0.051094890510948954,0.05882352941176472,-0.013888888888888888
565,2026-04-09,-0.00694444444444442,-0.00694444444444442,0.02877697841726623,0.05147058823529416,-0.0009980039920159398,0.064516129032258,0.18530116043470252,0.017160554646590734,0.02877697841726619,0.16260162601626016,-0.03355224264864272,0.017482517482517484,0.6867918547838894,75.0,0.6,-0.00694444444444442,-0.006896551724137945,0.00694444444444442,0.02877697841726623,0.05147058823529416,0.0
565,2026-04-10,-0.0174825174825175,-0.03103448275862064,0.0035714285714285587,0.040740740740740744,-0.01895261845386539,0.04125494071146242,0.16083723492150925,0.013119616508475148,0.0035714285714285713,0.1469387755102041,0.033549260291795134,0.021352313167259787,0.7473393461489345,67.74193548387098,0.0,-0.0174825174825175,-0.00694444444444442,-0.006896551724137945,0.0035714285714285587,0.040740740740740744,0.021352313167259787
565,2026-04-11,-0.003558718861209953,-0.02777777777777779,-0.014084507042253502,0.040892193308550207,-0.020489755122438696,0.033210332103321034,0.15305422100205898,0.009645115379561416,-0.014084507042253521,0.13821138211382114,0.02522125219829886,0.017857142857142856,0.7379001953387679,67.74193548387098,0.0,-0.003558718861209953,-0.0174825174825175,-0.00694444444444442,-0.014084507042253502,0.040892193308550207,0.02857142857142857
565,2026-04-12,0.014285714285714235,-0.006993006993006978,-0.01388888888888884,0.051851851851851816,-0.004506760140210287,0.04309500489715971,0.16563298066399124,0.008712624845889604,-0.013888888888888888,0.15447154471544716,0.11438218890712677,0.017605633802816902,0.6802894032167072,70.58823529411765,0.4,0.014285714285714235,-0.003558718861209953,-0.0174825174825175,-0.01388888888888884,0.051851851851851816,0.014084507042253521
565,2026-04-13,0.014084507042253502,0.02491103202846978,0.0,0.05882352941176472,0.009514271407110695,0.05288813063611981,0.17786058347723344,0.009456241862973265,0.0,0.152,0.04620216539532823,0.017361111111111112,0.6851770013465095,72.22222222222223,0.8,0.014084507042253502,0.014285714285714235,-0.003558718861209953,0.0,0.05882352941176472,0.0
565,2026-04-14,0.0,0.02857142857142847,-0.006896551724137945,0.05494505494505497,0.010526315789473684,0.04765369225172799,0.1737004165911973,0.009615401719698735,-0.006896551724137931,0.1659919028340081,-0.09650755023997958,0.017361111111111112,0.7255839949093262,71.42857142857143,1.0,0.0,0.014084507042253502,0.014285714285714235,-0.006896551724137945,0.05494505494505497,0.0
565,2026-04-15,-0.01388888888888884,0.0,-0.01388888888888884,0.03649635036496357,-0.0015067805123054312,0.02910979586906641,0.15353371242891964,0.007760310669152238,-0.013888888888888888,0.12698412698412698,-0.18388435122758182,0.017605633802816902,0.6709184337456088,63.15789473684211,0.5,-0.01388888888888884,0.0,0.014084507042253502,-0.01388888888888884,0.03649635036496357,0.01056338028169014
565,2026-04-16,0.007042253521126751,-0.00694444444444442,0.0,0.02877697841726623,0.005524861878452981,0.032615236490552514,0.15779057214825482,0.007114143756726645,0.0,0.1171875,-0.4059479719640822,0.017482517482517484,0.6170458787549358,61.11111111111111,0.75,0.007042253521126751,-0.01388888888888884,0.0,0.0,0.02877697841726623,0.006993006993006993
565,2026-04-17,0.0034965034965035446,-0.00347222222222221,0.021352313167259718,0.02499999999999991,0.0060090135202804495,0.03249790142702972,0.1580363147276395,0.006864291629527837,0.021352313167259787,0.11673151750972763,-0.3705952927908033,0.013937282229965157,0.6473000355166737,60.0,0.875,0.0034965034965035446,0.007042253521126751,-0.01388888888888884,0.021352313167259718,0.02499999999999991,0.0
565,2026-04-18,0.0034843205574912606,0.014084507042253502,0.02857142857142847,0.014084507042253502,0.005486284289276751,0.03287507471607897,0.15822869654586885,0.006878643798232553,0.02857142857142857,0.09923664122137404,-0.2684578854342856,0.017361111111111112,0.6164217416940102,56.25,1.0,0.0034843205574912606,0.0034965034965035446,0.007042253521126751,0.02857142857142847,0.014084507042253502,-0.006944444444444444
565,2026-04-19,0.0,0.006993006993007089,0.014084507042253502,0.0,0.003484320557491289,0.030165732681530954,0.1544628540887226,0.0066560848860850496,0.014084507042253521,0.08270676691729323,-0.10967133191833507,0.013888888888888888,0.6434709265550023,50.0,1.0,0.0,0.0034843205574912606,0.0034965034965035446,0.014084507042253502,0.0,-0.003472222222222222
565,2026-04-20,0.0,0.0034843205574912606,0.0,0.0,0.003484320557491289,0.02795954788816174,0.15077250932338832,0.006287868208015396,0.0,0.06666666666666667,-0.13080945746391093,0.010416666666666666,0.6991827231826794,50.0,1.0,0.0,0.0,0.0034843205574912606,0.0,0.0,-0.003472222222222222
565,2026-04-21,0.0,0.0,0.0,-0.006896551724137945,0.003484320557491289,0.025397578922383073,0.14710568242166758,0.005837840008549872,0.0,0.07865168539325842,-0.16267007382352905,0.010416666666666666,0.5996304498535178,46.15384615384615,1.0,0.0,0.0,0.0,0.0,-0.006896551724137945,-0.006944444444444444
565,2026-04-22,-0.00347222222222221,-0.00347222222222221,0.010563380281690238,-0.00347222222222221,-0.001491053677932462,0.020021324487619924,0.13954206555785945,0.00494429294848664,0.01056338028169014,0.05514705882352941,0.004535249833529448,0.013937282229965157,0.6525036808729742,47.99999999999999,0.5,-0.00347222222222221,0.0,0.0,0.010563380281690238,-0.00347222222222221,-0.003484320557491289
565,2026-04-23,0.0034843205574912606,0.0,0.006993006993007089,0.006993006993007089,0.0009930486593842816,0.021397328289396007,0.13989181582303528,0.004604623477546517,0.006993006993006993,0.06666666666666667,-0.05239929768560354,0.013888888888888888,0.651065477142469,54.166666666666664,1.0,0.0034843205574912606,-0.00347222222222221,0.0,0.006993006993007089,0.006993006993007089,-0.003472222222222222
565,2026-04-24,-0.00347222222222221,-0.00347222222222221,0.0,0.021352313167259718,-0.002482621648460803,0.016049091338211093,0.13239807102148174,0.003824228165022905,0.0,0.05514705882352941,0.05235514655592077,0.013937282229965157,0.658787719660087,65.0,0.0,-0.00347222222222221,0.0034843205574912606,-0.00347222222222221,0.0,0.021352313167259718,-0.003484320557491289
565,2026-04-25,-0.0034843205574912606,-0.0034843205574912606,-0.00694444444444442,0.021428571428571352,-0.004970178926441408,0.01083883129123467,0.12495083256850668,0.002783412557646673,-0.006944444444444444,0.051470588235294115,0.050710750288018885,0.013986013986013986,0.6102705107183628,65.0,0.0,-0.0034843205574912606,-0.00347222222222221,0.0034843205574912606,-0.00694444444444442,0.021428571428571352,-0.0034965034965034965
565,2026-04-26,0.0034965034965035446,-0.00347222222222221,-0.00347222222222221,0.010563380281690238,-0.000994530084535029,0.012345679012345678,0.12529406639365684,0.002420604242005546,-0.003472222222222222,0.06296296296296296,0.17703467835338751,0.013937282229965157,0.6159953171878161,58.82352941176471,0.5,0.0034965034965035446,-0.0034843205574912606,-0.00347222222222221,-0.00347222222222221,0.010563380281690238,-0.010452961672473868
565,2026-04-27,0.0,0.0,-0.00347222222222221,-0.00347222222222221,-0.00049751243781103,0.010207673354452577,0.12172666869327312,0.002104086563875382,-0.003472222222222222,0.06691449814126393,0.22440105015339606,0.013937282229965157,0.7348217084578649,46.15384615384615,0.5,0.0,0.0034965034965035446,-0.0034843205574912606,-0.00347222222222221,-0.00347222222222221,-0.010452961672473868
565,2026-04-28,-0.0034843205574912606,0.0,-0.00694444444444442,-0.00694444444444442,-0.0029880478087648556,0.0048014990045673065,0.11443044551240424,0.0014216110710007174,-0.006944444444444444,0.05925925925925926,-0.04044233874926581,0.013986013986013986,0.6468505282113425,42.857142857142854,0.0,-0.0034843205574912606,0.0,0.0034965034965035446,-0.00694444444444442,-0.00694444444444442,0.0
565,2026-04-29,0.0,-0.0034843205574912606,-0.0034843205574912606,0.007042253521126751,-0.002491280518186376,0.003156787092248254,0.11106315017050121,0.0009305144367353816,-0.003484320557491289,0.051470588235294115,-0.02647640663516563,0.017482517482517484,0.6443783014079083,60.0,0.0,0.0,-0.0034843205574912606,0.0,-0.0034843205574912606,0.007042253521126751,0.006993006993006993
565,2026-04-30,0.0034965034965035446,0.0,-0.00347222222222221,0.0034965034965035446,0.0014955134596211933,0.005019259950974683,0.11158927572406085,0.0009873277465896918,-0.003472222222222222,0.05128205128205128,-0.06041659179497518,0.013937282229965157,0.6642250728810194,55.55555555555556,1.0,0.0034965034965035446,0.0,-0.0034843205574912606,-0.00347222222222221,0.0034965034965035446,0.006968641114982578
565,2026-05-01,-0.0034843205574912606,0.0,-0.0034843205574912606,-0.0034843205574912606,-0.0014962593516210042,0.0001165637020632703,0.10448401630551378,0.0005842712899318844,-0.003484320557491289,0.043795620437956206,0.006337892261046218,0.013986013986013986,0.6655257170682194,44.444444444444436,0.0,-0.0034843205574912606,0.0034965034965035446,0.0,-0.0034843205574912606,-0.0034843205574912606,0.006993006993006993
565,2026-05-02,-0.0034965034965035446,-0.0034965034965035446,-0.0034965034965035446,-0.01041666666666663,-0.004491017964071828,-0.00419287211740038,0.09737314965346112,-0.00010482243990099685,-0.0034965034965034965,0.025179856115107913,0.1483507155026892,0.014035087719298246,0.6525746639028676,33.33333333333333,0.0,-0.0034965034965035446,-0.0034843205574912606,0.0034965034965035446,-0.0034965034965035446,-0.01041666666666663,0.017543859649122806
565,2026-05-03,-0.0035087719298245723,-0.010452961672473893,-0.010452961672473893,-0.01388888888888884,-0.0064967516241878215,-0.00814901047729912,0.09035065267468657,-0.0009581417246585978,-0.010452961672473868,0.014285714285714285,0.24456240747096528,0.017605633802816902,0.678488367930122,30.0,0.0,-0.0035087719298245723,-0.0034965034965035446,-0.0034843205574912606,-0.010452961672473893,-0.01388888888888884,0.02112676056338028
565,2026-05-04,0.0,-0.006993006993006978,-0.010452961672473893,-0.01388888888888884,-0.005005005005005061,-0.00814901047729912,0.08728943338437983,-0.0014820837204523353,-0.010452961672473868,0.0,-0.11236936683309864,0.017605633802816902,0.6308800433712193,30.0,0.0,0.0,-0.0035087719298245723,-0.0034965034965035446,-0.010452961672473893,-0.01388888888888884,0.02464788732394366
565,2026-05-05,0.007042253521126751,0.0035087719298245723,0.0,-0.00694444444444442,0.002002002002001945,-0.0009315323707498307,0.09188088572155763,-0.0009555897592184804,0.0,-0.006944444444444444,-0.11470895582086259,0.017482517482517484,0.5870789760243919,41.66666666666667,0.6666666666666666,0.007042253521126751,0.0,-0.0035087719298245723,0.0,-0.00694444444444442,0.024475524475524476
565,2026-05-06,0.006993006993007089,0.014084507042253502,0.006993006993007089,0.0034843205574912606,0.00799999999999997,0.006054960409874297,0.09658586114989215,0.0002348522448360953,0.006993006993006993,0.0,-0.12851681260663614,0.010416666666666666,0.6551291655383703,53.846153846153854,1.0,0.006993006993007089,0.007042253521126751,0.0,0.006993006993007089,0.0034843205574912606,0.020833333333333332
565,2026-05-07,0.003472222222222321,0.01760563380281699,0.006968641114982521,0.003472222222222321,0.01048951048951049,0.009665773844183014,0.09746835443037982,0.0014061101917843388,0.006968641114982578,-0.0034482758620689655,0.013915341355881537,0.01384083044982699,0.6711487475826089,53.846153846153854,1.0,0.003472222222222321,0.006993006993007089,0.007042253521126751,0.006968641114982521,0.003472222222222321,0.020761245674740483
565,2026-05-08,-0.0034602076124568004,0.006993006993007089,0.006993006993007089,0.0034843205574912606,0.0059880239520958365,0.006172120647490339,0.09077136725160953,0.0017121029333287715,0.006993006993006993,0.0,0.09492476759561588,0.013888888888888888,0.6946786975684258,53.846153846153854,0.8,-0.0034602076124568004,0.003472222222222321,0.006993006993007089,0.006993006993007089,0.0034843205574912606,0.020833333333333332
565,2026-05-09,0.00694444444444442,0.00694444444444442,0.01754385964912286,0.013986013986013957,0.010452961672473868,0.012687696426492815,0.09539597935115615,0.002664546370878777,0.017543859649122806,0.013986013986013986,0.102111243027788,0.017241379310344827,0.6452919160006725,64.28571428571428,1.0,0.00694444444444442,-0.0034602076124568004,0.003472222222222321,0.01754385964912286,0.013986013986013957,0.013793103448275862
565,2026-05-10,0.0,0.0034602076124568004,0.021126760563380254,0.010452961672473782,0.0074441687344914,0.01162790697674412,0.09246159641706073,0.003192203535689069,0.02112676056338028,0.03202846975088968,0.02826899326117329,0.013793103448275862,0.6347816108880763,61.53846153846153,1.0,0.0,0.00694444444444442,-0.0034602076124568004,0.021126760563380254,0.010452961672473782,0.013793103448275862
565,2026-05-11,0.0034482758620688614,0.01041666666666674,0.02464788732394374,0.013937282229965264,0.007418397626112845,0.013819533155266427,0.09325429954917337,0.0038307001847823264,0.02464788732394366,0.039285714285714285,0.06855493138551623,0.013745704467353952,0.6793289888007701,64.28571428571428,1.0,0.0034482758620688614,0.0,0.00694444444444442,0.02464788732394374,0.013937282229965264,-0.003436426116838488
565,2026-05-12,0.0068728522336769515,0.010344827586206806,0.02447552447552437,0.02447552447552437,0.01084277969443084,0.019721577726218166,0.09769803937892854,0.004920284683602911,0.024475524475524476,0.03169014084507042,-0.08252680956984967,0.013651877133105802,0.6979731556491078,73.33333333333333,1.0,0.0068728522336769515,0.0034482758620688614,0.0,0.02447552447552437,0.02447552447552437,-0.010238907849829351
565,2026-05-13,0.0034129692832765013,0.01379310344827589,0.02083333333333326,0.027972027972027913,0.011302211302211275,0.022490146070020773,0.0984266677736726,0.005859976296705741,0.020833333333333332,0.020833333333333332,-0.14861427698986318,0.01020408163265306,0.6852225207414159,75.0,1.0,0.0034129692832765013,0.0068728522336769515,0.0034482758620688614,0.02083333333333326,0.027972027972027913,-0.003401360544217687
565,2026-05-14,0.00340136054421758,0.013745704467353903,0.02076124567474058,0.027874564459930307,0.011758941695247485,0.0251361056411445,0.09919682040241776,0.006669189154997126,0.020761245674740483,0.024305555555555556,-0.05277066492793986,0.013559322033898305,0.6776403232880395,75.0,1.0,0.00340136054421758,0.0034129692832765013,0.0068728522336769515,0.02076124567474058,0.027874564459930307,-0.003389830508474576
565,2026-05-15,-0.003389830508474523,0.0034129692832765013,0.02083333333333326,0.027972027972027913,0.005373717635564185,0.02047900034710162,0.09266600594648168,0.006568774026758243,0.020833333333333332,0.035211267605633804,-0.005346296478401992,0.013605442176870748,0.6502464854623283,75.0,0.8,-0.003389830508474523,0.00340136054421758,0.0034129692832765013,0.02083333333333326,0.027972027972027913,0.0
565,2026-05-16,0.0,0.0,0.01379310344827589,0.03157894736842115,0.0034129692832764505,0.01953531383655066,0.09001029866117402,0.006282546108798414,0.013793103448275862,0.027972027972027972,0.21356049331629604,0.017006802721088437,0.7231501774971469,80.0,0.8,0.0,-0.003389830508474523,0.00340136054421758,0.01379310344827589,0.03157894736842115,0.0
565,2026-05-17,0.0,-0.003389830508474523,0.01379310344827589,0.035211267605633756,0.0014598540145985956,0.018711018711018632,0.08750154124368094,0.005885784203964633,0.013793103448275862,0.024390243902439025,0.0903805567190702,0.013605442176870748,0.67236796453556,85.71428571428571,0.75,0.0,0.0,-0.003389830508474523,0.01379310344827589,0.035211267605633756,0.006802721088435374
565,2026-05-18,-0.013605442176870763,-0.013605442176870763,-0.0034364261168384758,0.021126760563380254,-0.011684518013631993,0.004618937644341735,0.07046181609383977,0.0038385233626922572,-0.003436426116838488,0.006944444444444444,0.27513033970358486,0.006896551724137931,0.6787065904425068,66.66666666666666,0.0,-0.013605442176870763,0.0,0.0,-0.0034364261168384758,0.021126760563380254,0.027586206896551724
565,2026-05-19,0.0,-0.013605442176870763,-0.010238907849829393,0.013986013986013957,-0.010238907849829351,0.004386977603324815,0.06822739737240624,0.0023786861551244416,-0.010238907849829351,0.006944444444444444,-0.1246738399538791,0.0034482758620689655,0.6845514315377724,62.50000000000001,0.0,0.0,-0.013605442176870763,0.0,-0.010238907849829393,0.013986013986013957,0.027586206896551724
565,2026-05-20,0.010344827586206806,-0.003401360544217691,-0.003401360544217691,0.01736111111111116,0.0004878048780488637,0.014191761855313336,0.07685396929108129,0.002549232629840393,-0.003401360544217687,0.017361111111111112,-0.11235693000972662,0.013651877133105802,0.6659153863561881,64.70588235294119,0.6,0.010344827586206806,0.0,-0.013605442176870763,-0.003401360544217691,0.01736111111111116,0.017064846416382253
565,2026-05-21,0.0034129692832765013,0.01379310344827589,-0.003389830508474523,0.01730103806228378,0.004392386530014614,0.0169491525423728,0.07810781078107815,0.0029732972567794937,-0.003389830508474576,0.020833333333333332,-0.10468879926116584,0.017006802721088437,0.6805048027350356,64.70588235294119,1.0,0.0034129692832765013,0.010344827586206806,0.0,-0.003389830508474523,0.01730103806228378,0.02040816326530612
565,2026-05-22,0.0,0.01379310344827589,0.0,0.02083333333333326,0.004392386530014614,0.01612903225806458,0.07574094401756307,0.0031485265131541867,0.0,0.024390243902439025,-0.14224324879160874,0.017006802721088437,0.6244606203399315,68.75,1.0,0.0,0.0034129692832765013,0.010344827586206806,0.0,0.02083333333333326,0.023809523809523808
565,2026-05-23,0.0,0.0034129692832765013,0.0,0.01379310344827589,0.004392386530014614,0.01542712410775952,0.07338444687842287,0.003156629414819217,0.0,0.020833333333333332,0.2262491741934327,0.023809523809523808,0.6316956221140929,64.28571428571428,1.0,0.0,0.0,0.0034129692832765013,0.0,0.01379310344827589,0.027210884353741496
565,2026-05-24,0.006802721088435382,0.006802721088435382,0.006802721088435382,0.020689655172413834,0.010238907849829351,0.021276595744680916,0.07823693690047348,0.003850338245597499,0.006802721088435374,0.0313588850174216,0.16196647446115936,0.016891891891891893,0.6332503099572429,68.75,1.0,0.006802721088435382,0.0,0.0,0.006802721088435382,0.020689655172413834,0.02702702702702703
565,2026-05-25,0.006756756756756799,0.013605442176870763,0.02758620689655178,0.02405498281786933,0.013113161728994573,0.02676007809808195,0.08298001211387031,0.00496156004199591,0.027586206896551724,0.04195804195804196,0.21398825104467895,0.020134228187919462,0.6914882780551287,70.58823529411765,1.0,0.006756756756756799,0.006802721088435382,0.0,0.02758620689655178,0.02405498281786933,0.03355704697986577
565,2026-05-26,0.0,0.013605442176870763,0.02758620689655178,0.017064846416382284,0.00919206579583941,0.025464556090846444,0.08044958304797961,0.005513058496472377,0.027586206896551724,0.03832752613240418,-0.1045561515814779,0.013422818791946308,0.6759953793729268,66.66666666666666,1.0,0.0,0.006756756756756799,0.006802721088435382,0.02758620689655178,0.017064846416382284,0.04697986577181208
565,2026-05-27,0.0,0.006756756756756799,0.017064846416382284,0.013605442176870763,0.006756756756756757,0.024172299232443673,0.07801760520921257,0.0056842648492345955,0.017064846416382253,0.03832752613240418,-0.11995712124487226,0.016778523489932886,0.6735694270924553,64.28571428571428,1.0,0.0,0.0,0.006756756756756799,0.017064846416382284,0.013605442176870763,0.06375838926174497
565,2026-05-28,0.006711409395973256,0.006711409395973256,0.020408163265306145,0.016949152542372836,0.010587102983638196,0.029394944527050198,0.08281531983156211,0.00638886761088114,0.02040816326530612,0.04895104895104895,-0.15938521051373503,0.013333333333333334,0.6731059654840363,66.66666666666666,1.0,0.006711409395973256,0.0,0.0,0.020408163265306145,0.016949152542372836,0.05333333333333334
565,2026-05-29,0.0033333333333334103,0.010067114093959662,0.023809523809523725,0.023809523809523725,0.010551558752997684,0.031057319022607888,0.08394686299615885,0.007019954881098916,0.023809523809523808,0.05244755244755245,-0.051296766902344,0.013289036544850499,0.691756982746253,73.33333333333333,1.0,0.0033333333333334103,0.006711409395973256,0.0,0.023809523809523725,0.023809523809523725,0.04318936877076412
565,2026-05-30,0.0033222591362125353,0.01342281879194629,0.027210884353741527,0.027210884353741527,0.010033444816053512,0.032714008890915296,0.08494331789877056,0.007580608065908047,0.027210884353741496,0.05226480836236934,0.06745838555574209,0.013245033112582781,0.7038577714767633,75.0,1.0,0.0033222591362125353,0.0033333333333334103,0.006711409395973256,0.027210884353741527,0.027210884353741527,0.006622516556291391
565,2026-05-31,0.0066225165562914245,0.01333333333333342,0.027027027027026973,0.03401360544217691,0.012851023322227428,0.03742463883517224,0.08951895508123599,0.008463361041826607,0.02702702702702703,0.06293706293706294,0.1511689001317768,0.01644736842105263,0.665436526970621,77.77777777777777,1.0,0.0066225165562914245,0.0033222591362125353,0.0033333333333334103,0.027027027027026973,0.03401360544217691,0.0
565,2026-06-01,0.013157894736842035,0.023255813953488413,0.033557046979865834,0.06206896551724128,0.021316911416390392,0.04833219877467661,0.10104861773117249,0.01029082780321148,0.03355704697986577,0.08070175438596491,0.013319671196206006,0.01948051948051948,0.6082965115864848,99.99999999222223,1.0,0.013157894736842035,0.0066225165562914245,0.0033222591362125353,0.033557046979865834,0.06206896551724128,-0.025974025974025976
565,2026-06-02,0.01298701298701288,0.0331125827814569,0.046979865771812124,0.07586206896551717,0.027764705882352997,0.05858403076227092,0.11234352717477424,0.012648176506329007,0.04697986577181208,0.09859154929577464,-0.003278568046572035,0.019230769230769232,0.6243196091984511,99.99999999363637,1.0,0.01298701298701288,0.013157894736842035,0.0066225165562914245,0.046979865771812124,0.07586206896551717,-0.03205128205128205
565,2026-06-03,0.01602564102564097,0.04276315789473695,0.06375838926174504,0.08191126279863492,0.034981343283582114,0.07154929577464796,0.12699980248864312,0.015624020676507516,0.06375838926174497,0.11619718309859155,-0.019335346355050177,0.01892744479495268,0.6352893442261343,99.99999999416667,1.0,0.01602564102564097,0.01298701298701288,0.013157894736842035,0.06375838926174504,0.08191126279863492,-0.0473186119873817
565,2026-06-04,-0.003154574132492094,0.025974025974025983,0.05333333333333323,0.0748299319727892,0.02407407407407413,0.06457046603032011,0.12034666141422104,0.016616010691038696,0.05333333333333334,0.1048951048951049,0.10782810568978955,0.012658227848101266,0.7374336563638052,95.83333333333333,0.9375,-0.003154574132492094,0.01602564102564097,0.01298701298701288,0.05333333333333323,0.0748299319727892,-0.03164556962025317
565,2026-06-05,-0.006329113924050667,0.0064102564102563875,0.04318936877076407,0.06802721088435382,0.011504832029452317,0.05475310715485392,0.11028169567438015,0.015934518603752963,0.04318936877076412,0.09027777777777778,0.09679070049007948,0.01592356687898089,0.7029973564971952,88.46153846153847,0.8,-0.006329113924050667,-0.003154574132492094,0.01602564102564097,0.04318936877076407,0.06802721088435382,-0.01910828025477707
565,2026-06-06,-0.031847133757961776,-0.04100946372239744,0.0066225165562914245,0.03401360544217691,-0.021609195402298876,0.019450033534540615,0.07247853866959343,0.011200877175340754,0.006622516556291391,0.05190311418685121,0.31710778985423405,0.01644736842105263,0.7635021853277785,63.888888888888886,0.0,-0.031847133757961776,-0.006329113924050667,-0.003154574132492094,0.0066225165562914245,0.03401360544217691,0.023026315789473683
565,2026-06-07,0.0,-0.03797468354430378,0.0,0.027027027027026973,-0.021609195402298876,0.01762999330506578,0.07004575853572677,0.007747481855078044,0.0,0.05555555555555555,0.1380206312180656,0.019736842105263157,0.7453738957051936,61.76470588235294,0.0,0.0,-0.031847133757961776,-0.006329113924050667,0.0,0.027027027027026973,0.02631578947368421
565,2026-06-08,-0.013157894736842146,-0.04458598726114649,-0.025974025974025983,0.006711409395973256,-0.03091832025842173,0.0031208203299153046,0.05374077976817707,0.0037203962470192826,-0.025974025974025976,0.034482758620689655,0.058064374480578586,0.02666666666666667,0.7111851452303949,52.777777777777786,0.0,-0.013157894736842146,0.0,-0.031847133757961776,-0.025974025974025983,0.006711409395973256,0.04666666666666667
565,2026-06-09,0.006666666666666599,-0.006578947368421018,-0.03205128205128205,0.01342281879194629,-0.019935095039406662,0.008459483526269011,0.0584112149532711,0.001734384598999009,-0.03205128205128205,0.041379310344827586,-0.09219008682150925,0.013245033112582781,0.6640389187276385,55.26315789473684,0.11764705882352941,0.006666666666666599,-0.013157894736842146,0.0,-0.03205128205128205,0.01342281879194629,0.046357615894039736
565,2026-06-10,0.0,-0.006578947368421018,-0.04731861198738174,0.01342281879194629,-0.013071895424836602,0.007226236798221298,0.05610817531861975,0.0003831386120178423,-0.0473186119873817,0.037800687285223365,-0.17942409658159153,0.016556291390728478,0.6784173054709871,55.26315789473684,0.125,0.0,0.006666666666666599,-0.013157894736842146,-0.04731861198738174,0.01342281879194629,0.033112582781456956
565,2026-06-11,0.013245033112582849,0.020000000000000018,-0.03164556962025311,0.020000000000000018,0.004690431519699866,0.019094138543516926,0.06760738098930073,0.0010247132898972358,-0.03164556962025317,0.04436860068259386,-0.11695434830716822,0.0196078431372549,0.6637247122617861,57.5,0.42857142857142855,0.013245033112582849,0.0,0.006666666666666599,-0.03164556962025311,0.020000000000000018,0.006535947712418301
565,2026-06-12,0.006535947712418277,0.019867549668874274,-0.019108280254777066,0.023255813953488413,0.01411100658513638,0.024163156727998174,0.07217451844975638,0.0021710066249206934,-0.01910828025477707,0.047619047619047616,0.051734575499158046,0.022727272727272728,0.6845341039378311,58.53658536585366,1.0,0.006535947712418277,0.013245033112582849,0.0,-0.019108280254777066,0.023255813953488413,-0.006493506493506494
565,2026-06-13,0.009740259740259827,0.0298013245033113,0.023026315789473673,0.0298013245033113,0.020628223159868703,0.032308032750608597,0.07994444015741962,0.003982249671224191,0.023026315789473683,0.05423728813559322,0.03203774179971658,0.01929260450160772,0.6405247971571233,60.46511627906977,1.0,0.009740259740259827,0.006535947712418277,0.013245033112582849,0.023026315789473673,0.0298013245033113,-0.028938906752411574
565,2026-06-14,0.003215434083601254,0.019607843137254832,0.026315789473684292,0.026315789473684292,0.02008407286314814,0.03356890459363955,0.08091462006313034,0.005397363234699628,0.02631578947368421,0.061224489795918366,0.11542841168114638,0.016025641025641024,0.7041308511193347,59.523809523809526,1.0,0.003215434083601254,0.009740259740259827,0.006535947712418277,0.026315789473684292,0.026315789473684292,-0.03205128205128205
565,2026-06-15,0.0064102564102563875,0.01948051948051943,0.046666666666666634,0.01948051948051943,0.019953596287703098,0.03790215954164821,0.08542018743278536,0.006883252108194558,0.04666666666666667,0.06802721088435375,-0.050176154143738896,0.01592356687898089,0.6877269680182676,57.5,1.0,0.0064102564102563875,0.003215434083601254,0.009740259740259827,0.046666666666666634,0.01948051948051943,-0.03821656050955414
565,2026-06-16,0.006369426751592355,0.016077170418006492,0.04635761589403975,0.012820512820512775,0.01982480405716928,0.041987249945042916,0.08986395861276102,0.00835904981284012,0.046357615894039736,0.07482993197278912,0.031236211347757142,0.0189873417721519,0.6567433649194199,55.26315789473684,1.0,0.006369426751592355,0.0064102564102563875,0.003215434083601254,0.04635761589403975,0.012820512820512775,-0.04430379746835443
565,2026-06-17,-0.012658227848101222,0.0,0.0331125827814569,-0.01577287066246058,0.002294630564479145,0.02631578947368421,0.07401032702237521,0.007533081015531416,0.033112582781456956,0.07586206896551724,0.14516433141796295,0.016025641025641024,0.7054283581071529,43.24324324324324,0.6,-0.012658227848101222,0.006369426751592355,0.0064102564102563875,0.0331125827814569,-0.01577287066246058,-0.028846153846153848
565,2026-06-18,-0.012820512820512775,-0.019108280254777066,0.006535947712418277,-0.025316455696202556,-0.011462631820265882,0.01116217990807609,0.05854049719326393,0.005245570882284991,0.006535947712418301,0.06206896551724138,0.06912219681184512,0.022727272727272728,0.7585267756916906,39.99999999999999,0.0,-0.012820512820512775,-0.012658227848101222,0.006369426751592355,0.006535947712418277,-0.025316455696202556,-0.012987012987012988
565,2026-06-19,-0.00649350649350644,-0.03164556962025311,-0.00649350649350644,-0.02547770700636942,-0.016980266177145455,0.0031690525625613815,0.05022308660336343,0.0028298571716100732,-0.006493506493506494,0.04436860068259386,0.09592045236073125,0.02287581699346405,0.7184136303363042,39.99999999999999,0.0,-0.00649350649350644,-0.012820512820512775,-0.012658227848101222,-0.00649350649350644,-0.02547770700636942,0.0
565,2026-06-20,-0.013071895424836555,-0.03205128205128205,-0.02893890675241162,-0.006578947368421018,-0.025806451612903226,-0.01080904028824111,0.03511310838601578,-0.00035249170157061527,-0.028938906752411574,0.027210884353741496,0.04396524419525951,0.019867549668874173,0.7548373720772857,47.05882352941176,0.0,-0.013071895424836555,-0.00649350649350644,-0.012820512820512775,-0.02893890675241162,-0.006578947368421018,0.016556291390728478
565,2026-06-21,0.0,-0.01948051948051943,-0.03205128205128205,-0.006578947368421018,-0.021296296296296244,-0.011672302825351793,0.03393183201460737,-0.002420431713217024,-0.03205128205128205,0.027210884353741496,-0.0008497345152180739,0.016556291390728478,0.6962854954488529,47.05882352941176,0.0,0.0,-0.013071895424836555,-0.00649350649350644,-0.03205128205128205,-0.006578947368421018,0.026490066225165563
565,2026-06-22,0.0,-0.013071895424836555,-0.03821656050955413,0.006666666666666599,-0.015828677839850945,-0.012534059945504026,0.03267477203647412,-0.0036912276097040395,-0.03821656050955414,0.027210884353741496,0.0444800279734102,0.023178807947019868,0.6720046920774904,53.33333333333333,0.0,0.0,0.0,-0.013071895424836555,-0.03821656050955413,0.006666666666666599,0.026490066225165563
565,2026-06-23,0.0,0.0,-0.044303797468354444,0.0,-0.009372071227741252,-0.013179392223069467,0.03149905123339661,-0.004398994642033153,-0.04430379746835443,0.02027027027027027,-0.19245017066735046,0.019867549668874173,0.6676308703735742,50.0,0.0,0.0,0.0,0.0,-0.044303797468354444,0.0,-0.013245033112582781
565,2026-06-24,0.0033112582781456013,0.0033112582781456013,-0.028846153846153855,0.0033112582781456013,-0.0018823529411764173,-0.010450685826257312,0.03369849512907022,-0.004331388264256709,-0.028846153846153848,0.016778523489932886,-0.14075109533627247,0.013201320132013201,0.6478125996188167,51.72413793103448,0.16666666666666666,0.0033112582781456013,0.0,0.0,-0.028846153846153855,0.0033112582781456013,-0.0891089108910891
565,2026-06-25,0.0033003300330032292,0.0066225165562914245,-0.012987012987012991,-0.006535947712418277,0.0033003300330033004,-0.007832898172323686,0.03577512776831346,-0.0037597943569572002,-0.012987012987012988,0.020134228187919462,-0.15360468991746865,0.01644736842105263,0.6825132688493388,46.15384615384615,0.5,0.0033003300330032292,0.0033112582781456013,0.0,-0.012987012987012991,-0.006535947712418277,-0.09210526315789473
565,2026-06-26,0.006578947368421018,0.013245033112582849,0.0,-0.00649350649350644,0.009900990099009901,-0.0021739130434783225,0.041131105398457636,-0.0024957314813063318,0.0,0.026845637583892617,-0.08716689965199506,0.016339869281045753,0.6813562998284131,46.15384615384615,1.0,0.006578947368421018,0.0033003300330032292,0.0033112582781456013,0.0,-0.00649350649350644,-0.0915032679738562
565,2026-06-27,0.0032679738562091387,0.013201320132013139,0.01655629139072845,-0.012861736334405127,0.010818438381937884,0.000325839035516529,0.04307448374797095,-0.0012087085477402526,0.016556291390728478,0.023333333333333334,0.11833631092613037,0.019543973941368076,0.705389658815821,41.66666666666667,1.0,0.0032679738562091387,0.006578947368421018,0.0033003300330032292,0.01655629139072845,-0.012861736334405127,-0.05537459283387622
565,2026-06-28,0.009771986970684043,0.019736842105263053,0.026490066225165476,-0.0064102564102563875,0.016869728209934477,0.00911458333333337,0.05175858559203821,0.0008109954533864145,0.026490066225165563,0.029900332225913623,0.07832527447121856,0.016129032258064516,0.6843216455218982,46.15384615384615,1.0,0.009771986970684043,0.0032679738562091387,0.006578947368421018,0.026490066225165476,-0.0064102564102563875,-0.05806451612903226
565,2026-06-29,0.0,0.013071895424836555,0.026490066225165476,-0.01273885350318471,0.013071895424836602,0.008239375542064267,0.05029363047733772,0.0020916746944488825,0.026490066225165563,0.026490066225165563,0.11854717407606795,0.01935483870967742,0.6628382051951526,41.66666666666667,1.0,0.0,0.009771986970684043,0.0032679738562091387,0.026490066225165476,-0.01273885350318471,-0.03870967741935484
565,2026-06-30,-0.03870967741935483,-0.02931596091205213,-0.013245033112582738,-0.05696202531645567,-0.024321796071094533,-0.030158385766977606,0.00872574093576051,-0.0017170776488496145,-0.013245033112582781,-0.019736842105263157,0.08245145642125522,0.013422818791946308,0.7015615933360837,23.529411764705884,0.0,-0.03870967741935483,0.0,0.009771986970684043,-0.013245033112582738,-0.05696202531645567,0.026845637583892617
565,2026-07-01,-0.0738255033557047,-0.10967741935483866,-0.08910891089108908,-0.11538461538461542,-0.08479393652297484,-0.09862834748530369,-0.06567366283006086,-0.01270645294495096,-0.0891089108910891,-0.1038961038961039,0.2368251829873857,0.028985507246376812,0.7214669614541449,15.384615384615387,0.0,-0.0738255033557047,-0.03870967741935483,0.0,-0.08910891089108908,-0.11538461538461542,0.11956521739130435
565,2026-07-02,0.0,-0.10967741935483866,-0.09210526315789469,-0.10389610389610393,-0.07249159865578488,-0.09508196721311475,-0.06553306748927845,-0.01963317774937396,-0.09210526315789473,-0.11538461538461539,0.14844538345496114,0.028985507246376812,0.7095680995699003,16.666666666666657,0.0,0.0,-0.0738255033557047,-0.03870967741935483,-0.09210526315789469,-0.10389610389610393,0.13043478260869565
565,2026-07-03,0.007246376811594235,-0.06711409395973156,-0.09150326797385622,-0.09150326797385622,-0.053041362530413576,-0.08462298320711224,-0.05854906682721253,-0.02280952389804057,-0.0915032679738562,-0.12302839116719243,0.06789829966400045,0.02158273381294964,0.6842600367514581,20.83333333333333,0.058823529411764705,0.007246376811594235,0.0,-0.0738255033557047,-0.09150326797385622,-0.09150326797385622,0.12949640287769784
565,2026-07-04,0.043165467625899234,0.050724637681159424,-0.055374592833876246,-0.039735099337748325,-0.003925417075564362,-0.04237754540451287,-0.017984799458198576,-0.019306829674249674,-0.05537459283387622,-0.08227848101265822,0.059470425087137686,0.02413793103448276,0.6173306693781243,39.285714285714285,0.4117647058823529,0.043165467625899234,0.007246376811594235,0.0,-0.055374592833876246,-0.039735099337748325,0.0896551724137931
565,2026-07-05,0.006896551724137945,0.05797101449275366,-0.058064516129032295,-0.0331125827814569,0.011881188118811939,-0.033432638199271836,-0.011361071401700394,-0.015577451768654894,-0.05806451612903226,-0.07006369426751592,0.032443494082340284,0.023972602739726026,0.6220735725325308,41.379310344827594,0.47058823529411764,0.006896551724137945,0.043165467625899234,0.007246376811594235,-0.058064516129032295,-0.0331125827814569,0.0958904109589041
565,2026-07-06,0.020547945205479534,0.07194244604316546,-0.03870967741935483,-0.013245033112582738,0.038844621513944314,-0.01291818482941364,0.008649868371568215,-0.010223734339584673,-0.03870967741935484,-0.019736842105263157,-0.10050311443182662,0.016778523489932886,0.6477102645797359,46.875,1.0,0.020547945205479534,0.006896551724137945,0.043165467625899234,-0.03870967741935483,-0.013245033112582738,0.09731543624161074
565,2026-07-07,0.02684563758389258,0.05517241379310356,0.02684563758389258,0.013245033112582849,0.0625,0.013356882658130126,0.03502705953096812,-0.0032378622399773693,0.026845637583892617,0.006578947368421052,-0.05554744849210507,0.02287581699346405,0.6549410044371798,52.777777777777786,1.0,0.02684563758389258,0.020547945205479534,0.006896551724137945,0.02684563758389258,0.013245033112582849,0.0718954248366013
565,2026-07-08,0.009803921568627416,0.05821917808219168,0.11956521739130443,0.01980198019801982,0.0556368960468521,0.02227613586237323,0.04427171341669491,0.0025441349160788057,0.11956521739130435,0.03,-0.0534676709802104,0.019417475728155338,0.6517912369731874,54.054054054054056,1.0,0.009803921568627416,0.02684563758389258,0.020547945205479534,0.11956521739130443,0.01980198019801982,0.05501618122977346
565,2026-07-09,0.009708737864077666,0.046979865771812124,0.13043478260869557,0.026315789473684292,0.04748201438848929,0.03106411103767342,0.053184307253769325,0.007334245389641066,0.13043478260869565,0.033112582781456956,0.0011685973949781404,0.019230769230769232,0.6745256598533425,55.26315789473684,1.0,0.009708737864077666,0.009803921568627416,0.02684563758389258,0.13043478260869557,0.026315789473684292,0.0641025641025641
565,2026-07-10,0.0064102564102563875,0.02614379084967311,0.12949640287769792,0.02614379084967311,0.036303630363036306,0.036303630363036306,0.058585555888522683,0.010923146610947445,0.12949640287769784,0.039735099337748346,-0.03902820669922774,0.01592356687898089,0.697197835663774,55.26315789473684,1.0,0.0064102564102563875,0.009708737864077666,0.009803921568627416,0.12949640287769792,0.02614379084967311,0.06369426751592357
565,2026-07-11,0.006369426751592355,0.02265372168284796,0.08965517241379306,0.02931596091205213,0.030274802049371188,0.041758241758241825,0.06405267883867112,0.0136091984976917,0.0896551724137931,0.032679738562091505,0.020050734624333388,0.0189873417721519,0.670616577539885,55.84415584415584,1.0,0.006369426751592355,0.0064102564102563875,0.009708737864077666,0.08965517241379306,0.02931596091205213,0.06962025316455696
565,2026-07-12,0.012658227848101333,0.02564102564102555,0.09589041095890405,0.032258064516129004,0.02988505747126434,0.05355575065847229,0.07623318385650231,0.016365265638924445,0.0958904109589041,0.03896103896103896,0.10519071623735772,0.021875,0.6947906618223781,56.41025641025641,1.0,0.012658227848101333,0.006369426751592355,0.0064102564102563875,0.09589041095890405,0.032258064516129004,0.06875
565,2026-07-13,0.02187500000000009,0.04140127388535042,0.09731543624161065,0.05483870967741944,0.03856624319419246,0.07471516213847508,0.0981753050486959,0.020158478788545535,0.09731543624161074,0.05144694533762058,-0.033359656045773005,0.01834862385321101,0.6656364109952898,60.0,1.0,0.02187500000000009,0.012658227848101333,0.006369426751592355,0.09731543624161065,0.05483870967741944,0.0764525993883792
565,2026-07-14,0.003058103975535076,0.03797468354430378,0.07189542483660127,0.10067114093959728,0.031446540880503145,0.07611548556430442,0.09972804828074368,0.022241534609105024,0.0718954248366013,0.05128205128205128,0.06335283583065399,0.018292682926829267,0.6416953868622005,70.27027027027027,1.0,0.003058103975535076,0.02187500000000009,0.012658227848101333,0.07189542483660127,0.10067114093959728,0.0975609756097561
565,2026-07-15,-0.0060975609756097615,0.018750000000000044,0.055016181229773364,0.181159420289855,0.01738742755238515,0.06815203145478378,0.09139604954804155,0.022073438343346935,0.05501618122977346,0.03821656050955414,-0.13252529457249956,0.018404907975460124,0.7248143130252664,96.29629629629629,0.875,-0.0060975609756097615,0.003058103975535076,0.02187500000000009,0.055016181229773364,0.181159420289855,0.10429447852760736
565,2026-07-16,0.018404907975460016,0.015290519877675823,0.0641025641025641,0.2028985507246377,0.026955368979231134,0.08591365023986039,0.1096256684491979,0.023367228899255306,0.0641025641025641,0.05063291139240506,-0.08926951108470868,0.02108433734939759,0.6265989963876827,96.66666666666667,1.0,0.018404907975460016,-0.0060975609756097615,0.003058103975535076,0.0641025641025641,0.2028985507246377,0.060240963855421686
565,2026-07-17,0.006024096385542244,0.018292682926829285,0.06369426751592355,0.2014388489208634,0.02409110819097671,0.08984120078311952,0.11440646548528213,0.024096132276654497,0.06369426751592357,0.07051282051282051,-0.07367996175893261,0.017964071856287425,0.6550772689579604,96.66666666666667,1.0,0.006024096385542244,0.018404907975460016,-0.0060975609756097615,0.06369426751592355,0.2014388489208634,0.05389221556886228
565,2026-07-18,0.011976047904191711,0.036809815950920255,0.06962025316455689,0.16551724137931045,0.026464208242950135,0.09930615784908943,0.1256660746003553,0.025140794158527012,0.06962025316455696,0.09740259740259741,0.12019576723274986,0.020710059171597635,0.6553135689284616,96.15384615384616,1.0,0.011976047904191711,0.006024096385542244,0.018404907975460016,0.06962025316455689,0.16551724137931045,0.047337278106508875
565,2026-07-19,0.01183431952662728,0.030120481927710774,0.06875000000000009,0.17123287671232879,0.028792436613665612,0.10799136069114464,0.13671615333481052,0.026333654779691816,0.06875,0.11764705882352941,0.011970252772462503,0.011695906432748537,0.6778376703112916,96.29629629629629,1.0,0.01183431952662728,0.011976047904191711,0.006024096385542244,0.06875000000000009,0.17123287671232879,0.05263157894736842
565,2026-07-20,0.029239766081871288,0.05389221556886237,0.07645259938837912,0.18120805369127524,0.047619047619047616,0.13426423200859297,0.16719475351853214,0.029632541199443776,0.0764525993883792,0.16556291390728478,0.022764645027955412,0.014204545454545454,0.6452715343242506,96.55172413793103,1.0,0.029239766081871288,0.01183431952662728,0.011976047904191711,0.07645259938837912,0.18120805369127524,0.03125
565,2026-07-21,0.022727272727272707,0.06508875739644981,0.09756097560975618,0.17647058823529416,0.05704697986577186,0.15286080273270714,0.19051993386000357,0.03339429774416073,0.0975609756097561,0.19205298013245034,0.0790837806894778,0.019444444444444445,0.6198590924228481,96.55172413793103,1.0,0.022727272727272707,0.029239766081871288,0.01183431952662728,0.09756097560975618,0.17647058823529416,0.016666666666666666
565,2026-07-22,0.0,0.05263157894736836,0.10429447852760743,0.16504854368932032,0.04218362282878407,0.14576702737110125,0.18737860519661384,0.03458596973324055,0.10429447852760736,0.19205298013245034,0.10539449814665221,0.016666666666666666,0.6596419757556554,96.36363636363636,1.0,0.0,0.022727272727272707,0.029239766081871288,0.10429447852760743,0.16504854368932032,0.005555555555555556
565,2026-07-23,-0.022222222222222254,0.0,0.06024096385542177,0.1282051282051282,0.010664479081214134,0.11439425918108904,0.15823340157940924,0.03146354140524025,0.060240963855421686,0.16556291390728478,-0.02574451454742505,0.019886363636363636,0.7078462319184696,83.33333333333333,0.6923076923076923,-0.022222222222222254,0.0,0.022727272727272707,0.06024096385542177,0.1282051282051282,0.028409090909090908
565,2026-07-24,0.0,-0.022222222222222254,0.05389221556886237,0.12101910828025475,0.0032573289902280826,0.10866141732283464,0.1554453278867897,0.0283714652439243,0.05389221556886228,0.1617161716171617,-0.08313001574899302,0.019886363636363636,0.6720467062770553,82.75862068965517,0.6363636363636364,0.0,-0.022222222222222254,0.0,0.05389221556886237,0.12101910828025475,0.02556818181818182
565,2026-07-25,0.005681818181818121,-0.01666666666666672,0.047337278106508895,0.120253164556962,0.0024271844660193483,0.10913838120104433,0.15917773330907758,0.026070451503355373,0.047337278106508875,0.16447368421052633,-0.01208344910565816,0.01694915254237288,0.6694981506895075,82.75862068965517,0.6666666666666666,0.005681818181818121,0.0,-0.022222222222222254,0.047337278106508895,0.120253164556962,0.03389830508474576
565,2026-07-26,0.016949152542372836,0.022727272727272707,0.05263157894736836,0.125,0.012048192771084314,0.12161179769446473,0.1757021554539517,0.025673804631739048,0.05263157894736842,0.17647058823529413,0.07172197840885469,0.016666666666666666,0.6784382081411741,83.33333333333333,1.0,0.016949152542372836,0.005681818181818121,0.0,0.05263157894736836,0.125,0.025
565,2026-07-27,0.008333333333333304,0.03125,0.03125,0.11009174311926606,0.015993602558976434,0.12441920495611777,0.18219648995838617,0.025511018269323085,0.03125,0.18241042345276873,-0.08029533931537344,0.01652892561983471,0.6294672502522107,82.14285714285714,1.0,0.008333333333333304,0.016949152542372836,0.005681818181818121,0.03125,0.11009174311926606,0.03581267217630854
565,2026-07-28,0.008264462809917328,0.03389830508474567,0.016666666666666607,0.11585365853658547,0.021938571998404398,0.1271943332306745,0.18852606891574955,0.025495875351239223,0.016666666666666666,0.18064516129032257,-0.08015653216010718,0.01912568306010929,0.6474620674131994,82.75862068965517,1.0,0.008264462809917328,0.008333333333333304,0.016949152542372836,0.016666666666666607,0.11585365853658547,0.01639344262295082
565,2026-07-29,-0.010928961748633892,0.005555555555555536,0.005555555555555536,0.11042944785276076,0.009964129135113546,0.10895537628918614,0.17236415976970135,0.023308219007603676,0.005555555555555556,0.16774193548387098,-0.04442464675881528,0.019337016574585635,0.7012898610796934,80.0,0.7142857142857143,-0.010928961748633892,0.008264462809917328,0.008333333333333304,0.005555555555555536,0.11042944785276076,0.03314917127071823
565,2026-07-30,0.0,-0.0027548209366391463,0.02840909090909083,0.09036144578313254,0.00595474394601039,0.10175509789996957,0.16916672647671002,0.021100912581480124,0.028409090909090908,0.21476510067114093,0.007823702765081932,0.013812154696132596,0.6786655981452889,77.77777777777777,0.7142857142857143,0.0,-0.010928961748633892,0.008264462809917328,0.02840909090909083,0.09036144578313254,0.027624309392265192
565,2026-07-31,-0.002762430939226568,-0.013661202185792365,0.02556818181818188,0.08083832335329344,-0.000395569620253232,0.0893180446590224,0.16276572901009242,0.018634505829588185,0.02556818181818182,0.3079710144927536,0.00109959298230783,0.01662049861495845,0.6762375128553372,75.47169811320754,0.5833333333333334,-0.002762430939226568,0.0,-0.010928961748633892,0.02556818181818188,0.08083832335329344,0.019390581717451522
565,2026-08-01,0.013850415512465464,0.011049723756906049,0.03389830508474567,0.08284023668639051,0.008661417322834713,0.09449760765550247,0.17542106765629453,0.01802020707947609,0.03389830508474576,0.32608695652173914,0.05655070387120848,0.01639344262295082,0.6482519616939845,75.92592592592592,1.0,0.013850415512465464,-0.002762430939226568,0.0,0.03389830508474567,0.08284023668639051,-0.00546448087431694
565,2026-08-02,0.008196721311475308,0.01933701657458564,0.02499999999999991,0.07894736842105265,0.01333856414280103,0.09354934308011457,0.1814721263652212,0.017969225687030035,0.025,0.3273381294964029,0.17890796539794157,0.02168021680216802,0.650806816708395,75.47169811320754,1.0,0.008196721311475308,0.013850415512465464,-0.002762430939226568,0.02499999999999991,0.07894736842105265,-0.008130081300813009
565,2026-08-03,0.01897018970189701,0.04155124653739617,0.03581267217630857,0.06818181818181812,0.0273224043715847,0.1049074346165148,0.2000425547005214,0.019546552228879795,0.03581267217630854,0.296551724137931,-0.029691532219721897,0.015957446808510637,0.6357191490323281,74.0,1.0,0.01897018970189701,0.008196721311475308,0.013850415512465464,0.03581267217630857,0.06818181818181812,-0.031914893617021274
565,2026-08-04,-0.010638297872340385,0.016393442622950838,0.016393442622950838,0.03333333333333344,0.014018691588785114,0.08465351346097783,0.18374995580383985,0.018618516128202065,0.01639344262295082,0.273972602739726,-0.040903325664081794,0.016129032258064516,0.6971795036670096,63.04347826086957,0.7333333333333333,-0.010638297872340385,0.01897018970189701,0.008196721311475308,0.016393442622950838,0.03333333333333344,-0.021505376344086023
565,2026-08-05,0.005376344086021501,0.013550135501354976,0.03314917127071815,0.03888888888888897,0.01472868217054268,0.0824891461649783,0.18654822335025384,0.0180140003999203,0.03314917127071823,0.2550335570469799,-0.09735219680910609,0.013368983957219251,0.678966799934957,64.58333333333334,0.8666666666666667,0.005376344086021501,-0.010638297872340385,0.01897018970189701,0.03314917127071815,0.03888888888888897,-0.026737967914438502
565,2026-08-06,-0.005347593582887722,-0.010638297872340385,0.027624309392265234,0.05681818181818188,0.005405405405405406,0.06988783433994826,0.1767186840995361,0.016379824879467625,0.027624309392265192,0.21568627450980393,-0.0015505782294892151,0.008064516129032258,0.6690594837881408,73.80952380952381,0.7333333333333333,-0.005347593582887722,0.005376344086021501,-0.010638297872340385,0.027624309392265234,0.05681818181818188,-0.021505376344086023
565,2026-08-07,-0.010752688172043001,-0.010752688172043001,0.01939058171745156,0.045454545454545414,-0.008086253369272238,0.05243088655862721,0.1608832807570978,0.013509768050357088,0.019390581717451522,0.19093851132686085,0.07751370279325079,0.019021739130434784,0.7331804274639895,67.3913043478261,0.2,-0.010752688172043001,-0.005347593582887722,0.005376344086021501,0.01939058171745156,0.045454545454545414,-0.005434782608695652
565,2026-08-08,-0.010869565217391353,-0.0267379679144385,-0.005464480874316946,0.02824858757062154,-0.018111753371869,0.03585657370517935,0.1452943644245561,0.009931508507431592,-0.00546448087431694,0.16666666666666666,0.09564628679224998,0.016483516483516484,0.6979129606923168,60.416666666666664,0.0,-0.010869565217391353,-0.010752688172043001,-0.005347593582887722,-0.005464480874316946,0.02824858757062154,0.019230769230769232
565,2026-08-09,0.005494505494505475,-0.016129032258064502,-0.008130081300813052,0.016666666666666607,-0.011574074074074053,0.03643571833113085,0.14857561281774118,0.007908415189059409,-0.008130081300813009,0.16560509554140126,0.08716039732812808,0.01639344262295082,0.6979384984893284,56.81818181818182,0.16666666666666666,0.005494505494505475,-0.010869565217391353,-0.010752688172043001,-0.008130081300813052,0.016666666666666607,0.0273224043715847
565,2026-08-10,-0.005464480874316946,-0.010869565217391353,-0.03191489361702127,0.0027548209366390353,-0.012403100775193755,0.026122909227588757,0.13947826086956516,0.005695040882497093,-0.031914893617021274,0.1518987341772152,-0.05333984026579534,0.019230769230769232,0.6373943121000203,51.16279069767442,0.0,-0.005464480874316946,0.005494505494505475,-0.010869565217391353,-0.03191489361702127,0.0027548209366390353,0.024725274725274724
565,2026-08-11,0.0,0.0,-0.021505376344086002,-0.005464480874316946,-0.009331259720062253,0.021897810218978134,0.13671061762664813,0.004066073404473269,-0.021505376344086023,0.1375,-0.09661439944219388,0.013736263736263736,0.6671255611292469,47.5,0.0,0.0,-0.005464480874316946,0.005494505494505475,-0.021505376344086002,-0.005464480874316946,0.016483516483516484
565,2026-08-12,0.0,-0.005464480874316946,-0.0267379679144385,0.005524861878453136,-0.00546448087431694,0.018371724330877543,0.13399563847831358,0.002871422842731341,-0.026737967914438502,0.11314984709480122,-0.2091061755593274,0.013736263736263736,0.6921337344763576,52.777777777777786,0.0,0.0,0.0,-0.005464480874316946,-0.0267379679144385,0.005524861878453136,-0.03296703296703297
565,2026-08-13,0.0,0.0,-0.021505376344086002,0.005524861878453136,-0.0023492560689114448,0.014964216005204966,0.13125453226976075,0.0019989998791286262,-0.021505376344086023,0.10975609756097561,-0.14427404207351452,0.01098901098901099,0.634381360339666,52.777777777777786,0.0,0.0,0.0,0.0,-0.021505376344086002,0.005524861878453136,-0.06043956043956044
565,2026-08-14,0.005494505494505475,0.005494505494505475,-0.005434782608695676,0.013850415512465464,0.003918495297805687,0.01676081118622102,0.134649168130619,0.0020040899654492454,-0.005434782608695652,0.12269938650306748,-0.10229805998252882,0.01366120218579235,0.66918834758997,56.75675675675676,1.0,0.005494505494505475,0.0,0.0,-0.005434782608695676,0.013850415512465464,-0.09836065573770492
565,2026-08-15,0.013661202185792254,0.019230769230769162,0.019230769230769162,0.013661202185792254,0.014849550605705399,0.026942240265731728,0.14710732444688748,0.0035329118696640163,0.019230769230769232,0.11746987951807229,0.1334909581816104,0.016172506738544475,0.6526843298309061,56.75675675675676,1.0,0.013661202185792254,0.005494505494505475,0.0,0.019230769230769162,0.013661202185792254,-0.11320754716981132
565,2026-08-16,0.013477088948786964,0.03296703296703307,0.02732240437158473,0.01897018970189701,0.02452316076294278,0.03676470588235289,0.1591422895115434,0.005985015382802237,0.0273224043715847,0.12574850299401197,0.3143859289801543,0.015957446808510637,0.6739486636079923,58.97435897435897,1.0,0.013477088948786964,0.013661202185792254,0.005494505494505475,0.02732240437158473,0.01897018970189701,-0.10106382978723404
