item_id,date,pct_change_1d,pct_change_3d,pct_change_7d,pct_change_14d,pct_vs_7ma,pct_vs_30ma,pct_vs_90ma,ema_crossover,slope_7d_pct,slope_30d_pct,vol_pct_7d,spread_pct,volume_ratio,rsi_14,range_position_7d,lag_return_1d,lag_return_2d,lag_return_3d,lag_return_7d,lag_return_14d,target_pct_7d
6685,2025-11-09,0.0221262817053427,-0.00263296471827279,-0.0803593105122603,-0.11886485229123056,-0.020809099134031277,-0.10602395421558794,-0.17936423114140876,-0.03292813128348436,-0.08035931051226025,-0.14771065361682978,0.17494265402184658,0.015971488912354805,0.6862015235457064,14.415041782729801,0.23295454545454544,0.0221262817053427,-0.01567065073041174,-0.008688783570300118,-0.0803593105122603,-0.11886485229123056,0.06151003167898627
6685,2025-11-10,0.0,0.006108897742363784,-0.06480681397358345,-0.11017148226450557,-0.011224223440355,-0.10145764065421845,-0.17720342807770373,-0.030926940443264644,-0.06480681397358351,-0.14569237708615246,-0.0674120895897794,0.01583949313621964,0.7132420321891703,15.31065088757397,0.23295454545454544,0.0,0.0221262817053427,-0.01567065073041174,-0.06480681397358345,-0.11017148226450557,0.046462513199577615
6685,2025-11-11,0.029567053854276715,0.052347544522396205,-0.03893543617545592,-0.07495256166982922,0.024044412768670958,-0.0704953782964644,-0.15089204717266405,-0.025209231964968815,-0.03893543617545589,-0.1329479768786127,-0.08176812133424438,0.017564102564102565,0.6863589601495503,28.8487282463186,0.9326923076923077,0.029567053854276715,0.0,0.0221262817053427,-0.03893543617545592,-0.07495256166982922,0.011025641025641025
6685,2025-11-12,0.019102564102564168,0.049234424498415974,0.01545733265201843,-0.054140885292717766,0.04124328673815007,-0.04923849772745388,-0.13278275384296487,-0.018400762506689976,0.015457332652018395,-0.10443893645786391,-0.0842913173726062,0.020379922002767645,0.6320214595906817,35.913312693498455,1.0,0.019102564102564168,0.029567053854276715,0.0,0.01545733265201843,-0.054140885292717766,-0.018996100138382186
6685,2025-11-13,0.004277267580827804,0.0537222808870117,0.05094786729857814,-0.05324952561669827,0.03817857540965331,-0.04195569210090492,-0.12706927240585372,-0.012856657342464602,0.0509478672985782,-0.09541076487252124,-0.42583942403704644,0.01553300764123763,0.6647293042680337,36.15052436767427,1.0,0.004277267580827804,0.019102564102564168,0.029567053854276715,0.05094786729857814,-0.05324952561669827,-0.007390705248653389
6685,2025-11-14,0.01315295001878991,0.036923076923076836,0.07410358565737041,-0.027183064710127547,0.04104148278905564,-0.026675759156002978,-0.11354561053340463,-0.007272496564592143,0.07410358565737052,-0.07839562443026436,-0.8517037820471525,0.012487636003956479,0.8522934441770582,42.9726368159204,1.0,0.01315295001878991,0.004277267580827804,0.019102564102564168,0.07410358565737041,-0.027183064710127547,-0.01162215628090999
6685,2025-11-15,0.015331355093966437,0.03308592275757949,0.10793308148947656,-0.010602409638554189,0.041678747463032746,-0.010332138897369591,-0.09797780948277862,-0.0015959337227432965,0.10793308148947653,-0.04177362893815636,-0.7554038414327632,0.016439357038480273,0.716293074606892,47.43888242142025,1.0,0.015331355093966437,0.01315295001878991,0.004277267580827804,0.10793308148947656,-0.010602409638554189,-0.011690209449585971
6685,2025-11-16,-0.020701412566975108,0.007390705248653484,0.06151003167898628,-0.02379218256858462,0.011572327044025157,-0.028266701036740973,-0.11433343734512944,-0.000357304220626849,0.06151003167898627,-0.07520699172033118,-0.7410308308275667,0.010569510072121363,0.791517143252874,44.63307776560789,0.7327044025157232,-0.020701412566975108,0.015331355093966437,0.01315295001878991,0.06151003167898628,-0.02379218256858462,-0.003481720964934096
6685,2025-11-17,-0.01417557821437454,-0.01978239366963408,0.046462513199577504,-0.02135538822367611,-0.009035391593157435,-0.038540832908874736,-0.12456260030133336,-0.00120669059813657,0.046462513199577615,-0.10235507246376811,-0.5616937812231236,0.02194752774974773,0.7130333029959695,45.202440377149195,0.3106796116504854,-0.01417557821437454,-0.020701412566975108,0.015331355093966437,0.046462513199577504,-0.02135538822367611,0.03002018163471241
6685,2025-11-18,-0.005297679112008069,-0.03969800292255232,0.011025641025641075,-0.0283390832922622,-0.01579660533447438,-0.039885068666601776,-0.12673609402222596,-0.0023358832332668815,0.011025641025641025,-0.10912788070492543,-0.45529534483214606,0.016358102967283794,0.7724003498687992,43.715846994535525,0.0,-0.005297679112008069,-0.01417557821437454,-0.020701412566975108,0.011025641025641075,-0.0283390832922622,0.042607151914785694
6685,2025-11-19,-0.011159015977681985,-0.030340711265854248,-0.018996100138382155,-0.0038323965252937686,-0.024152171192591665,-0.04554801227234152,-0.13384854999666773,-0.004291167980664621,-0.018996100138382186,-0.14326521643594814,0.1391962725684333,0.016799179276737627,0.7376995896477472,49.079754601226995,0.0,-0.011159015977681985,-0.005297679112008069,-0.01417557821437454,-0.018996100138382155,-0.0038323965252937686,0.040779687099256216
6685,2025-11-20,0.016157989228007263,-0.0005045408678102659,-0.007390705248653373,0.04318062137967349,-0.007337413651168601,-0.025561986587745347,-0.11727572941473534,-0.0035664687051729384,-0.007390705248653389,-0.12654320987654322,-0.9668304596865641,0.018046441191317517,0.9232117812061711,60.76115485564304,0.30434782608695654,0.016157989228007263,-0.011159015977681985,-0.005297679112008069,-0.007390705248653373,0.04318062137967349,0.012619888944977285
6685,2025-11-21,0.008833922261484162,0.01369515597260973,-0.011622156280910012,0.0616201859229748,0.003119173956690123,-0.013118909665525385,-0.10699080751385823,-0.0019458397276271794,-0.01162215628090999,-0.10601655110713487,1.1683517698112866,0.01863897923442582,0.7148831894309572,65.18324607329843,0.47342995169082125,0.008833922261484162,0.016157989228007263,-0.011159015977681985,-0.011622156280910012,0.0616201859229748,-0.002251688766574931
6685,2025-11-22,0.01526144608456348,0.04077968709925628,-0.011690209449585987,0.09498111171073931,0.020183881626203114,0.005185283043794189,-0.0910765126326478,0.0009579704137210736,-0.011690209449585971,-0.08808988764044944,1.1423832896759238,0.018728437654016758,0.740859759497762,72.97650130548303,1.0,0.01526144608456348,0.008833922261484162,0.016157989228007263,-0.011690209449585987,0.09498111171073931,-0.02476589452932479
6685,2025-11-23,-0.012567767373090177,0.011357900050479541,-0.003481720964934043,0.0578141499472018,0.007869205892921291,-0.004142158893215106,-0.1001010617724489,0.0013165992814288413,-0.003481720964934096,-0.09117713767294171,0.7384051039224263,0.018093336660843524,0.7532557668276537,64.89795918367346,0.6792452830188679,-0.012567767373090177,0.01526144608456348,0.008833922261484162,-0.003481720964934043,0.0578141499472018,-0.019715497878712254
6685,2025-11-24,0.01896680808584983,0.021516137102827182,0.030020181634712317,0.07787750791974646,0.02261261583598696,0.017075813623285925,-0.08064927721875581,0.0037172352734375753,0.03002018163471241,-0.06342470466796651,0.7331803435402453,0.017266715650257163,0.7145686995844879,68.18742293464858,1.0,0.01896680808584983,-0.012567767373090177,0.01526144608456348,0.030020181634712317,0.07787750791974646,-0.04653441097232427
6685,2025-11-25,0.006857702669605725,0.013060620995564376,0.0426071519147857,0.05410256410256409,0.02347334352882596,0.025651687589140534,-0.071934542024943,0.005951060921697391,0.042607151914785694,-0.043731100255873456,0.6562196430146567,0.019824860131354902,0.7043657188487644,64.51169188445667,1.0,0.006857702669605725,0.01896680808584983,-0.012567767373090177,0.0426071519147857,0.05410256410256409,-0.0323522257358307
6685,2025-11-26,-0.012892240330819704,0.012727726478662271,0.04077968709925628,0.02100893194112463,0.004597538548592414,0.014107033524509207,-0.0814120629746584,0.0056660519732253285,0.040779687099256216,-0.04674653511862814,0.33142573956049615,0.02193198620009857,0.6885136841993887,55.917788802267886,0.6442953020134228,-0.012892240330819704,0.006857702669605725,0.01896680808584983,0.04077968709925628,0.02100893194112463,0.007885657959586003
6685,2025-11-27,-0.011335633316904903,-0.017389174626500137,0.012619888944977342,0.005135913816860738,-0.00854338770034594,0.004318167594968396,-0.08925929802745988,0.003964203477918347,0.012619888944977285,-0.04838709677419355,0.30686049873264853,0.018195413758723827,0.7341575302626236,51.395507147719535,0.13157894736842105,-0.011335633316904903,-0.012892240330819704,0.006857702669605725,0.012619888944977342,0.005135913816860738,0.04997507477567298
6685,2025-11-28,-0.005982053838484491,-0.029919727560204334,-0.0022516887665748886,-0.013847675568743778,-0.014161104636790605,9.613093869768794e-05,-0.09195211825975191,0.002030427897931519,-0.002251688766574931,-0.050928129462160875,0.08050028892672939,0.015295887662988967,0.7502059733516532,46.03399433427762,0.0,-0.005982053838484491,-0.011335633316904903,-0.012892240330819704,-0.0022516887665748886,-0.013847675568743778,0.04789368104312939
6685,2025-11-29,-0.007647943831494475,-0.02476589452932476,-0.02476589452932476,-0.036166585484656566,-0.018216291885953285,-0.005403367680321689,-0.09613559425262276,-0.00018334043955549743,-0.02476589452932479,-0.06131404174573055,0.20564208376869872,0.019709412507896398,0.7194287371018441,38.99184581171238,0.0,-0.007647943831494475,-0.005982053838484491,-0.011335633316904903,-0.02476589452932476,-0.036166585484656566,0.04497789008212255
6685,2025-11-30,-0.0074542008843967444,-0.02093718843469594,-0.019715497878712296,-0.023128574981347905,-0.022798756108396316,-0.010919834481832482,-0.1001866975156632,-0.002484014242030931,-0.019715497878712254,-0.05508780370459466,0.18234068329373024,0.01909368635437882,0.7765866434044355,42.48788368336026,0.0,-0.0074542008843967444,-0.007647943831494475,-0.005982053838484491,-0.019715497878712296,-0.023128574981347905,0.1034877800407332
6685,2025-12-01,-0.008910386965376826,-0.02382146439317956,-0.04653441097232425,-0.01791120080726538,-0.024921728240450844,-0.017613808418290144,-0.10554296837604114,-0.004934988412768513,-0.04653441097232427,-0.06192771084337349,-0.034759403321873376,0.02016439763678397,0.6962820134261615,44.0536013400335,0.0,-0.008910386965376826,-0.0074542008843967444,-0.007647943831494475,-0.04653441097232425,-0.01791120080726538,0.12329822758797843
6685,2025-12-02,0.02183406113537112,0.005180037902716261,-0.03235222573583074,0.008876489982247104,0.0011325028312570782,0.005027664788661249,-0.08363184022298756,-0.00386940575585256,-0.0323522257358307,-0.03423160961398398,-0.10271107625021575,0.012192056309703369,0.6994129329796258,52.647503782148256,0.5151515151515151,0.02183406113537112,-0.008910386965376826,-0.0074542008843967444,-0.03235222573583074,0.008876489982247104,0.12104072398190045
6685,2025-12-03,0.02815485168426335,0.04124236252545832,0.007885657959586068,0.04898691972300595,0.02813639056973052,0.03298044745648563,-0.05575072434770234,0.0002326300591888576,0.007885657959586003,0.009751882483643995,-0.6250520066539972,0.021882640586797068,0.6619480463246389,63.10013717421124,1.0,0.02815485168426335,0.02183406113537112,-0.008910386965376826,0.007885657959586068,0.04898691972300595,0.0960880195599022
6685,2025-12-04,0.029951100244498763,0.08207038273824807,0.04997507477567309,0.06322564361433614,0.051360216778978125,0.06253730966814365,-0.02584888934568384,0.006411573604840683,0.04997507477567298,0.03807294233612617,-0.6835269751238883,0.01804154302670623,0.5911230090884549,65.88459099556118,1.0,0.029951100244498763,0.02815485168426335,0.02183406113537112,0.04997507477567309,0.06322564361433614,0.06089020771513353
6685,2025-12-05,-0.007952522255192829,0.05052790346907998,0.04789368104312941,0.04553415061295962,0.03594447198810114,0.05174409825338499,-0.03191182678348964,0.009197827747407069,0.04789368104312939,0.06770567194685743,-0.21087693189582468,0.018784398181383107,0.7139584597218528,61.562897077509525,0.8951486697965572,-0.007952522255192829,0.029951100244498763,0.02815485168426335,0.04789368104312941,0.04553415061295962,0.05862646566164154
6685,2025-12-06,-0.010409188801148606,0.011124694376528188,0.044977890082122496,0.019098077870872254,0.018739442567567537,0.03785777922778661,-0.040127193881695736,0.00944136074513896,0.04497789008212255,0.08886255924170616,-0.42964824622814,0.017410228509249184,0.6914946137971427,55.03573749187784,0.758998435054773,-0.010409188801148606,-0.007952522255192829,0.029951100244498763,0.044977890082122496,0.019098077870872254,0.0724217144238907
6685,2025-12-07,0.048119937129730284,0.028961424332344166,0.10348778004073322,0.08173196905415514,0.05270188221007893,0.08264160054617059,0.007403715544445601,0.01488820735736344,0.1034877800407332,0.15126162018592298,0.8279446762841374,0.021225054792940363,0.6285387821197979,67.84741144414168,1.0,0.048119937129730284,-0.010409188801148606,-0.007952522255192829,0.10348778004073322,0.08173196905415514,0.02341677240742877
6685,2025-12-08,0.008882224016610873,0.04642258913615693,0.12329822758797837,0.07102620622091593,0.044654892927224674,0.08622574021328737,0.017523630271567153,0.018913281065021558,0.12329822758797843,0.1799784133837021,0.5563832136003125,0.017150697461696774,0.7272008066223344,66.47727272727272,1.0,0.008882224016610873,0.048119937129730284,-0.010409188801148606,0.12329822758797837,0.07102620622091593,0.0014863937800137206
6685,2025-12-09,0.019780471072490258,0.0783460282916213,0.12104072398190047,0.08477256142057898,0.04809629331184522,0.10158710553943062,0.03847631664400521,0.02318327299323336,0.12104072398190045,0.1772703273495248,0.3962307096900196,0.015696826998542437,0.7311144896007449,68.56686201385189,1.0,0.019780471072490258,0.008882224016610873,0.048119937129730284,0.12104072398190047,0.08477256142057898,-0.025227043390514632
6685,2025-12-10,0.0052696490637964555,0.03426000692121356,0.0960880195599021,0.10473139477575155,0.0398979355138019,0.10109093886239437,0.044632558452637944,0.02571876847216727,0.0960880195599022,0.1834741288278775,0.4192275130230123,0.020298906981931743,0.7185069211713516,73.37733773377337,1.0,0.0052696490637964555,0.019780471072490258,0.008882224016610873,0.0960880195599021,0.10473139477575155,-0.02397947802810618
6685,2025-12-11,-0.003122908766451049,0.021952892750971786,0.060890207715133426,0.11390827517447666,0.027913319204166523,0.09256263675368652,0.042339114603917,0.02606071688918248,0.06089020771513353,0.1458974358974359,-0.7042201851520196,0.019579324233609308,0.7813223301919039,76.05473204104904,0.9597122302158273,-0.003122908766451049,0.0052696490637964555,0.019780471072490258,0.060890207715133426,0.11390827517447666,0.011635712687402103
6685,2025-12-12,-0.010069366748713393,-0.00796053369211791,0.058626465661641536,0.1093279839518555,0.009436576103786098,0.077613855035279,0.033036087248687895,0.024179698131280118,0.05862646566164154,0.11309598691659328,-0.14734893050001796,0.017518083182640146,0.7614262371615312,74.2761692650334,0.8302158273381295,-0.010069366748713393,-0.003122908766451049,0.0052696490637964555,0.058626465661641536,0.1093279839518555,0.03458408679927667
6685,2025-12-13,0.0024864376130198096,-0.01070711577068928,0.07242171442389078,0.12065698041692996,0.0021628252308089316,0.07641712073589563,0.03671285534329834,0.02243010403799038,0.0724217144238907,0.1111111111111111,-0.15441000290470816,0.012965050732807215,0.7397646701250101,77.1770062606716,0.6767676767676768,0.0024864376130198096,-0.010069366748713393,-0.003122908766451049,0.07242171442389078,0.12065698041692996,0.044644870349492674
6685,2025-12-14,0.00022547914317927464,-0.007384202282389785,0.023416772407428788,0.12932790224032598,-0.0008848276194919773,0.0732560999705638,0.03798185793656774,0.020561181051366804,0.02341677240742877,0.09693372898120672,0.06511336512360699,0.018597835888187555,0.7077266201462389,79.88235294117646,0.5727272727272728,0.00022547914317927464,0.0024864376130198096,-0.010069366748713393,0.023416772407428788,0.12932790224032598,0.07292605951307485
6685,2025-12-15,-0.01273669972948599,-0.010058770343580492,0.001486393780013806,0.1249678910865657,-0.013816509039439033,0.05725436549448789,0.025937687081912693,0.01716167207403274,0.0014863937800137206,0.06660983925962007,0.0964884865996403,0.022833656810138145,0.7265781293695012,77.91164658634538,0.0,-0.01273669972948599,0.00022547914317927464,0.0024864376130198096,0.001486393780013806,0.1249678910865657,0.10286562392967234
6685,2025-12-16,-0.007420938463294946,-0.019842164599774503,-0.025227043390514625,0.092760180995475,-0.01757954380357411,0.04666281421554468,0.019542335646585727,0.013519652817970663,-0.025227043390514632,0.08107435961203681,0.008859797589029817,0.022199217851391763,0.7566404502051558,72.52747252747253,0.0,-0.007420938463294946,-0.01273669972948599,0.00022547914317927464,-0.025227043390514625,0.092760180995475,0.1081205429031516
6685,2025-12-17,0.006556245686680562,-0.013638412984670834,-0.023979478028106183,0.06980440097799501,-0.007694550638242756,0.05005699658020511,0.02723592293285054,0.011461170958613954,-0.02397947802810618,0.10380928355196771,0.5608776634390563,0.0164552622557422,0.7497766296325072,69.40856560163154,0.2336065573770492,0.006556245686680562,-0.007420938463294946,-0.01273669972948599,-0.023979478028106183,0.06980440097799501,0.09473203062507142
6685,2025-12-18,0.033253342475145775,0.03230962438634544,0.011635712687402044,0.07323442136498515,0.02357849796235197,0.0799813672756807,0.061980855686852854,0.01359376080485031,0.011635712687402103,0.1465888917068222,0.40983030137638776,0.020017695200176953,0.6708807189586529,70.33618984838496,1.0,0.033253342475145775,0.006556245686680562,-0.007420938463294946,0.011635712687402044,0.07323442136498515,0.06016368060163681
6685,2025-12-19,0.012386640123866366,0.05291005291005302,0.0345840867992766,0.09523809523809534,0.031154452705094874,0.08748767458529176,0.07572764319467053,0.015961935607822997,0.03458408679927667,0.17389074121569634,0.1298195063598443,0.01824339086738038,0.720422940013184,75.48015364916773,1.0,0.012386640123866366,0.033253342475145775,0.006556245686680562,0.0345840867992766,0.09523809523809534,0.00917631636443085
6685,2025-12-20,0.012235088485907708,0.05885041709518912,0.044644870349492605,0.12029984282432604,0.037161405865233935,0.09497417959656368,0.08931027591314682,0.0183798978167068,0.044644870349492674,0.16935890964159517,0.10836072614016289,0.01661990071228146,0.7387541761511982,81.34845620667926,1.0,0.012235088485907708,0.012386640123866366,0.033253342475145775,0.044644870349492605,0.12029984282432604,0.0039930930282754155
6685,2025-12-21,0.027304122598748037,0.05275381552753822,0.07292605951307474,0.09805052485869181,0.05456991374535104,0.11815469431544987,0.1189608557658399,0.022524270429475808,0.07292605951307485,0.1907680760570428,0.33419914724271804,0.020590398151066287,0.6808768669728112,79.47295423023579,1.0,0.027304122598748037,0.012235088485907708,0.012386640123866366,0.07292605951307474,0.09805052485869181,-0.03151591553734636
6685,2025-12-22,0.014812480302552888,0.055276381909547645,0.10286562392967236,0.10450491653327232,0.05514464937739915,0.1278985591854844,0.13503139809653125,0.026145661092194825,0.10286562392967234,0.19024149827501233,-0.6664209971579977,0.01956521739130435,0.6760177604461997,80.3452855245684,1.0,0.014812480302552888,0.027304122598748037,0.012235088485907708,0.10286562392967236,0.10450491653327232,-0.059006211180124224
6685,2025-12-23,-0.0026915113871636143,0.039715087416360983,0.10812054290315154,0.08016593788541315,0.037092855165626146,0.117814958345903,0.13130886117569704,0.027206101922233814,0.1081205429031516,0.20214624407287246,-0.18725503617099765,0.017645837658293542,0.7288376627562202,76.30610743193525,0.9713971397139713,-0.0026915113871636143,0.014812480302552888,0.027304122598748037,0.10812054290315154,0.08016593788541315,-0.07245173344405231
6685,2025-12-24,-0.005605148432634377,0.006408236159260339,0.0947320306250714,0.06848092795003335,0.01829777541568595,0.10550366962595968,0.12417564364336182,0.026266358105371226,0.09473203062507142,0.17315699240754348,-0.638924853695168,0.01951983298538622,0.7498019288036499,72.47437774524158,0.8705501618122977,-0.005605148432634377,-0.0026915113871636143,0.014812480302552888,0.0947320306250714,0.06848092795003335,-0.0778705636743215
6685,2025-12-25,0.0006263048016701411,-0.007660455486542483,0.06016368060163679,0.07249944059073621,0.010587508848024736,0.10042244466893185,0.12399601336694613,0.02482784575542612,0.06016368060163681,0.16589637557771833,-0.6255951092163846,0.013457124973920301,0.7965343290642534,74.10714285714286,0.8537549407114624,0.0006263048016701411,-0.005605148432634377,-0.0026915113871636143,0.06016368060163679,0.07249944059073621,-0.09023576048403922
6685,2025-12-26,-0.03630294179011062,-0.04110442183931906,0.009176316364430948,0.0440777576853526,-0.027330294962622105,0.05594037903207366,0.08261900514472553,0.018764043334558802,0.00917631636443085,0.13824544110399212,-0.5275854141465205,0.0229486901926824,0.6432907906658201,62.172284644194754,0.0,-0.03630294179011062,0.0006263048016701411,-0.005605148432634377,0.009176316364430948,0.0440777576853526,-0.06722234249837628
6685,2025-12-27,0.007036155011907352,-0.028914405010438404,0.003993093028275441,0.048816234498308964,-0.021031268791340978,0.0582132958212158,0.08966608665322698,0.0150053115973366,0.0039930930282754155,0.15939680957128613,-0.44160189543721595,0.01676878426314092,0.6824167340368971,63.16109422492401,0.15402843601895735,0.007036155011907352,-0.03630294179011062,0.0006263048016701411,0.003993093028275441,0.048816234498308964,-0.10953455874449103
6685,2025-12-28,-0.009029345372460473,-0.03828499895681203,-0.03151591553734634,0.039111812443642924,-0.02547568710359408,0.04373915012453777,0.07946325419706696,0.011017345574748464,-0.03151591553734636,0.15584252758274825,0.08385984659994906,0.019958780778826336,0.7514908469228057,60.04632310364794,0.0,-0.009029345372460473,0.007036155011907352,-0.03630294179011062,-0.03151591553734634,0.039111812443642924,-0.10402429764616553
6685,2025-12-29,-0.013992840872111945,-0.01602078371941984,-0.05900621118012417,0.03778970202077869,-0.03076923076923085,0.024590933854332933,0.06415774665475157,0.006439180882957559,-0.059006211180124224,0.14845230574857865,-0.06253653533688139,0.0165016501650165,0.6776726162179293,59.495123350545036,0.0,-0.013992840872111945,-0.009029345372460473,0.007036155011907352,-0.05900621118012417,0.03778970202077869,-0.09911991199119911
6685,2025-12-30,-0.016941694169416932,-0.03944963990110717,-0.07245173344405231,0.027835288704853856,-0.03695036334523959,0.003162010964132624,0.046047471700763634,0.001289392804530794,-0.07245173344405231,0.13747454175152748,0.15043967916722475,0.0209265890778872,0.8235352414721501,56.60480349344978,0.0,-0.016941694169416932,-0.013992840872111945,-0.009029345372460473,-0.07245173344405231,0.027835288704853856,-0.07094897045658012
6685,2025-12-31,-0.011414503133392984,-0.041761579347000755,-0.07787056367432155,0.00948463032796254,-0.03688128835311336,-0.012162529865850586,0.03403473314162863,-0.0034316380858362833,-0.0778705636743215,0.13460056511687646,0.03941227097068735,0.018338238623500112,0.7155388471177945,52.21097496004262,0.0,-0.011414503133392984,-0.016941694169416932,-0.013992840872111945,-0.07787056367432155,0.00948463032796254,-0.05524111387819787
6685,2026-01-01,-0.012791487434910542,-0.04059405940594063,-0.09023576048403925,-0.035500995355009946,-0.03621666850854902,-0.027571288394635875,0.020910129107950693,-0.007881036423473828,-0.09023576048403922,0.09615384615384616,-0.9290581984104643,0.022933149868134387,0.8263936514156951,40.5532666274279,0.0,-0.012791487434910542,-0.011414503133392984,-0.016941694169416932,-0.09023576048403925,-0.035500995355009946,-0.0478156174750602
6685,2026-01-02,-0.011925237931429855,-0.03569829901521937,-0.06722234249837622,-0.05866287961546868,-0.03828125,-0.04072582889585698,0.009062343458263103,-0.01191418644577814,-0.06722234249837628,0.053422982885085575,0.2172349934895678,0.018800046419867704,0.6867222304417155,34.12182140745122,0.0,-0.011925237931429855,-0.012791487434910542,-0.011414503133392984,-0.06722234249837622,-0.05866287961546868,-0.01868399675060926
6685,2026-01-03,-0.03864453986306138,-0.06225945211682138,-0.10953455874449103,-0.10597884739909347,-0.06017730668870837,-0.07731376975169299,-0.029188412137879406,-0.018614099969786056,-0.10953455874449103,-0.016735905044510387,2.024272426504811,0.018107194591984548,0.7403433198053819,24.32008368200836,0.0,-0.03864453986306138,-0.011925237931429855,-0.012791487434910542,-0.10953455874449103,-0.10597884739909347,0.061564461612747465
6685,2026-01-04,-0.002897151134717557,-0.05286091044604979,-0.1040242976461655,-0.1322617922050635,-0.048105100260116475,-0.07965206539744324,-0.03120626158212863,-0.022802286265150035,-0.10402429764616553,-0.011725293132328308,-0.1857161090711466,0.015012106537530266,0.7764457228816598,12.596553773024354,0.0,-0.002897151134717557,-0.03864453986306138,-0.011925237931429855,-0.1040242976461655,-0.1322617922050635,0.07723970944309927
6685,2026-01-05,-0.008595641646489072,-0.049669258442613384,-0.09911991199119907,-0.15227743271221528,-0.04207817382730909,-0.08728507527009555,-0.038708103828550645,-0.025832551977952173,-0.09911991199119911,-0.009914157901100229,-0.3008321447135482,0.016119184271583833,0.735490459110701,4.401735895846258,0.0,-0.008595641646489072,-0.002897151134717557,-0.03864453986306138,-0.09911991199119907,-0.15227743271221528,0.11344486506288924
6685,2026-01-06,0.013798998656734618,0.002172863351038057,-0.07094897045658011,-0.13826032800498234,-0.018460654990119382,-0.07342715878525426,-0.024679964547107653,-0.025460703928080305,-0.07094897045658012,-0.04233475602722344,0.9122966853345482,0.016020236087689713,0.6903469719117976,10.823529411764696,0.17519379844961241,0.013798998656734618,-0.008595641646489072,-0.002897151134717557,-0.07094897045658011,-0.13826032800498234,0.10286677908937605
6685,2026-01-07,0.005299927728258158,0.010411622276029098,-0.055241113878197856,-0.1288100208768267,-0.005057988044755438,-0.06712817207345843,-0.01875513555245804,-0.02378930864240479,-0.05524111387819787,-0.0457351932311914,-0.6428455155287027,0.006829618979151689,0.671040707195438,13.491124260355036,0.2951127819548872,0.005299927728258158,0.013798998656734618,-0.008595641646489072,-0.055241113878197856,-0.1288100208768267,0.08938413611310808
6685,2026-01-08,-0.005032350826743359,0.01404322872145558,-0.047815617475060246,-0.1337366993532234,-0.00298446022434911,-0.06969101732005895,-0.022946430439057006,-0.022507106692806263,-0.0478156174750602,-0.06895391860073999,-0.47713663773669973,0.015173410404624277,0.7619759773111565,12.86210892236386,0.26869158878504673,-0.005032350826743359,0.005299927728258158,0.013798998656734618,-0.047815617475060246,-0.1337366993532234,0.09489402697495183
6685,2026-01-09,0.018304431599229343,0.018549747048903775,-0.018683996750609277,-0.08465035722017755,0.018076744466039425,-0.05085456014846308,-0.004525833878351959,-0.018820507385588377,-0.01868399675060926,-0.05688155253178675,-0.455839248959102,0.019276253547776727,0.7134537136246212,24.444444444444443,1.0,0.018304431599229343,-0.005032350826743359,0.005299927728258158,-0.018683996750609277,-0.08465035722017755,0.08597445600756859
6685,2026-01-10,0.0399716177861873,0.05367840881859576,0.061564461612747534,-0.05471353326883799,0.04956437230396747,-0.01238357641280582,0.035538494147570626,-0.011130131015411248,0.061564461612747465,-0.016110986797941373,-0.06613533817047407,0.020582215146690924,0.6307961707281325,35.88463671658347,1.0,0.0399716177861873,0.018304431599229343,-0.005032350826743359,0.061564461612747534,-0.05471353326883799,0.03206731862633614
6685,2026-01-11,0.011826245167159355,0.07153179190751446,0.07723970944309921,-0.03481939472827855,0.05054900571775537,-0.0008907919065191541,0.047754867071383614,-0.004371850450197449,0.07723970944309927,0.005650994575045208,0.2690368839072607,0.020116880197797258,0.7194526442098611,41.19583104772353,1.0,0.011826245167159355,0.0399716177861873,0.018304431599229343,0.07723970944309921,-0.03481939472827855,0.012362328613171499
6685,2026-01-12,0.024724657226343094,0.07828760643330179,0.1134448650628892,0.0030803080308030584,0.05991563984190764,0.022862399317942077,0.07324881999128961,0.0030806602617544977,0.11344486506288924,0.027959413754227735,0.8547990700064441,0.015244571177889889,0.7239438242879681,50.731452455590386,1.0,0.024724657226343094,0.011826245167159355,0.0399716177861873,0.1134448650628892,0.0030803080308030584,-0.02412809826716385
6685,2026-01-13,0.00416758060978295,0.04116443029338179,0.10286677908937603,0.02461951656222028,0.04944982970919561,0.026035635575809714,0.0771863271951509,0.00825402874203545,0.10286677908937605,0.032010820559062216,0.8400385859540478,0.011904761904761904,0.7466543966487343,56.11790878754171,1.0,0.00416758060978295,0.024724657226343094,0.011826245167159355,0.10286677908937603,0.02461951656222028,-0.03014416775884666
6685,2026-01-14,-0.006989951944080364,0.02180265228141165,0.08938413611310803,0.02920534299298172,0.02953832217153583,0.017597922721354436,0.06892745406686997,0.010452105124397273,0.08938413611310808,0.03801803858888001,0.7684692904715299,0.015398152221733392,0.7808970783993074,57.32954545454545,0.9248826291079812,-0.006989951944080364,0.00416758060978295,0.024724657226343094,0.08938413611310803,0.02920534299298172,-0.02188737351517818
6685,2026-01-15,0.0,-0.002851502522483007,0.09489402697495186,0.04254099300538927,0.016579880522633553,0.016089196508730093,0.06837478505988293,0.011509838464852552,0.09489402697495183,0.045778697952611,-0.027925045748160685,0.0166080070391553,0.7660947352984309,61.26290224650881,0.9085714285714286,0.0,-0.006989951944080364,0.00416758060978295,0.09489402697495186,0.04254099300538927,-0.011658600967883855
6685,2026-01-16,0.010008798944126651,0.002948885976408855,0.08597445600756859,0.06568411280027853,0.014968499834209566,0.02461013192101857,0.07857364713374802,0.01297688302189589,0.08597445600756859,0.049365786767226603,0.37244430864206335,0.015245562452357617,0.7536861089935482,67.31946144430844,1.0,0.010008798944126651,0.0,-0.006989951944080364,0.08597445600756859,0.06568411280027853,-0.02591745616900795
6685,2026-01-17,-0.01165196558858761,-0.0017597888253410021,0.03206731862633605,0.0956059874456785,-0.0013047237286803713,0.012543370012680868,0.0656946115128,0.01209853863502173,0.03206731862633614,0.0037602300376023004,0.25025735715586744,0.019061260467166153,0.7458039491668174,78.125,0.624561403508772,-0.01165196558858761,0.010008798944126651,0.0,0.03206731862633605,0.0956059874456785,-0.018289995592772147
6685,2026-01-18,-0.007492287351256066,-0.009238891333040011,0.012362328613171547,0.09055690072639222,-0.010498234601804714,0.005503030573632254,0.05783985219052385,0.01024389855226277,0.012362328613171499,-0.01594931177627267,0.22736543568015208,0.017539964476021314,0.7665659979101047,75.75757575757575,0.0,-0.007492287351256066,-0.01165196558858761,0.010008798944126651,0.012362328613171547,0.09055690072639222,-0.007881882770870338
6685,2026-01-19,-0.01221136767317943,-0.031035609278013743,-0.02412809826716389,0.08657955794358285,-0.019195338949688973,-0.005413703039945061,0.045159471586415416,0.0072738026287769795,-0.02412809826716385,-0.039715087416360886,0.07591224720220087,0.01629579680827152,0.738965193536333,73.77598926894701,0.0,-0.01221136767317943,-0.007492287351256066,-0.01165196558858761,-0.02412809826716389,0.08657955794358285,0.008541245223645763
6685,2026-01-20,-0.0020229265003371966,-0.021595416483032204,-0.03014416775884665,0.06962177788484714,-0.016906799095351872,-0.00505688056947794,0.043129597627637135,0.004865652341243518,-0.03014416775884666,-0.06712890009454775,-0.33419499627170135,0.017905405405405406,0.6807279452684388,70.70200573065902,0.0,-0.0020229265003371966,-0.01221136767317943,-0.007492287351256066,-0.03014416775884665,0.06962177788484714,0.010585585585585585
6685,2026-01-21,0.0014639639639639768,-0.01276642984014209,-0.02188737351517822,0.0655403786244908,-0.012359194034586648,-0.0007378636413009826,0.04466624638288378,0.0033063035239580996,-0.02188737351517818,-0.07939958592132505,-0.7037855381148634,0.013718655122006072,0.7347178447748312,70.03663003663004,0.0429042904290429,0.0014639639639639768,-0.0020229265003371966,-0.01221136767317943,-0.02188737351517822,0.0655403786244908,0.014955583042842686
6685,2026-01-22,0.010457663330709632,0.009889862890537282,-0.011658600967883848,0.0821290944123314,-0.00034962812281479533,0.012168702292942398,0.05535959661602184,0.0033946481727340945,-0.011658600967883855,-0.06726178119161304,-0.6548715361706231,0.014689517026485644,0.6954621424946094,74.0819209039548,0.34983498349834985,0.010457663330709632,0.0014639639639639768,-0.0020229265003371966,-0.011658600967883848,0.0821290944123314,-0.023703538838192744
6685,2026-01-23,-0.004562653015802387,0.007319819819819884,-0.02591745616900798,0.05782876064333009,-0.001132629295217404,0.009958450004516386,0.050234624802522526,0.0028044022234965382,-0.02591745616900795,-0.0662839248434238,-0.5628326879779735,0.0169927333705981,0.7414230358648918,68.73563218390805,0.33163265306122447,-0.004562653015802387,0.010457663330709632,0.0014639639639639768,-0.02591745616900798,0.05782876064333009,-0.03856903297931805
6685,2026-01-24,-0.003912800447177234,0.0019116158776566472,-0.018289995592772113,0.013190811917216383,-0.002399232245681295,0.008572679113150336,0.04569964334848176,0.0018710413002081935,-0.018289995592772147,-0.07051950761527227,-0.4547493925945692,0.018294051627384962,0.7800177482286986,55.78842315369262,0.234375,-0.003912800447177234,-0.004562653015802387,0.010457663330709632,-0.018289995592772113,0.013190811917216383,-0.06217732884399551
6685,2026-01-25,0.003030303030302939,-0.005452926774983324,-0.007881882770870319,0.004383007417397167,0.001761437332863675,0.012779202725826956,0.04829018947500135,0.0015541590729906936,-0.007881882770870338,-0.03258281013206322,-0.23793078505153112,0.013203535862146135,0.7518170130977687,52.10810810810811,0.5377358490566038,0.003030303030302939,-0.003912800447177234,-0.004562653015802387,-0.007881882770870319,0.004383007417397167,-0.099026518966096
6685,2026-01-26,0.0041400917533847,0.0032420346562325175,0.008541245223645744,-0.01579293704759821,0.0046861255497801175,0.018237656865785698,0.05188716105337181,0.0017788939638365329,0.008541245223645763,-0.035364936042136946,0.02050090071630429,0.012703365277468242,0.7529220288030296,40.296495956873315,0.8867924528301887,0.0041400917533847,0.003030303030302939,-0.003912800447177234,0.008541245223645744,-0.01579293704759821,-0.09326944506351682
6685,2026-01-27,0.0,0.0071829405162737725,0.010585585585585644,-0.019877675840978548,0.0031779491847521444,0.019182064939637214,0.05110685979775902,0.0018652496313280678,0.010585585585585585,-0.026575550493545937,-0.008551862670482519,0.010363271673724092,0.8058719759526946,37.07386363636363,0.8709677419354839,0.0,0.0041400917533847,0.003030303030302939,0.010585585585585644,-0.019877675840978548,-0.09583240472476041
6685,2026-01-28,0.005794517494985607,0.009958599082466213,0.014955583042842724,-0.007259128904531509,0.006852371239163604,0.02533615561420576,0.05638088698854596,0.0025353046670749772,0.014955583042842686,-0.0070407040704070405,-0.10859055244949038,0.013848881010414359,0.7314111469392437,45.23121387283237,1.0,0.005794517494985607,0.0,0.0041400917533847,0.014955583042842724,-0.007259128904531509,-0.10491912253489918
6685,2026-01-29,-0.028030135165078685,-0.02239803877869395,-0.02370353883819276,-0.03508578970523535,-0.01803674507107562,-0.002788660457855556,0.02615788304006923,-0.0004110105246850814,-0.023703538838192744,-0.0182408236347359,1.3670059168399464,0.018237774991451045,0.7344057789640694,33.12169312169313,0.0,-0.028030135165078685,0.005794517494985607,0.0,-0.02370353883819276,-0.03508578970523535,-0.07602872449561153
6685,2026-01-30,-0.01971959420950642,-0.04167595275239577,-0.03856903297931802,-0.06348687792660346,-0.032060970511624945,-0.021585789481668033,0.005530417295123092,-0.00460023860603285,-0.03856903297931805,-0.026488566900611275,-0.32341742322382216,0.020116279069767443,0.8245020488323738,21.616358325219096,0.0,-0.01971959420950642,-0.028030135165078685,0.005794517494985607,-0.03856903297931802,-0.06348687792660346,-0.06209302325581395
6685,2026-01-31,-0.02837209302325583,-0.07423000221582099,-0.062177328843995516,-0.07933010136624064,-0.05107073329007144,-0.0480277373759623,-0.0231483345694872,-0.01045589096946868,-0.06217732884399551,-0.041852998509345256,0.3525163378604707,0.017113451412158927,0.7511040413724978,19.072164948453604,0.0,-0.02837209302325583,-0.01971959420950642,-0.028030135165078685,-0.062177328843995516,-0.07933010136624064,-0.01543800861656295
6685,2026-02-01,-0.03638104356151273,-0.08218397355522622,-0.09902651896609604,-0.1061278863232682,-0.07227388692288694,-0.08068898851432096,-0.058627301211204866,-0.01812273180575438,-0.099026518966096,-0.06556806313102008,0.8064278298057991,0.013040238450074515,0.7348575408911245,15.857142857142861,0.0,-0.03638104356151273,-0.02837209302325583,-0.01971959420950642,-0.09902651896609604,-0.1061278863232682,0.011425732737208148
6685,2026-02-02,0.010556383507203115,-0.053837209302325606,-0.09326944506351686,-0.08552483704203195,-0.04938415834974471,-0.07046436799116584,-0.04871576043115853,-0.0214733698898901,-0.09326944506351682,-0.017745050700144857,-0.6148709363563616,0.013518495760108148,0.7310741648176228,22.327272727272728,0.08726899383983573,0.010556383507203115,-0.03638104356151273,-0.02837209302325583,-0.09326944506351686,-0.08552483704203195,0.008848469952070788
6685,2026-02-03,-0.002826594568022589,-0.028961225466730522,-0.0958324047247604,-0.08626126126126121,-0.03826746588099837,-0.0725761899500513,-0.051756936265694,-0.023329398413287492,-0.09583240472476041,-0.017675544794188862,0.03357349044427024,0.010845452304658615,0.740840760716175,22.246376811594203,0.06365503080082136,-0.002826594568022589,0.010556383507203115,-0.03638104356151273,-0.0958324047247604,-0.08626126126126121,0.030071481390189794
6685,2026-02-04,-0.0043135321666255555,0.003353204172876323,-0.10491912253489921,-0.09153266614190936,-0.026810758720380055,-0.07618949607217583,-0.056438991853122636,-0.024305759163224062,-0.10491912253489918,-0.013432653559653193,-0.15529151556348408,0.010644881792301027,0.692897991278862,20.9700427960057,0.03744798890429958,-0.0043135321666255555,-0.002826594568022589,0.010556383507203115,-0.10491912253489921,-0.09153266614190936,0.03799975244460948
6685,2026-02-05,0.0033419977720015037,-0.0038097578960304412,-0.07602872449561149,-0.09793011350990433,-0.012220597451430896,-0.07240915003261328,-0.05399272282144975,-0.023791174998367134,-0.07602872449561153,-0.023608768971332208,0.1924269236779531,0.012706637058968665,0.7025893832394632,17.06586826347305,0.09854014598540146,0.0033419977720015037,-0.0043135321666255555,-0.002826594568022589,-0.07602872449561149,-0.09793011350990433,0.033308660251665435
6685,2026-02-06,-0.004934616333580055,-0.005915701257086514,-0.062093023255814006,-0.09826718837339299,-0.007872078720787207,-0.07599958760209703,-0.05945853501798313,-0.02325788016312925,-0.06209302325581395,-0.033549005511622335,-0.7622767685172345,0.004835110339697496,0.7760421167862184,17.078651685393254,0.046052631578947366,-0.004934616333580055,0.0033419977720015037,-0.0043135321666255555,-0.062093023255814006,-0.09826718837339299,0.020704190428961072
6685,2026-02-07,0.019960327299776814,0.018319098898378572,-0.01543800861656297,-0.07665544332210994,0.01423011218541415,-0.057279053955982685,-0.04149346975920502,-0.01985888860748701,-0.01543800861656295,-0.009272639691714836,-0.9429313757691341,0.021392974352740974,0.7706179111953916,26.625598904859686,1.0,0.019960327299776814,-0.004934616333580055,0.0033419977720015037,-0.01543800861656297,-0.07665544332210994,-0.004983590616263522
6685,2026-02-08,-0.01008873222316764,0.004687885516901025,0.011425732737208039,-0.08873223676849051,0.002373709844741841,-0.06567645911569678,-0.051860743987136755,-0.018169607372544274,0.011425732737208148,-0.036896877956480605,-0.8488977274687384,0.012892927308447938,0.830205227153131,23.862887277521423,0.484472049689441,-0.01008873222316764,0.019960327299776814,-0.004934616333580055,0.011425732737208039,-0.08873223676849051,0.005525540275049116
6685,2026-02-09,0.007981335952848667,0.01772873791222418,0.008848469952070781,-0.08524626699353688,0.009096496619545175,-0.05610768505494258,-0.04479869676518501,-0.015542967545024024,0.008848469952070788,-0.06652262906527177,-0.6275235799562783,0.0129126568400536,0.7384848159141456,25.24271844660194,0.8881987577639752,0.007981335952848667,-0.01008873222316764,0.019960327299776814,0.008848469952070781,-0.08524626699353688,-0.01449628456572055
6685,2026-02-10,0.018150810086490443,0.01592317977391522,0.03007148139018989,-0.06864274570982842,0.023028904159890857,-0.03698212920893046,-0.027975019027768194,-0.011198372794102155,0.030071481390189794,-0.060687795010114634,-0.343206309542402,0.024168461354391,0.5206814966293738,31.818181818181827,1.0,0.018150810086490443,0.007981335952848667,-0.01008873222316764,0.03007148139018989,-0.06864274570982842,-0.03433835845896147
6685,2026-02-11,0.003350083752093891,0.029715127701375188,0.0379997524446094,-0.07090627077332157,0.02097537219980514,-0.03103178668679743,-0.025226277070590143,-0.0076073562171449826,0.03799975244460948,-0.08028076332529063,1.786152470430202,0.011924636298592892,0.7394301425502066,30.83832335329342,1.0,0.003350083752093891,0.018150810086490443,0.007981335952848667,0.0379997524446094,-0.07090627077332157,-0.03672787979966611
6685,2026-02-12,-0.0011924636298592528,0.020343525398952345,0.033308660251665456,-0.04525247919753794,0.01499151750164463,-0.029270987456394938,-0.026750671348894903,-0.00516288590302763,0.033308660251665435,-0.08519003931847968,-0.3611089355422456,0.02005730659025788,0.681886954361719,36.08969866853539,0.96875,-0.0011924636298592528,0.003350083752093891,0.018150810086490443,0.033308660251665456,-0.04525247919753794,-0.02005730659025788
6685,2026-02-13,-0.01707258834766001,-0.014955731036133013,0.0207041904289611,-0.042674418604651154,-0.005212918371221897,-0.04266699741858455,-0.04339249219900831,-0.005414192356597423,0.020704190428961072,-0.09447866256049274,1.6594249514231165,0.016275962589578526,0.6935376308365108,36.86471009305655,0.3677685950413223,-0.01707258834766001,-0.0011924636298592528,0.003350083752093891,0.0207041904289611,-0.042674418604651154,0.0006073120369245718
6685,2026-02-14,-0.005708733147090972,-0.023849272597185833,-0.004983590616263522,-0.020344662517951195,-0.010191390865749956,-0.04477774493177542,-0.04903030107457476,-0.006063386263081121,-0.004983590616263522,-0.0996480422349318,1.0730628791118066,0.014048375274859515,0.7087342633548827,42.91666666666667,0.17355371900826447,-0.005708733147090972,-0.01707258834766001,-0.0011924636298592528,-0.004983590616263522,-0.020344662517951195,0.011238700219887612
6685,2026-02-15,0.00036647935499622974,-0.02232569245463223,0.005525540275049146,0.017014406358668577,-0.01059771821116046,-0.04071878733922175,-0.049002175523170814,-0.006245139319307085,0.005525540275049116,-0.10824349341173908,-0.4075850497732913,0.011723043106606424,0.6821890260357173,57.619577308120135,0.015,0.00036647935499622974,-0.005708733147090972,-0.01707258834766001,0.005525540275049146,0.017014406358668577,0.019660520210037856
6685,2026-02-16,-0.012089388203687879,-0.017369124256042756,-0.014496284565720496,-0.005776084552046257,-0.02054723442526555,-0.04865314058139173,-0.060746397657348565,-0.007564929906012396,-0.01449628456572055,-0.10863816659321288,0.23648600893115293,0.01508034610630408,0.7241041170301123,47.426067907995616,0.0,-0.012089388203687879,0.00036647935499622974,-0.005708733147090972,-0.014496284565720496,-0.005776084552046257,0.02484548825710754
6685,2026-02-17,-0.0023485784919653474,-0.01404837527485947,-0.03433835845896149,-0.0052994823761399745,-0.017972918948045463,-0.04738861020950133,-0.06328219399249221,-0.008452083539196641,-0.03433835845896147,-0.10401865008880995,-0.5504821339187429,0.00718622227728906,0.6941360067325212,47.63476347634763,0.0,-0.0023485784919653474,-0.012089388203687879,0.00036647935499622974,-0.03433835845896149,-0.0052994823761399745,0.014620245322760501
6685,2026-02-18,0.0008673026886383273,-0.013554768592013655,-0.036727879799666074,-0.00012377769525928617,-0.011830907152718265,-0.0434765447691973,-0.06265592425127356,-0.008655058198310178,-0.03672787979966611,-0.09215554057091481,-0.4117363126333001,0.012998266897746967,0.6857964941381028,49.94324631101022,0.022950819672131147,0.0008673026886383273,-0.0023485784919653474,-0.012089388203687879,-0.036727879799666074,-0.00012377769525928617,0.02512998266897747
6685,2026-02-19,0.016093092349591442,0.014585908529048286,-0.02005730659025784,0.012583271650629113,0.007028306020506577,-0.025498351689666472,-0.047833871036346884,-0.006639712935575886,-0.02005730659025788,-0.07567567567567568,-0.47719849635144096,0.0148635477582846,0.7367912015032607,55.18292682926829,0.845679012345679,0.016093092349591442,0.0008673026886383273,-0.0023485784919653474,-0.02005730659025784,0.012583271650629113,0.0
6685,2026-02-20,0.003654970760234022,0.02069136414322892,0.0006073120369245455,0.02132407636994782,0.0106203995793901,-0.019394670433443804,-0.044503984133059685,-0.004679925681716564,0.0006073120369245718,-0.07365343528618014,-0.13067201793755404,0.01250303471716436,0.6998431340453684,58.829568788501035,1.0,0.003654970760234022,0.016093092349591442,0.0008673026886383273,0.0006073120369245455,0.02132407636994782,-0.010682204418548192
6685,2026-02-21,0.004855547462976562,0.024758603614756236,0.01123870021988771,0.006199100522669365,0.01389277715565511,-0.011857392965144112,-0.040191080587000785,-0.00268127028516026,0.011238700219887612,-0.07878922768751391,-0.47121606031954316,0.012321816863976806,0.7294071043420679,52.989449003516995,1.0,0.004855547462976562,0.003654970760234022,0.016093092349591442,0.01123870021988771,0.006199100522669365,-0.01063058709833293
6685,2026-02-22,0.008697753080454174,0.017300194931773927,0.019660520210037946,0.025294695481336005,0.01983843107148467,-0.0008973975471133712,-0.032072344059319774,-0.00027413453053067363,0.019660520210037856,-0.0665176076020123,0.8523555671778397,0.012095808383233533,0.7541539964481037,62.23277909738717,1.0,0.008697753080454174,0.004855547462976562,0.003654970760234022,0.019660520210037946,0.025294695481336005,-0.02562874251497006
6685,2026-02-23,-0.007065868263473107,0.006433600388443761,0.02484548825710764,0.009989036423437625,0.009093438119414467,-0.005501667293067754,-0.03899699924015103,0.00046087608083910866,0.02484548825710754,-0.06947250280583614,0.005024622091863009,0.01567965263538777,0.7600458970628245,54.90430622009569,0.7885304659498208,-0.007065868263473107,0.008697753080454174,0.004855547462976562,0.02484548825710764,0.009989036423437625,-0.01869497044988542
6685,2026-02-24,-0.012302496683150421,-0.010751389224450403,0.014620245322760406,-0.020220148360851842,-0.005361604664075482,-0.014789980670361387,-0.05090896447460088,-0.0005197747319615625,0.014620245322760501,-0.08369699004140092,-0.5617877912851749,0.019294175112956405,0.7739802325828905,39.29024081115335,0.40808823529411764,-0.012302496683150421,-0.007065868263473107,0.008697753080454174,0.014620245322760406,-0.020220148360851842,-0.01770667969227012
6685,2026-02-25,0.011234582977164509,-0.00826347305389219,0.02512998266897748,-0.012520868113522488,0.002282354975360972,-0.0009450465485694334,-0.04056385169927912,0.00016200108671290587,0.02512998266897747,-0.07722308892355695,0.18882459159410298,0.010868252626494384,0.7779132546688002,43.84525205158265,0.5714285714285714,0.011234582977164509,-0.012302496683150421,-0.007065868263473107,0.02512998266897748,-0.012520868113522488,-0.02427243086583746
6685,2026-02-26,-0.008815360463712119,-0.010010855144132247,0.0,-0.02005730659025784,-0.006553125270165093,-0.0066922415983928065,-0.04930556270526835,-0.0004334051943636397,0.0,-0.08535770002228661,-0.06329833384294246,0.02046783625730994,0.6943979602392703,40.8296943231441,0.11801242236024845,-0.008815360463712119,0.011234582977164509,-0.012302496683150421,0.0,-0.02005730659025784,-0.01364522417153996
6685,2026-02-27,-0.007066276803118887,-0.004762486262058885,-0.010682204418548169,-0.010081379812947877,-0.012069891076592816,-0.010213623832598627,-0.05630883595984384,-0.0016294640263272478,-0.010682204418548192,-0.09705295812098383,0.6580233012956649,0.015337423312883436,0.722587906962401,45.006016847172084,0.0,-0.007066276803118887,-0.008815360463712119,0.011234582977164509,-0.010682204418548169,-0.010081379812947877,0.0017177914110429449
6685,2026-02-28,0.004907975460122671,-0.01098901098901095,-0.010630587098332978,0.000488639139995195,-0.005705960908097609,-0.0030027592923226013,-0.05208455236040075,-0.0017862655752385777,-0.01063058709833293,-0.06645389262509974,1.3023232424821483,0.016483516483516484,0.7485497116896732,50.24271844660194,0.2,0.004907975460122671,-0.007066276803118887,-0.008815360463712119,-0.010630587098332978,0.000488639139995195,0.0003663003663003663
6685,2026-03-01,-0.00659340659340657,-0.00877192982456143,-0.02562874251497005,-0.006472096715105624,-0.008582122029767509,-0.007708069079910323,-0.05875819942387113,-0.002597697585280238,-0.02562874251497006,-0.053953488372093024,0.9920890814785392,0.019051130776794493,0.6772787012855153,46.97142857142857,0.0,-0.00659340659340657,0.004907975460122671,-0.007066276803118887,-0.02562874251497005,-0.006472096715105624,-0.0024582104228121925
6685,2026-03-02,0.0,-0.0017177914110428905,-0.01869497044988544,0.005686032138442432,-0.00589980799441443,-0.006819772457234019,-0.05897593078800352,-0.003040654652473761,-0.01869497044988542,-0.026328386787936812,0.2943508522586237,0.014872173058013766,0.7500101366641498,52.9639175257732,0.0,0.0,-0.00659340659340657,0.004907975460122671,-0.01869497044988544,0.005686032138442432,0.008357915437561455
6685,2026-03-03,-0.011307767944936042,-0.017826617826617874,-0.017706679692270133,-0.003345310370462151,-0.01464695073934726,-0.01801845793251628,-0.069454173870012,-0.004545380922124512,-0.01770667969227012,-0.0009935419771485345,0.26992467838525946,0.011064147190452511,0.7556694384444163,48.40989399293286,0.0,-0.011307767944936042,0.0,-0.00659340659340657,-0.017706679692270133,-0.003345310370462151,0.010691198408751865
6685,2026-03-04,0.004475385380407815,-0.006882989183874089,-0.024272430865837413,0.00024758603614749575,-0.006743467266086011,-0.013394874049110446,-0.06487494374075732,-0.0048614966318816216,-0.02427243086583746,-0.00700503871205604,-0.017838128898030593,0.01349009900990099,0.6741596140512148,50.11389521640091,0.21951219512195122,0.004475385380407815,-0.011307767944936042,0.0,-0.024272430865837413,0.00024758603614749575,0.005940594059405941
6685,2026-03-05,0.001980198019801982,-0.004916420845624381,-0.013645224171540016,-0.013645224171540016,-0.0028153153153153473,-0.01136877068298108,-0.06270742537831814,-0.0046769772950818285,-0.01364522417153996,-0.002218387971407444,-0.005791586768935762,0.014945652173913044,0.6597946118509544,42.67015706806283,0.3561643835616438,0.001980198019801982,0.004475385380407815,-0.011307767944936042,-0.013645224171540016,-0.013645224171540016,-0.009263833992094862
6685,2026-03-06,0.008399209486166015,0.014917951268025753,0.0017177914110428905,-0.00898276280650645,0.0053125989515532875,-0.003409858478666012,-0.05470479787875949,-0.0034246742924305784,0.0017177914110429449,0.010521104097041713,-0.6415662178823076,0.01384125428711416,0.754597098409369,45.386533665835415,0.821917808219178,0.008399209486166015,0.001980198019801982,0.004475385380407815,0.0017177914110428905,-0.00898276280650645,-0.012371386575208232
6685,2026-03-07,0.0035521803037725785,0.013985148514851442,0.000366300366300365,-0.010268180719980702,0.008830410385406906,-0.00022371819642465045,-0.05076563616351587,-0.0020809765167026793,0.0003663003663003663,0.01073279052553664,-0.8306343962761515,0.016111314536799707,0.7023607582278387,44.62705436156764,1.0,0.0035521803037725785,0.008399209486166015,0.001980198019801982,0.000366300366300365,-0.010268180719980702,-0.005980715244721104
6685,2026-03-08,-0.00939826681313316,0.0024703557312253377,-0.002458210422812246,-0.028023952095808435,-0.00029914304316459747,-0.009821265174159701,-0.05892356749444384,-0.0022416074223958666,-0.0024582104228121925,0.0061988594098685845,-0.27892592568089464,0.013923114834894036,0.7010611160283312,35.30150753768845,0.48322147651006714,-0.00939826681313316,0.0035521803037725785,0.008399209486166015,-0.002458210422812246,-0.028023952095808435,0.019221291276490884
6685,2026-03-09,0.010842779694430815,0.00489955903968653,0.00835791543756148,-0.010493305994451863,0.00933265374272812,0.0010086549098717735,-0.04784257086116632,-0.001010868940348369,0.008357915437561455,-0.0027956727847331954,-0.8726808793400521,0.018649439297903463,0.6087207702888583,44.72727272727273,1.0,0.010842779694430815,-0.00939826681313316,0.0035521803037725785,0.00835791543756148,-0.010493305994451863,0.006704046806435885
6685,2026-03-10,-0.009019990248659182,-0.007689491028927131,0.010691198408751879,-0.007204786909268512,-0.001281083832020092,-0.007963946668402057,-0.05541269054405741,-0.0012365448897415545,0.010691198408751865,-0.001719056974459725,-0.17317236036324096,0.015375153751537515,0.7700903192977993,46.29861982434128,0.4032258064516129,-0.009019990248659182,0.010842779694430815,-0.00939826681313316,0.010691198408751879,-0.007204786909268512,0.013530135301353014
6685,2026-03-11,-0.0002460024600245969,0.0014785608674223738,0.005940594059405946,-0.018476029465040456,-0.0023671336641476167,-0.007881128014419678,-0.05465654537136822,-0.0013709493975162283,0.005940594059405941,-0.009867218906078693,0.03863563555975086,0.015255905511811024,0.6464605082854197,39.17963224893918,0.2962962962962963,-0.0002460024600245969,-0.009019990248659182,0.010842779694430815,0.005940594059405946,-0.018476029465040456,0.017101377952755906
6685,2026-03-12,-0.013164370078740162,-0.022306192101413935,-0.00926383399209485,-0.022782651072124738,-0.014203946906383859,-0.01959745762711861,-0.06610331092243467,-0.002949449493419266,-0.009263833992094862,-0.040320650873414694,1.1754274567596423,0.015459419025059219,0.7050278440353895,37.38191632928474,0.0,-0.013164370078740162,-0.0002460024600245969,-0.009019990248659182,-0.00926383399209485,-0.022782651072124738,0.03727714748784441
6685,2026-03-13,0.0052362548310684875,-0.008241082410824108,-0.012371386575208199,-0.010674846625766898,-0.007281681470407145,-0.0131651415446501,-0.060232070242689485,-0.0032769906807426264,-0.012371386575208232,-0.038516575244455044,-0.33094453773287696,0.0062011658191740045,0.746799897596723,43.99999999999999,0.22950819672131148,0.0052362548310684875,-0.013164370078740162,-0.0002460024600245969,-0.012371386575208199,-0.010674846625766898,0.03137789904502047
6685,2026-03-14,0.010045888627061794,0.0019685039370078705,-0.005980715244721102,-0.005616605616605597,0.003555962398338236,-0.002307205422953594,-0.04989552169156354,-0.0022149468299226547,-0.005980715244721104,-0.027698185291308502,-0.6218701757918565,0.0015962671905697446,0.768614937132449,46.99738903394256,0.6721311475409836,0.010045888627061794,0.0052362548310684875,-0.013164370078740162,-0.005980715244721102,-0.005616605616605597,0.02013752455795678
6685,2026-03-15,0.015717092337917515,0.031292856252337575,0.01922129127649086,0.01671583087512296,0.01653734068326251,0.013212261762832567,-0.03435305104641581,0.0003846827480255384,0.019221291276490884,0.004737033888011661,0.2749098932581674,0.017045454545454544,0.7093135607016832,58.095238095238095,1.0,0.015717092337917515,0.010045888627061794,0.0052362548310684875,0.01922129127649086,0.01671583087512296,-0.0026595744680851063
6685,2026-03-16,-0.0015715667311412274,0.024308570011162045,0.006704046806435882,0.015117994100295018,0.013960748548678415,0.01131850594088908,-0.03532633382217444,0.001868746430714427,0.006704046806435885,0.008917664304910823,0.35231658534792326,0.011381523186826493,0.7442601523787464,57.209847596717466,0.9482071713147411,-0.0015715667311412274,0.015717092337917515,0.010045888627061794,0.006704046806435882,0.015117994100295018,-0.005690761593413246
6685,2026-03-17,-0.002300520644145765,0.011787819253438192,0.013530135301353052,0.02436598707110882,0.009680186251684842,0.008781952923508893,-0.036906881518507954,0.00249686776428353,0.013530135301353014,0.006227866650384662,-0.3916689419635735,0.0125,0.6439251654433652,62.564102564102555,0.8725099601593626,-0.002300520644145765,-0.0015715667311412274,0.015717092337917515,0.013530135301353052,0.02436598707110882,-0.02330097087378641
6685,2026-03-18,0.0032766990291261955,-0.0006044487427465661,0.017101377952756014,0.02314356435643572,0.010529808263192787,0.011356917116933391,-0.03277763622465688,0.003203945019345213,0.017101377952755906,0.02187886279357231,0.7744189780331032,0.018628281117696866,0.6690577772178286,62.12710765239948,0.9800796812749004,0.0032766990291261955,-0.002300520644145765,-0.0015715667311412274,0.017101377952756014,0.02314356435643572,-0.012459175033264788
6685,2026-03-19,0.0064110318132333255,0.007385882068047023,0.037277147487844386,0.027667984189723382,0.01172587509771553,0.016808297416427045,-0.025520230085501208,0.004305182603702481,0.03727714748784441,0.03085119563870648,-0.3134038904000779,0.021274038461538462,0.6877460021340795,63.86138613861385,1.0,0.0064110318132333255,0.0032766990291261955,-0.002300520644145765,0.037277147487844386,0.027667984189723382,-0.010216346153846154
6685,2026-03-20,-0.00048076923076922906,0.00922330097087376,0.03137789904502042,0.018618324350808457,0.006814486838008861,0.015335026372338393,-0.024783050582440846,0.004816349932401366,0.03137789904502047,0.029462738301559793,0.7035045561814205,0.012025012025012025,0.7224119604699532,60.215053763440864,0.9772727272727273,-0.00048076923076922906,0.0064110318132333255,0.0032766990291261955,0.03137789904502042,0.018618324350808457,-0.002886002886002886
6685,2026-03-21,-0.0009620009620009418,0.004959477440425797,0.0201375245579567,0.014036372513120954,0.0030009313235142255,0.013945616975574799,-0.024181434494531147,0.004872540250141007,0.02013752455795678,0.012183235867446393,-0.0370779597533832,0.012638420799229657,0.7353704367339051,57.952973720608576,0.85,-0.0009620009620009418,-0.00048076923076922906,0.0064110318132333255,0.0201375245579567,0.014036372513120954,0.00601829561868079
6685,2026-03-22,-0.006981222917669672,-0.008413461538461564,-0.0026595744680850686,0.0165105963528831,-0.0036231884057971015,0.006817885967196058,-0.02920745411779479,0.003927808126150806,-0.0026595744680851063,0.0014566642388929353,-0.5349001050601214,0.013696969696969697,0.7772219766783839,59.517045454545446,0.125,-0.006981222917669672,-0.0009620009620009418,-0.00048076923076922906,-0.0026595744680850686,0.0165105963528831,0.00703030303030303
6685,2026-03-23,-0.0046060606060606135,-0.012506012506012465,-0.005690761593413196,0.0009751340809360798,-0.007407663218966318,0.0024495642054378625,-0.03187903858572701,0.0026462382256238048,-0.005690761593413246,-0.007972940323749698,0.07237778984537102,0.014247442766682904,0.7090809886692251,50.61162079510703,0.0,-0.0046060606060606135,-0.006981222917669672,-0.0009620009620009418,-0.005690761593413196,0.0009751340809360798,-0.0014612761811982464
6685,2026-03-24,-0.019970774476376074,-0.03129513721714006,-0.023300970873786353,-0.010086100861008584,-0.023994733285979137,-0.016361384525128756,-0.049305341357291435,-0.0006023674613875042,-0.02330097087378641,-0.036167664670658684,0.5990973606688736,0.011058648111332009,0.7497724632313773,44.48924731182796,0.0,-0.019970774476376074,-0.0046060606060606135,-0.006981222917669672,-0.023300970873786353,-0.010086100861008584,0.018389662027833
6685,2026-03-25,0.014413518886679855,-0.010424242424242447,-0.012459175033264769,0.00442913385826782,-0.008157173105626683,-0.0016671490121428628,-0.03379914604655328,-0.0010505102387372857,-0.012459175033264788,-0.015317814497648052,0.31701969037092265,0.014453699167074964,0.7312339650748986,52.09790209790209,0.4264705882352941,0.014413518886679855,-0.019970774476376074,-0.0046060606060606135,-0.012459175033264769,0.00442913385826782,0.0007349338559529642
6685,2026-03-26,0.008696717295443301,0.0028007793472966114,-0.010216346153846145,0.026679965091634505,0.001946708845358316,0.006826286296484935,-0.024109235509441013,-0.0002962452705555747,-0.010216346153846154,0.005617291488582244,-0.889183528553536,0.014814814814814815,0.7531904193122525,63.017031630170315,0.6977611940298507,0.008696717295443301,0.014413518886679855,-0.019970774476376074,-0.010216346153846145,0.026679965091634505,-0.0018214936247723133
6685,2026-03-27,0.006921675774134828,0.030318091451292162,-0.0028860028860029363,0.028401339451816998,0.009302891721295701,0.013749765675303347,-0.016044585726924354,0.0010125633733922093,-0.002886002886002886,0.001328341987682647,0.48500693443721266,0.01290400385914134,0.7209665596406549,63.67980884109917,0.9384615384615385,0.006921675774134828,0.008696717295443301,0.014413518886679855,-0.0028860028860029363,0.028401339451816998,0.0074770863482875064
6685,2026-03-28,0.00795947901591898,0.02376286134247918,0.006018295618680725,0.026277013752455725,0.016452683333622826,0.0211944480646422,-0.007085645495968752,0.002760055830033822,0.00601829561868079,0.01827485380116959,-0.5314363158835406,0.013878918401531467,0.7740474223430197,63.017031630170315,1.0,0.00795947901591898,0.006921675774134828,0.008696717295443301,0.006018295618680725,0.026277013752455725,-0.01675041876046901
6685,2026-03-29,-0.00598229241445325,0.008864602307225189,0.007030303030302942,0.004352030947775587,0.00935487790061961,0.014432586876358374,-0.012005718770728637,0.0030934833912098303,0.00703030303030303,0.019386503067484663,-0.9577216152990075,0.006740491092922484,0.9270470997461691,52.41935483870968,0.8387096774193549,-0.00598229241445325,0.00795947901591898,0.006921675774134828,0.007030303030302942,0.004352030947775587,-0.0114347616754935
6685,2026-03-30,-0.012999518536350507,-0.011095031355523366,-0.00146127618119829,-0.007143722000242159,-0.0035587188612099013,0.0012047015921596866,-0.023899903448093382,0.001682259060660592,-0.0014612761811982464,0.001221001221001221,-0.12258031104548693,0.015365853658536585,0.7519859900841346,46.4839094159714,0.49032258064516127,-0.012999518536350507,-0.00598229241445325,0.00795947901591898,-0.00146127618119829,-0.007143722000242159,-0.010365853658536586
6685,2026-03-31,-0.0004878048780487809,-0.01938262742282848,0.018389662027832987,-0.005339805825242738,-0.006597059892992478,0.0004719975260819471,-0.023552086753010303,0.0006512327427766637,0.018389662027833,0.007374631268436578,-0.3861084340219239,0.012445095168374817,0.7629078430020004,47.33009708737864,0.16494845360824742,-0.0004878048780487809,-0.012999518536350507,-0.00598229241445325,0.018389662027832987,-0.005339805825242738,-0.010858955588091752
6685,2026-04-01,-0.0031722791605661715,-0.01661049590755903,0.0007349338559530239,-0.011733397846861005,-0.009851278588618161,-0.0028397301849485868,-0.025939187766018848,-0.0004102457147776313,0.0007349338559529642,0.004178957718780727,-0.2046593417138471,0.012239902080783354,0.6302389709763647,44.10692588092345,0.0,-0.0031722791605661715,-0.0004878048780487809,-0.012999518536350507,0.0007349338559530239,-0.011733397846861005,-0.007099143206854345
6685,2026-04-02,0.006119951040391758,0.0024390243902439046,-0.0018214936247723523,-0.012019230769230727,-0.003532834580216095,0.0025449844292486346,-0.01946230801448402,-0.0003777719798154639,-0.0018214936247723133,0.02187966185977126,0.12373798958276633,0.013503649635036497,0.7609297077388516,43.90243902439025,0.26595744680851063,0.006119951040391758,-0.0031722791605661715,-0.0004878048780487809,-0.0018214936247723523,-0.012019230769230727,-0.024330900243309004
6685,2026-04-03,0.016301703163017045,0.019277696437286496,0.007477086348287587,0.004569504569504668,0.01162509082102204,0.017754458919463336,-0.003570321010822186,0.0015535580230293482,0.0074770863482875064,0.03391089108910891,0.6968739786037299,0.021785970792434762,0.6173591056820583,51.99999999999999,0.9787234042553191,0.016301703163017045,0.006119951040391758,-0.0031722791605661715,0.007477086348287587,0.004569504569504668,-0.028968158965764903
6685,2026-04-04,-0.016279626526214952,0.0058751529987759454,-0.01675041876046901,-0.01083293211362546,-0.0024277737314882253,0.0006900190769979373,-0.019737260639989877,0.0008317411535857915,-0.01675041876046901,0.015069169960474308,0.0010949678630028307,0.014358724750547579,0.6969314488197368,45.82560296846011,0.2608695652173913,-0.016279626526214952,0.016301703163017045,0.006119951040391758,-0.01675041876046901,-0.01083293211362546,-0.009978096860550012
6685,2026-04-05,-0.0006084205402774323,-0.0008515815085158307,-0.01143476167549351,-0.004484848484848536,-0.0013895885081029434,-0.00011768573040234133,-0.020364833487070227,0.00026375238885672575,-0.0114347616754935,0.006001959823615875,-0.1630891196819733,0.020211859247534398,0.6786358401984233,48.19512195121951,0.23369565217391305,-0.0006084205402774323,-0.016279626526214952,0.016301703163017045,-0.01143476167549351,-0.004484848484848536,-0.014245708023864606
6685,2026-04-06,-0.01193230244733956,-0.02860904955709842,-0.010365853658536595,-0.011811982464685844,-0.011846362592631186,-0.011735764651438468,-0.031814186802129996,-0.0015057571226714118,-0.010365853658536586,-0.009520322226290736,-0.09809271421784617,0.017005545286506468,0.761169147534452,45.52995391705069,0.0,-0.01193230244733956,-0.0006084205402774323,-0.016279626526214952,-0.010365853658536595,-0.011811982464685844,0.0035736290819470117
6685,2026-04-07,-0.0009858287122612719,-0.013506935994159197,-0.010858955588091801,0.007331013916501039,-0.011289788664912894,-0.012673952227075756,-0.03246210765007757,-0.002724589737848401,-0.010858955588091752,-0.0011089206505667817,-0.26262471310026264,0.009374614530652522,0.7365251816073694,53.17545748116254,0.0,-0.0009858287122612719,-0.01193230244733956,-0.0006084205402774323,-0.010858955588091801,0.007331013916501039,-0.00012335019119279634
6685,2026-04-08,0.0006167509559640294,-0.012297577012054028,-0.007099143206854341,-0.006369426751592355,-0.00967927588552299,-0.011695906432748537,-0.03161882326725189,-0.003358152914674099,-0.007099143206854345,-0.01121404193076548,1.1641895135202822,0.013683431952662722,0.7486344638266514,46.82151589242054,0.020242914979757085,0.0006167509559640294,-0.0009858287122612719,-0.01193230244733956,-0.007099143206854341,-0.006369426751592355,0.0014792899408284023
6685,2026-04-09,-0.01134122287968442,-0.011706715958102243,-0.024330900243308973,-0.0261080752884032,-0.01748368014840997,-0.022467801568276997,-0.04204745435192874,-0.004979551946109455,-0.024330900243309004,-0.013530135301353014,0.8483563469697915,0.014339152119700748,0.7234981441700957,37.187127532777104,0.0,-0.01134122287968442,0.0006167509559640294,-0.0009858287122612719,-0.024330900243308973,-0.0261080752884032,0.015835411471321694
6685,2026-04-10,0.011471321695760706,0.0006167509559640294,-0.02896815896576488,-0.02170767004341534,-0.001986044958433629,-0.01118993637094996,-0.030180658873538883,-0.0045516577613247,-0.028968158965764903,-0.001968503937007874,0.49355335046331117,0.01886094674556213,0.7048262992407781,39.70251716247139,0.46464646464646464,0.011471321695760706,-0.01134122287968442,0.0006167509559640294,-0.02896815896576488,-0.02170767004341534,-0.0014792899408284023
6685,2026-04-11,0.002958579881656709,0.002958579881656709,-0.009978096860550068,-0.026561378320172246,0.0024113350347619304,-0.00872764784001883,-0.02632579736662247,-0.00377727620650728,-0.009978096860550012,0.014337364418401695,-0.5160040014842432,0.01708456243854474,0.5829987523194062,36.65865384615384,0.6010362694300518,0.002958579881656709,0.011471321695760706,-0.01134122287968442,-0.009978096860550068,-0.026561378320172246,-0.0002458210422812193
6685,2026-04-12,-0.004916420845624381,0.009476309226932766,-0.0142457080238646,-0.025517573423206596,-0.00045856996719456194,-0.013733340913336231,-0.029794305314400762,-0.003722602929885191,-0.014245708023864606,0.004092769440654843,-0.012020160756481756,0.013216403162055336,0.6933230649626525,37.104622871046224,0.6551724137931034,-0.004916420845624381,0.002958579881656709,0.011471321695760706,-0.0142457080238646,-0.025517573423206596,0.0007411067193675889
6685,2026-04-13,0.005928853754940677,0.0039447731755424265,0.0035736290819470273,-0.006829268292682933,0.004953549456167225,-0.007885910128237436,-0.022725212132201956,-0.0028736145236527098,0.0035736290819470117,0.0,0.33584074768828054,0.013015717092337918,0.6956226979253621,46.325459317585306,1.0,0.005928853754940677,-0.004916420845624381,0.002958579881656709,0.0035736290819470273,-0.006829268292682933,-0.005648330058939097
6685,2026-04-14,-0.004666011787819224,-0.0036873156342183133,-0.00012335019119280588,-0.010980966325036645,0.0002820576102669451,-0.01184903452311302,-0.02600471550750441,-0.002771745496343101,-0.00012335019119279634,-0.02006769825918762,-0.6197599423912052,0.010115963483839132,0.754906176862197,44.346733668341706,0.6935483870967742,-0.004666011787819224,0.005928853754940677,-0.004916420845624381,-0.00012335019119280588,-0.010980966325036645,0.0044411547002220575
6685,2026-04-15,0.0022205773501109416,0.0034584980237153395,0.0014792899408284654,-0.005630354957160355,0.002291233388557917,-0.009111200556185825,-0.022578704632043242,-0.0023546828888761557,0.0014792899408284023,-0.01634580457682528,0.07899954279951976,0.015386509108813392,0.7227697003577473,47.08121827411168,0.8387096774193549,0.0022205773501109416,-0.004666011787819224,0.005928853754940677,0.0014792899408284654,-0.005630354957160355,0.00603151157065485
6685,2026-04-16,0.0028311176760216217,0.0003683693516698394,0.015835411471321725,-0.008880778588807758,0.0028840235645827997,-0.0059300112255356975,-0.018452130749892184,-0.0016747399504246458,0.015835411471321694,-0.01128640776699029,-0.16125551283336176,0.01669326132318645,0.6727222839339532,45.20367936925099,1.0,0.0028311176760216217,0.0022205773501109416,-0.004666011787819224,0.015835411471321725,-0.008880778588807758,-0.00012274456855284154
6685,2026-04-17,-0.005768994721983556,-0.0007401924500369805,-0.0014792899408283544,-0.030404596600430933,-0.002691150862751338,-0.01099303625137876,-0.0228379787624758,-0.0018518748609810587,-0.0014792899408284023,-0.020200798354905045,0.24363771610857934,0.010987654320987654,0.7484438388405438,31.157270029673583,0.0784313725490196,-0.005768994721983556,0.0028311176760216217,0.0022205773501109416,-0.0014792899408283544,-0.030404596600430933,-0.01308641975308642
6685,2026-04-18,0.004197530864197496,0.0012309207287051205,-0.0002458210422812135,-0.010221465076660996,0.0015303160894267632,-0.0060892409832392766,-0.017585390598579685,-0.0014170411568429034,-0.0002458210422812193,-0.02235576923076923,-0.5281869433561168,0.012417014998770593,0.6865483737793637,42.65734265734266,0.7450980392156863,0.004197530864197496,-0.005768994721983556,0.0028311176760216217,-0.0002458210422812135,-0.010221465076660996,-0.0017211703958691911
6685,2026-04-19,-0.003934103761986774,-0.005523505584877908,0.0007411067193676679,-0.013515158894435664,-0.002515081696185182,-0.009135714897207898,-0.02040388624981191,-0.0015468631684708222,0.0007411067193675889,-0.025733525733525733,-0.5955619096421974,0.009503826215749198,0.7425146848706143,40.73455759599332,0.0425531914893617,-0.003934103761986774,0.004197530864197496,-0.005768994721983556,0.0007411067193676679,-0.013515158894435664,0.0054307578375709705
6685,2026-04-20,-0.0004937052579609968,-0.0002469135802468658,-0.005648330058939055,-0.0020948860135551195,-0.0022002781151537875,-0.008776332056256634,-0.01985782411180425,-0.0016374600511788256,-0.005648330058939097,-0.025276841598459315,0.34199096067365864,0.009632007903185972,0.726315203241279,48.31683168316832,0.0,-0.0004937052579609968,-0.003934103761986774,0.004197530864197496,-0.005648330058939055,-0.0020948860135551195,0.0032106693010619906
6685,2026-04-21,0.005433440355643304,0.0009835259404966656,0.004441154700222105,0.004317256691747762,0.0025858884373845584,-0.00295122518705384,-0.0135359803994158,-0.0010093094982960252,0.0044411547002220575,-0.01309090909090909,0.14851124985475203,0.010316875460574797,0.7516933278352955,53.23475046210721,0.8979591836734694,0.005433440355643304,-0.0004937052579609968,-0.003934103761986774,0.004441154700222105,0.004317256691747762,-0.0049127978383689515
6685,2026-04-22,0.003807418324735856,0.008763268328807694,0.006031511570654846,0.0075197238658777366,0.005536417322834645,0.0010043111894963523,-0.008695159981779622,-0.00012262512519801958,0.00603151157065485,-0.004749147588894301,-0.12428645331473401,0.016150740242261104,0.6884603087784938,55.379188712522044,1.0,0.003807418324735856,0.005433440355643304,-0.0004937052579609968,0.006031511570654846,0.0075197238658777366,-0.006240058729964517
6685,2026-04-23,-0.003303560504098857,0.005927389478883605,-0.0001227445685528794,0.015710723192019937,0.0022321820898145387,-0.002701577688722742,-0.010904950332086188,7.00889861072297e-05,-0.00012274456855284154,0.012176938369781311,-0.39881160234752405,0.01166216547999018,0.7578132755368784,62.54980079681275,0.64,-0.003303560504098857,0.003807418324735856,0.005433440355643304,-0.0001227445685528794,0.015710723192019937,-0.019150503314510188
6685,2026-04-24,-0.018659464767984302,-0.01817735200196513,-0.013086419753086442,-0.014546351084812614,-0.014633115568155757,-0.020631186905811973,-0.028159939052312066,-0.0019911962420033186,-0.01308641975308642,-0.02082312591866732,-0.0904493649689053,0.007630723042281711,0.6231008106089136,39.5017793594306,0.0,-0.018659464767984302,-0.003303560504098857,0.003807418324735856,-0.013086419753086442,-0.014546351084812614,0.011008256192144109
6685,2026-04-25,0.015761821366024442,-0.006484766915453299,-0.0017211703958691649,-0.001966568338249708,0.0011448701012770185,-0.00472713752824229,-0.011751342141205328,-0.0014537398927528288,-0.0017211703958691911,-0.013964784456587736,-0.23168514556387693,0.015640394088669952,0.6818011297641635,48.79518072289157,0.7039106145251397,0.015761821366024442,-0.018659464767984302,-0.003303560504098857,-0.0017211703958691649,-0.001966568338249708,0.0022167487684729066
6685,2026-04-26,0.0032019704433496887,0.0,0.005430757837570965,0.006175889328063233,0.0035727485524208453,-0.0009443565497871909,-0.007475678997972043,-0.0006820027521217419,0.0054307578375709705,-0.017607332368547998,-0.623638175506454,0.017063589491775104,0.6787820363159837,53.846153846153854,0.8491620111731844,0.0032019704433496887,0.015761821366024442,-0.018659464767984302,0.005430757837570965,0.006175889328063233,-0.00220967345936656
6685,2026-04-27,-0.0027007120058925027,0.016262196647485627,0.0032106693010620635,-0.0024557956777996326,0.00040460902454046493,-0.002688469045777586,-0.009015846855296408,-0.0004740978724335679,0.0032106693010619906,-0.02799712849964106,0.35760158099000733,0.011693746922698178,0.7140544844027924,48.3974358974359,0.7262569832402235,-0.0027007120058925027,0.0032019704433496887,0.015761821366024442,0.0032106693010620635,-0.0024557956777996326,-0.025110782865583457
6685,2026-04-28,-0.0027080256031511984,-0.002216748768472887,-0.004912797838368954,-0.000493461633358061,-0.0016019716574245226,-0.004550089896015549,-0.0104602056214784,-0.0006394066921769407,-0.0049127978383689515,-0.02479537794896485,-0.07076206181852686,0.013453468279437176,0.5735997372533592,49.671052631578945,0.6033519553072626,-0.0027080256031511984,-0.0027007120058925027,0.0032019704433496887,-0.004912797838368954,-0.000493461633358061,-0.01110836830412244
6685,2026-04-29,0.0024685262898049842,-0.002946231279155387,-0.0062400587299644705,-0.0002461841457410685,0.0017619903442929615,-0.0017739140409598056,-0.007140363768732126,-0.0004380354214846744,-0.006240058729964517,-0.00951219512195122,0.13948216179932718,0.008618566855454321,0.6586031700166748,49.83606557377049,0.8421052631578947,0.0024685262898049842,-0.0027080256031511984,-0.0027007120058925027,-0.0062400587299644705,-0.0002461841457410685,-0.023885742427973405
6685,2026-04-30,-0.016252154641713812,-0.016494337764647926,-0.01915050331451018,-0.019270897262796072,-0.011802537192126946,-0.017167786720899424,-0.022466548943962075,-0.0021938971919524446,-0.019150503314510188,-0.025134211810639337,0.04323231902818914,0.011889862327909888,0.6797025743881385,39.082058414464534,0.0,-0.016252154641713812,0.0024685262898049842,-0.0027080256031511984,-0.01915050331451018,-0.019270897262796072,0.0008760951188986233
6685,2026-05-01,0.01151439299123913,-0.0024685262898049842,0.011008256192144072,-0.0022222222222222365,-0.001975796492961225,-0.005492229254426787,-0.01084241173966784,-0.0019373776393342681,0.011008256192144109,-0.01077111383108935,0.2521592407984605,0.007176441474882455,0.7328557620074405,48.82198952879581,0.5897435897435898,0.01151439299123913,-0.016252154641713812,0.0024685262898049842,0.011008256192144072,-0.0022222222222222365,-0.003711952487008166
6685,2026-05-02,0.006928977975748651,0.001969958138389627,0.002216748768472998,0.0004917629702483328,0.004620485327313786,0.0017356195915755198,-0.004105031144663288,-0.0008983860346258751,0.0022167487684729066,-0.00997566909975669,-0.6718232918533001,0.012656672401081346,0.7206614395282757,50.25445292620866,0.9487179487179487,0.006928977975748651,0.01151439299123913,-0.016252154641713812,0.002216748768472998,0.0004917629702483328,-0.0071270582452691075
6685,2026-05-03,-0.0012288031457360349,0.017271589486858474,-0.0022096734593665124,0.0032090841767464795,0.0037046184243022967,0.0014333178639046058,-0.0053166174890880045,-0.0003377126174499265,-0.00220967345936656,-0.027052908786210198,0.4611429932245969,0.012672244094488189,0.7460679001549656,51.70157068062828,0.9324324324324325,-0.0012288031457360349,0.006928977975748651,0.01151439299123913,-0.0022096734593665124,0.0032090841767464795,-0.008489173228346457
6685,2026-05-04,-0.025590551181102317,-0.020044543429844075,-0.025110782865583436,-0.02198073598419359,-0.01844835522821433,-0.022998194849358337,-0.030515371934997784,-0.00296440815812616,-0.025110782865583457,-0.03626186420053541,0.3783749508579255,0.021085858585858586,0.6354436358171787,40.805785123966935,0.0,-0.025590551181102317,-0.0012288031457360349,0.006928977975748651,-0.025110782865583436,-0.02198073598419359,0.015782828282828284
6685,2026-05-05,0.011616161616161635,-0.01548291963627424,-0.011108368304122429,-0.015966592974699045,-0.005461767626613704,-0.01083163231711335,-0.019164300997457757,-0.003248123955291274,-0.01110836830412244,-0.024473395835869962,0.04502235211454054,0.013604593110334498,0.6177000229190086,43.60236220472441,0.42201834862385323,0.011616161616161635,-0.025590551181102317,-0.0012288031457360349,-0.011108368304122429,-0.015966592974699045,0.004368447329006491
6685,2026-05-06,-0.010484273589615567,-0.02460629921259838,-0.023885742427973367,-0.02997675272237854,-0.012491547741912572,-0.02044850806202508,-0.029212602603297177,-0.00454680564058709,-0.023885742427973405,-0.023043746149106592,-0.16126674190902754,0.009712411705348133,0.721076217665888,38.54069223573433,0.03669724770642202,-0.010484273589615567,0.011616161616161635,-0.025590551181102317,-0.023885742427973367,-0.02997675272237854,0.010343087790110998
6685,2026-05-07,0.008703329969727447,0.009722222222222188,0.0008760951188986343,-0.018291185858089865,-0.004020994573436575,-0.011475308514802492,-0.020671581473952358,-0.004238793024691199,0.0008760951188986233,-0.013568521031207599,-0.36697344817937494,0.004501688133049893,0.790019044695069,43.29432943294329,0.3532110091743119,0.008703329969727447,-0.010484273589615567,0.011616161616161635,0.0008760951188986343,-0.018291185858089865,-0.014630486432412155
6685,2026-05-08,0.00687757909215958,0.004992511233150365,-0.0037119524870081744,0.007255441581185851,0.0033644859813084112,-0.004430523213880895,-0.013701314874371756,-0.0030967492365196045,-0.003711952487008166,-0.0073964497041420114,0.4655355205424482,0.009562841530054645,0.771536407699983,52.859960552268234,0.6055045871559633,0.00687757909215958,0.008703329969727447,-0.010484273589615567,-0.0037119524870081744,0.007255441581185851,-0.01713859910581222
6685,2026-05-09,0.003477396920019915,0.019172552976791213,-0.007127058245269158,-0.0049261083743842304,0.007894221002548297,-0.0012155174189826363,-0.010185345244139275,-0.001844504947821496,-0.0071270582452691075,0.007481296758104738,-0.173438142075054,0.011138613861386138,0.6948280009622324,47.81659388646288,0.7692307692307693,0.003477396920019915,0.00687757909215958,0.008703329969727447,-0.007127058245269158,-0.0049261083743842304,-0.03341584158415842
6685,2026-05-10,-0.002599009900990046,0.0077529073402526905,-0.008489173228346414,-0.010680088386938347,0.006512275192691945,-0.0035937718943958516,-0.0125562772537109,-0.001274292640863658,-0.008489173228346457,-0.006533530571992111,-0.4018967541251274,0.011912147909169873,0.7591300145960675,45.22502744237102,0.86875,-0.002599009900990046,0.003477396920019915,0.00687757909215958,-0.008489173228346414,-0.010680088386938347,-0.04243702692641767
6685,2026-05-11,-0.0017371882367539504,-0.0008693492300049233,0.015782828282828287,-0.009724273756770097,0.0025279048653268073,-0.004951535965632022,-0.013851434175042903,-0.0010642952962395587,0.015782828282828284,-0.011184857423795477,-0.2419804659446454,0.011932877563704165,0.7252501759647458,45.625692137320044,0.7697368421052632,-0.0017371882367539504,-0.002599009900990046,0.003477396920019915,0.015782828282828287,-0.009724273756770097,-0.042013673088875075
6685,2026-05-12,0.0002486016159104487,-0.004084158415841532,0.004368447329006431,-0.006788447296963707,0.002152718474238591,-0.004503055644901853,-0.013150633413319082,-0.0008633018375319158,0.004368447329006491,-0.006052371541501976,-0.04591246339613603,0.012178451596868398,0.7112885662431941,46.88561721404304,0.7828947368421053,0.0002486016159104487,-0.0017371882367539504,-0.002599009900990046,0.004368447329006431,-0.006788447296963707,-0.03690816453336647
6685,2026-05-13,-0.0045979868273891,-0.006080158828638771,0.01034308779011095,-0.013789706968726945,-0.003908331852904617,-0.008532479535252185,-0.017198012310586732,-0.001240840908250096,0.010343087790110998,-0.016453831041257368,-0.4974679997063727,0.01198501872659176,0.7856444474298978,43.77777777777778,0.1566265060240964,-0.0045979868273891,0.0002486016159104487,-0.0017371882367539504,0.01034308779011095,-0.013789706968726945,-0.03920099875156055
6685,2026-05-14,-0.01622971285892638,-0.02050963331261657,-0.01463048643241216,-0.013767209011264048,-0.01803357484912676,-0.023713358277374388,-0.032683090503872275,-0.0033387802096093385,-0.014630486432412155,-0.02788058228472736,-0.32454199438447184,0.03705583756345178,0.6053948423680376,43.87527839643652,0.0,-0.01622971285892638,-0.0045979868273891,0.0002486016159104487,-0.01463048643241216,-0.013767209011264048,-0.01700507614213198
6685,2026-05-15,0.00431472081218276,-0.01652789859574999,-0.01713859910581217,-0.020786933927245732,-0.01136789506558401,-0.018649868558107192,-0.028148835432329593,-0.004101998176721564,-0.01713859910581222,-0.0258493353028065,-0.09545163902979663,0.01680566085418246,0.7194543267644805,39.99999999999999,0.17,0.00431472081218276,-0.01622971285892638,-0.0045979868273891,-0.01713859910581217,-0.020786933927245732,-0.019711902956785442
6685,2026-05-16,-0.013141268637856918,-0.024968789013732784,-0.033415841584158446,-0.040304743180142544,-0.019635972384111914,-0.030195161323702927,-0.04042396632951585,-0.005992237799671466,-0.03341584158415842,-0.0413649196023076,0.12724254789404515,0.01677336747759283,0.7603805188112008,31.531531531531527,0.0,-0.013141268637856918,0.00431472081218276,-0.01622971285892638,-0.033415841584158446,-0.040304743180142544,-0.0046094750320102434
6685,2026-05-17,-0.01190781049935985,-0.020685279187817263,-0.04243702692641771,-0.05056594488188981,-0.025332443209497846,-0.04022187950848212,-0.051367365168861624,-0.008408819773587711,-0.04243702692641767,-0.04728395061728395,0.5036057737783691,0.0171050926525852,0.7407883650540618,28.836251287332644,0.0,-0.01190781049935985,-0.013141268637856918,0.00431472081218276,-0.04243702692641771,-0.05056594488188981,0.016198004405857197
6685,2026-05-18,-0.001295840352468547,-0.02615617892342681,-0.04201367308887505,-0.02689393939393936,-0.020622674049196744,-0.03976576613991739,-0.05212538297343167,-0.009868498945437459,-0.042013673088875075,-0.05249569707401033,-0.16096047443903905,0.005449591280653951,0.7191957232214359,36.22250970245795,0.0,-0.001295840352468547,-0.01190781049935985,-0.013141268637856918,-0.04201367308887505,-0.02689393939393936,-0.009212404307772155
6685,2026-05-19,0.005579343454002794,-0.007682458386683688,-0.03690816453336643,-0.03270094857713435,-0.009819668540556359,-0.032994638839094474,-0.04640944102503809,-0.009859820749451912,-0.03690816453336647,-0.043446062700567764,-0.26327685611734447,0.010193548387096775,0.7611726874198594,31.906077348066304,0.1419141914191419,0.005579343454002794,-0.001295840352468547,-0.01190781049935985,-0.03690816453336643,-0.03270094857713435,-0.01264516129032258
6685,2026-05-20,-0.006967741935483884,-0.0027212647401839707,-0.03920099875156058,-0.029263370332996974,-0.011051143664867643,-0.03812424228537152,-0.05239050310971991,-0.010340229758878052,-0.03920099875156055,-0.04964188688565078,-0.5962906634857085,0.012474012474012475,0.6589178918912026,33.28530259365995,0.0,-0.006967741935483884,0.005579343454002794,-0.001295840352468547,-0.03920099875156058,-0.029263370332996974,0.0015592515592515593
6685,2026-05-21,0.006496881496881546,0.005060334760607299,-0.01700507614213198,-0.031386770038764555,-0.0021715126978285207,-0.030275210215536093,-0.04559157332135881,-0.009564467953964805,-0.01700507614213198,-0.04863669859985262,-0.10322304788865293,0.011747998967208882,0.6635228449764069,31.407407407407405,0.22935779816513763,0.006496881496881546,-0.006967741935483884,0.005579343454002794,-0.01700507614213198,-0.031386770038764555,-0.004647560030983733
6685,2026-05-22,0.0015491866769945517,0.0010322580645161228,-0.019711902956785488,-0.036512667660208664,0.002251587184408698,-0.02708803611738149,-0.043432037943780304,-0.00856276600642039,-0.019711902956785442,-0.05077694848892696,-0.07783467479833099,0.011987625676720804,0.7256206051717571,26.740506329113927,0.543859649122807,0.0015491866769945517,0.006496881496881546,-0.006967741935483884,-0.019711902956785488,-0.036512667660208664,0.008249548852797113
6685,2026-05-23,0.0020623872131992904,0.010135135135135087,-0.004609475032010257,-0.037871287128712905,0.004986333751939113,-0.02356310289389072,-0.040702218151604366,-0.007386366032983842,-0.0046094750320102434,-0.04566658482690891,-0.7114338388757478,0.009133007460766658,0.7193485781790566,25.32258064516128,1.0,0.0020623872131992904,0.0015491866769945517,0.006496881496881546,-0.004609475032010257,-0.037871287128712905,0.00926164136866478
6685,2026-05-24,0.00874710573707227,0.012393493415956636,0.01619800440585717,-0.026926417669686065,0.01144215355701725,-0.014394878841706659,-0.031715043414913255,-0.005355042267450195,0.016198004405857197,-0.019014260695521642,-0.10719814575247949,0.014919663351185922,0.8213829886145602,33.733133433283356,1.0,0.00874710573707227,0.0020623872131992904,0.0015491866769945517,0.01619800440585717,-0.026926417669686065,-0.0036980362152512114
6685,2026-05-25,-0.02626880897730166,-0.015725702500644534,-0.009212404307772148,-0.050839030453697975,-0.013837127781262651,-0.03833560022165126,-0.05643487143437712,-0.006949170458764466,-0.009212404307772155,-0.05960591133004926,0.25463401374375266,0.0014405447878470404,0.7528929441139299,26.193247962747378,0.0,-0.02626880897730166,0.00874710573707227,0.0020623872131992904,-0.009212404307772148,-0.050839030453697975,0.042299633315872186
6685,2026-05-26,0.002095337873232017,-0.015693336763570875,-0.01264516129032256,-0.049086616130234906,-0.00998077776134848,-0.0343179733970503,-0.05364050486797721,-0.007522643559947938,-0.01264516129032258,-0.06064326049594893,-0.03616049126440818,0.021693674856246733,0.5870595251901062,27.376861397479956,0.07766990291262135,0.002095337873232017,-0.02626880897730166,0.00874710573707227,-0.01264516129032256,-0.049086616130234906,0.013068478829064296
6685,2026-05-27,0.00731834814427601,-0.01708747768426422,0.0015592515592515177,-0.03770287141073658,-0.002956611722965515,-0.025545507412495463,-0.04605928095542587,-0.00680250293719969,0.0015592515592515593,-0.05120630231413097,-0.13234726081212173,0.005967825635703166,0.7196405648267009,33.07174887892377,0.34951456310679613,0.00731834814427601,0.002095337873232017,-0.02626880897730166,0.0015592515592515177,-0.03770287141073658,-0.005448884276076803
6685,2026-05-28,0.0002594706798131341,0.009690937663698218,-0.004647560030983766,-0.021573604060913687,-0.002034023668639003,-0.023679878434848676,-0.045234082074919975,-0.006077938589744021,-0.004647560030983733,-0.04838311528017773,-0.17373719979383345,0.009987029831387807,0.6336254495719569,38.87434554973822,0.3592233009708738,0.0002594706798131341,0.00731834814427601,0.002095337873232017,-0.004647560030983766,-0.021573604060913687,-0.008819714656290532
6685,2026-05-29,0.014526588845654942,0.022216414009409213,0.008249548852797162,-0.01162496841041194,0.011266252955082708,-0.008241409915050082,-0.030873876490727648,-0.003713347151504932,0.008249548852797113,-0.036936715094804236,1.3794525039586696,0.01879314753260036,0.6510928254655389,44.53681710213777,0.9029126213592233,0.014526588845654942,0.0002594706798131341,0.00731834814427601,0.008249548852797162,-0.01162496841041194,-0.029915622602914856
6685,2026-05-30,0.003068268984914413,0.017903476907109583,0.009261641368664808,0.004609475032010257,0.013021986129555884,-0.004592626424094773,-0.02751209515821825,-0.0016940719811645926,0.00926164136866478,-0.018022528160200252,0.288661100189735,0.01287280142747897,0.7316568377578926,52.36220472440945,1.0,0.003068268984914413,0.014526588845654942,0.0002594706798131341,0.009261641368664808,0.004609475032010257,-0.054550089217435635
6685,2026-05-31,-0.004205964822839636,0.01335927367055767,-0.0036980362152512214,0.012440067383698405,0.009301123885802868,-0.007650393527436874,-0.031171379206772164,-0.0008223129242813592,-0.0036980362152512114,-0.033283840633506555,0.2155758251378511,0.010239344681940356,0.7081019326584367,56.83760683760684,0.8428571428571429,-0.004205964822839636,0.003068268984914413,0.014526588845654942,-0.0036980362152512214,0.012440067383698405,-0.019070779470113913
6685,2026-06-01,0.01868680404454115,0.017514702122219283,0.042299633315872276,0.032697547683923744,0.02206934507429833,0.011660127617385146,-0.012951472284345386,0.001952806127947787,0.042299633315872186,-0.02199557630867535,-0.4928027953365295,0.014072119613016711,0.708609654088777,65.03579952267305,1.0,0.01868680404454115,-0.004205964822839636,0.003068268984914413,0.042299633315872276,0.032697547683923744,-0.03580851865812288
6685,2026-06-02,-0.026008292499057672,-0.011980627071119021,0.013068478829064256,0.0002580645161289752,-0.006335835927485825,-0.013079162458305427,-0.038188207300715114,0.00059838544984094,0.013068478829064296,-0.04625984251968504,0.48327597810299877,0.007481940144478844,0.7648914873130555,50.099800399201584,0.1752988047808765,-0.026008292499057672,0.01868680404454115,-0.004205964822839636,0.013068478829064256,0.0002580645161289752,-0.00025799793601651185
6685,2026-06-03,-0.011093911248710064,-0.018814795853065447,-0.005448884276076815,-0.0038981288981289053,-0.01660313736988713,-0.022974833041616363,-0.048294298511209706,-0.001592849936181344,-0.005448884276076803,-0.03207070707070707,0.03126012873342978,0.01174015131750587,0.802147260575351,48.54932301740812,0.0,-0.011093911248710064,-0.026008292499057672,0.01868680404454115,-0.005448884276076815,-0.0038981288981289053,0.020349595617010174
6685,2026-06-04,-0.003130707018001555,-0.03982912426184193,-0.0088197146562905,-0.013426284533953003,-0.018458715596330225,-0.024500251044600848,-0.05059018896261741,-0.003332785803372155,-0.008819714656290532,-0.04618072890664004,-0.3051486360829586,0.013347291285003926,0.7993321250506218,44.841269841269835,0.0,-0.003130707018001555,-0.011093911248710064,-0.026008292499057672,-0.0088197146562905,-0.013426284533953003,0.017011253598534413
6685,2026-06-05,-0.007066213033237401,-0.02115583075335392,-0.029915622602914804,-0.021912864140242294,-0.02119190653447836,-0.029990028890650212,-0.05651097504365704,-0.0051771895704738795,-0.029915622602914856,-0.042885973763874874,-0.31576103948650985,0.008829731154454401,0.866271549189774,41.904761904761905,0.0,-0.007066213033237401,-0.003130707018001555,-0.011093911248710064,-0.029915622602914804,-0.021912864140242294,0.018186610437532946
6685,2026-06-06,-0.022403795466526044,-0.03235063918601622,-0.05455008921743565,-0.04579367121173139,-0.03551394925517289,-0.049376545820358074,-0.07675840724852934,-0.008807884706840683,-0.054550089217435635,-0.07240215080655246,-0.00523578341550646,-0.001752493933674845,0.5478432328245121,35.215946843853814,0.0,-0.022403795466526044,-0.007066213033237401,-0.003130707018001555,-0.05455008921743565,-0.04579367121173139,0.037746023186842816
6685,2026-06-07,0.033162577514154856,0.0028788275320597023,-0.01907077947011393,-0.02269829125223155,-0.0007636573599806631,-0.016220888190970915,-0.04542850262806091,-0.007131588783518168,-0.019070779470113913,-0.04818678589170392,-0.26085263855546903,0.013700417536534447,0.7819944978257537,43.56005788712012,0.45471349353049906,0.033162577514154856,-0.022403795466526044,-0.007066213033237401,-0.01907077947011393,-0.02269829125223155,0.0007828810020876827
6685,2026-06-08,0.0013048016701462384,0.011333684765419072,-0.035808518658122845,0.004976427448926124,0.005879709385064823,-0.013223034225584497,-0.04357941090939308,-0.0056511672148613305,-0.03580851865812288,-0.05024752475247525,0.02817082643525754,0.014855355746677092,0.6676798324804222,51.602023608768974,0.7664670658682635,0.0013048016701462384,0.033162577514154856,-0.022403795466526044,-0.035808518658122845,0.004976427448926124,-0.01055512118842846
6685,2026-06-09,0.009903570497784786,0.04475599892154225,-0.00025799793601655185,0.012807109252483073,0.01587955507284368,-0.0021287919105907943,-0.033601569514182104,-0.003342683385907926,-0.00025799793601651185,-0.038342226082640526,-0.21968446024386545,0.015483870967741935,0.6301303405672887,53.932584269662925,1.0,0.009903570497784786,0.0013048016701462384,0.033162577514154856,-0.00025799793601655185,0.012807109252483073,-0.013806451612903226
6685,2026-06-10,0.009290322580645105,0.020615866388308923,0.020349595617010108,0.014789828749351308,0.02233093095335901,0.00810661030274125,-0.024354413327919076,-0.0006420726625866466,0.020349595617010174,-0.02771908017402113,0.005883023753463068,0.019048836614676552,0.7572724241413804,54.51664025356577,1.0,0.009290322580645105,0.009903570497784786,0.0013048016701462384,0.020349595617010108,0.014789828749351308,-0.028509332651495783
6685,2026-06-11,-0.006392227051904897,0.012770393536617242,0.017011253598534504,0.008041504539558986,0.013336313515124473,0.0028473363211726473,-0.030199844162038168,0.0003736817207692509,0.017011253598534413,-0.03417422641978377,0.1274410318856266,0.012738033968090581,0.73653599346634,52.36641221374046,0.8762376237623762,-0.006392227051904897,0.009290322580645105,0.009903570497784786,0.017011253598534504,0.008041504539558986,-0.019428718476582604
6685,2026-06-12,-0.0059186824498198565,-0.0030967741935483684,0.018186610437533002,-0.01227307593965743,0.00475606584178648,-0.0018689656954360516,-0.03538074812303355,0.00032614371320529813,0.018186610437532946,-0.03545568039950062,-0.1442494195166106,0.01592026922081284,0.727440655491427,46.141479099678456,0.7623762376237624,-0.0059186824498198565,-0.006392227051904897,0.009290322580645105,0.018186610437533002,-0.01227307593965743,-0.000388299249288118
6685,2026-06-13,-0.00362412632668907,-0.015852723088724097,0.037746023186842725,-0.018863114963038496,-0.0040660924851218146,-0.004706247414149726,-0.03811070848431838,-0.0001386343159212914,0.037746023186842816,-0.023096446700507613,-0.3666103518700308,0.019355676799168615,0.581163346974867,44.07051282051282,0.21518987341772153,-0.00362412632668907,-0.0059186824498198565,-0.006392227051904897,0.037746023186842725,-0.018863114963038496,0.011691348402182385
6685,2026-06-14,-0.003637308391790106,-0.013124034997426648,0.0007828810020877874,-0.01830282861896837,-0.007798639858072197,-0.007282516782577152,-0.04082503220176714,-0.0008600984848371,0.0007828810020876827,-0.03083143795804903,0.013904786981195917,0.016688396349413298,0.6720669964683924,44.24778761061946,0.0,-0.003637308391790106,-0.00362412632668907,-0.0059186824498198565,0.0007828810020877874,-0.01830282861896837,0.010430247718383311
6685,2026-06-15,-0.010039113428943924,-0.01721460005177322,-0.010555121188428496,-0.04598567659253672,-0.01628694638263214,-0.016327605788289606,-0.049599879838783674,-0.002470091824988973,-0.01055512118842846,-0.027784891165172854,-0.10604076123633413,0.018438035032266563,0.7425976968733619,34.41226575809199,0.0,-0.010039113428943924,-0.003637308391790106,-0.00362412632668907,-0.010555121188428496,-0.04598567659253672,0.023310944290794153
6685,2026-06-16,0.00658501251152388,-0.007144712912444784,-0.013806451612903281,-0.014060887512899911,-0.007844373562792094,-0.009533600867397843,-0.04251054411826112,-0.0026777597909642694,-0.013806451612903226,-0.00958921860826746,0.10346130711503145,0.006280256443804789,0.7194209152415961,44.64110127826942,0.2183406113537118,0.00658501251152388,-0.010039113428943924,-0.003637308391790106,-0.013806451612903281,-0.014060887512899911,0.012037158183959179
6685,2026-06-17,-0.005756901740154419,-0.009256844850065171,-0.0285093326514958,-0.00873989042525436,-0.009459786596152755,-0.0147759833008483,-0.0470663476798446,-0.003394863222301139,-0.028509332651495783,-0.014013234721681589,0.20397853932479965,0.012106856165284906,0.7395312293833292,46.56410256410256,0.0335195530726257,-0.005756901740154419,0.00658501251152388,-0.010039113428943924,-0.0285093326514958,-0.00873989042525436,0.008422160810632979
6685,2026-06-18,0.002895117778655143,0.0036876070064533195,-0.019428718476582563,-0.002747971735147847,-0.0037908496732026145,-0.011372481190002634,-0.04338111615996791,-0.0034141475011180656,-0.019428718476582604,-0.01664516129032258,-0.7595393335656754,0.011022175567510825,0.744108218550745,48.92086330935252,0.21052631578947367,0.002895117778655143,-0.005756901740154419,0.00658501251152388,-0.019428718476582563,-0.002747971735147847,0.010103660936884922
6685,2026-06-19,0.013384070331977416,0.010467094073008054,-0.000388299249288071,0.017791249341064796,0.009599043830653462,0.0017424239148763304,-0.029786057964095974,-0.0017576493062712818,-0.000388299249288118,0.0035083160083160085,-0.16751515826763377,0.014761103198239027,0.509357833326236,56.61116552399608,1.0,0.013384070331977416,0.002895117778655143,-0.005756901740154419,-0.000388299249288071,0.017791249341064796,-0.002460183866373171
6685,2026-06-20,0.008416418490224009,0.024871693643900405,0.011691348402182333,0.04987867349689945,0.01638794116002012,0.009990100679119405,-0.02098898382142807,0.0003626906283423438,0.011691348402182385,0.005422153369481022,-0.06635079285479603,0.010657421674370827,0.7885520077048451,70.19650655021834,1.0,0.008416418490224009,0.013384070331977416,0.002895117778655143,0.011691348402182333,0.04987867349689945,-0.028633795582948124
6685,2026-06-21,-0.004879301489471022,0.01692691247867728,0.010430247718383301,0.011221294363256806,0.009922370944021411,0.00509681351887639,-0.02513679532065658,0.0011491276959135223,0.010430247718383311,-0.0010311936065996391,0.8674620873236581,0.011225806451612903,0.68147257911974,56.07344632768361,0.8051282051282052,-0.004879301489471022,0.008416418490224009,0.013384070331977416,0.010430247718383301,0.011221294363256806,-0.013161290322580645
6685,2026-06-22,0.002580645161290418,0.0060857179852389365,0.023310944290794167,0.012509773260359625,0.009203250825694917,0.007708037022786919,-0.022241113411921313,0.0019229444503454356,0.023310944290794153,-0.0005145356315924878,-0.6617306813564676,0.006048906048906049,0.719143733938774,56.68523676880223,0.9047619047619048,0.002580645161290418,-0.004879301489471022,0.008416418490224009,0.023310944290794167,0.012509773260359625,-0.02265122265122265
6685,2026-06-23,-0.0045045045045044585,-0.006805341551104238,0.012037158183959118,-0.001935483870967758,0.002945208016893218,0.0036330608537693005,-0.026061238594360808,0.0018322433980275524,0.012037158183959179,-0.01364447844937516,0.06904582223691356,0.021460892049127343,0.5661662610059297,48.89217134416543,0.7195767195767195,-0.0045045045045044585,0.002580645161290418,-0.004879301489471022,0.012037158183959118,-0.001935483870967758,-0.02882999353587589
6685,2026-06-24,-0.009308338720103393,-0.011225806451612863,0.008422160810632962,-0.020327282025057514,-0.007567067530064772,-0.005825192335136631,-0.034354233932506875,0.0006241818571742438,0.008422160810632979,0.003535882661079099,0.9551696192646805,0.017747618426203836,0.683201872554159,38.25701624815361,0.25149700598802394,-0.009308338720103393,-0.0045045045045044585,0.002580645161290418,0.008422160810632962,-0.020327282025057514,-0.017095132454652225
6685,2026-06-25,0.004567401800861237,-0.009266409266409315,0.010103660936884973,-0.009521358723623252,-0.004452491362905775,-0.0014830316106242214,-0.02913628134056038,0.00034705147042041103,0.010103660936884922,0.0060115002613695765,-0.3765845267920577,0.008703559366069109,0.637116122840691,44.41087613293051,0.28,0.004567401800861237,-0.009308338720103393,-0.0045045045045044585,0.010103660936884973,-0.009521358723623252,-0.07326578332034295
6685,2026-06-26,0.000779423226812126,-0.004007756948933405,-0.0024601838663731446,-0.002847527828112817,-0.0033266799733865098,-0.000687481353689723,-0.027488295243198048,0.0002461470146523232,-0.002460183866373171,-0.0005189413596263622,0.5352936213844885,0.007398753894080997,0.7790918851287947,48.231511254019296,0.328,0.000779423226812126,0.004567401800861237,-0.009308338720103393,-0.0024601838663731446,-0.002847527828112817,-0.06516095534787124
6685,2026-06-27,-0.018042575285565965,-0.012788725042411575,-0.028633795582948096,-0.017277214861002865,-0.017258977451981104,-0.0181020533543312,-0.04403866809881848,-0.0019370819932176425,-0.028633795582948124,-0.01880674448767834,-0.14586257923528897,0.021943159286186384,0.6066596985937835,40.92769440654843,0.0,-0.018042575285565965,0.000779423226812126,0.004567401800861237,-0.028633795582948096,-0.017277214861002865,-0.048116325181758096
6685,2026-06-28,0.010971579643093143,-0.006495193556767975,-0.013161290322580621,-0.002868318122555391,-0.0045925292378633156,-0.006581226186352655,-0.03280063738033312,-0.0020335070708813745,-0.013161290322580645,-0.022244950140628994,-0.012222307327316485,0.013859832635983263,0.816781570302697,48.60406091370559,0.40487804878048783,0.010971579643093143,-0.018042575285565965,0.000779423226812126,-0.013161290322580621,-0.002868318122555391,-0.06877615062761507
6685,2026-06-29,-0.007060669456066981,-0.01427829698857741,-0.022651222651222658,0.00013170025023057086,-0.00837577182084426,-0.012517988106177474,-0.03881664161021349,-0.0028520739593785615,-0.02265122265122265,-0.03211827682895743,0.3822413051955556,0.014880168554121675,0.8067573656043017,50.06535947712418,0.17058823529411765,-0.007060669456066981,0.010971579643093143,-0.018042575285565965,-0.022651222651222658,0.00013170025023057086,-0.07426915986304977
6685,2026-06-30,-0.01079799841980511,-0.007005948446794474,-0.028829993535875897,-0.017139866544550575,-0.014985763524651632,-0.021904716436566628,-0.048314829751563565,-0.004546890001648809,-0.02882999353587589,-0.03852553436580059,0.009081603711549903,0.01770500532481363,0.6474622846308153,41.78168130489334,0.0,-0.01079799841980511,-0.007060669456066981,0.010971579643093143,-0.028829993535875897,-0.017139866544550575,-0.05644302449414271
6685,2026-07-01,0.0026624068157614644,-0.015167364016736351,-0.017095132454652218,-0.00881694959863144,-0.009933712654686105,-0.01747978085050874,-0.044856033760030486,-0.0051973495082263885,-0.017095132454652225,-0.05364995602462621,-0.9767724938304542,0.0019915029208709507,0.9940880874963051,45.66623544631307,0.10416666666666667,0.0026624068157614644,-0.01079799841980511,-0.007060669456066981,-0.017095132454652218,-0.00881694959863144,-0.05204460966542751
6685,2026-07-02,-0.05284121083377591,-0.0605741374769555,-0.07326578332034295,-0.06390237501640206,-0.05221203666799522,-0.0668898945771313,-0.09376918679736629,-0.011625493747947533,-0.07326578332034295,-0.07972136222910217,-0.5332281872570532,0.016119988786094757,0.6123794572774165,28.8076588337685,0.0,-0.05284121083377591,0.0026624068157614644,-0.01079799841980511,-0.07326578332034295,-0.06390237501640206,-0.014437902999719652
6685,2026-07-03,0.009531819456125579,-0.04126730564430248,-0.06516095534787125,-0.06746083128318014,-0.03397397819380311,-0.05608611696039285,-0.08381732885357727,-0.01443074511953411,-0.06516095534787124,-0.06052700234803026,-0.6238234567901234,0.01791169119688975,0.7119391669921202,26.63677130044843,0.13229571984435798,0.009531819456125579,-0.05284121083377591,0.0026624068157614644,-0.06516095534787125,-0.06746083128318014,-0.03110247153568453
6685,2026-07-04,-0.00013885031935578773,-0.04394583112055228,-0.048116325181758124,-0.07537236774524914,-0.02732377515774854,-0.05439535667543567,-0.08263230978941691,-0.015828757076639468,-0.048116325181758096,-0.05770740643810521,0.2261937197530518,0.013053742535758922,0.7037008620930167,22.074215033301627,0.1303501945525292,-0.00013885031935578773,0.009531819456125579,-0.05284121083377591,-0.048116325181758124,-0.07537236774524914,-0.022774614636855994
6685,2026-07-05,-0.010970698514095267,-0.001682085786375076,-0.0687761506276151,-0.08103225806451608,-0.02813030001754485,-0.06285774438464674,-0.0914193861148675,-0.01750010072562516,-0.06877615062761507,-0.061412756984712706,0.4422645910926803,0.017270429654591406,0.7613463564655295,21.245421245421255,0.0,-0.010970698514095267,-0.00013885031935578773,0.009531819456125579,-0.0687761506276151,-0.08103225806451608,-0.009969109800617803
6685,2026-07-06,-0.012917719741645572,-0.023882254929186386,-0.07426915986304983,-0.09523809523809523,-0.03001990814657125,-0.07338655465876985,-0.10178493094093244,-0.019522353885261363,-0.07426915986304977,-0.05230520355891076,0.7025329078579977,0.018207681365576104,0.7097019118339332,18.213058419243993,0.0,-0.012917719741645572,-0.010970698514095267,-0.00013885031935578773,-0.07426915986304983,-0.09523809523809523,0.015647226173541962
6685,2026-07-07,0.008250355618776739,-0.01569226496319953,-0.056443024494142735,-0.08364576599870721,-0.013774871295394462,-0.06337131706801392,-0.093055889265013,-0.019286841372981683,-0.05644302449414271,-0.07515657620041753,0.2510221844648809,0.015519187358916478,0.7159032086380239,22.746419545071603,0.11553784860557768,0.008250355618776739,-0.012917719741645572,-0.010970698514095267,-0.056443024494142735,-0.08364576599870721,0.000564334085778781
6685,2026-07-08,0.0073363431151241,0.002527379949452291,-0.052044609665427455,-0.06825003262429863,0.0012620950778291964,-0.054275408070006546,-0.08525778904558483,-0.017660977905580837,-0.05204460966542751,-0.06958561376075059,-0.17461528693303163,0.007282913165266107,0.7628819549829154,27.59211653813196,0.6395348837209303,0.0073363431151241,0.008250355618776739,-0.012917719741645572,-0.052044609665427455,-0.06825003262429863,-0.013445378151260505
6685,2026-07-09,-0.015266106442576977,0.00014224751066849173,-0.014437902999719698,-0.08664588204728496,-0.011984582647448562,-0.06574716309229586,-0.09783408324921725,-0.01780069119570109,-0.014437902999719652,-0.09277419354838709,0.027658588860141137,0.012231546010524818,0.7894767454541489,23.126510878323927,0.005813953488372093,-0.015266106442576977,0.0073363431151241,0.008250355618776739,-0.014437902999719698,-0.08664588204728496,0.002417863746266534
6685,2026-07-10,-0.007538045797183868,-0.015519187358916442,-0.031102471535684573,-0.09423676012461057,-0.015003024803387834,-0.06931045214066603,-0.10315399840629262,-0.018187908831353974,-0.03110247153568453,-0.10790079263615443,-0.255489734756183,0.0024362281456004587,0.7080460851163884,21.816770186335404,0.0,-0.007538045797183868,-0.015266106442576977,0.0073363431151241,-0.031102471535684573,-0.09423676012461057,0.026655202063628546
6685,2026-07-11,0.008455144740613374,-0.014425770308123198,-0.02277461463685604,-0.06979510905485786,-0.0033787884918868977,-0.058364370302638365,-0.0942011885096432,-0.01688011879124352,-0.022774614636855994,-0.09457025218733917,-0.05055703994113161,0.002842120221685377,0.8248878106138974,28.145695364238406,0.36419753086419754,0.008455144740613374,-0.007538045797183868,-0.015266106442576977,-0.02277461463685604,-0.06979510905485786,0.017194827341196532
6685,2026-07-12,0.0019894841551797438,0.002844545583843061,-0.009969109800617826,-0.07805962343096229,4.052274338978277e-05,-0.053641732283464603,-0.09097810921613174,-0.01524188771576122,-0.009969109800617803,-0.08736733108982656,-0.14838178530557186,0.011345908381789817,0.7520549158547387,23.7928007023705,0.4506172839506173,0.0019894841551797438,0.008455144740613374,-0.007538045797183868,-0.009969109800617826,-0.07805962343096229,0.012338675365196426
6685,2026-07-13,0.012622323074741093,0.023215821152192673,0.01564722617354186,-0.05978404003160387,0.010411402001415123,-0.039298176370861394,-0.0782286383144752,-0.012202909238751057,0.015647226173541962,-0.0724863600935308,-0.40263389553324674,0.0032212885154061623,0.7561555392516508,30.664395229982958,1.0,0.012622323074741093,0.0019894841551797438,0.008455144740613374,0.01564722617354186,-0.05978404003160387,0.0054621848739495795
6685,2026-07-14,-0.006722689075630228,0.007815830609634755,0.0005643340857788282,-0.05591054313099042,0.0035375689825951607,-0.0432764947118498,-0.08306804730327653,-0.010609522493776382,0.000564334085778781,-0.07535853976531942,0.2221323719352629,0.00437112239142696,0.7472785104177835,31.578947368421055,0.7037037037037037,-0.006722689075630228,0.012622323074741093,0.0019894841551797438,0.0005643340857788282,-0.05591054313099042,0.011985335589396504
6685,2026-07-15,-0.006768189509306244,-0.0009927669834065567,-0.013445378151260456,-0.06479022835900161,-0.00131650902315036,-0.04740009466495368,-0.08782865060625815,-0.010011497922919317,-0.013445378151260505,-0.07230343737653101,-0.592527040314651,0.0035491198182850655,0.9214179933358015,29.109589041095887,0.4074074074074074,-0.006768189509306244,-0.006722689075630228,0.012622323074741093,-0.013445378151260456,-0.06479022835900161,0.016751845542305507
6685,2026-07-16,0.0005678591709254999,-0.012885154061624604,0.002417863746266624,-0.012054948135688304,-0.0010933387325368956,-0.044295787380220615,-0.08592706380440064,-0.009225687054076063,0.002417863746266534,-0.07784901216799686,1.1415691993817478,0.010499432463110102,0.7225735310664536,44.44444444444444,0.43209876543209874,0.0005678591709254999,-0.006768189509306244,-0.006722689075630228,0.002417863746266624,-0.012054948135688304,0.004682179341657208
6685,2026-07-17,0.016458569807037415,0.010152284263959421,0.02665520206362859,-0.005276312135517935,0.011537840890753534,-0.02665247616675351,-0.06958219513145417,-0.006495722153962594,0.026655202063628546,-0.057244374259771025,-0.6482566185935031,0.017029592406476828,0.7358150334708397,47.688564476885645,1.0,0.016458569807037415,0.0005678591709254999,-0.006768189509306244,0.02665520206362859,-0.005276312135517935,-0.009491903964265773
6685,2026-07-18,-0.0008375209380234727,0.016183986371379966,0.017194827341196595,-0.005971392862102465,0.008229873030565243,-0.025424113423677768,-0.06909332620459943,-0.004604216011208147,0.017194827341196532,-0.06075318199711324,0.29764099253306603,0.006286672254819782,0.7968800120452745,47.40024183796856,0.95,-0.0008375209380234727,0.016458569807037415,0.0005678591709254999,0.017194827341196595,-0.005971392862102465,-0.003911707180776753
6685,2026-07-19,-0.0027940765576977,0.012769580022701454,0.012338675365196394,0.0022465599550687276,0.003655793025871766,-0.025560050419326834,-0.0704048041095395,-0.003549556571646825,0.012338675365196426,-0.07574776641201605,0.18434072898862439,0.008405715886803026,0.847790360447452,51.04166666666667,0.7833333333333333,-0.0027940765576977,-0.0008375209380234727,0.016458569807037415,0.012338675365196394,0.0022465599550687276,0.007705239562902774
6685,2026-07-20,0.005743905855982057,0.0020938023450587373,0.00546218487394956,0.021194879089615926,0.008630552154627399,-0.01723949112015625,-0.06376066493554675,-0.0020743463638942562,0.0054621848739495795,-0.07819722650231124,-0.6527462107503221,0.017272600640757765,0.8370419007319861,60.39051603905161,1.0,0.005743905855982057,-0.0027940765576977,-0.0008375209380234727,0.00546218487394956,0.021194879089615926,-0.001810837163950411
6685,2026-07-21,-0.00027859033291544044,0.002654372729812726,0.011985335589396406,0.012556433408577927,0.006632203253987392,-0.014937664417248043,-0.06266869438527047,-0.0010799172678402553,0.011985335589396504,-0.07393548387096774,-0.8409837809470452,0.0011146718684687195,0.8640734265734266,56.73222390317701,0.9851851851851852,-0.00027859033291544044,0.005743905855982057,-0.0027940765576977,0.011985335589396406,0.012556433408577927,-0.008778040964191167
6685,2026-07-22,-0.0020900097533788076,0.0033622863547211335,0.016751845542305466,0.003081232492997188,0.0021588773837604627,-0.0142544513619034,-0.06329018269750576,-0.0006428452431963532,0.016751845542305507,-0.07824967824967825,-0.3254568914315363,0.005864283719631388,0.7981183405123555,51.76282051282052,0.8702290076335878,-0.0020900097533788076,-0.00027859033291544044,0.005743905855982057,0.016751845542305466,0.003081232492997188,-0.014241831890533371
6685,2026-07-23,-0.01130969003071769,-0.013650926312856915,0.0046821793416571555,0.007111363959607431,-0.009828402485067673,-0.02246989365569475,-0.07265369554683439,-0.0016607871902478114,0.004682179341657208,-0.08455074337427279,0.6992427050614225,0.02090100268323683,0.7145823147658243,54.19463087248322,0.0,-0.01130969003071769,-0.0020900097533788076,-0.00027859033291544044,0.0046821793416571555,0.007111363959607431,-0.007767264510662336
6685,2026-07-24,0.002118344866544275,-0.011286052668245783,-0.009491903964265802,0.016910289481226748,-0.006381148606749197,-0.017836546003155783,-0.06930245775617716,-0.0020233441215643695,-0.009491903964265773,-0.07399190917395276,3.060967536396239,0.018602029312288614,0.6881240183538699,60.573476702508955,0.15306122448979592,0.002118344866544275,-0.01130969003071769,-0.0020900097533788076,-0.009491903964265802,0.016910289481226748,-0.019870349492671927
6685,2026-07-25,0.004791431792559253,-0.004468025691147681,-0.003911707180776713,0.013215859030837107,-0.0010607849808858373,-0.01053761252301345,-0.06345641066057195,-0.0016350470905521538,-0.003911707180776753,-0.07378539880488438,2.090740094257287,0.012903225806451613,0.7502416177622606,58.724202626641656,0.5,0.004791431792559253,0.002118344866544275,-0.01130969003071769,-0.003911707180776713,0.013215859030837107,-0.03814866760168303
6685,2026-07-26,0.00883590462833106,0.01581697500353063,0.007705239562902699,0.020138987377676942,0.0066576032628253646,0.0005703236934719309,-0.05389566356058036,-0.0002977032527524104,0.007705239562902774,-0.06632917964693666,1.3115699619333256,0.015848741832336994,0.7369659164628973,62.19931271477663,1.0,0.00883590462833106,0.004791431792559253,0.002118344866544275,0.007705239562902699,0.020138987377676942,-0.04699012929236758
6685,2026-07-27,-0.0037536493813429272,0.009864712514092489,-0.0018108371639503629,0.0036414565826330403,0.0031396860313968786,-0.0013378672166787953,-0.05615589950125276,0.00013936726806741475,-0.001810837163950411,-0.052742894910773296,0.6864182758455402,0.017583030979626012,0.6975136958325087,52.50000000000001,0.7589285714285714,-0.0037536493813429272,0.00883590462833106,0.004791431792559253,-0.0018108371639503629,0.0036414565826330403,-0.047725369801842034
6685,2026-07-28,-0.007256488975718622,-0.0022440392706872814,-0.008778040964191214,0.0031020868584319405,-0.002883344679828583,-0.006119198636452566,-0.061620626582872096,-0.0004303960919921389,-0.008778040964191167,-0.06982217573221758,0.3389242733250504,0.01743041889232499,0.7420217576681568,52.099236641221374,0.29464285714285715,-0.007256488975718622,-0.0037536493813429272,0.00883590462833106,-0.008778040964191214,0.0031020868584319405,-0.03907787461343829
6685,2026-07-29,-0.007590666291818926,-0.018490198804393176,-0.014241831890533407,0.0022714366837024436,-0.008426966292134831,-0.011204481792717087,-0.06747248941110166,-0.0016710794657894211,-0.014241831890533371,-0.07031867263629181,-0.009134088745704807,0.014589235127478754,0.753888600914786,51.50943396226415,0.0,-0.007590666291818926,-0.007256488975718622,-0.0037536493813429272,-0.014241831890533407,0.0022714366837024436,-0.044475920679886684
6685,2026-07-30,-0.004815864022662875,-0.019536701088473385,-0.007767264510662342,-0.0031214528944381037,-0.012112081952395264,-0.013728627979449196,-0.07052290252499561,-0.002983494958847111,-0.007767264510662336,-0.06469648562300319,-0.07817766269719767,0.01551380586393396,0.7322981743928824,48.035714285714285,0.0,-0.004815864022662875,-0.007590666291818926,-0.007256488975718622,-0.007767264510662342,-0.0031214528944381037,-0.04981497295758611
6685,2026-07-31,-0.010105323085681794,-0.02235029519257803,-0.019870349492671968,-0.02917364600781691,-0.01931754089114495,-0.021052187090932116,-0.07831285385085439,-0.0049137379728825,-0.019870349492671927,-0.0766064790228359,-0.017909841679799247,0.014665708123652048,0.7454727884162708,29.708737864077662,0.0,-0.010105323085681794,-0.004815864022662875,-0.007590666291818926,-0.019870349492671968,-0.02917364600781691,-0.03120057512580877
6685,2026-08-01,-0.013946800862688735,-0.02861189801699715,-0.038148667601683006,-0.04191114836546517,-0.027667503848335055,-0.0334537562071023,-0.08946471642583696,-0.007627620424774472,-0.03814866760168303,-0.03868797308662742,0.30300133560364284,0.00699912510936133,0.7691573487780806,25.247524752475258,0.0,-0.013946800862688735,-0.010105323085681794,-0.004815864022662875,-0.038148667601683006,-0.04191114836546517,-0.011811023622047244
6685,2026-08-02,-0.0004374453193350947,-0.02433817250213488,-0.046990129292367566,-0.039646959932754244,-0.021393318921564666,-0.032299048533273124,-0.0884308510638298,-0.009208936470123266,-0.04699012929236758,-0.04818106081643988,0.004525364800204946,0.018088986141502554,0.7614481205022772,25.976230899830227,0.0,-0.0004374453193350947,-0.013946800862688735,-0.010105323085681794,-0.046990129292367566,-0.039646959932754244,-0.0010211524434719183
6685,2026-08-03,-0.004522246535375585,-0.018835370237239357,-0.047725369801842055,-0.04944978409249201,-0.01897642323174238,-0.034963254877744133,-0.09095753183780042,-0.010466278029922062,-0.047725369801842034,-0.052353839744479935,-0.028958694550186136,0.01406799531066823,0.7403097166620116,19.343696027633854,0.0,-0.004522246535375585,-0.0004374453193350947,-0.013946800862688735,-0.047725369801842055,-0.04944978409249201,0.013481828839390387
6685,2026-08-04,0.0017584994138335475,-0.0032079323417906203,-0.03907787461343826,-0.047512888393479225,-0.011608212500516435,-0.031961142501097446,-0.08788471802170436,-0.010745874489887695,-0.03907787461343829,-0.04015725919685482,-0.10849693314909896,0.010971328262141603,0.7148004812685038,21.05263157894737,0.05084745762711865,0.0017584994138335475,-0.004522246535375585,-0.0004374453193350947,-0.03907787461343826,-0.047512888393479225,0.02633118782913985
